"","bottomDepth","catalogNumber","citation","codeSpace","collectionCode","commonName","consec_30day_flag","contactPI","contactPOC","date","dateCollectedUTC","dateLastModified","decimalLatitude","decimalLongitude","detectedBy","detected_after_last_cluster","dist_km","duration_flag","duration_h","geodeticDatum","geometry","good_observation","last_station_cluster","last_time_at_last_cluster","localArea","nonconsec_30day_flag","organismID","prev_lat","prev_lon","prev_time","receiver","receiverDepth","scientificName","sensorName","sensorRaw","sensorType","sensorUnit","sensorValue","station","station_cluster","tagName","time_diff_h","uncorrectedDateCollectedUTC","unqDetecID","velocity_kmh","yearCollected"
"1",NA,"COBCRP-3-20171019","UFRA","A69-9001","COBCRP","cobia",FALSE,"Daryl Parkyn","Daryl Parkyn",2017-11-10,2017-11-10 10:45:46,2025-02-26,28.5331,-80.4052,"UFRA",FALSE,0,FALSE,0.0230555555555555,NA,"01010000005DFE43FAED1954C08D7A884677883C40",TRUE,"544_-1601",2020-01-20 05:12:45,NA,FALSE,NA,28.5331,-80.4052,2017-11-10 10:44:23,"130778",NA,"Rachycentron canadum",NA,NA,NA,NA,NA,"UF07","571_-1608","A69-9001-23378",0.0230555555555555,NA,"00093b90-f065-498b-8fa5-7cf5cd716079",0,2017
"2",NA,"COBCRP-102-20171019","UFRA","A69-9001","COBCRP","cobia",FALSE,"Daryl Parkyn","Daryl Parkyn",2018-10-18,2018-10-18 13:24:00,2025-02-26,28.5221,-80.4155,"UFRA",FALSE,0.0097699531839141,FALSE,0.0125,NA,"0101000000E3C798BB961A54C076E09C11A5853C40",TRUE,"568_-1611",2019-12-11 00:25:28,NA,FALSE,NA,28.5221,-80.4156,2018-10-18 13:23:15,"130792",NA,"Rachycentron canadum",NA,NA,NA,NA,NA,"UF06","570_-1608","A69-9001-19025",0.0125,NA,"0010e850-e517-4554-a289-21e880749944",0.781596254713134,2018
"3",NA,"COBCRP-85-20171019","Kessel","A69-9001","COBCRP","cobia",FALSE,NA,NA,2016-10-13,2016-10-13 05:32:00,2020-05-29,26.9901,-80.025,"Kessel",FALSE,0,FALSE,0.0019444444444444,NA,NA,TRUE,"541_-1601",2017-11-01 16:02:00,NA,FALSE,NA,26.9901,-80.025,2016-10-13 05:31:53,"102608",NA,"Rachycentron canadum",NA,NA,NA,NA,NA,"BBPTR","540_-1600","A69-9001-19013",0.0019444444444444,NA,"00110077-cb6b-4144-af89-ec85f4d049fc",0,2016
"4",NA,"COBCRP-TT1297","Navy","A69-9001","COBCRP","cobia",FALSE,"Carter Watterson","Carter Waterson",2019-08-19,2019-08-19 04:55:22,2025-02-26,36.713,-75.818,"Navy",FALSE,0,FALSE,0.0255555555555555,NA,"01010000003108AC1C5AF452C025068195435B4240",TRUE,"740_-1522",2021-06-26 11:52:28,NA,FALSE,NA,36.713,-75.818,2019-08-19 04:53:50,"0",NA,"Rachycentron canadum",NA,NA,NA,NA,NA,"SBA 6","734_-1516","A69-9001-7096",0.0255555555555555,NA,"001e4ed0-7cae-4c01-900e-bec4c8a878bd",0,2019
"5",NA,"COBCRP-102-20171019","UFRA","A69-9001","COBCRP","cobia",FALSE,"Daryl Parkyn","Daryl Parkyn",2018-01-03,2018-01-03 02:49:00,2025-02-26,28.3955,-80.5054,"UFRA",FALSE,0,FALSE,0.0166666666666666,NA,"0101000000A3AF20CD582054C0B03DB32440653C40",TRUE,"568_-1611",2019-12-11 00:25:28,NA,FALSE,NA,28.3955,-80.5054,2018-01-03 02:48:00,"130776",NA,"Rachycentron canadum",NA,NA,NA,NA,NA,"UF17","568_-1610","A69-9001-19025",0.0166666666666666,NA,"002576b9-95c5-4f96-8da2-e95ad38a5439",0,2018
"6",NA,"COBCRP-117-20170426","UFRA","A69-9001","COBCRP","cobia",FALSE,"Daryl Parkyn","Daryl Parkyn",2018-01-14,2018-01-14 07:50:00,2025-02-26,28.5704,-80.4447,"UFRA",FALSE,0,FALSE,0.0116666666666666,NA,"01010000005839B4C8761C54C0E04A766C04923C40",TRUE,"622_-1624",2018-05-11 16:04:03,NA,FALSE,NA,28.5704,-80.4447,2018-01-14 07:49:18,"130793",NA,"Rachycentron canadum",NA,NA,NA,NA,NA,"UF03","571_-1609","A69-9001-19112",0.0116666666666666,NA,"00290e31-c107-4089-9618-b07d3c4d49a5",0,2018
"7",NA,"COBCRP-71-20171019","UNK","A69-9001","COBCRP","cobia",FALSE,NA,NA,2017-05-29,2017-05-29 14:40:00,2020-06-03,32.8602,-79.8937,"UNK",FALSE,0,FALSE,0.0497222222222222,NA,NA,TRUE,"651_-1590",2018-07-18 18:21:27,NA,FALSE,NA,32.8602,-79.8937,2017-05-29 14:37:01,"121654",NA,"Rachycentron canadum",NA,NA,NA,NA,NA,"Coastal- Wando RM 3.5","657_-1598","A69-9001-19063",0.0497222222222222,NA,"00307a93-725b-4f8c-8108-60321687214e",0,2017
"8",NA,"COBCRP-M5472_AT0172","Navy","A69-9001","COBCRP","cobia",FALSE,"Carter Watterson","Carter Waterson",2019-05-10,2019-05-10 03:09:34,2025-02-26,36.8072,-75.7432,"Navy",FALSE,0,FALSE,0.0236111111111111,NA,"0101000000C898BB9690EF52C065AA605452674240",TRUE,"752_-1527",2020-06-19 15:05:59,NA,FALSE,NA,36.8072,-75.7432,2019-05-10 03:08:09,"0",NA,"Rachycentron canadum",NA,NA,NA,NA,NA,"SCL 1","736_-1515","A69-9001-7176",0.0236111111111111,NA,"00335c05-2fa6-429d-abd8-f4658f0c04a5",0,2019
"9",NA,"COBCRP-TT1297","Navy","A69-9001","COBCRP","cobia",FALSE,"Carter Watterson","Carter Waterson",2019-08-09,2019-08-09 15:54:24,2025-02-26,36.8338,-75.89,"Navy",FALSE,0,FALSE,0.393055555555555,NA,"01010000000686AC6EF5F852C05F0CE544BB6A4240",TRUE,"740_-1522",2021-06-26 11:52:28,NA,FALSE,NA,36.8338,-75.89,2019-08-09 15:30:49,"0",NA,"Rachycentron canadum",NA,NA,NA,NA,NA,"RA","737_-1518","A69-9001-7096",0.393055555555555,NA,"00339869-6794-4dfe-baa9-4c3692ae8089",0,2019
"10",NA,"COBCRP-51-20171019","Kessel","A69-1601","COBCRP","cobia",FALSE,NA,NA,2016-09-06,2016-09-06 01:05:00,2020-05-29,26.9901,-80.025,"Kessel",FALSE,0,FALSE,0.05,NA,NA,TRUE,"549_-1603",2017-03-29 23:58:59,NA,FALSE,NA,26.9901,-80.025,2016-09-06 01:02:00,"102608",NA,"Rachycentron canadum",NA,NA,NA,NA,NA,"BBPTR","540_-1600","A69-1601-54503",0.05,NA,"00387149-a704-4e87-b3d1-60f5e4dc41b1",0,2016
"11",NA,"COBCRP-M5310_AT0012","UFRA","A69-9002","COBCRP","cobia",FALSE,"Daryl Parkyn","Daryl Parkyn",2019-11-04,2019-11-04 20:26:00,2025-02-26,28.4977,-80.4168,"UFRA",FALSE,0,FALSE,0.0166666666666666,NA,"010100000031D3F6AFAC1A54C08195438B6C7F3C40",TRUE,"587_-1604",2022-05-09 03:35:30,NA,FALSE,NA,28.4977,-80.4168,2019-11-04 20:25:00,"130793",NA,"Rachycentron canadum",NA,NA,NA,"ADC",154,"UF08","570_-1608","A69-9002-11156",0.0166666666666666,NA,"0048a023-f6d0-4c36-9a35-ab0a46bf3308",0,2019
"12",NA,"COBCRP-102-20171019","UFRA","A69-9001","COBCRP","cobia",FALSE,"Daryl Parkyn","Daryl Parkyn",2017-10-16,2017-10-16 02:27:00,2025-02-26,28.4472,-80.4178,"UFRA",FALSE,0,FALSE,0.02,NA,"01010000006A520ABABD1A54C00A68226C78723C40",TRUE,"568_-1611",2019-12-11 00:25:28,NA,FALSE,NA,28.4472,-80.4178,2017-10-16 02:25:48,"130786",NA,"Rachycentron canadum",NA,NA,NA,NA,NA,"UF23","569_-1608","A69-9001-19025",0.02,NA,"0062acf5-1287-4ece-9650-ed8423ba889b",0,2017
"13",NA,"COBCRP-130-20171019","UFRA","A69-9001","COBCRP","cobia",FALSE,"Daryl Parkyn","Daryl Parkyn",2018-10-24,2018-10-24 19:08:00,2025-02-26,28.5221,-80.4155,"UFRA",FALSE,0.0097699531839141,FALSE,0.03,NA,"0101000000E3C798BB961A54C076E09C11A5853C40",TRUE,"574_-1609",2019-05-22 18:31:53,NA,FALSE,NA,28.5221,-80.4156,2018-10-24 19:06:12,"130792",NA,"Rachycentron canadum",NA,NA,NA,NA,NA,"UF06","570_-1608","A69-9001-23438",0.03,NA,"0066eff1-5793-43cd-b049-65ea3d6b6b99",0.325665106130472,2018
"14",NA,"COBCRP-71-20171019","UNK","A69-9001","COBCRP","cobia",FALSE,NA,NA,2017-05-20,2017-05-20 08:18:00,2020-06-03,32.8147,-79.9079,"UNK",FALSE,0,FALSE,0.0483333333333333,NA,NA,TRUE,"651_-1590",2018-07-18 18:21:27,NA,FALSE,NA,32.8147,-79.9079,2017-05-20 08:15:06,"111307",NA,"Rachycentron canadum",NA,NA,NA,NA,NA,"Coastal-Remleys","656_-1598","A69-9001-19063",0.0483333333333333,NA,"006773bf-8f34-4209-a0c6-67fba91e5632",0,2017
"15",NA,"COBCRP-102-20171019","UFRA","A69-9001","COBCRP","cobia",FALSE,"Daryl Parkyn","Daryl Parkyn",2018-10-11,2018-10-11 17:58:00,2025-02-26,28.4554,-80.4308,"UFRA",FALSE,0,FALSE,0.0166666666666666,NA,"010100000021B07268911B54C0A3409FC893743C40",TRUE,"568_-1611",2019-12-11 00:25:28,NA,FALSE,NA,28.4554,-80.4308,2018-10-11 17:57:00,"130804",NA,"Rachycentron canadum",NA,NA,NA,NA,NA,"UF22","569_-1609","A69-9001-19025",0.0166666666666666,NA,"007233f4-4d88-4c75-9965-e218c3e83f59",0,2018
"16",NA,"COBCRP-97-20171019","UFRA","A69-9001","COBCRP","cobia",FALSE,"Daryl Parkyn","Daryl Parkyn",2018-03-25,2018-03-25 15:20:00,2025-02-26,28.5575,-80.4208,"UFRA",FALSE,0.0386566734749517,FALSE,0.0280555555555555,NA,"0101000000F71E2E39EE1A54C01F85EB51B88E3C40",TRUE,"571_-1607",2018-06-06 07:33:01,NA,FALSE,NA,28.5578,-80.4206,2018-03-25 15:18:19,"130792",NA,"Rachycentron canadum",NA,NA,NA,NA,NA,"UF05","571_-1608","A69-9001-19011",0.0280555555555555,NA,"007bad85-86da-46a4-8dac-0951f3623209",1.37786162881016,2018
"17",NA,"COBCRP-0-20171020_redeployments","UFRA","A69-1601","COBCRP","cobia",FALSE,"Daryl Parkyn","Daryl Parkyn",2018-10-17,2018-10-17 17:54:00,2025-02-26,28.447,-80.4177,"UFRA",FALSE,0.0242932118866669,FALSE,0.0191666666666666,NA,"0101000000B8239C16BC1A54C0DF4F8D976E723C40",TRUE,"564_-1612",2019-04-07 12:51:34,NA,FALSE,NA,28.4472,-80.4178,2018-10-17 17:52:51,"130781",NA,"Rachycentron canadum",NA,NA,NA,NA,NA,"UF23","569_-1608","A69-1601-54494",0.0191666666666666,NA,"0081f65b-5b8b-4b11-a64a-6e887e1d099f",1.26747192452176,2018
"18",NA,"COBCRP-102-20171019","UFRA","A69-9001","COBCRP","cobia",FALSE,"Daryl Parkyn","Daryl Parkyn",2019-01-14,2019-01-14 21:34:00,2025-02-26,28.3987,-80.5495,"UFRA",FALSE,0,FALSE,0.0066666666666666,NA,"0101000000CCB4FD2B2B2354C0033E3F8C10663C40",TRUE,"568_-1611",2019-12-11 00:25:28,NA,TRUE,NA,28.3987,-80.5495,2019-01-14 21:33:36,"130799",NA,"Rachycentron canadum",NA,NA,NA,NA,NA,"UF19","568_-1611","A69-9001-19025",0.0066666666666666,NA,"0085d4b0-c36f-4b7f-9733-55669216085e",0,2019
"19",NA,"COBCRP-85-20171019","Kessel","A69-9001","COBCRP","cobia",FALSE,NA,NA,2016-10-13,2016-10-13 05:11:00,2020-05-29,26.9901,-80.025,"Kessel",FALSE,0,FALSE,0.0227777777777777,NA,NA,TRUE,"541_-1601",2017-11-01 16:02:00,NA,FALSE,NA,26.9901,-80.025,2016-10-13 05:09:38,"102608",NA,"Rachycentron canadum",NA,NA,NA,NA,NA,"BBPTR","540_-1600","A69-9001-19013",0.0227777777777777,NA,"00868a5a-b6b7-44fe-92de-c49ca0fe327e",0,2016
"20",NA,"COBCRP-81-20171019","Kessel","A69-1601","COBCRP","cobia",FALSE,NA,NA,2016-08-13,2016-08-13 22:11:00,2020-05-29,27.0506,-80.0426,"Kessel",FALSE,0,FALSE,0.0333333333333333,NA,NA,TRUE,"541_-1601",2016-12-08 02:41:00,NA,FALSE,NA,27.0506,-80.0426,2016-08-13 22:09:00,"100288",NA,"Rachycentron canadum",NA,NA,NA,NA,NA,"BBHS","541_-1601","A69-1601-54505",0.0333333333333333,NA,"0098ae63-552c-48dc-81e5-629f778d0d96",0,2016
"21",NA,"COBCRP-TT1297","Navy","A69-9001","COBCRP","cobia",FALSE,"Carter Watterson","Carter Waterson",2019-05-07,2019-05-07 16:32:26,2025-02-26,36.9781,-76.1319,"Navy",FALSE,0,FALSE,0.391388888888889,NA,"0101000000EA95B20C710853C0936FB6B9317D4240",TRUE,"740_-1522",2021-06-26 11:52:28,NA,FALSE,NA,36.9781,-76.1319,2019-05-07 16:08:57,"0",NA,"Rachycentron canadum",NA,NA,NA,NA,NA,"Ts9","740_-1523","A69-9001-7096",0.391388888888889,NA,"009d9915-eb48-48e2-bfcb-3a91e6c0006e",0,2019
"22",NA,"COBCRP-96-20171019","UFRA","A69-9001","COBCRP","cobia",FALSE,"Daryl Parkyn","Daryl Parkyn",2017-08-06,2017-08-06 12:08:00,2025-02-26,28.533,-80.4052,"UFRA",FALSE,5.26228585369434,TRUE,1415.26583333333,NA,"0101000000A4AA09A2EE1954C02A1DACFF73883C40",TRUE,"570_-1608",2017-08-06 13:34:00,NA,FALSE,NA,28.5283,-80.3516,2017-06-08 12:52:03,"130781",NA,"Rachycentron canadum",NA,NA,NA,NA,NA,"UF07","571_-1608","A69-9001-19009",1395.63027777778,NA,"00a143bd-a242-4ccf-a2c4-5f66300328d1",0.0037705443465108,2017
"23",NA,"COBCRP-102-20171019","UFRA","A69-9001","COBCRP","cobia",FALSE,"Daryl Parkyn","Daryl Parkyn",2018-10-18,2018-10-18 17:02:00,2025-02-26,28.4977,-80.4168,"UFRA",FALSE,0,FALSE,0.0166666666666666,NA,"010100000031D3F6AFAC1A54C08195438B6C7F3C40",TRUE,"568_-1611",2019-12-11 00:25:28,NA,FALSE,NA,28.4977,-80.4168,2018-10-18 17:01:00,"130805",NA,"Rachycentron canadum",NA,NA,NA,NA,NA,"UF08","570_-1608","A69-9001-19025",0.0166666666666666,NA,"00a96923-29db-4c8f-8095-9a79da4bb230",0,2018
"24",NA,"COBCRP-49-20171019","Kessel","A69-1601","COBCRP","cobia",FALSE,NA,NA,2016-07-13,2016-07-13 01:25:00,2020-05-29,27.0506,-80.0426,"Kessel",FALSE,0,FALSE,0.0333333333333333,NA,NA,TRUE,"541_-1601",2016-10-07 22:52:00,NA,FALSE,NA,27.0506,-80.0426,2016-07-13 01:23:00,"100288",NA,"Rachycentron canadum",NA,NA,NA,NA,NA,"BBHS","541_-1601","A69-1601-54501",0.0333333333333333,NA,"00afb437-c90a-46bf-9e13-9df2d1ee2290",0,2016
"25",NA,"COBCRP-102-20171019","UFRA","A69-9001","COBCRP","cobia",FALSE,"Daryl Parkyn","Daryl Parkyn",2018-10-15,2018-10-15 07:58:00,2025-02-26,28.3987,-80.5495,"UFRA",FALSE,0,FALSE,0.0583333333333333,NA,"0101000000CCB4FD2B2B2354C0033E3F8C10663C40",TRUE,"568_-1611",2019-12-11 00:25:28,NA,TRUE,NA,28.3987,-80.5495,2018-10-15 07:54:30,"130801",NA,"Rachycentron canadum",NA,NA,NA,NA,NA,"UF19","568_-1611","A69-9001-19025",0.0583333333333333,NA,"00bcaccd-9344-40e5-bd46-62bfb7e63300",0,2018
"26",NA,"COBCRP-0-20171020_redeployments","UFRA","A69-1601","COBCRP","cobia",FALSE,"Daryl Parkyn","Daryl Parkyn",2018-04-04,2018-04-04 13:43:00,2025-02-26,28.4554,-80.4308,"UFRA",FALSE,0,FALSE,0.0166666666666666,NA,"010100000021B07268911B54C0A3409FC893743C40",TRUE,"564_-1612",2019-04-07 12:51:34,NA,FALSE,NA,28.4554,-80.4308,2018-04-04 13:42:00,"130801",NA,"Rachycentron canadum",NA,NA,NA,NA,NA,"UF22","569_-1609","A69-1601-54494",0.0166666666666666,NA,"00bdd877-c5b3-467f-bb92-1cec09093a40",0,2018
"27",NA,"COBCRP-0-20171020_redeployments","UFRA","A69-1601","COBCRP","cobia",FALSE,"Daryl Parkyn","Daryl Parkyn",2018-02-27,2018-02-27 05:59:00,2025-02-26,28.5763,-80.4805,"UFRA",FALSE,0.0444779706577198,FALSE,0.0036111111111111,NA,"0101000000F085C954C11E54C07AAA436E86933C40",TRUE,"564_-1612",2019-04-07 12:51:34,NA,FALSE,NA,28.5759,-80.4805,2018-02-27 05:58:47,"130795",NA,"Rachycentron canadum",NA,NA,NA,NA,NA,"UF02","572_-1610","A69-1601-54494",0.0036111111111111,NA,"00d99f25-1e15-440b-92db-32c03d634477",12.3169764898301,2018
"28",NA,"COBCRP-10-20171019","UFRA","A69-1601","COBCRP","cobia",FALSE,"Daryl Parkyn","Daryl Parkyn",2017-09-22,2017-09-22 09:28:52,2025-02-26,28.5331,-80.4052,"UFRA",FALSE,0,FALSE,0.0130555555555555,NA,"01010000005DFE43FAED1954C08D7A884677883C40",TRUE,"570_-1607",2017-12-01 19:19:07,NA,FALSE,NA,28.5331,-80.4052,2017-09-22 09:28:05,"130778",NA,"Rachycentron canadum",NA,NA,NA,NA,NA,"UF07","571_-1608","A69-1601-54488",0.0130555555555555,NA,"00e2fd9a-95cf-48b0-88a7-3c5562c3fdf5",0,2017
"29",NA,"COBCRP-66-20171019","Elizabeth Miller","A69-9001","COBCRP","cobia",FALSE,NA,NA,2018-11-05,2018-11-05 23:06:00,2020-06-05,32.3861,-80.7813,"Elizabeth Miller",FALSE,0,FALSE,0.0166666666666666,NA,NA,TRUE,"648_-1616",2018-12-05 23:58:00,NA,FALSE,NA,32.3861,-80.7813,2018-11-05 23:05:00,"111679",NA,"Rachycentron canadum",NA,NA,NA,NA,NA,"Mid Broad","648_-1616","A69-9001-19091",0.0166666666666666,NA,"00eef91a-4858-4c55-86a3-c03e013bd13c",0,2018
"30",NA,"COBCRP-102-20171019","UFRA","A69-9001","COBCRP","cobia",FALSE,"Daryl Parkyn","Daryl Parkyn",2018-02-26,2018-02-26 04:29:00,2025-02-26,28.3987,-80.5495,"UFRA",FALSE,0,FALSE,0.0133333333333333,NA,"0101000000CCB4FD2B2B2354C0033E3F8C10663C40",TRUE,"568_-1611",2019-12-11 00:25:28,NA,TRUE,NA,28.3987,-80.5495,2018-02-26 04:28:12,"130797",NA,"Rachycentron canadum",NA,NA,NA,NA,NA,"UF19","568_-1611","A69-9001-19025",0.0133333333333333,NA,"00f5dd59-e00c-40f6-ae99-1c671376238c",0,2018
"31",NA,"COBCRP-M5312_AT0013","UFRA","A69-9001","COBCRP","cobia",FALSE,"Daryl Parkyn","Daryl Parkyn",2019-08-04,2019-08-04 10:59:00,2025-02-26,28.5884,-80.4894,"UFRA",FALSE,0,FALSE,0.0333333333333333,NA,"01010000009AEB34D2521F54C082A8FB00A4963C40",TRUE,"736_-1514",2020-12-07 21:32:24,NA,FALSE,NA,28.5884,-80.4894,2019-08-04 10:57:00,"130798",NA,"Rachycentron canadum",NA,NA,NA,NA,NA,"UF01","572_-1610","A69-9001-19008",0.0333333333333333,NA,"00f7d0d2-b3bf-450a-adc4-743fb15539ba",0,2019
"32",NA,"COBCRP-102-20171019","UFRA","A69-9001","COBCRP","cobia",FALSE,"Daryl Parkyn","Daryl Parkyn",2018-08-11,2018-08-11 06:54:00,2025-02-26,28.3987,-80.5495,"UFRA",FALSE,0,FALSE,0.0333333333333333,NA,"0101000000CCB4FD2B2B2354C0033E3F8C10663C40",TRUE,"568_-1611",2019-12-11 00:25:28,NA,TRUE,NA,28.3987,-80.5495,2018-08-11 06:52:00,"130801",NA,"Rachycentron canadum",NA,NA,NA,NA,NA,"UF19","568_-1611","A69-9001-19025",0.0333333333333333,NA,"010ac678-4676-4638-b683-81c28007c97f",0,2018
"33",NA,"COBCRP-0-20171020_redeployments","UFRA","A69-1601","COBCRP","cobia",FALSE,"Daryl Parkyn","Daryl Parkyn",2018-10-17,2018-10-17 19:40:00,2025-02-26,28.447,-80.4177,"UFRA",FALSE,0.0242932118866669,FALSE,0.0133333333333333,NA,"0101000000B8239C16BC1A54C0DF4F8D976E723C40",TRUE,"564_-1612",2019-04-07 12:51:34,NA,FALSE,NA,28.4472,-80.4178,2018-10-17 19:39:12,"130781",NA,"Rachycentron canadum",NA,NA,NA,NA,NA,"UF23","569_-1608","A69-1601-54494",0.0133333333333333,NA,"010b784a-8554-478f-85e8-b75593f96194",1.82199089150002,2018
"34",NA,"COBCRP-TT1297","Navy","A69-9001","COBCRP","cobia",FALSE,"Carter Watterson","Carter Waterson",2019-08-18,2019-08-18 18:13:34,2025-02-26,36.72,-75.846,"Navy",FALSE,0,FALSE,0.0252777777777777,NA,"0101000000A01A2FDD24F652C05C8FC2F5285C4240",TRUE,"740_-1522",2021-06-26 11:52:28,NA,FALSE,NA,36.72,-75.846,2019-08-18 18:12:03,"0",NA,"Rachycentron canadum",NA,NA,NA,NA,NA,"SBA 1","734_-1517","A69-9001-7096",0.0252777777777777,NA,"010d263c-4d98-4088-9fee-de05f91ce16f",0,2019
"35",NA,"COBCRP-0-20171020_redeployments","UFRA","A69-1601","COBCRP","cobia",FALSE,"Daryl Parkyn","Daryl Parkyn",2018-04-14,2018-04-14 16:57:00,2025-02-26,28.5704,-80.4447,"UFRA",FALSE,0,FALSE,0.0072222222222222,NA,"01010000005839B4C8761C54C0E04A766C04923C40",TRUE,"564_-1612",2019-04-07 12:51:34,NA,FALSE,NA,28.5704,-80.4447,2018-04-14 16:56:34,"130793",NA,"Rachycentron canadum",NA,NA,NA,NA,NA,"UF03","571_-1609","A69-1601-54494",0.0072222222222222,NA,"0113319b-a8f9-49c6-801c-ca4cf25c0d5b",0,2018
"36",NA,"COBCRP-105-20171019","UFRA","A69-9001","COBCRP","cobia",FALSE,"Daryl Parkyn","Daryl Parkyn",2018-02-21,2018-02-21 04:13:00,2025-02-26,28.4977,-80.4168,"UFRA",FALSE,0.0222389853292549,FALSE,0.0102777777777777,NA,"010100000031D3F6AFAC1A54C08195438B6C7F3C40",TRUE,"569_-1606",2018-04-19 13:27:06,NA,FALSE,NA,28.4979,-80.4168,2018-02-21 04:12:23,"130799",NA,"Rachycentron canadum",NA,NA,NA,NA,NA,"UF08","570_-1608","A69-9001-19015",0.0102777777777777,NA,"012356a1-3889-4eff-bc8f-e0a8cbb71e2d",2.16379316717075,2018
"37",NA,"COBCRP-71-20171019","UNK","A69-9001","COBCRP","cobia",FALSE,NA,NA,2017-05-06,2017-05-06 09:25:00,2020-06-03,32.8602,-79.8937,"UNK",FALSE,0,FALSE,0.0333333333333333,NA,NA,TRUE,"651_-1590",2018-07-18 18:21:27,NA,FALSE,NA,32.8602,-79.8937,2017-05-06 09:23:00,"121654",NA,"Rachycentron canadum",NA,NA,NA,NA,NA,"Coastal- Wando RM 3.5","657_-1598","A69-9001-19063",0.0333333333333333,NA,"0132feb1-34e2-46ff-ad50-6b2f1cf1cafb",0,2017
"38",NA,"COBCRP-102-20171019","UFRA","A69-9001","COBCRP","cobia",FALSE,"Daryl Parkyn","Daryl Parkyn",2018-02-20,2018-02-20 20:53:00,2025-02-26,28.4472,-80.4178,"UFRA",FALSE,0,FALSE,0.0027777777777777,NA,"01010000006A520ABABD1A54C00A68226C78723C40",TRUE,"568_-1611",2019-12-11 00:25:28,NA,FALSE,NA,28.4472,-80.4178,2018-02-20 20:52:50,"130786",NA,"Rachycentron canadum",NA,NA,NA,NA,NA,"UF23","569_-1608","A69-9001-19025",0.0027777777777777,NA,"0140412b-199a-49ae-9148-5bc3afa6cd04",0,2018
"39",NA,"COBCRP-M5463_AT0163-2018-05-24","Navy","A69-9002","COBCRP","cobia",FALSE,"Carter Watterson","Carter Waterson",2019-09-24,2019-09-24 06:02:02,2025-02-26,36.713,-75.818,"Navy",FALSE,0,FALSE,0.0205555555555555,NA,"01010000003108AC1C5AF452C025068195435B4240",TRUE,"669_-1571",2020-04-27 08:01:20,NA,FALSE,NA,36.713,-75.818,2019-09-24 06:00:48,"0",NA,"Rachycentron canadum",NA,NA,NA,NA,NA,"SBA 6","734_-1516","A69-9002-11158",0.0205555555555555,NA,"01417b0f-f228-4da3-bbc6-bace5cb56b08",0,2019
"40",NA,"COBCRP-66-20171019","Elizabeth Miller","A69-9001","COBCRP","cobia",FALSE,NA,NA,2018-05-15,2018-05-15 23:39:00,2020-06-05,32.3861,-80.7813,"Elizabeth Miller",FALSE,0,FALSE,0.0166666666666666,NA,NA,TRUE,"648_-1616",2018-12-05 23:58:00,NA,FALSE,NA,32.3861,-80.7813,2018-05-15 23:38:00,"111679",NA,"Rachycentron canadum",NA,NA,NA,NA,NA,"Mid Broad","648_-1616","A69-9001-19091",0.0166666666666666,NA,"014183bb-2ca8-47c3-86a7-d68e20825133",0,2018
"41",NA,"COBCRP-NASA1564","Navy","A69-9001","COBCRP","cobia",FALSE,"Carter Watterson","Carter Waterson",2019-07-30,2019-07-30 00:40:08,2025-02-26,37.0874,-76.0008,"Navy",FALSE,0,FALSE,NA,NA,"01010000007D0A80F10C0053C0892991442F8B4240",TRUE,"685_-1531",2022-11-23 02:05:00,NA,FALSE,NA,37.0874,-76.0008,NA,"0",NA,"Rachycentron canadum",NA,NA,NA,NA,NA,"CBBT7","742_-1520","A69-9001-13161",0.101388888888889,NA,"01450f02-1935-4653-9a4d-1be2285384f2",0,2019
"42",NA,"COBCRP-117-20170426","UFRA","A69-9001","COBCRP","cobia",FALSE,"Daryl Parkyn","Daryl Parkyn",2017-12-16,2017-12-16 21:23:17,2025-02-26,28.5704,-80.4447,"UFRA",FALSE,0,FALSE,2.03527777777778,NA,"01010000005839B4C8761C54C0E04A766C04923C40",TRUE,"622_-1624",2018-05-11 16:04:03,NA,FALSE,NA,28.5704,-80.4447,2017-12-16 19:21:10,"130801",NA,"Rachycentron canadum",NA,NA,NA,NA,NA,"UF03","571_-1609","A69-9001-19112",2.03527777777778,NA,"014a605b-04be-49b8-8c78-229e7fc17e2e",0,2017
"43",NA,"COBCRP-102-20171019","UFRA","A69-9001","COBCRP","cobia",FALSE,"Daryl Parkyn","Daryl Parkyn",2017-10-24,2017-10-24 11:12:20,2025-02-26,28.5802,-80.4369,"UFRA",FALSE,0,FALSE,0.0022222222222222,NA,"01010000001D9430D3F61B54C0317C444C89943C40",TRUE,"568_-1611",2019-12-11 00:25:28,NA,FALSE,NA,28.5802,-80.4369,2017-10-24 11:12:12,"130804",NA,"Rachycentron canadum",NA,NA,NA,NA,NA,"UF04","572_-1609","A69-9001-19025",0.0022222222222222,NA,"014c5265-584b-4861-9218-17814a781c11",0,2017
"44",NA,"COBCRP-TT1297","Navy","A69-9001","COBCRP","cobia",FALSE,"Carter Watterson","Carter Waterson",2019-06-07,2019-06-07 09:13:19,2025-02-26,36.9851,-76.159,"Navy",FALSE,0,FALSE,0.0288888888888888,NA,"0101000000E3C281902C0A53C0CBF8F719177E4240",TRUE,"740_-1522",2021-06-26 11:52:28,NA,FALSE,NA,36.9851,-76.159,2019-06-07 09:11:35,"0",NA,"Rachycentron canadum",NA,NA,NA,NA,NA,"TS11","740_-1523","A69-9001-7096",0.0288888888888888,NA,"01522726-789f-4625-96d1-d538b6db2be5",0,2019
"45",NA,"COBCRP-TT1297","Navy","A69-9001","COBCRP","cobia",FALSE,"Carter Watterson","Carter Waterson",2019-11-08,2019-11-08 07:40:16,2025-02-26,36.72,-75.846,"Navy",FALSE,0,FALSE,0.0333333333333333,NA,"0101000000A01A2FDD24F652C05C8FC2F5285C4240",TRUE,"740_-1522",2021-06-26 11:52:28,NA,FALSE,NA,36.72,-75.846,2019-11-08 07:38:16,"0",NA,"Rachycentron canadum",NA,NA,NA,NA,NA,"SBA 1","734_-1517","A69-9001-7096",0.0333333333333333,NA,"0155a849-705f-4876-abd3-95233398a10f",0,2019
"46",NA,"COBCRP-TT1297","Navy","A69-9001","COBCRP","cobia",FALSE,"Carter Watterson","Carter Waterson",2019-08-24,2019-08-24 03:37:35,2025-02-26,36.9577,-76.0488,"Navy",FALSE,0,FALSE,0.0269444444444444,NA,"0101000000F06DFAB31F0353C01F2E39EE947A4240",TRUE,"740_-1522",2021-06-26 11:52:28,NA,FALSE,NA,36.9577,-76.0488,2019-08-24 03:35:58,"0",NA,"Rachycentron canadum",NA,NA,NA,NA,NA,"TS3","739_-1521","A69-9001-7096",0.0269444444444444,NA,"01695aa5-9f0b-4dd3-9cca-562725540cb3",0,2019
"47",NA,"COBCRP-102-20171019","UFRA","A69-9001","COBCRP","cobia",FALSE,"Daryl Parkyn","Daryl Parkyn",2018-02-13,2018-02-13 00:35:00,2025-02-26,28.4674,-80.4225,"UFRA",FALSE,0,FALSE,0.0166666666666666,NA,"010100000090F7AA95091B54C0AC21718FA5773C40",TRUE,"568_-1611",2019-12-11 00:25:28,NA,FALSE,NA,28.4674,-80.4225,2018-02-13 00:34:00,"130800",NA,"Rachycentron canadum",NA,NA,NA,NA,NA,"UF21","569_-1608","A69-9001-19025",0.0166666666666666,NA,"016ff6ba-72a8-4e43-99e3-d3d3e21f3d3b",0,2018
"48",NA,"COBCRP-TT1297","Navy","A69-9001","COBCRP","cobia",FALSE,"Carter Watterson","Carter Waterson",2019-09-20,2019-09-20 12:49:54,2025-02-26,36.8697,-75.871,"Navy",FALSE,0,FALSE,0.0186111111111111,NA,"010100000081608E1EBFF752C0FA27B858516F4240",TRUE,"740_-1522",2021-06-26 11:52:28,NA,FALSE,NA,36.8697,-75.871,2019-09-20 12:48:47,"0",NA,"Rachycentron canadum",NA,NA,NA,NA,NA,"CB 9","737_-1517","A69-9001-7096",0.0186111111111111,NA,"01768857-40a4-4994-8877-8b21f0d94071",0,2019
"49",NA,"COBCRP-102-20171019","UFRA","A69-9001","COBCRP","cobia",FALSE,"Daryl Parkyn","Daryl Parkyn",2017-10-11,2017-10-11 03:01:30,2025-02-26,28.5759,-80.4805,"UFRA",FALSE,0,FALSE,0.0244444444444444,NA,"0101000000BB44F5D6C01E54C07A7077D66E933C40",TRUE,"568_-1611",2019-12-11 00:25:28,NA,FALSE,NA,28.5759,-80.4805,2017-10-11 03:00:02,"130800",NA,"Rachycentron canadum",NA,NA,NA,NA,NA,"UF02","572_-1610","A69-9001-19025",0.0244444444444444,NA,"017974b1-60a3-4fcd-a174-d35030b09bd4",0,2017
"50",NA,"COBCRP-66-20171019","Elizabeth Miller","A69-9001","COBCRP","cobia",FALSE,NA,NA,2018-05-23,2018-05-23 10:33:00,2020-06-05,32.3861,-80.7813,"Elizabeth Miller",FALSE,0,FALSE,0.0333333333333333,NA,NA,TRUE,"648_-1616",2018-12-05 23:58:00,NA,FALSE,NA,32.3861,-80.7813,2018-05-23 10:31:00,"111679",NA,"Rachycentron canadum",NA,NA,NA,NA,NA,"Mid Broad","648_-1616","A69-9001-19091",0.0333333333333333,NA,"017ab3ab-0be0-4421-bb61-990c02d8f8ac",0,2018
"51",NA,"COBCRP-M5477_AT0177","Navy","A69-9001","COBCRP","cobia",FALSE,"Carter Watterson","Carter Waterson",2020-08-13,2020-08-13 06:05:08,2025-02-26,36.8606,-75.5545,"Navy",FALSE,0,FALSE,0.0488888888888888,NA,"0101000000736891ED7CE352C003780B24286E4240",TRUE,"570_-1611",2021-03-25 13:49:20,NA,FALSE,NA,36.8606,-75.5545,2020-08-13 06:02:12,"0",NA,"Rachycentron canadum",NA,NA,NA,NA,NA,"SCL 7","737_-1511","A69-9001-7189",0.0488888888888888,NA,"017b1ac8-0f56-46bb-aca8-2a942cbe7581",0,2020
"52",NA,"COBCRP-102-20171019","UFRA","A69-9001","COBCRP","cobia",FALSE,"Daryl Parkyn","Daryl Parkyn",2017-10-16,2017-10-16 09:33:04,2025-02-26,28.4554,-80.4308,"UFRA",FALSE,0,FALSE,0.0438888888888888,NA,"0101000000448655BC911B54C0BFF1B56796743C40",TRUE,"568_-1611",2019-12-11 00:25:28,NA,FALSE,NA,28.4554,-80.4308,2017-10-16 09:30:26,"130776",NA,"Rachycentron canadum",NA,NA,NA,NA,NA,"UF22","569_-1609","A69-9001-19025",0.0438888888888888,NA,"0182dacd-5746-4fdf-beb7-543b2a1ad391",0,2017
"53",NA,"COBCRP-59-20171019","UFRA","A69-1601","COBCRP","cobia",FALSE,"Daryl Parkyn","Daryl Parkyn",2019-01-01,2019-01-01 18:56:00,2025-02-26,28.5763,-80.4805,"UFRA",FALSE,1.60170824445404,FALSE,0.3,NA,"0101000000F085C954C11E54C07AAA436E86933C40",TRUE,"532_-1601",2019-05-02 16:41:44,NA,FALSE,NA,28.5884,-80.4894,2019-01-01 18:38:00,"130792",NA,"Rachycentron canadum",NA,NA,NA,NA,NA,"UF02","572_-1610","A69-1601-54504",0.3,NA,"01897d00-00dc-4b8c-8474-d0e5acb1a00f",5.33902748151348,2019
"54",NA,"COBCRP-M5477_AT0177","Navy","A69-9001","COBCRP","cobia",FALSE,"Carter Watterson","Carter Waterson",2020-08-13,2020-08-13 05:23:40,2025-02-26,36.8606,-75.5545,"Navy",FALSE,0,FALSE,0.0372222222222222,NA,"0101000000736891ED7CE352C003780B24286E4240",TRUE,"570_-1611",2021-03-25 13:49:20,NA,FALSE,NA,36.8606,-75.5545,2020-08-13 05:21:26,"0",NA,"Rachycentron canadum",NA,NA,NA,NA,NA,"SCL 7","737_-1511","A69-9001-7189",0.0372222222222222,NA,"018a044d-f73f-4789-9057-cd3e4aa7a324",0,2020
"55",NA,"COBCRP-0-20171020_redeployments","UFRA","A69-1601","COBCRP","cobia",FALSE,"Daryl Parkyn","Daryl Parkyn",2018-10-17,2018-10-17 06:37:00,2025-02-26,28.4674,-80.4225,"UFRA",FALSE,0,FALSE,0.0155555555555555,NA,"010100000090F7AA95091B54C0AC21718FA5773C40",TRUE,"564_-1612",2019-04-07 12:51:34,NA,FALSE,NA,28.4674,-80.4225,2018-10-17 06:36:04,"130776",NA,"Rachycentron canadum",NA,NA,NA,NA,NA,"UF21","569_-1608","A69-1601-54494",0.0155555555555555,NA,"018ae822-00e1-4d1b-9e1b-b2306595919d",0,2018
"56",NA,"COBCRP-M5472_AT0172","Navy","A69-9001","COBCRP","cobia",FALSE,"Carter Watterson","Carter Waterson",2019-11-09,2019-11-09 09:22:29,2025-02-26,36.9781,-76.1319,"Navy",FALSE,0,FALSE,0.227777777777778,NA,"0101000000EA95B20C710853C0936FB6B9317D4240",TRUE,"752_-1527",2020-06-19 15:05:59,NA,FALSE,NA,36.9781,-76.1319,2019-11-09 09:08:49,"0",NA,"Rachycentron canadum",NA,NA,NA,NA,NA,"Ts9","740_-1523","A69-9001-7176",0.227777777777778,NA,"0195c7e2-6595-496c-ba80-caa97b47aa54",0,2019
"57",NA,"COBCRP-130-20171019","UFRA","A69-9001","COBCRP","cobia",FALSE,"Daryl Parkyn","Daryl Parkyn",2018-10-24,2018-10-24 19:16:00,2025-02-26,28.5221,-80.4155,"UFRA",FALSE,0.0097699531839141,FALSE,0.0111111111111111,NA,"0101000000E3C798BB961A54C076E09C11A5853C40",TRUE,"574_-1609",2019-05-22 18:31:53,NA,FALSE,NA,28.5221,-80.4156,2018-10-24 19:15:20,"130792",NA,"Rachycentron canadum",NA,NA,NA,NA,NA,"UF06","570_-1608","A69-9001-23438",0.0111111111111111,NA,"019c6e6d-8c8e-44ed-b88b-830b2ba825da",0.879295786552275,2018
"58",NA,"COBCRP-TT1297","Navy","A69-9001","COBCRP","cobia",FALSE,"Carter Watterson","Carter Waterson",2019-11-08,2019-11-08 07:20:54,2025-02-26,36.72,-75.846,"Navy",FALSE,0,FALSE,0.0294444444444444,NA,"0101000000A01A2FDD24F652C05C8FC2F5285C4240",TRUE,"740_-1522",2021-06-26 11:52:28,NA,FALSE,NA,36.72,-75.846,2019-11-08 07:19:08,"0",NA,"Rachycentron canadum",NA,NA,NA,NA,NA,"SBA 1","734_-1517","A69-9001-7096",0.0294444444444444,NA,"019d9960-8954-4df5-8dc1-77aa3ce9e938",0,2019
"59",NA,"COBCRP-106-20171019","UFRA","A69-9001","COBCRP","cobia",FALSE,"Daryl Parkyn","Daryl Parkyn",2017-02-06,2017-02-06 03:01:00,2025-02-26,28.533,-80.4052,"UFRA",FALSE,0,FALSE,0.0333333333333333,NA,"0101000000A4AA09A2EE1954C02A1DACFF73883C40",TRUE,"574_-1609",2017-07-21 20:08:19,NA,FALSE,NA,28.533,-80.4052,2017-02-06 02:59:00,"130781",NA,"Rachycentron canadum",NA,NA,NA,NA,NA,"UF07","571_-1608","A69-9001-19016",0.0333333333333333,NA,"01a93375-8c7b-446b-9138-25490a3ef649",0,2017
"60",NA,"COBCRP-66-20171019","Elizabeth Miller","A69-9001","COBCRP","cobia",FALSE,NA,NA,2018-05-21,2018-05-21 08:57:00,2020-06-05,32.3861,-80.7813,"Elizabeth Miller",FALSE,0,FALSE,0.0333333333333333,NA,NA,TRUE,"648_-1616",2018-12-05 23:58:00,NA,FALSE,NA,32.3861,-80.7813,2018-05-21 08:55:00,"111679",NA,"Rachycentron canadum",NA,NA,NA,NA,NA,"Mid Broad","648_-1616","A69-9001-19091",0.0333333333333333,NA,"01a9f7f1-6fc4-48fe-91f5-ad4975d7e5d3",0,2018
"61",NA,"COBCRP-1253674-2017-06-24","UFRA","A69-9002","COBCRP","cobia",FALSE,"Daryl Parkyn","Daryl Parkyn",2017-07-13,2017-07-13 05:58:56,2025-02-26,28.5759,-80.4805,"UFRA",FALSE,0,FALSE,0.0269444444444444,NA,"0101000000BB44F5D6C01E54C07A7077D66E933C40",TRUE,"570_-1608",2017-11-07 21:55:00,NA,FALSE,NA,28.5759,-80.4805,2017-07-13 05:57:19,"130800",NA,"Rachycentron canadum",NA,NA,NA,"°C",26.5161,"UF02","572_-1610","A69-9002-11154",0.0269444444444444,NA,"01afaed8-527d-45af-8148-0217a793142a",0,2017
"62",NA,"COBCRP-102-20171019","UFRA","A69-9001","COBCRP","cobia",FALSE,"Daryl Parkyn","Daryl Parkyn",2018-03-19,2018-03-19 03:51:00,2025-02-26,28.3955,-80.5054,"UFRA",FALSE,0.014809588874053,FALSE,0.0127777777777777,NA,"0101000000A3AF20CD582054C0B03DB32440653C40",TRUE,"568_-1611",2019-12-11 00:25:28,NA,FALSE,NA,28.3956,-80.5055,2018-03-19 03:50:14,"130776",NA,"Rachycentron canadum",NA,NA,NA,NA,NA,"UF17","568_-1610","A69-9001-19025",0.0127777777777777,NA,"01b17e10-0b9d-47d6-ad1d-9026aa32e06a",1.15901130318676,2018
"63",NA,"COBCRP-0-20171020_redeployments","UFRA","A69-1601","COBCRP","cobia",FALSE,"Daryl Parkyn","Daryl Parkyn",2018-02-28,2018-02-28 06:46:00,2025-02-26,28.5221,-80.4155,"UFRA",FALSE,0.0097699531839141,FALSE,0.0177777777777777,NA,"0101000000E3C798BB961A54C076E09C11A5853C40",TRUE,"564_-1612",2019-04-07 12:51:34,NA,FALSE,NA,28.5221,-80.4156,2018-02-28 06:44:56,"130803",NA,"Rachycentron canadum",NA,NA,NA,NA,NA,"UF06","570_-1608","A69-1601-54494",0.0177777777777777,NA,"01b1aa34-6328-49fb-954c-8feeada5910c",0.549559866595172,2018
"64",NA,"COBCRP-NASA1564","Navy","A69-9001","COBCRP","cobia",FALSE,"Carter Watterson","Carter Waterson",2020-08-28,2020-08-28 22:20:16,2025-02-26,36.8135,-75.7014,"Navy",FALSE,0,FALSE,0.0272222222222222,NA,"0101000000865AD3BCE3EC52C0E3A59BC420684240",TRUE,"685_-1531",2022-11-23 02:05:00,NA,FALSE,NA,36.8135,-75.7014,2020-08-28 22:18:38,"0",NA,"Rachycentron canadum",NA,NA,NA,NA,NA,"SCL 2","736_-1514","A69-9001-13161",0.0272222222222222,NA,"01b24a3c-a9ce-4a92-ab70-83e4fa9daf1a",0,2020
"65",NA,"COBCRP-85-20171019","Kessel","A69-9001","COBCRP","cobia",FALSE,NA,NA,2016-12-16,2016-12-16 02:04:00,2020-05-29,27.0506,-80.0426,"Kessel",FALSE,0,FALSE,0.0166666666666666,NA,NA,TRUE,"541_-1601",2017-11-01 16:02:00,NA,FALSE,NA,27.0506,-80.0426,2016-12-16 02:03:00,"100288",NA,"Rachycentron canadum",NA,NA,NA,NA,NA,"BBHS","541_-1601","A69-9001-19013",0.0166666666666666,NA,"01c85050-543d-402d-99a7-719a867a85d8",0,2016
"66",NA,"COBCRP-66-20171019","Elizabeth Miller","A69-9001","COBCRP","cobia",FALSE,NA,NA,2018-11-05,2018-11-05 19:49:00,2020-06-05,32.3861,-80.7813,"Elizabeth Miller",FALSE,0,FALSE,0.0333333333333333,NA,NA,TRUE,"648_-1616",2018-12-05 23:58:00,NA,FALSE,NA,32.3861,-80.7813,2018-11-05 19:47:00,"111679",NA,"Rachycentron canadum",NA,NA,NA,NA,NA,"Mid Broad","648_-1616","A69-9001-19091",0.0333333333333333,NA,"01f3a549-1971-4f52-afcf-853e2323915c",0,2018
"67",NA,"COBCRP-0-20171020_redeployments","UFRA","A69-1601","COBCRP","cobia",FALSE,"Daryl Parkyn","Daryl Parkyn",2018-02-27,2018-02-27 06:20:00,2025-02-26,28.5763,-80.4805,"UFRA",FALSE,0.0444779706577198,FALSE,0.0163888888888888,NA,"0101000000F085C954C11E54C07AAA436E86933C40",TRUE,"564_-1612",2019-04-07 12:51:34,NA,FALSE,NA,28.5759,-80.4805,2018-02-27 06:19:01,"130795",NA,"Rachycentron canadum",NA,NA,NA,NA,NA,"UF02","572_-1610","A69-1601-54494",0.0163888888888888,NA,"01f4ce90-b8e8-4e13-a9d1-05ab38e1a33b",2.71391007403036,2018
"68",NA,"COBCRP-102-20171019","UFRA","A69-9001","COBCRP","cobia",FALSE,"Daryl Parkyn","Daryl Parkyn",2018-12-21,2018-12-21 10:43:00,2025-02-26,28.5221,-80.4155,"UFRA",FALSE,0.0097699531839141,FALSE,0.0052777777777777,NA,"0101000000E3C798BB961A54C076E09C11A5853C40",TRUE,"568_-1611",2019-12-11 00:25:28,NA,FALSE,NA,28.5221,-80.4156,2018-12-21 10:42:41,"130804",NA,"Rachycentron canadum",NA,NA,NA,NA,NA,"UF06","570_-1608","A69-9001-19025",0.0052777777777777,NA,"01f89863-20bb-4e5a-8053-c8722dba494b",1.85114902432058,2018
"69",NA,"COBCRP-M5464_AT0164-2018-05-25","UFRA","A69-9001","COBCRP","cobia",FALSE,"Daryl Parkyn","Daryl Parkyn",2018-12-14,2018-12-14 09:06:00,2025-02-26,28.5221,-80.4155,"UFRA",FALSE,0.0097699531839141,FALSE,0.0175,NA,"0101000000E3C798BB961A54C076E09C11A5853C40",TRUE,"573_-1610",2019-06-01 13:42:35,NA,FALSE,NA,28.5221,-80.4156,2018-12-14 09:04:57,"130792",NA,"Rachycentron canadum",NA,NA,NA,NA,NA,"UF06","570_-1608","A69-9001-19122",0.0175,NA,"0202d6c5-d87e-49cf-ae2a-9ce7b8890af5",0.55828303908081,2018
"70",NA,"COBCRP-M5477_AT0177","Navy","A69-9001","COBCRP","cobia",FALSE,"Carter Watterson","Carter Waterson",2020-08-13,2020-08-13 08:09:03,2025-02-26,36.8339,-75.6131,"Navy",FALSE,0,FALSE,0.9525,NA,"01010000005E4BC8073DE752C03411363CBD6A4240",TRUE,"570_-1611",2021-03-25 13:49:20,NA,FALSE,NA,36.8339,-75.6131,2020-08-13 07:11:54,"0",NA,"Rachycentron canadum",NA,NA,NA,NA,NA,"SCL 5","737_-1512","A69-9001-7189",0.0219444444444444,NA,"020b1978-6f1a-4a25-988c-83828b1f30ef",0,2020
"71",NA,"COBCRP-66-20171019","Elizabeth Miller","A69-9001","COBCRP","cobia",FALSE,NA,NA,2018-05-15,2018-05-15 23:42:00,2020-06-05,32.3861,-80.7813,"Elizabeth Miller",FALSE,0,FALSE,0.0166666666666666,NA,NA,TRUE,"648_-1616",2018-12-05 23:58:00,NA,FALSE,NA,32.3861,-80.7813,2018-05-15 23:41:00,"111679",NA,"Rachycentron canadum",NA,NA,NA,NA,NA,"Mid Broad","648_-1616","A69-9001-19091",0.0166666666666666,NA,"02264b88-b3d4-47c0-a60d-c229fd92f62e",0,2018
"72",NA,"COBCRP-85-20171019","Kessel","A69-9001","COBCRP","cobia",FALSE,NA,NA,2016-10-13,2016-10-13 07:50:00,2020-05-29,26.9901,-80.025,"Kessel",FALSE,0,FALSE,0.0108333333333333,NA,NA,TRUE,"541_-1601",2017-11-01 16:02:00,NA,FALSE,NA,26.9901,-80.025,2016-10-13 07:49:21,"102608",NA,"Rachycentron canadum",NA,NA,NA,NA,NA,"BBPTR","540_-1600","A69-9001-19013",0.0108333333333333,NA,"024084e0-b966-447f-bf57-2a80fec30d9c",0,2016
"73",NA,"COBCRP-102-20171019","UFRA","A69-9001","COBCRP","cobia",FALSE,"Daryl Parkyn","Daryl Parkyn",2017-12-13,2017-12-13 11:01:12,2025-02-26,28.5221,-80.4156,"UFRA",FALSE,0,FALSE,0.0188888888888888,NA,"0101000000B8CCE9B2981A54C0D93D7958A8853C40",TRUE,"568_-1611",2019-12-11 00:25:28,NA,FALSE,NA,28.5221,-80.4156,2017-12-13 11:00:04,"130787",NA,"Rachycentron canadum",NA,NA,NA,NA,NA,"UF06","570_-1608","A69-9001-19025",0.0188888888888888,NA,"024215d2-9a2d-487c-92dd-445f801f8ff8",0,2017
"74",NA,"COBCRP-0-20171020_redeployments","UFRA","A69-1601","COBCRP","cobia",FALSE,"Daryl Parkyn","Daryl Parkyn",2018-02-28,2018-02-28 06:49:00,2025-02-26,28.5221,-80.4155,"UFRA",FALSE,0.0097699531839141,FALSE,0.0013888888888888,NA,"0101000000E3C798BB961A54C076E09C11A5853C40",TRUE,"564_-1612",2019-04-07 12:51:34,NA,FALSE,NA,28.5221,-80.4156,2018-02-28 06:48:55,"130803",NA,"Rachycentron canadum",NA,NA,NA,NA,NA,"UF06","570_-1608","A69-1601-54494",0.0013888888888888,NA,"025610a2-f841-4575-9d6a-75967d772c3b",7.0343662924182,2018
"75",NA,"COBCRP-66-20171019","Elizabeth Miller","A69-9001","COBCRP","cobia",FALSE,NA,NA,2018-05-17,2018-05-17 04:08:00,2020-06-05,32.3861,-80.7813,"Elizabeth Miller",FALSE,0,FALSE,0.216666666666667,NA,NA,TRUE,"648_-1616",2018-12-05 23:58:00,NA,FALSE,NA,32.3861,-80.7813,2018-05-17 03:55:00,"111679",NA,"Rachycentron canadum",NA,NA,NA,NA,NA,"Mid Broad","648_-1616","A69-9001-19091",0.216666666666667,NA,"0258f37a-ca08-40f1-beee-2e554c23e805",0,2018
"76",NA,"COBCRP-0-20171020_redeployments","UFRA","A69-1601","COBCRP","cobia",FALSE,"Daryl Parkyn","Daryl Parkyn",2018-11-16,2018-11-16 23:13:00,2025-02-26,28.5578,-80.4206,"UFRA",FALSE,0,FALSE,0.165277777777778,NA,"010100000070EB6E9EEA1A54C074B515FBCB8E3C40",TRUE,"564_-1612",2019-04-07 12:51:34,NA,FALSE,NA,28.5578,-80.4206,2018-11-16 23:03:05,"130797",NA,"Rachycentron canadum",NA,NA,NA,NA,NA,"UF05","571_-1608","A69-1601-54494",0.165277777777778,NA,"02608ec2-ba2c-4b46-8672-56eab15b02ea",0,2018
"77",NA,"COBCRP-TT1297","Navy","A69-9001","COBCRP","cobia",FALSE,"Carter Watterson","Carter Waterson",2019-06-27,2019-06-27 11:47:21,2025-02-26,36.9678,-76.1676,"Navy",FALSE,0,FALSE,0.0341666666666666,NA,"01010000008907944DB90A53C016359886E17B4240",TRUE,"740_-1522",2021-06-26 11:52:28,NA,FALSE,NA,36.9678,-76.1676,2019-06-27 11:45:18,"0",NA,"Rachycentron canadum",NA,NA,NA,NA,NA,"LC1","739_-1523","A69-9001-7096",0.0341666666666666,NA,"0265f6e5-0a58-450e-a1cf-53919f9bf1dc",0,2019
"78",NA,"COBCRP-102-20171019","UFRA","A69-9001","COBCRP","cobia",FALSE,"Daryl Parkyn","Daryl Parkyn",2018-10-15,2018-10-15 10:03:00,2025-02-26,28.3987,-80.5495,"UFRA",FALSE,0,FALSE,0.0088888888888888,NA,"0101000000CCB4FD2B2B2354C0033E3F8C10663C40",TRUE,"568_-1611",2019-12-11 00:25:28,NA,TRUE,NA,28.3987,-80.5495,2018-10-15 10:02:28,"130801",NA,"Rachycentron canadum",NA,NA,NA,NA,NA,"UF19","568_-1611","A69-9001-19025",0.0088888888888888,NA,"026605b7-48e4-4f6a-8b4d-ecaac138d053",0,2018
"79",NA,"COBCRP-TT1297","Navy","A69-9001","COBCRP","cobia",FALSE,"Carter Watterson","Carter Waterson",2019-09-30,2019-09-30 04:54:41,2025-02-26,36.8162,-75.7599,"Navy",FALSE,0,FALSE,0.0252777777777777,NA,"010100000006BB61DBA2F052C03FA9F6E978684240",TRUE,"740_-1522",2021-06-26 11:52:28,NA,FALSE,NA,36.8162,-75.7599,2019-09-30 04:53:10,"0",NA,"Rachycentron canadum",NA,NA,NA,NA,NA,"CB","736_-1515","A69-9001-7096",0.0252777777777777,NA,"026a746f-c15c-4f54-9ff7-e9f12d68c692",0,2019
"80",NA,"COBCRP-M5477_AT0177","Navy","A69-9001","COBCRP","cobia",FALSE,"Carter Watterson","Carter Waterson",2020-08-28,2020-08-28 21:06:09,2025-02-26,36.8135,-75.7014,"Navy",FALSE,0,FALSE,0.03,NA,"0101000000865AD3BCE3EC52C0E3A59BC420684240",TRUE,"570_-1611",2021-03-25 13:49:20,NA,FALSE,NA,36.8135,-75.7014,2020-08-28 21:04:21,"0",NA,"Rachycentron canadum",NA,NA,NA,NA,NA,"SCL 2","736_-1514","A69-9001-7189",0.03,NA,"026bcf6d-a91f-4604-8344-0433bef47fd5",0,2020
"81",NA,"COBCRP-97-20171019","UFRA","A69-9001","COBCRP","cobia",FALSE,"Daryl Parkyn","Daryl Parkyn",2017-07-17,2017-07-17 05:02:00,2025-02-26,28.5221,-80.4155,"UFRA",FALSE,0.0097699531839141,FALSE,0,NA,"0101000000E3C798BB961A54C076E09C11A5853C40",TRUE,"571_-1607",2018-06-06 07:33:01,NA,FALSE,NA,28.5221,-80.4156,2017-07-17 05:02:00,"130780",NA,"Rachycentron canadum",NA,NA,NA,NA,NA,"UF06","570_-1608","A69-9001-19011",0,NA,"02727ef1-2c79-4bc5-9603-406b922704fc",Inf,2017
"82",NA,"COBCRP-102-20171019","UFRA","A69-9001","COBCRP","cobia",FALSE,"Daryl Parkyn","Daryl Parkyn",2018-10-18,2018-10-18 15:14:00,2025-02-26,28.4977,-80.4168,"UFRA",FALSE,0,FALSE,0.0333333333333333,NA,"010100000031D3F6AFAC1A54C08195438B6C7F3C40",TRUE,"568_-1611",2019-12-11 00:25:28,NA,FALSE,NA,28.4977,-80.4168,2018-10-18 15:12:00,"130805",NA,"Rachycentron canadum",NA,NA,NA,NA,NA,"UF08","570_-1608","A69-9001-19025",0.0333333333333333,NA,"0278620d-b11c-4411-91ee-6597749a9952",0,2018
"83",NA,"COBCRP-10-20171019","UFRA","A69-1601","COBCRP","cobia",FALSE,"Daryl Parkyn","Daryl Parkyn",2017-09-22,2017-09-22 06:48:43,2025-02-26,28.5331,-80.4052,"UFRA",FALSE,0,FALSE,0.0141666666666666,NA,"01010000005DFE43FAED1954C08D7A884677883C40",TRUE,"570_-1607",2017-12-01 19:19:07,NA,FALSE,NA,28.5331,-80.4052,2017-09-22 06:47:52,"130778",NA,"Rachycentron canadum",NA,NA,NA,NA,NA,"UF07","571_-1608","A69-1601-54488",0.0141666666666666,NA,"02789f37-00fb-4f50-a49b-4a26d6c3d176",0,2017
"84",NA,"COBCRP-TT1297","Navy","A69-9001","COBCRP","cobia",FALSE,"Carter Watterson","Carter Waterson",2019-06-29,2019-06-29 07:46:00,2025-02-26,36.9408,-76.1718,"Navy",FALSE,0.714107115928791,FALSE,2.42361111111111,NA,"01010000000CC85EEFFE0A53C046B1DCD26A784240",TRUE,"740_-1522",2021-06-26 11:52:28,NA,FALSE,NA,36.9414,-76.1798,2019-06-29 05:20:35,"0",NA,"Rachycentron canadum",NA,NA,NA,NA,NA,"ELCAS 1","739_-1523","A69-9001-7096",0.0527777777777777,NA,"027e5355-eb2c-4657-a777-f41ad9a9e22c",13.5304506175981,2019
"85",NA,"COBCRP-33-20171019","Marens","A69-9001","COBCRP","cobia",FALSE,NA,NA,2016-09-25,2016-09-25 16:46:00,2020-06-05,33.9586,-77.5575,"Marens",FALSE,0,FALSE,0.05,NA,NA,TRUE,"699_-1518",2020-07-30 08:07:17,NA,FALSE,NA,33.9586,-77.5575,2016-09-25 16:43:00,"0",NA,"Rachycentron canadum",NA,NA,NA,NA,NA,"AR-386","679_-1551","A69-9001-19040",0.05,NA,"027fddf0-c466-45a1-9c11-1f70ae2f242a",0,2016
"86",NA,"COBCRP-102-20171019","UFRA","A69-9001","COBCRP","cobia",FALSE,"Daryl Parkyn","Daryl Parkyn",2018-01-03,2018-01-03 02:51:00,2025-02-26,28.3955,-80.5054,"UFRA",FALSE,0,FALSE,0.0333333333333333,NA,"0101000000A3AF20CD582054C0B03DB32440653C40",TRUE,"568_-1611",2019-12-11 00:25:28,NA,FALSE,NA,28.3955,-80.5054,2018-01-03 02:49:00,"130776",NA,"Rachycentron canadum",NA,NA,NA,NA,NA,"UF17","568_-1610","A69-9001-19025",0.0333333333333333,NA,"029391c4-0967-42ec-a96e-635bfdc3e368",0,2018
"87",NA,"COBCRP-M5310_AT0012","UFRA","A69-9002","COBCRP","cobia",FALSE,"Daryl Parkyn","Daryl Parkyn",2019-09-04,2019-09-04 08:15:00,2025-02-26,28.5884,-80.4894,"UFRA",FALSE,0,FALSE,0.0333333333333333,NA,"01010000009AEB34D2521F54C082A8FB00A4963C40",TRUE,"587_-1604",2022-05-09 03:35:30,NA,FALSE,NA,28.5884,-80.4894,2019-09-04 08:13:00,"130798",NA,"Rachycentron canadum",NA,NA,NA,"ADC",148,"UF01","572_-1610","A69-9002-11156",0.0333333333333333,NA,"02943349-f3c6-437c-8656-88c4db1242b4",0,2019
"88",NA,"COBCRP-81-20171019","Kessel","A69-1601","COBCRP","cobia",FALSE,NA,NA,2016-08-13,2016-08-13 22:22:00,2020-05-29,27.0506,-80.0426,"Kessel",FALSE,0.626538532147784,FALSE,0.0580555555555555,NA,NA,TRUE,"541_-1601",2016-12-08 02:41:00,NA,FALSE,NA,27.045,-80.0433,2016-08-13 22:18:31,"100288",NA,"Rachycentron canadum",NA,NA,NA,NA,NA,"BBHS","541_-1601","A69-1601-54505",0.0580555555555555,NA,"029c0747-66b7-4a3e-8294-caeae9b95bb3",10.7920512714451,2016
"89",NA,"COBCRP-0-20171020_redeployments","UFRA","A69-1601","COBCRP","cobia",FALSE,"Daryl Parkyn","Daryl Parkyn",2018-02-12,2018-02-12 06:41:00,2025-02-26,28.5578,-80.4206,"UFRA",FALSE,0,FALSE,0.0166666666666666,NA,"010100000070EB6E9EEA1A54C074B515FBCB8E3C40",TRUE,"564_-1612",2019-04-07 12:51:34,NA,FALSE,NA,28.5578,-80.4206,2018-02-12 06:40:00,"130797",NA,"Rachycentron canadum",NA,NA,NA,NA,NA,"UF05","571_-1608","A69-1601-54494",0.0166666666666666,NA,"029cf78c-8cc4-4c4c-9396-a0df92dfa943",0,2018
"90",NA,"COBCRP-0-20171020_redeployments","UFRA","A69-1601","COBCRP","cobia",FALSE,"Daryl Parkyn","Daryl Parkyn",2017-11-22,2017-11-22 04:40:40,2025-02-26,28.5221,-80.4156,"UFRA",FALSE,0,FALSE,0.0230555555555555,NA,"0101000000B8CCE9B2981A54C0D93D7958A8853C40",TRUE,"564_-1612",2019-04-07 12:51:34,NA,FALSE,NA,28.5221,-80.4156,2017-11-22 04:39:17,"130787",NA,"Rachycentron canadum",NA,NA,NA,NA,NA,"UF06","570_-1608","A69-1601-54494",0.0230555555555555,NA,"02a3f373-7038-4418-a69d-5faa5f1e94e1",0,2017
"91",NA,"COBCRP-M5310_AT0012","UFRA","A69-9002","COBCRP","cobia",FALSE,"Daryl Parkyn","Daryl Parkyn",2019-09-04,2019-09-04 05:05:00,2025-02-26,28.5884,-80.4894,"UFRA",FALSE,0,FALSE,0.0166666666666666,NA,"01010000009AEB34D2521F54C082A8FB00A4963C40",TRUE,"587_-1604",2022-05-09 03:35:30,NA,FALSE,NA,28.5884,-80.4894,2019-09-04 05:04:00,"130798",NA,"Rachycentron canadum",NA,NA,NA,"ADC",149,"UF01","572_-1610","A69-9002-11156",0.0166666666666666,NA,"02aeb3dc-291a-4642-a837-192348bfef18",0,2019
"92",NA,"COBCRP-102-20171019","UFRA","A69-9001","COBCRP","cobia",FALSE,"Daryl Parkyn","Daryl Parkyn",2017-10-16,2017-10-16 17:36:50,2025-02-26,28.4848,-80.4218,"UFRA",FALSE,0,FALSE,0.0658333333333333,NA,"0101000000C51B9947FE1A54C040C1C58A1A7C3C40",TRUE,"568_-1611",2019-12-11 00:25:28,NA,FALSE,NA,28.4848,-80.4218,2017-10-16 17:32:53,"130777",NA,"Rachycentron canadum",NA,NA,NA,NA,NA,"UF09","570_-1608","A69-9001-19025",0.0658333333333333,NA,"02b03f83-e284-4c44-a88d-f77f12a0823b",0,2017
"93",NA,"COBCRP-0-20171020_redeployments","UFRA","A69-1601","COBCRP","cobia",FALSE,"Daryl Parkyn","Daryl Parkyn",2018-04-14,2018-04-14 12:24:00,2025-02-26,28.4977,-80.4168,"UFRA",FALSE,0,FALSE,0.0166666666666666,NA,"010100000031D3F6AFAC1A54C08195438B6C7F3C40",TRUE,"564_-1612",2019-04-07 12:51:34,NA,FALSE,NA,28.4977,-80.4168,2018-04-14 12:23:00,"130799",NA,"Rachycentron canadum",NA,NA,NA,NA,NA,"UF08","570_-1608","A69-1601-54494",0.0166666666666666,NA,"02b19b91-5991-4c22-ae40-5b99b328fcbf",0,2018
"94",NA,"COBCRP-102-20171019","UFRA","A69-9001","COBCRP","cobia",FALSE,"Daryl Parkyn","Daryl Parkyn",2018-04-11,2018-04-11 21:06:00,2025-02-26,28.3889,-80.4672,"UFRA",FALSE,0,FALSE,0.0333333333333333,NA,"0101000000F57F0EF3E51D54C04165FCFB8C633C40",TRUE,"568_-1611",2019-12-11 00:25:28,NA,FALSE,NA,28.3889,-80.4672,2018-04-11 21:04:00,"130788",NA,"Rachycentron canadum",NA,NA,NA,NA,NA,"UF16","568_-1609","A69-9001-19025",0.0333333333333333,NA,"02b4b935-0c23-46e0-8ac4-27f6ffa32618",0,2018
"95",NA,"COBCRP-M5472_AT0172","Navy","A69-9001","COBCRP","cobia",FALSE,"Carter Watterson","Carter Waterson",2019-09-24,2019-09-24 12:28:21,2025-02-26,36.99,-76.0132,"Navy",FALSE,0,FALSE,0.0333333333333333,NA,"010100000074D2FBC6D70053C0425BCEA5B87E4240",TRUE,"752_-1527",2020-06-19 15:05:59,NA,FALSE,NA,36.99,-76.0132,2019-09-24 12:26:21,"0",NA,"Rachycentron canadum",NA,NA,NA,NA,NA,"B7","740_-1520","A69-9001-7176",0.0333333333333333,NA,"02b7b840-c0df-4d5d-88f2-ca551e7ba0a9",0,2019
"96",NA,"COBCRP-102-20171019","UFRA","A69-9001","COBCRP","cobia",FALSE,"Daryl Parkyn","Daryl Parkyn",2018-03-21,2018-03-21 18:49:00,2025-02-26,28.429,-80.4164,"UFRA",FALSE,0,FALSE,0.0833333333333333,NA,"010100000046425BCEA51A54C0A04FE449D26D3C40",TRUE,"568_-1611",2019-12-11 00:25:28,NA,FALSE,NA,28.429,-80.4164,2018-03-21 18:44:00,"130788",NA,"Rachycentron canadum",NA,NA,NA,NA,NA,"UF11","569_-1608","A69-9001-19025",0.0833333333333333,NA,"02b9392c-7c15-4644-b042-26398eb935d8",0,2018
"97",NA,"COBCRP-106-20171019","UFRA","A69-9001","COBCRP","cobia",FALSE,"Daryl Parkyn","Daryl Parkyn",2017-05-07,2017-05-07 11:44:00,2025-02-26,28.4847,-80.4216,"UFRA",FALSE,0,FALSE,0.0166666666666666,NA,"0101000000F0164850FC1A54C079060DFD137C3C40",TRUE,"574_-1609",2017-07-21 20:08:19,NA,FALSE,NA,28.4847,-80.4216,2017-05-07 11:43:00,"130783",NA,"Rachycentron canadum",NA,NA,NA,NA,NA,"UF09","570_-1608","A69-9001-19016",0.0166666666666666,NA,"02bbf82b-db8b-4dfd-8033-9b6950aaacb0",0,2017
"98",NA,"COBCRP-135-20171019","UFRA","A69-9001","COBCRP","cobia",FALSE,"Daryl Parkyn","Daryl Parkyn",2017-03-06,2017-03-06 23:47:00,2025-02-26,28.5221,-80.4155,"UFRA",FALSE,0,FALSE,0.0333333333333333,NA,"0101000000E3C798BB961A54C076E09C11A5853C40",TRUE,"569_-1608",2017-06-05 18:16:00,NA,FALSE,NA,28.5221,-80.4155,2017-03-06 23:45:00,"130780",NA,"Rachycentron canadum",NA,NA,NA,NA,NA,"UF06","570_-1608","A69-9001-20111",0.0333333333333333,NA,"02bcddb8-47a6-442e-9d22-594259bdbe6c",0,2017
"99",NA,"COBCRP-TT1297","Navy","A69-9001","COBCRP","cobia",FALSE,"Carter Watterson","Carter Waterson",2019-08-19,2019-08-19 06:16:04,2025-02-26,36.725,-75.836,"Navy",FALSE,0,FALSE,0.0202777777777777,NA,"01010000002FDD240681F552C0CDCCCCCCCC5C4240",TRUE,"740_-1522",2021-06-26 11:52:28,NA,FALSE,NA,36.725,-75.836,2019-08-19 06:14:51,"0",NA,"Rachycentron canadum",NA,NA,NA,NA,NA,"SBA 2","734_-1517","A69-9001-7096",0.0202777777777777,NA,"02c7c65f-0d49-4c34-9f3a-5d16f9ea1c3e",0,2019
"100",NA,"COBCRP-71-20171019","UNK","A69-9001","COBCRP","cobia",FALSE,NA,NA,2017-05-20,2017-05-20 08:13:00,2020-06-03,32.8147,-79.9079,"UNK",FALSE,0,FALSE,0.114166666666667,NA,NA,TRUE,"651_-1590",2018-07-18 18:21:27,NA,FALSE,NA,32.8147,-79.9079,2017-05-20 08:06:09,"111307",NA,"Rachycentron canadum",NA,NA,NA,NA,NA,"Coastal-Remleys","656_-1598","A69-9001-19063",0.114166666666667,NA,"02c8c39b-4a57-40aa-86a0-6c8326d69ded",0,2017
"101",NA,"COBCRP-0-20171020_redeployments","UFRA","A69-1601","COBCRP","cobia",FALSE,"Daryl Parkyn","Daryl Parkyn",2019-04-01,2019-04-01 06:03:00,2025-02-26,28.3955,-80.5054,"UFRA",FALSE,0,FALSE,0.0333333333333333,NA,"0101000000A3AF20CD582054C0B03DB32440653C40",TRUE,"564_-1612",2019-04-07 12:51:34,NA,FALSE,NA,28.3955,-80.5054,2019-04-01 06:01:00,"130777",NA,"Rachycentron canadum",NA,NA,NA,NA,NA,"UF17","568_-1610","A69-1601-54494",0.0333333333333333,NA,"02ce51ee-9fd4-44b3-bd23-61f8ad0850a7",0,2019
"102",NA,"COBCRP-0-20171020_redeployments","UFRA","A69-1601","COBCRP","cobia",FALSE,"Daryl Parkyn","Daryl Parkyn",2018-10-17,2018-10-17 22:34:00,2025-02-26,28.447,-80.4177,"UFRA",FALSE,0.0242932118866669,FALSE,0.0063888888888888,NA,"0101000000B8239C16BC1A54C0DF4F8D976E723C40",TRUE,"564_-1612",2019-04-07 12:51:34,NA,FALSE,NA,28.4472,-80.4178,2018-10-17 22:33:37,"130781",NA,"Rachycentron canadum",NA,NA,NA,NA,NA,"UF23","569_-1608","A69-1601-54494",0.0063888888888888,NA,"02cfa6e0-aabc-4c01-9640-d260d122667c",3.80241577356527,2018
"103",NA,"COBCRP-M5472_AT0172","Navy","A69-9001","COBCRP","cobia",FALSE,"Carter Watterson","Carter Waterson",2019-09-23,2019-09-23 00:08:48,2025-02-26,36.8135,-75.7014,"Navy",FALSE,5.2163168464419,FALSE,NA,NA,"0101000000865AD3BCE3EC52C0E3A59BC420684240",TRUE,"752_-1527",2020-06-19 15:05:59,NA,FALSE,NA,36.8162,-75.7599,NA,"0",NA,"Rachycentron canadum",NA,NA,NA,NA,NA,"SCL 2","736_-1514","A69-9001-7176",14.2616666666667,NA,"02dfe486-94d8-43a1-a111-c0c6646d98bb",0.365757871668241,2019
"104",NA,"COBCRP-TT1297","Navy","A69-9001","COBCRP","cobia",FALSE,"Carter Watterson","Carter Waterson",2019-11-08,2019-11-08 06:28:41,2025-02-26,36.7091,-75.8344,"Navy",FALSE,0.0111194926640349,FALSE,0.0113888888888888,NA,"010100000013F241CF66F552C0FBCBEEC9C35A4240",TRUE,"740_-1522",2021-06-26 11:52:28,NA,FALSE,NA,36.709,-75.8344,2019-11-08 06:28:00,"0",NA,"Rachycentron canadum",NA,NA,NA,NA,NA,"SBA 5","734_-1517","A69-9001-7096",0.0113888888888888,NA,"02f4cfa9-0b69-407a-a239-b264ecf5f8b0",0.976345697329895,2019
"105",NA,"COBCRP-102-20171019","UFRA","A69-9001","COBCRP","cobia",FALSE,"Daryl Parkyn","Daryl Parkyn",2018-10-16,2018-10-16 07:59:00,2025-02-26,28.3911,-80.5206,"UFRA",FALSE,0.0111194926644299,FALSE,0.025,NA,"01010000001DFE9AAC512154C0077C7E1821643C40",TRUE,"568_-1611",2019-12-11 00:25:28,NA,FALSE,NA,28.3912,-80.5206,2018-10-16 07:57:30,"130799",NA,"Rachycentron canadum",NA,NA,NA,NA,NA,"UF18","568_-1610","A69-9001-19025",0.025,NA,"02f7c5c1-e93f-40c0-bf01-52e761498b0a",0.444779706577198,2018
"106",NA,"COBCRP-71-20171019","UNK","A69-9001","COBCRP","cobia",FALSE,NA,NA,2017-05-21,2017-05-21 02:56:00,2020-06-03,32.8602,-79.8937,"UNK",FALSE,0,FALSE,0.0452777777777777,NA,NA,TRUE,"651_-1590",2018-07-18 18:21:27,NA,FALSE,NA,32.8602,-79.8937,2017-05-21 02:53:17,"121654",NA,"Rachycentron canadum",NA,NA,NA,NA,NA,"Coastal- Wando RM 3.5","657_-1598","A69-9001-19063",0.0452777777777777,NA,"03003660-d1b0-4a92-a108-8cd640b004f9",0,2017
"107",NA,"COBCRP-106-20171019","UFRA","A69-9001","COBCRP","cobia",FALSE,"Daryl Parkyn","Daryl Parkyn",2017-02-06,2017-02-06 01:21:00,2025-02-26,28.5575,-80.4208,"UFRA",FALSE,0,FALSE,0.0166666666666666,NA,"0101000000F71E2E39EE1A54C01F85EB51B88E3C40",TRUE,"574_-1609",2017-07-21 20:08:19,NA,FALSE,NA,28.5575,-80.4208,2017-02-06 01:20:00,"130779",NA,"Rachycentron canadum",NA,NA,NA,NA,NA,"UF05","571_-1608","A69-9001-19016",0.0166666666666666,NA,"030a1eac-8be0-4d79-8c65-9b44a355bea2",0,2017
"108",NA,"COBCRP-M5463_AT0163-2018-05-24","Navy","A69-9002","COBCRP","cobia",FALSE,"Carter Watterson","Carter Waterson",2019-09-24,2019-09-24 11:01:00,2025-02-26,36.713,-75.818,"Navy",FALSE,0,FALSE,0.0241666666666666,NA,"01010000003108AC1C5AF452C025068195435B4240",TRUE,"669_-1571",2020-04-27 08:01:20,NA,FALSE,NA,36.713,-75.818,2019-09-24 10:59:33,"0",NA,"Rachycentron canadum",NA,NA,NA,NA,NA,"SBA 6","734_-1516","A69-9002-11158",0.0241666666666666,NA,"030f9fe1-f8bd-434d-9b76-fccdde9cbef4",0,2019
"109",NA,"COBCRP-0-20171020_redeployments","UFRA","A69-1601","COBCRP","cobia",FALSE,"Daryl Parkyn","Daryl Parkyn",2018-02-28,2018-02-28 03:00:00,2025-02-26,28.533,-80.4052,"UFRA",FALSE,0.0111194926644299,FALSE,0.0119444444444444,NA,"0101000000A4AA09A2EE1954C02A1DACFF73883C40",TRUE,"564_-1612",2019-04-07 12:51:34,NA,FALSE,NA,28.5331,-80.4052,2018-02-28 02:59:17,"130805",NA,"Rachycentron canadum",NA,NA,NA,NA,NA,"UF07","571_-1608","A69-1601-54494",0.0119444444444444,NA,"031b73d7-d8e8-42e7-8392-4bb105bf4346",0.930934269580182,2018
"110",NA,"COBCRP-TT1297","Navy","A69-9001","COBCRP","cobia",FALSE,"Carter Watterson","Carter Waterson",2019-06-29,2019-06-29 07:53:18,2025-02-26,36.9408,-76.1718,"Navy",FALSE,0.305188821396248,FALSE,0.0180555555555555,NA,"01010000000CC85EEFFE0A53C046B1DCD26A784240",TRUE,"740_-1522",2021-06-26 11:52:28,NA,FALSE,NA,36.9382,-76.1729,2019-06-29 07:52:13,"0",NA,"Rachycentron canadum",NA,NA,NA,NA,NA,"ELCAS 1","739_-1523","A69-9001-7096",0.0180555555555555,NA,"032291b7-dfc5-4d58-bc06-6b07575e5017",16.9027654927153,2019
"111",NA,"COBCRP-M5472_AT0172","Navy","A69-9001","COBCRP","cobia",FALSE,"Carter Watterson","Carter Waterson",2019-12-09,2019-12-09 21:30:58,2025-02-26,37.0887,-75.9878,"Navy",FALSE,0,FALSE,0.0208333333333333,NA,"0101000000906B43C538FF52C0481630815B8B4240",TRUE,"752_-1527",2020-06-19 15:05:59,NA,FALSE,NA,37.0887,-75.9878,2019-12-09 21:29:43,"0",NA,"Rachycentron canadum",NA,NA,NA,NA,NA,"CBBT1","742_-1520","A69-9001-7176",0.0208333333333333,NA,"0323e96b-ede7-4823-8e7c-0e040e0a18d0",0,2019
"112",NA,"COBCRP-66-20171019","Elizabeth Miller","A69-9001","COBCRP","cobia",FALSE,NA,NA,2018-05-18,2018-05-18 00:38:00,2020-06-05,32.3861,-80.7813,"Elizabeth Miller",FALSE,0,FALSE,0.0166666666666666,NA,NA,TRUE,"648_-1616",2018-12-05 23:58:00,NA,FALSE,NA,32.3861,-80.7813,2018-05-18 00:37:00,"111679",NA,"Rachycentron canadum",NA,NA,NA,NA,NA,"Mid Broad","648_-1616","A69-9001-19091",0.0166666666666666,NA,"0329208c-ed90-408f-ba6c-6a9a2248f7cd",0,2018
"113",NA,"COBCRP-85-20171019","Kessel","A69-9001","COBCRP","cobia",FALSE,NA,NA,2016-10-13,2016-10-13 07:16:00,2020-05-29,26.9901,-80.025,"Kessel",FALSE,0,FALSE,0.0277777777777777,NA,NA,TRUE,"541_-1601",2017-11-01 16:02:00,NA,FALSE,NA,26.9901,-80.025,2016-10-13 07:14:20,"102608",NA,"Rachycentron canadum",NA,NA,NA,NA,NA,"BBPTR","540_-1600","A69-9001-19013",0.0277777777777777,NA,"032ffe8c-45f6-4e14-b4e2-5ac3695e5df0",0,2016
"114",NA,"COBCRP-M5472_AT0172","Navy","A69-9001","COBCRP","cobia",FALSE,"Carter Watterson","Carter Waterson",2019-09-19,2019-09-19 08:52:38,2025-02-26,36.9353,-75.9562,"Navy",FALSE,36.1802586151075,TRUE,2026.83388888889,NA,"0101000000C9B08A3732FD52C000529B38B9774240",TRUE,"752_-1527",2020-06-19 15:05:59,NA,FALSE,NA,37.1911,-76.2082,2019-06-26 22:02:36,"0",NA,"Rachycentron canadum",NA,NA,NA,NA,NA,"CH","739_-1519","A69-9001-7176",130.757777777778,NA,"033fa330-f9dd-4021-bea6-b63bb963d3d6",0.276696799456134,2019
"115",NA,"COBCRP-102-20171019","UFRA","A69-9001","COBCRP","cobia",FALSE,"Daryl Parkyn","Daryl Parkyn",2018-08-12,2018-08-12 09:42:00,2025-02-26,28.3955,-80.5054,"UFRA",FALSE,0,FALSE,0.0166666666666666,NA,"0101000000A3AF20CD582054C0B03DB32440653C40",TRUE,"568_-1611",2019-12-11 00:25:28,NA,FALSE,NA,28.3955,-80.5054,2018-08-12 09:41:00,"130787",NA,"Rachycentron canadum",NA,NA,NA,NA,NA,"UF17","568_-1610","A69-9001-19025",0.0166666666666666,NA,"03544a40-baf9-4b5c-b963-51f4c6460673",0,2018
"116",NA,"COBCRP-M5472_AT0172","Navy","A69-9001","COBCRP","cobia",FALSE,"Carter Watterson","Carter Waterson",2019-07-13,2019-07-13 20:33:12,2025-02-26,37.0887,-75.9878,"Navy",FALSE,0,FALSE,0.0238888888888888,NA,"0101000000906B43C538FF52C0481630815B8B4240",TRUE,"752_-1527",2020-06-19 15:05:59,NA,FALSE,NA,37.0887,-75.9878,2019-07-13 20:31:46,"0",NA,"Rachycentron canadum",NA,NA,NA,NA,NA,"CBBT1","742_-1520","A69-9001-7176",0.0238888888888888,NA,"035c798e-6a04-4fe8-b4f7-2cdcc3307a02",0,2019
"117",NA,"COBCRP-66-20171019","Elizabeth Miller","A69-9001","COBCRP","cobia",FALSE,NA,NA,2018-11-05,2018-11-05 06:54:00,2020-06-05,32.3861,-80.7813,"Elizabeth Miller",FALSE,0,TRUE,1458.98333333333,NA,NA,TRUE,"648_-1616",2018-12-05 23:58:00,NA,FALSE,NA,32.3861,-80.7813,2018-09-05 11:55:00,"111679",NA,"Rachycentron canadum",NA,NA,NA,NA,NA,"Mid Broad","648_-1616","A69-9001-19091",1458.98333333333,NA,"03650fa7-6443-45cc-9ffd-e7f83b5a0893",0,2018
"118",NA,"COBCRP-66-20171019","Elizabeth Miller","A69-9001","COBCRP","cobia",FALSE,NA,NA,2018-11-05,2018-11-05 22:30:00,2020-06-05,32.3861,-80.7813,"Elizabeth Miller",FALSE,0,FALSE,0.0166666666666666,NA,NA,TRUE,"648_-1616",2018-12-05 23:58:00,NA,FALSE,NA,32.3861,-80.7813,2018-11-05 22:29:00,"111679",NA,"Rachycentron canadum",NA,NA,NA,NA,NA,"Mid Broad","648_-1616","A69-9001-19091",0.0166666666666666,NA,"0378872f-c724-4996-84eb-1b281f8e5169",0,2018
"119",NA,"COBCRP-M5310_AT0012","UFRA","A69-9002","COBCRP","cobia",FALSE,"Daryl Parkyn","Daryl Parkyn",2019-07-04,2019-07-04 15:48:00,2025-02-26,28.5763,-80.4805,"UFRA",FALSE,0,FALSE,0.0166666666666666,NA,"0101000000F085C954C11E54C07AAA436E86933C40",TRUE,"587_-1604",2022-05-09 03:35:30,NA,FALSE,NA,28.5763,-80.4805,2019-07-04 15:47:00,"130792",NA,"Rachycentron canadum",NA,NA,NA,"ADC",144,"UF02","572_-1610","A69-9002-11156",0.0166666666666666,NA,"037eb6ed-f3d5-4641-82b1-d7cc02f18edc",0,2019
"120",NA,"COBCRP-M5477_AT0177","Navy","A69-9001","COBCRP","cobia",FALSE,"Carter Watterson","Carter Waterson",2020-08-28,2020-08-28 20:57:22,2025-02-26,36.8135,-75.7014,"Navy",FALSE,0,FALSE,0.0191666666666666,NA,"0101000000865AD3BCE3EC52C0E3A59BC420684240",TRUE,"570_-1611",2021-03-25 13:49:20,NA,FALSE,NA,36.8135,-75.7014,2020-08-28 20:56:13,"0",NA,"Rachycentron canadum",NA,NA,NA,NA,NA,"SCL 2","736_-1514","A69-9001-7189",0.0191666666666666,NA,"0385563b-d075-4a71-84cc-814943098996",0,2020
"121",NA,"COBCRP-102-20171019","UFRA","A69-9001","COBCRP","cobia",FALSE,"Daryl Parkyn","Daryl Parkyn",2017-12-23,2017-12-23 02:06:00,2025-02-26,28.3888,-80.4672,"UFRA",FALSE,0,FALSE,0.0183333333333333,NA,"0101000000E4141DC9E51D54C0C156091687633C40",TRUE,"568_-1611",2019-12-11 00:25:28,NA,FALSE,NA,28.3888,-80.4672,2017-12-23 02:04:54,"130787",NA,"Rachycentron canadum",NA,NA,NA,NA,NA,"UF16","568_-1609","A69-9001-19025",0.0183333333333333,NA,"039a71b8-5bf3-4775-b407-b42e33dc6e9c",0,2017
"122",NA,"COBCRP-66-20171019","Elizabeth Miller","A69-9001","COBCRP","cobia",FALSE,NA,NA,2018-12-05,2018-12-05 23:22:00,2020-06-05,32.3861,-80.7813,"Elizabeth Miller",FALSE,0,FALSE,0.0333333333333333,NA,NA,TRUE,"648_-1616",2018-12-05 23:58:00,NA,FALSE,NA,32.3861,-80.7813,2018-12-05 23:20:00,"111679",NA,"Rachycentron canadum",NA,NA,NA,NA,NA,"Mid Broad","648_-1616","A69-9001-19091",0.0333333333333333,NA,"039c1e0b-3199-430f-9274-006a2a0bf0dc",0,2018
"123",NA,"COBCRP-NASA1564","Navy","A69-9001","COBCRP","cobia",FALSE,"Carter Watterson","Carter Waterson",2019-09-27,2019-09-27 06:51:20,2025-02-26,36.8338,-75.89,"Navy",FALSE,0,FALSE,0.0308333333333333,NA,"01010000000686AC6EF5F852C05F0CE544BB6A4240",TRUE,"685_-1531",2022-11-23 02:05:00,NA,FALSE,NA,36.8338,-75.89,2019-09-27 06:49:29,"0",NA,"Rachycentron canadum",NA,NA,NA,NA,NA,"RA","737_-1518","A69-9001-13161",0.0308333333333333,NA,"03a7b8d4-1191-4bbf-b6bc-a9f14a18cdf0",0,2019
"124",NA,"COBCRP-TT1297","Navy","A69-9001","COBCRP","cobia",FALSE,"Carter Watterson","Carter Waterson",2019-06-28,2019-06-28 02:21:03,2025-02-26,36.9851,-76.159,"Navy",FALSE,0,FALSE,0.0213888888888888,NA,"0101000000E3C281902C0A53C0CBF8F719177E4240",TRUE,"740_-1522",2021-06-26 11:52:28,NA,FALSE,NA,36.9851,-76.159,2019-06-28 02:19:46,"0",NA,"Rachycentron canadum",NA,NA,NA,NA,NA,"TS11","740_-1523","A69-9001-7096",0.0213888888888888,NA,"03ab8d43-8e7c-4697-b418-d44f8f4b8e53",0,2019
"125",NA,"COBCRP-59-20171019","UFRA","A69-1601","COBCRP","cobia",FALSE,"Daryl Parkyn","Daryl Parkyn",2019-01-01,2019-01-01 19:02:00,2025-02-26,28.5763,-80.4805,"UFRA",FALSE,0,FALSE,0.0027777777777777,NA,"0101000000F085C954C11E54C07AAA436E86933C40",TRUE,"532_-1601",2019-05-02 16:41:44,NA,FALSE,NA,28.5763,-80.4805,2019-01-01 19:01:50,"130792",NA,"Rachycentron canadum",NA,NA,NA,NA,NA,"UF02","572_-1610","A69-1601-54504",0.0027777777777777,NA,"03ac215a-d68c-4cca-835b-da7cde9cb553",0,2019
"126",NA,"COBCRP-102-20171019","UFRA","A69-9001","COBCRP","cobia",FALSE,"Daryl Parkyn","Daryl Parkyn",2018-10-17,2018-10-17 20:54:00,2025-02-26,28.447,-80.4177,"UFRA",FALSE,0.0242932118866669,FALSE,0.0338888888888888,NA,"0101000000B8239C16BC1A54C0DF4F8D976E723C40",TRUE,"568_-1611",2019-12-11 00:25:28,NA,FALSE,NA,28.4472,-80.4178,2018-10-17 20:51:58,"130781",NA,"Rachycentron canadum",NA,NA,NA,NA,NA,"UF23","569_-1608","A69-9001-19025",0.0338888888888888,NA,"03b090f6-db9f-4c9a-927c-bda5a22b53bc",0.716848875344271,2018
"127",NA,"COBCRP-117-20170426","UFRA","A69-9001","COBCRP","cobia",FALSE,"Daryl Parkyn","Daryl Parkyn",2017-12-16,2017-12-16 19:07:56,2025-02-26,28.5802,-80.4369,"UFRA",FALSE,0,FALSE,0.0030555555555555,NA,"01010000001D9430D3F61B54C0317C444C89943C40",TRUE,"622_-1624",2018-05-11 16:04:03,NA,FALSE,NA,28.5802,-80.4369,2017-12-16 19:07:45,"130804",NA,"Rachycentron canadum",NA,NA,NA,NA,NA,"UF04","572_-1609","A69-9001-19112",0.0030555555555555,NA,"03b60e42-9843-433d-b086-130bd04c57de",0,2017
"128",NA,"COBCRP-0-20171020_redeployments","UFRA","A69-1601","COBCRP","cobia",FALSE,"Daryl Parkyn","Daryl Parkyn",2018-11-17,2018-11-17 14:01:00,2025-02-26,28.533,-80.4052,"UFRA",FALSE,0.0111194926644299,FALSE,0.0238888888888888,NA,"0101000000A4AA09A2EE1954C02A1DACFF73883C40",TRUE,"564_-1612",2019-04-07 12:51:34,NA,FALSE,NA,28.5331,-80.4052,2018-11-17 13:59:34,"130800",NA,"Rachycentron canadum",NA,NA,NA,NA,NA,"UF07","571_-1608","A69-1601-54494",0.0238888888888888,NA,"03bd89f2-c68d-4a4b-ae36-33b6571cb9bc",0.465467134790091,2018
"129",NA,"COBCRP-102-20171019","UFRA","A69-9001","COBCRP","cobia",FALSE,"Daryl Parkyn","Daryl Parkyn",2018-10-30,2018-10-30 03:21:00,2025-02-26,28.429,-80.4164,"UFRA",FALSE,0,FALSE,0.0333333333333333,NA,"010100000046425BCEA51A54C0A04FE449D26D3C40",TRUE,"568_-1611",2019-12-11 00:25:28,NA,FALSE,NA,28.429,-80.4164,2018-10-30 03:19:00,"130791",NA,"Rachycentron canadum",NA,NA,NA,NA,NA,"UF11","569_-1608","A69-9001-19025",0.0333333333333333,NA,"03cf2089-e7ae-4d26-81f0-ef03bb90747a",0,2018
"130",NA,"COBCRP-102-20171019","UFRA","A69-9001","COBCRP","cobia",FALSE,"Daryl Parkyn","Daryl Parkyn",2018-10-24,2018-10-24 14:11:00,2025-02-26,28.4554,-80.4308,"UFRA",FALSE,0,FALSE,0.0219444444444444,NA,"010100000021B07268911B54C0A3409FC893743C40",TRUE,"568_-1611",2019-12-11 00:25:28,NA,FALSE,NA,28.4554,-80.4308,2018-10-24 14:09:41,"130804",NA,"Rachycentron canadum",NA,NA,NA,NA,NA,"UF22","569_-1609","A69-9001-19025",0.0219444444444444,NA,"03d9eae3-3363-42e6-ba0f-b330ae5841d3",0,2018
"131",NA,"COBCRP-85-20171019","Kessel","A69-9001","COBCRP","cobia",FALSE,NA,NA,2016-11-10,2016-11-10 14:19:00,2020-05-29,26.9636,-80.0068,"Kessel",FALSE,0,FALSE,0.0333333333333333,NA,NA,TRUE,"541_-1601",2017-11-01 16:02:00,NA,FALSE,NA,26.9636,-80.0068,2016-11-10 14:17:00,"112609",NA,"Rachycentron canadum",NA,NA,NA,NA,NA,"BBEB","539_-1600","A69-9001-19013",0.0333333333333333,NA,"03dde51c-b3d5-4ec6-8aba-5fe98a8380d8",0,2016
"132",NA,"COBCRP-66-20171019","Elizabeth Miller","A69-9001","COBCRP","cobia",FALSE,NA,NA,2018-05-23,2018-05-23 10:13:00,2020-06-05,32.3861,-80.7813,"Elizabeth Miller",FALSE,0,FALSE,0.0333333333333333,NA,NA,TRUE,"648_-1616",2018-12-05 23:58:00,NA,FALSE,NA,32.3861,-80.7813,2018-05-23 10:11:00,"111679",NA,"Rachycentron canadum",NA,NA,NA,NA,NA,"Mid Broad","648_-1616","A69-9001-19091",0.0333333333333333,NA,"03de94b9-96e2-4899-824f-8cd9fd0f90c1",0,2018
"133",NA,"COBCRP-M5477_AT0177","Navy","A69-9001","COBCRP","cobia",FALSE,"Carter Watterson","Carter Waterson",2020-08-13,2020-08-13 05:42:15,2025-02-26,36.8606,-75.5545,"Navy",FALSE,0,FALSE,0.0233333333333333,NA,"0101000000736891ED7CE352C003780B24286E4240",TRUE,"570_-1611",2021-03-25 13:49:20,NA,FALSE,NA,36.8606,-75.5545,2020-08-13 05:40:51,"0",NA,"Rachycentron canadum",NA,NA,NA,NA,NA,"SCL 7","737_-1511","A69-9001-7189",0.0233333333333333,NA,"03e20427-16a6-4f73-85bd-40e2f7c8ccc0",0,2020
"134",NA,"COBCRP-1253674-2017-06-24","UFRA","A69-9002","COBCRP","cobia",FALSE,"Daryl Parkyn","Daryl Parkyn",2017-07-13,2017-07-13 07:21:00,2025-02-26,28.5884,-80.4894,"UFRA",FALSE,0,FALSE,0,NA,"01010000009AEB34D2521F54C082A8FB00A4963C40",TRUE,"570_-1608",2017-11-07 21:55:00,NA,FALSE,NA,28.5884,-80.4894,2017-07-13 07:21:00,"130802",NA,"Rachycentron canadum",NA,NA,NA,"°C",26.0454,"UF01","572_-1610","A69-9002-11154",0,NA,"03f2229f-4c2b-4f45-ac8f-0df1cc3a6c39",NA,2017
"135",NA,"COBCRP-97-20171019","UFRA","A69-9001","COBCRP","cobia",FALSE,"Daryl Parkyn","Daryl Parkyn",2017-07-17,2017-07-17 05:18:00,2025-02-26,28.5221,-80.4155,"UFRA",FALSE,0.0097699531839141,FALSE,0.0230555555555555,NA,"0101000000E3C798BB961A54C076E09C11A5853C40",TRUE,"571_-1607",2018-06-06 07:33:01,NA,FALSE,NA,28.5221,-80.4156,2017-07-17 05:16:37,"130780",NA,"Rachycentron canadum",NA,NA,NA,NA,NA,"UF06","570_-1608","A69-9001-19011",0.0230555555555555,NA,"03f69fdc-9746-48a8-b2b6-bdf6a6f36358",0.423757005567362,2017
"136",NA,"COBCRP-102-20171019","UFRA","A69-9001","COBCRP","cobia",FALSE,"Daryl Parkyn","Daryl Parkyn",2018-11-11,2018-11-11 02:51:00,2025-02-26,28.4554,-80.4308,"UFRA",FALSE,0,FALSE,0.0291666666666666,NA,"010100000021B07268911B54C0A3409FC893743C40",TRUE,"568_-1611",2019-12-11 00:25:28,NA,FALSE,NA,28.4554,-80.4308,2018-11-11 02:49:15,"130804",NA,"Rachycentron canadum",NA,NA,NA,NA,NA,"UF22","569_-1609","A69-9001-19025",0.0291666666666666,NA,"03f912fe-2c86-4e01-a7b2-081f4d62731a",0,2018
"137",NA,"COBCRP-85-20171019","Kessel","A69-9001","COBCRP","cobia",FALSE,NA,NA,2016-09-22,2016-09-22 04:07:00,2020-05-29,26.9791,-80.0243,"Kessel",FALSE,0.303326224804461,FALSE,0.0333333333333333,NA,NA,TRUE,"541_-1601",2017-11-01 16:02:00,NA,FALSE,NA,26.9773,-80.0266,2016-09-22 04:05:00,"102308",NA,"Rachycentron canadum",NA,NA,NA,NA,NA,"BBMGE","540_-1600","A69-9001-19013",0.0166666666666666,NA,"0425ba87-1bab-44fd-afd7-e458d85958fc",18.1995734882676,2016
"138",NA,"COBCRP-0-20171020_redeployments","UFRA","A69-1601","COBCRP","cobia",FALSE,"Daryl Parkyn","Daryl Parkyn",2018-01-03,2018-01-03 13:54:00,2025-02-26,28.4847,-80.4216,"UFRA",FALSE,0,FALSE,0.0333333333333333,NA,"0101000000F0164850FC1A54C079060DFD137C3C40",TRUE,"564_-1612",2019-04-07 12:51:34,NA,FALSE,NA,28.4847,-80.4216,2018-01-03 13:52:00,"130802",NA,"Rachycentron canadum",NA,NA,NA,NA,NA,"UF09","570_-1608","A69-1601-54494",0.0333333333333333,NA,"0431fca4-bb2c-414a-86bb-3c2a56d576e8",0,2018
"139",NA,"COBCRP-0-20171020_redeployments","UFRA","A69-1601","COBCRP","cobia",FALSE,"Daryl Parkyn","Daryl Parkyn",2018-02-28,2018-02-28 02:57:00,2025-02-26,28.533,-80.4052,"UFRA",FALSE,0,FALSE,0.0166666666666666,NA,"0101000000A4AA09A2EE1954C02A1DACFF73883C40",TRUE,"564_-1612",2019-04-07 12:51:34,NA,FALSE,NA,28.533,-80.4052,2018-02-28 02:56:00,"130805",NA,"Rachycentron canadum",NA,NA,NA,NA,NA,"UF07","571_-1608","A69-1601-54494",0.0166666666666666,NA,"043b2cc4-923e-4853-8713-31c6ce2cf36d",0,2018
"140",NA,"COBCRP-102-20171019","UFRA","A69-9001","COBCRP","cobia",FALSE,"Daryl Parkyn","Daryl Parkyn",2018-08-12,2018-08-12 04:05:00,2025-02-26,28.3955,-80.5054,"UFRA",FALSE,0,FALSE,0.0333333333333333,NA,"0101000000A3AF20CD582054C0B03DB32440653C40",TRUE,"568_-1611",2019-12-11 00:25:28,NA,FALSE,NA,28.3955,-80.5054,2018-08-12 04:03:00,"130787",NA,"Rachycentron canadum",NA,NA,NA,NA,NA,"UF17","568_-1610","A69-9001-19025",0.0333333333333333,NA,"0443ac6c-4bd2-41ba-a929-ccd5946c5716",0,2018
"141",NA,"COBCRP-0-20171020_redeployments","UFRA","A69-1601","COBCRP","cobia",FALSE,"Daryl Parkyn","Daryl Parkyn",2018-02-27,2018-02-27 02:23:00,2025-02-26,28.5763,-80.4805,"UFRA",FALSE,0.0444779706577198,FALSE,0.015,NA,"0101000000F085C954C11E54C07AAA436E86933C40",TRUE,"564_-1612",2019-04-07 12:51:34,NA,FALSE,NA,28.5759,-80.4805,2018-02-27 02:22:06,"130795",NA,"Rachycentron canadum",NA,NA,NA,NA,NA,"UF02","572_-1610","A69-1601-54494",0.015,NA,"044ab091-4e0e-4578-8962-4c0c821d08df",2.96519804384799,2018
"142",NA,"COBCRP-M5477_AT0177","Navy","A69-9001","COBCRP","cobia",FALSE,"Carter Watterson","Carter Waterson",2020-08-28,2020-08-28 21:18:17,2025-02-26,36.8135,-75.7014,"Navy",FALSE,0,FALSE,0.0252777777777777,NA,"0101000000865AD3BCE3EC52C0E3A59BC420684240",TRUE,"570_-1611",2021-03-25 13:49:20,NA,FALSE,NA,36.8135,-75.7014,2020-08-28 21:16:46,"0",NA,"Rachycentron canadum",NA,NA,NA,NA,NA,"SCL 2","736_-1514","A69-9001-7189",0.0252777777777777,NA,"044adb1a-827d-4824-98ff-1b734eda85d0",0,2020
"143",NA,"COBCRP-102-20171019","UFRA","A69-9001","COBCRP","cobia",FALSE,"Daryl Parkyn","Daryl Parkyn",2018-02-22,2018-02-22 03:53:00,2025-02-26,28.3987,-80.5495,"UFRA",FALSE,0,FALSE,0.0333333333333333,NA,"0101000000CCB4FD2B2B2354C0033E3F8C10663C40",TRUE,"568_-1611",2019-12-11 00:25:28,NA,TRUE,NA,28.3987,-80.5495,2018-02-22 03:51:00,"130797",NA,"Rachycentron canadum",NA,NA,NA,NA,NA,"UF19","568_-1611","A69-9001-19025",0.0333333333333333,NA,"044b7505-f5fd-432c-bb95-a95bf6046714",0,2018
"144",NA,"COBCRP-0-20171020_redeployments","UFRA","A69-1601","COBCRP","cobia",FALSE,"Daryl Parkyn","Daryl Parkyn",2018-04-14,2018-04-14 17:33:00,2025-02-26,28.5704,-80.4447,"UFRA",FALSE,0,FALSE,0.0333333333333333,NA,"01010000005839B4C8761C54C0E04A766C04923C40",TRUE,"564_-1612",2019-04-07 12:51:34,NA,FALSE,NA,28.5704,-80.4447,2018-04-14 17:31:00,"130793",NA,"Rachycentron canadum",NA,NA,NA,NA,NA,"UF03","571_-1609","A69-1601-54494",0.0333333333333333,NA,"045b3380-1f28-47a1-8629-09c761aeda28",0,2018
"145",NA,"COBCRP-M5477_AT0177","Navy","A69-9001","COBCRP","cobia",FALSE,"Carter Watterson","Carter Waterson",2020-08-28,2020-08-28 20:06:54,2025-02-26,36.8135,-75.7014,"Navy",FALSE,0,FALSE,0.03,NA,"0101000000865AD3BCE3EC52C0E3A59BC420684240",TRUE,"570_-1611",2021-03-25 13:49:20,NA,FALSE,NA,36.8135,-75.7014,2020-08-28 20:05:06,"0",NA,"Rachycentron canadum",NA,NA,NA,NA,NA,"SCL 2","736_-1514","A69-9001-7189",0.03,NA,"0464d4ab-dce6-4ae0-87ae-80ea67ce6786",0,2020
"146",NA,"COBCRP-M5463_AT0163-2018-05-24","Navy","A69-9002","COBCRP","cobia",FALSE,"Carter Watterson","Carter Waterson",2019-09-24,2019-09-24 10:49:35,2025-02-26,36.713,-75.818,"Navy",FALSE,0,FALSE,0.183055555555555,NA,"01010000003108AC1C5AF452C025068195435B4240",TRUE,"669_-1571",2020-04-27 08:01:20,NA,FALSE,NA,36.713,-75.818,2019-09-24 10:38:36,"0",NA,"Rachycentron canadum",NA,NA,NA,NA,NA,"SBA 6","734_-1516","A69-9002-11158",0.183055555555555,NA,"046a8c96-01eb-49dc-9c35-a791c543ff70",0,2019
"147",NA,"COBCRP-66-20171019","Elizabeth Miller","A69-9001","COBCRP","cobia",FALSE,NA,NA,2018-05-18,2018-05-18 00:54:00,2020-06-05,32.3861,-80.7813,"Elizabeth Miller",FALSE,0,FALSE,0.0166666666666666,NA,NA,TRUE,"648_-1616",2018-12-05 23:58:00,NA,FALSE,NA,32.3861,-80.7813,2018-05-18 00:53:00,"111679",NA,"Rachycentron canadum",NA,NA,NA,NA,NA,"Mid Broad","648_-1616","A69-9001-19091",0.0166666666666666,NA,"046ac85a-ff06-4de9-b17f-043a47e4a59a",0,2018
"148",NA,"COBCRP-102-20171019","UFRA","A69-9001","COBCRP","cobia",FALSE,"Daryl Parkyn","Daryl Parkyn",2018-10-17,2018-10-17 20:40:00,2025-02-26,28.447,-80.4177,"UFRA",FALSE,0.0242932118866669,FALSE,0.0088888888888888,NA,"0101000000B8239C16BC1A54C0DF4F8D976E723C40",TRUE,"568_-1611",2019-12-11 00:25:28,NA,FALSE,NA,28.4472,-80.4178,2018-10-17 20:39:28,"130781",NA,"Rachycentron canadum",NA,NA,NA,NA,NA,"UF23","569_-1608","A69-9001-19025",0.0088888888888888,NA,"046e0d59-bdb5-440f-ad60-3a5c2aa3e4f3",2.73298633725003,2018
"149",NA,"COBCRP-85-20171019","Kessel","A69-9001","COBCRP","cobia",FALSE,NA,NA,2016-10-13,2016-10-13 06:02:00,2020-05-29,26.9901,-80.025,"Kessel",FALSE,0,FALSE,0.0166666666666666,NA,NA,TRUE,"541_-1601",2017-11-01 16:02:00,NA,FALSE,NA,26.9901,-80.025,2016-10-13 06:01:00,"102608",NA,"Rachycentron canadum",NA,NA,NA,NA,NA,"BBPTR","540_-1600","A69-9001-19013",0.0166666666666666,NA,"0477f1b4-e67d-417a-8659-fe4c98705773",0,2016
"150",NA,"COBCRP-102-20171019","UFRA","A69-9001","COBCRP","cobia",FALSE,"Daryl Parkyn","Daryl Parkyn",2018-08-11,2018-08-11 07:15:00,2025-02-26,28.3987,-80.5495,"UFRA",FALSE,0,FALSE,0.0166666666666666,NA,"0101000000CCB4FD2B2B2354C0033E3F8C10663C40",TRUE,"568_-1611",2019-12-11 00:25:28,NA,TRUE,NA,28.3987,-80.5495,2018-08-11 07:14:00,"130801",NA,"Rachycentron canadum",NA,NA,NA,NA,NA,"UF19","568_-1611","A69-9001-19025",0.0166666666666666,NA,"04871aa9-f58f-4970-862c-9509004d8629",0,2018
"151",NA,"COBCRP-66-20171019","Elizabeth Miller","A69-9001","COBCRP","cobia",FALSE,NA,NA,2018-05-15,2018-05-15 11:15:00,2020-06-05,32.3861,-80.7813,"Elizabeth Miller",FALSE,0,FALSE,0.0666666666666666,NA,NA,TRUE,"648_-1616",2018-12-05 23:58:00,NA,FALSE,NA,32.3861,-80.7813,2018-05-15 11:11:00,"111679",NA,"Rachycentron canadum",NA,NA,NA,NA,NA,"Mid Broad","648_-1616","A69-9001-19091",0.0666666666666666,NA,"04894ff3-d7c2-4c00-b24c-137d61d43d62",0,2018
"152",NA,"COBCRP-NASA1564","Navy","A69-9001","COBCRP","cobia",FALSE,"Carter Watterson","Carter Waterson",2019-09-27,2019-09-27 06:43:01,2025-02-26,36.8338,-75.89,"Navy",FALSE,4.33511891135525,TRUE,103.500833333333,NA,"01010000000686AC6EF5F852C05F0CE544BB6A4240",TRUE,"685_-1531",2022-11-23 02:05:00,NA,FALSE,NA,36.8697,-75.871,2019-09-22 23:12:58,"0",NA,"Rachycentron canadum",NA,NA,NA,NA,NA,"RA","737_-1518","A69-9001-13161",2.48361111111111,NA,"048e836d-5523-43f7-bdab-94b592fcff87",1.74549022266848,2019
"153",NA,"COBCRP-M5310_AT0012","UFRA","A69-9002","COBCRP","cobia",FALSE,"Daryl Parkyn","Daryl Parkyn",2019-09-04,2019-09-04 04:45:00,2025-02-26,28.5884,-80.4894,"UFRA",FALSE,0,FALSE,0.0166666666666666,NA,"01010000009AEB34D2521F54C082A8FB00A4963C40",TRUE,"587_-1604",2022-05-09 03:35:30,NA,FALSE,NA,28.5884,-80.4894,2019-09-04 04:44:00,"130798",NA,"Rachycentron canadum",NA,NA,NA,"ADC",149,"UF01","572_-1610","A69-9002-11156",0.0166666666666666,NA,"04940dc3-b751-403c-9b40-a790a12bca44",0,2019
"154",NA,"COBCRP-0-20171020_redeployments","UFRA","A69-1601","COBCRP","cobia",FALSE,"Daryl Parkyn","Daryl Parkyn",2018-11-18,2018-11-18 11:14:00,2025-02-26,28.4554,-80.4308,"UFRA",FALSE,0,FALSE,0.0283333333333333,NA,"010100000021B07268911B54C0A3409FC893743C40",TRUE,"564_-1612",2019-04-07 12:51:34,NA,FALSE,NA,28.4554,-80.4308,2018-11-18 11:12:18,"130804",NA,"Rachycentron canadum",NA,NA,NA,NA,NA,"UF22","569_-1609","A69-1601-54494",0.0283333333333333,NA,"049728eb-4be1-43e2-b5b8-de87473bc848",0,2018
"155",NA,"COBCRP-106-20171019","UFRA","A69-9001","COBCRP","cobia",FALSE,"Daryl Parkyn","Daryl Parkyn",2017-02-06,2017-02-06 00:55:00,2025-02-26,28.5575,-80.4208,"UFRA",FALSE,0,FALSE,0.0166666666666666,NA,"0101000000F71E2E39EE1A54C01F85EB51B88E3C40",TRUE,"574_-1609",2017-07-21 20:08:19,NA,FALSE,NA,28.5575,-80.4208,2017-02-06 00:54:00,"130779",NA,"Rachycentron canadum",NA,NA,NA,NA,NA,"UF05","571_-1608","A69-9001-19016",0.0166666666666666,NA,"04a0cd1e-a821-4504-a6cc-0c55d96969b3",0,2017
"156",NA,"COBCRP-102-20171019","UFRA","A69-9001","COBCRP","cobia",FALSE,"Daryl Parkyn","Daryl Parkyn",2018-12-03,2018-12-03 00:31:00,2025-02-26,28.3955,-80.5054,"UFRA",FALSE,0,FALSE,0.0333333333333333,NA,"0101000000A3AF20CD582054C0B03DB32440653C40",TRUE,"568_-1611",2019-12-11 00:25:28,NA,FALSE,NA,28.3955,-80.5054,2018-12-03 00:29:00,"130776",NA,"Rachycentron canadum",NA,NA,NA,NA,NA,"UF17","568_-1610","A69-9001-19025",0.0333333333333333,NA,"04b4e156-d231-42a9-8c91-19fa249ea2d0",0,2018
"157",NA,"COBCRP-3-20171019","UFRA","A69-9001","COBCRP","cobia",FALSE,"Daryl Parkyn","Daryl Parkyn",2017-08-08,2017-08-08 19:57:31,2025-02-26,28.5331,-80.4052,"UFRA",FALSE,0,FALSE,0.0202777777777777,NA,"01010000005DFE43FAED1954C08D7A884677883C40",TRUE,"544_-1601",2020-01-20 05:12:45,NA,FALSE,NA,28.5331,-80.4052,2017-08-08 19:56:18,"130778",NA,"Rachycentron canadum",NA,NA,NA,NA,NA,"UF07","571_-1608","A69-9001-23378",0.0202777777777777,NA,"04bbc1a0-e91b-4903-879f-26a846ab657d",0,2017
"158",NA,"COBCRP-1253674-2017-06-24","UFRA","A69-9002","COBCRP","cobia",FALSE,"Daryl Parkyn","Daryl Parkyn",2017-11-07,2017-11-07 13:08:00,2025-02-26,28.5575,-80.4208,"UFRA",FALSE,0,FALSE,0.05,NA,"0101000000F71E2E39EE1A54C01F85EB51B88E3C40",TRUE,"570_-1608",2017-11-07 21:55:00,NA,FALSE,NA,28.5575,-80.4208,2017-11-07 13:05:00,"130779",NA,"Rachycentron canadum",NA,NA,NA,"ADC",167,"UF05","571_-1608","A69-9002-11154",0.05,NA,"04c014b5-9da1-41ba-9d5e-78e4f29c1bd1",0,2017
"159",NA,"COBCRP-0-20171020_redeployments","UFRA","A69-1601","COBCRP","cobia",FALSE,"Daryl Parkyn","Daryl Parkyn",2018-10-18,2018-10-18 14:24:00,2025-02-26,28.429,-80.4164,"UFRA",FALSE,0,FALSE,0.1,NA,"010100000046425BCEA51A54C0A04FE449D26D3C40",TRUE,"564_-1612",2019-04-07 12:51:34,NA,FALSE,NA,28.429,-80.4164,2018-10-18 14:18:00,"130791",NA,"Rachycentron canadum",NA,NA,NA,NA,NA,"UF11","569_-1608","A69-1601-54494",0.1,NA,"04c04d63-f0fb-4c87-8e1d-343fab59b6fa",0,2018
"160",NA,"COBCRP-81-20171019","Kessel","A69-1601","COBCRP","cobia",FALSE,NA,NA,2016-08-13,2016-08-13 23:57:00,2020-05-29,27.0506,-80.0426,"Kessel",FALSE,0,FALSE,1.06944444444444,NA,NA,TRUE,"541_-1601",2016-12-08 02:41:00,NA,FALSE,NA,27.0506,-80.0426,2016-08-13 22:52:50,"100288",NA,"Rachycentron canadum",NA,NA,NA,NA,NA,"BBHS","541_-1601","A69-1601-54505",1.06944444444444,NA,"04cacdbd-476a-4176-8514-62e2582e573a",0,2016
"161",NA,"COBCRP-66-20171019","Elizabeth Miller","A69-9001","COBCRP","cobia",FALSE,NA,NA,2018-11-05,2018-11-05 21:44:00,2020-06-05,32.3861,-80.7813,"Elizabeth Miller",FALSE,0,FALSE,0.0166666666666666,NA,NA,TRUE,"648_-1616",2018-12-05 23:58:00,NA,FALSE,NA,32.3861,-80.7813,2018-11-05 21:43:00,"111679",NA,"Rachycentron canadum",NA,NA,NA,NA,NA,"Mid Broad","648_-1616","A69-9001-19091",0.0166666666666666,NA,"04cf700b-9588-42a4-bedb-272ba1113027",0,2018
"162",NA,"COBCRP-102-20171019","UFRA","A69-9001","COBCRP","cobia",FALSE,"Daryl Parkyn","Daryl Parkyn",2018-10-16,2018-10-16 08:22:00,2025-02-26,28.3911,-80.5206,"UFRA",FALSE,0.0111194926644299,FALSE,0.0169444444444444,NA,"01010000001DFE9AAC512154C0077C7E1821643C40",TRUE,"568_-1611",2019-12-11 00:25:28,NA,FALSE,NA,28.3912,-80.5206,2018-10-16 08:20:59,"130799",NA,"Rachycentron canadum",NA,NA,NA,NA,NA,"UF18","568_-1610","A69-9001-19025",0.0169444444444444,NA,"04e05296-1ddd-4e4f-add4-6a812765e6db",0.656232353966358,2018
"163",NA,"COBCRP-102-20171019","UFRA","A69-9001","COBCRP","cobia",FALSE,"Daryl Parkyn","Daryl Parkyn",2017-12-25,2017-12-25 14:31:00,2025-02-26,28.3912,-80.5206,"UFRA",FALSE,0,FALSE,0.015,NA,"01010000002F698CD6512154C0F931E6AE25643C40",TRUE,"568_-1611",2019-12-11 00:25:28,NA,FALSE,NA,28.3912,-80.5206,2017-12-25 14:30:06,"130804",NA,"Rachycentron canadum",NA,NA,NA,NA,NA,"UF18","568_-1610","A69-9001-19025",0.015,NA,"04ebbe4c-bdc6-496a-a423-0f02d4e5c6d1",0,2017
"164",NA,"COBCRP-TT1297","Navy","A69-9001","COBCRP","cobia",FALSE,"Carter Watterson","Carter Waterson",2019-09-13,2019-09-13 02:15:33,2025-02-26,36.8338,-75.89,"Navy",FALSE,0,FALSE,0.0269444444444444,NA,"01010000000686AC6EF5F852C05F0CE544BB6A4240",TRUE,"740_-1522",2021-06-26 11:52:28,NA,FALSE,NA,36.8338,-75.89,2019-09-13 02:13:56,"0",NA,"Rachycentron canadum",NA,NA,NA,NA,NA,"RA","737_-1518","A69-9001-7096",0.0269444444444444,NA,"04f893f3-aabf-43cb-99c7-2d5b6554f56e",0,2019
"165",NA,"COBCRP-66-20171019","Elizabeth Miller","A69-9001","COBCRP","cobia",FALSE,NA,NA,2018-11-05,2018-11-05 22:03:00,2020-06-05,32.3861,-80.7813,"Elizabeth Miller",FALSE,0,FALSE,0.0166666666666666,NA,NA,TRUE,"648_-1616",2018-12-05 23:58:00,NA,FALSE,NA,32.3861,-80.7813,2018-11-05 22:02:00,"111679",NA,"Rachycentron canadum",NA,NA,NA,NA,NA,"Mid Broad","648_-1616","A69-9001-19091",0.0166666666666666,NA,"04fb9250-8b6c-49c4-b6af-2cccf172a6ad",0,2018
"166",NA,"COBCRP-M5472_AT0172","Navy","A69-9001","COBCRP","cobia",FALSE,"Carter Watterson","Carter Waterson",2019-09-22,2019-09-22 09:45:04,2025-02-26,36.8162,-75.7599,"Navy",FALSE,0,FALSE,0.0322222222222222,NA,"010100000006BB61DBA2F052C03FA9F6E978684240",TRUE,"752_-1527",2020-06-19 15:05:59,NA,FALSE,NA,36.8162,-75.7599,2019-09-22 09:43:08,"0",NA,"Rachycentron canadum",NA,NA,NA,NA,NA,"CB","736_-1515","A69-9001-7176",0.0322222222222222,NA,"04fced36-511e-4eb5-b2e6-a64ea7e0ee99",0,2019
"167",NA,"COBCRP-TT1297","Navy","A69-9001","COBCRP","cobia",FALSE,"Carter Watterson","Carter Waterson",2019-06-26,2019-06-26 21:43:44,2025-02-26,36.9387,-76.1621,"Navy",FALSE,0.586880867293385,FALSE,0.613333333333333,NA,"0101000000C381902C600A53C040DEAB5626784240",TRUE,"740_-1522",2021-06-26 11:52:28,NA,FALSE,NA,36.94,-76.1685,2019-06-26 21:06:56,"0",NA,"Rachycentron canadum",NA,NA,NA,NA,NA,"ELCAS 4","739_-1523","A69-9001-7096",0.613333333333333,NA,"050378db-b13b-4ce1-bb81-7858fdfdc4c4",0.956870979282693,2019
"168",NA,"COBCRP-102-20171019","UFRA","A69-9001","COBCRP","cobia",FALSE,"Daryl Parkyn","Daryl Parkyn",2018-02-20,2018-02-20 11:25:00,2025-02-26,28.4554,-80.4308,"UFRA",FALSE,0,FALSE,0.0016666666666666,NA,"010100000021B07268911B54C0A3409FC893743C40",TRUE,"568_-1611",2019-12-11 00:25:28,NA,FALSE,NA,28.4554,-80.4308,2018-02-20 11:24:54,"130801",NA,"Rachycentron canadum",NA,NA,NA,NA,NA,"UF22","569_-1609","A69-9001-19025",0.0016666666666666,NA,"05070491-8d02-42fd-8596-56f7b8ef4d6c",0,2018
"169",NA,"COBCRP-M5477_AT0177","Navy","A69-9001","COBCRP","cobia",FALSE,"Carter Watterson","Carter Waterson",2020-08-28,2020-08-28 21:51:51,2025-02-26,36.8135,-75.7014,"Navy",FALSE,0,FALSE,0.0325,NA,"0101000000865AD3BCE3EC52C0E3A59BC420684240",TRUE,"570_-1611",2021-03-25 13:49:20,NA,FALSE,NA,36.8135,-75.7014,2020-08-28 21:49:54,"0",NA,"Rachycentron canadum",NA,NA,NA,NA,NA,"SCL 2","736_-1514","A69-9001-7189",0.0325,NA,"0507d7fc-b064-42d0-9c3e-c71720ec5d47",0,2020
"170",NA,"COBCRP-102-20171019","UFRA","A69-9001","COBCRP","cobia",FALSE,"Daryl Parkyn","Daryl Parkyn",2018-08-12,2018-08-12 08:27:00,2025-02-26,28.3955,-80.5054,"UFRA",FALSE,0,FALSE,0.0333333333333333,NA,"0101000000A3AF20CD582054C0B03DB32440653C40",TRUE,"568_-1611",2019-12-11 00:25:28,NA,FALSE,NA,28.3955,-80.5054,2018-08-12 08:25:00,"130787",NA,"Rachycentron canadum",NA,NA,NA,NA,NA,"UF17","568_-1610","A69-9001-19025",0.0333333333333333,NA,"050c42f7-b21f-4893-90e3-855626d276cb",0,2018
"171",NA,"COBCRP-97-20171019","UFRA","A69-9001","COBCRP","cobia",FALSE,"Daryl Parkyn","Daryl Parkyn",2017-10-28,2017-10-28 18:18:37,2025-02-26,28.5331,-80.4052,"UFRA",FALSE,0,FALSE,0.0052777777777777,NA,"01010000005DFE43FAED1954C08D7A884677883C40",TRUE,"571_-1607",2018-06-06 07:33:01,NA,FALSE,NA,28.5331,-80.4052,2017-10-28 18:18:18,"130778",NA,"Rachycentron canadum",NA,NA,NA,NA,NA,"UF07","571_-1608","A69-9001-19011",0.0052777777777777,NA,"050f2384-30e5-4408-9567-c7fb7ebafc16",0,2017
"172",NA,"COBCRP-0-20171020_redeployments","UFRA","A69-1601","COBCRP","cobia",FALSE,"Daryl Parkyn","Daryl Parkyn",2018-11-26,2018-11-26 13:22:00,2025-02-26,28.5578,-80.4206,"UFRA",FALSE,1.59062523632779,FALSE,0.338055555555555,NA,"010100000070EB6E9EEA1A54C074B515FBCB8E3C40",TRUE,"564_-1612",2019-04-07 12:51:34,NA,FALSE,NA,28.5444,-80.4149,2018-11-26 13:01:43,"130797",NA,"Rachycentron canadum",NA,NA,NA,NA,NA,"UF05","571_-1608","A69-1601-54494",0.338055555555555,NA,"05149e21-be53-407f-99ef-31dae2a4489a",4.70521844764177,2018
"173",NA,"COBCRP-M5472_AT0172","Navy","A69-9001","COBCRP","cobia",FALSE,"Carter Watterson","Carter Waterson",2019-06-25,2019-06-25 15:36:15,2025-02-26,37.0157,-76.0474,"Navy",FALSE,0,FALSE,0.0211111111111111,NA,"01010000007E8CB96B090353C07CED992501824240",TRUE,"752_-1527",2020-06-19 15:05:59,NA,FALSE,NA,37.0157,-76.0474,2019-06-25 15:34:59,"0",NA,"Rachycentron canadum",NA,NA,NA,NA,NA,"B11","740_-1521","A69-9001-7176",0.0211111111111111,NA,"052a4240-ca3a-4c30-a8cf-c68aabca0ef6",0,2019
"174",NA,"COBCRP-94-20171019","Kessel","A69-9001","COBCRP","cobia",FALSE,NA,NA,2017-03-20,2017-03-20 08:22:00,2020-05-29,26.9901,-80.025,"Kessel",FALSE,0,FALSE,0.0166666666666666,NA,NA,TRUE,"498_-1610",2017-03-28 15:54:00,NA,FALSE,NA,26.9901,-80.025,2017-03-20 08:21:00,"102608",NA,"Rachycentron canadum",NA,NA,NA,NA,NA,"BBPTR","540_-1600","A69-9001-19007",0.0166666666666666,NA,"052fcbad-da15-4731-8f66-266f9412632b",0,2017
"175",NA,"COBCRP-0-20171020_redeployments","UFRA","A69-1601","COBCRP","cobia",FALSE,"Daryl Parkyn","Daryl Parkyn",2018-11-19,2018-11-19 08:06:00,2025-02-26,28.4847,-80.4216,"UFRA",FALSE,0.0224882517802513,FALSE,0.0052777777777777,NA,"0101000000F0164850FC1A54C079060DFD137C3C40",TRUE,"564_-1612",2019-04-07 12:51:34,NA,FALSE,NA,28.4848,-80.4218,2018-11-19 08:05:41,"130805",NA,"Rachycentron canadum",NA,NA,NA,NA,NA,"UF09","570_-1608","A69-1601-54494",0.0052777777777777,NA,"0531f114-bfb6-4f51-ad69-ac4f86625f9f",4.26093191625816,2018
"176",NA,"COBCRP-66-20171019","Elizabeth Miller","A69-9001","COBCRP","cobia",FALSE,NA,NA,2018-05-21,2018-05-21 20:08:00,2020-06-05,32.3861,-80.7813,"Elizabeth Miller",FALSE,0,FALSE,0.0333333333333333,NA,NA,TRUE,"648_-1616",2018-12-05 23:58:00,NA,FALSE,NA,32.3861,-80.7813,2018-05-21 20:06:00,"111679",NA,"Rachycentron canadum",NA,NA,NA,NA,NA,"Mid Broad","648_-1616","A69-9001-19091",0.0333333333333333,NA,"0536c5fd-4cb3-4beb-bd1d-d1343730b3ae",0,2018
"177",NA,"COBCRP-102-20171019","UFRA","A69-9001","COBCRP","cobia",FALSE,"Daryl Parkyn","Daryl Parkyn",2018-08-11,2018-08-11 06:03:00,2025-02-26,28.3987,-80.5495,"UFRA",FALSE,0,FALSE,0.316666666666667,NA,"0101000000CCB4FD2B2B2354C0033E3F8C10663C40",TRUE,"568_-1611",2019-12-11 00:25:28,NA,TRUE,NA,28.3987,-80.5495,2018-08-11 05:44:00,"130801",NA,"Rachycentron canadum",NA,NA,NA,NA,NA,"UF19","568_-1611","A69-9001-19025",0.316666666666667,NA,"0541d18f-e3de-4bb6-ae15-4e3528f8420c",0,2018
"178",NA,"COBCRP-NASA1564","Navy","A69-9001","COBCRP","cobia",FALSE,"Carter Watterson","Carter Waterson",2019-09-22,2019-09-22 23:12:58,2025-02-26,36.8338,-75.89,"Navy",FALSE,0,FALSE,0.0747222222222222,NA,"01010000000686AC6EF5F852C05F0CE544BB6A4240",TRUE,"685_-1531",2022-11-23 02:05:00,NA,FALSE,NA,36.8338,-75.89,2019-09-22 23:08:29,"0",NA,"Rachycentron canadum",NA,NA,NA,NA,NA,"RA","737_-1518","A69-9001-13161",0.0747222222222222,NA,"0546dae0-ed25-4888-943e-7175a7e45fa0",0,2019
"179",NA,"COBCRP-1253674-2017-06-24","UFRA","A69-9002","COBCRP","cobia",FALSE,"Daryl Parkyn","Daryl Parkyn",2017-11-07,2017-11-07 13:05:00,2025-02-26,28.5575,-80.4208,"UFRA",FALSE,0,FALSE,0.0166666666666666,NA,"0101000000F71E2E39EE1A54C01F85EB51B88E3C40",TRUE,"570_-1608",2017-11-07 21:55:00,NA,FALSE,NA,28.5575,-80.4208,2017-11-07 13:04:00,"130779",NA,"Rachycentron canadum",NA,NA,NA,"ADC",168,"UF05","571_-1608","A69-9002-11154",0.0166666666666666,NA,"055a0ee6-458d-4111-b9a2-883e633985c6",0,2017
"180",NA,"COBCRP-102-20171019","UFRA","A69-9001","COBCRP","cobia",FALSE,"Daryl Parkyn","Daryl Parkyn",2018-02-20,2018-02-20 20:00:00,2025-02-26,28.4554,-80.4308,"UFRA",FALSE,0,FALSE,0.0166666666666666,NA,"010100000021B07268911B54C0A3409FC893743C40",TRUE,"568_-1611",2019-12-11 00:25:28,NA,FALSE,NA,28.4554,-80.4308,2018-02-20 19:59:00,"130801",NA,"Rachycentron canadum",NA,NA,NA,NA,NA,"UF22","569_-1609","A69-9001-19025",0.0166666666666666,NA,"055ad3ac-a622-47ab-a7ae-3e33599263e9",0,2018
"181",NA,"COBCRP-85-20171019","Kessel","A69-9001","COBCRP","cobia",FALSE,NA,NA,2016-10-13,2016-10-13 07:53:00,2020-05-29,26.9901,-80.025,"Kessel",FALSE,0,FALSE,0.0166666666666666,NA,NA,TRUE,"541_-1601",2017-11-01 16:02:00,NA,FALSE,NA,26.9901,-80.025,2016-10-13 07:52:00,"102608",NA,"Rachycentron canadum",NA,NA,NA,NA,NA,"BBPTR","540_-1600","A69-9001-19013",0.0166666666666666,NA,"05668731-8cc3-4256-9618-9b4130c65b34",0,2016
"182",NA,"COBCRP-102-20171019","UFRA","A69-9001","COBCRP","cobia",FALSE,"Daryl Parkyn","Daryl Parkyn",2018-10-30,2018-10-30 03:55:00,2025-02-26,28.429,-80.4164,"UFRA",FALSE,0,FALSE,0.0333333333333333,NA,"010100000046425BCEA51A54C0A04FE449D26D3C40",TRUE,"568_-1611",2019-12-11 00:25:28,NA,FALSE,NA,28.429,-80.4164,2018-10-30 03:53:00,"130791",NA,"Rachycentron canadum",NA,NA,NA,NA,NA,"UF11","569_-1608","A69-9001-19025",0.0333333333333333,NA,"05848a01-0b7a-42c9-bc9d-572b4cfe6396",0,2018
"183",NA,"COBCRP-96-20171019","UFRA","A69-9001","COBCRP","cobia",FALSE,"Daryl Parkyn","Daryl Parkyn",2017-08-06,2017-08-06 12:44:00,2025-02-26,28.533,-80.4052,"UFRA",FALSE,0,FALSE,0.0333333333333333,NA,"0101000000A4AA09A2EE1954C02A1DACFF73883C40",TRUE,"570_-1608",2017-08-06 13:34:00,NA,FALSE,NA,28.533,-80.4052,2017-08-06 12:42:00,"130781",NA,"Rachycentron canadum",NA,NA,NA,NA,NA,"UF07","571_-1608","A69-9001-19009",0.0333333333333333,NA,"0586b80d-290b-41af-9cf4-a658c18a78b5",0,2017
"184",NA,"COBCRP-71-20171019","UNK","A69-9001","COBCRP","cobia",FALSE,NA,NA,2017-05-22,2017-05-22 14:05:00,2020-06-03,32.8602,-79.8937,"UNK",FALSE,0,FALSE,0.03,NA,NA,TRUE,"651_-1590",2018-07-18 18:21:27,NA,FALSE,NA,32.8602,-79.8937,2017-05-22 14:03:12,"121654",NA,"Rachycentron canadum",NA,NA,NA,NA,NA,"Coastal- Wando RM 3.5","657_-1598","A69-9001-19063",0.03,NA,"059390c5-50f4-4e9e-9855-3f176cde9c6e",0,2017
"185",NA,"COBCRP-130-20171019","UFRA","A69-9001","COBCRP","cobia",FALSE,"Daryl Parkyn","Daryl Parkyn",2018-04-23,2018-04-23 06:50:00,2025-02-26,28.5221,-80.4155,"UFRA",FALSE,0.0097699531839141,FALSE,0.0263888888888888,NA,"0101000000E3C798BB961A54C076E09C11A5853C40",TRUE,"574_-1609",2019-05-22 18:31:53,NA,FALSE,NA,28.5221,-80.4156,2018-04-23 06:48:25,"130803",NA,"Rachycentron canadum",NA,NA,NA,NA,NA,"UF06","570_-1608","A69-9001-23438",0.0263888888888888,NA,"059dab33-fac1-45d5-a8be-61b316395c7f",0.370229804864116,2018
"186",NA,"COBCRP-66-20171019","Elizabeth Miller","A69-9001","COBCRP","cobia",FALSE,NA,NA,2018-05-13,2018-05-13 08:11:00,2020-06-05,32.3861,-80.7813,"Elizabeth Miller",FALSE,0,FALSE,0.0333333333333333,NA,NA,TRUE,"648_-1616",2018-12-05 23:58:00,NA,FALSE,NA,32.3861,-80.7813,2018-05-13 08:09:00,"111679",NA,"Rachycentron canadum",NA,NA,NA,NA,NA,"Mid Broad","648_-1616","A69-9001-19091",0.0333333333333333,NA,"05a38b73-1e76-4098-a66b-1d97b9f476b4",0,2018
"187",NA,"COBCRP-M5463_AT0163-2018-05-24","Navy","A69-9002","COBCRP","cobia",FALSE,"Carter Watterson","Carter Waterson",2019-09-24,2019-09-24 05:46:56,2025-02-26,36.713,-75.818,"Navy",FALSE,0,FALSE,0.0197222222222222,NA,"01010000003108AC1C5AF452C025068195435B4240",TRUE,"669_-1571",2020-04-27 08:01:20,NA,FALSE,NA,36.713,-75.818,2019-09-24 05:45:45,"0",NA,"Rachycentron canadum",NA,NA,NA,NA,NA,"SBA 6","734_-1516","A69-9002-11158",0.0197222222222222,NA,"05a3e511-9590-463b-a682-4902b7188804",0,2019
"188",NA,"COBCRP-66-20171019","Elizabeth Miller","A69-9001","COBCRP","cobia",FALSE,NA,NA,2018-05-15,2018-05-15 10:39:00,2020-06-05,32.3861,-80.7813,"Elizabeth Miller",FALSE,0,FALSE,0.0166666666666666,NA,NA,TRUE,"648_-1616",2018-12-05 23:58:00,NA,FALSE,NA,32.3861,-80.7813,2018-05-15 10:38:00,"111679",NA,"Rachycentron canadum",NA,NA,NA,NA,NA,"Mid Broad","648_-1616","A69-9001-19091",0.0166666666666666,NA,"05b6ea45-cab8-444c-b936-42de10690ea2",0,2018
"189",NA,"COBCRP-102-20171019","UFRA","A69-9001","COBCRP","cobia",FALSE,"Daryl Parkyn","Daryl Parkyn",2018-08-12,2018-08-12 07:47:00,2025-02-26,28.3955,-80.5054,"UFRA",FALSE,0,FALSE,0.0666666666666666,NA,"0101000000A3AF20CD582054C0B03DB32440653C40",TRUE,"568_-1611",2019-12-11 00:25:28,NA,FALSE,NA,28.3955,-80.5054,2018-08-12 07:43:00,"130787",NA,"Rachycentron canadum",NA,NA,NA,NA,NA,"UF17","568_-1610","A69-9001-19025",0.0666666666666666,NA,"05bbee07-9557-4b70-ac0d-d11b03ebefe4",0,2018
"190",NA,"COBCRP-102-20171019","UFRA","A69-9001","COBCRP","cobia",FALSE,"Daryl Parkyn","Daryl Parkyn",2019-02-01,2019-02-01 03:29:00,2025-02-26,28.3955,-80.5054,"UFRA",FALSE,0,FALSE,0.0666666666666666,NA,"0101000000A3AF20CD582054C0B03DB32440653C40",TRUE,"568_-1611",2019-12-11 00:25:28,NA,FALSE,NA,28.3955,-80.5054,2019-02-01 03:25:00,"130777",NA,"Rachycentron canadum",NA,NA,NA,NA,NA,"UF17","568_-1610","A69-9001-19025",0.0666666666666666,NA,"05be8237-674b-46ba-ac6b-cc4f7dab5380",0,2019
"191",NA,"COBCRP-85-20171019","Kessel","A69-9001","COBCRP","cobia",FALSE,NA,NA,2016-10-13,2016-10-13 05:54:00,2020-05-29,26.9901,-80.025,"Kessel",FALSE,0,FALSE,0.0183333333333333,NA,NA,TRUE,"541_-1601",2017-11-01 16:02:00,NA,FALSE,NA,26.9901,-80.025,2016-10-13 05:52:54,"102608",NA,"Rachycentron canadum",NA,NA,NA,NA,NA,"BBPTR","540_-1600","A69-9001-19013",0.0183333333333333,NA,"05c0b624-7cf4-4b9e-8d02-4defaedb10fd",0,2016
"192",NA,"COBCRP-102-20171019","UFRA","A69-9001","COBCRP","cobia",FALSE,"Daryl Parkyn","Daryl Parkyn",2018-02-13,2018-02-13 00:26:00,2025-02-26,28.4674,-80.4225,"UFRA",FALSE,0,FALSE,0.0119444444444444,NA,"010100000090F7AA95091B54C0AC21718FA5773C40",TRUE,"568_-1611",2019-12-11 00:25:28,NA,FALSE,NA,28.4674,-80.4225,2018-02-13 00:25:17,"130800",NA,"Rachycentron canadum",NA,NA,NA,NA,NA,"UF21","569_-1608","A69-9001-19025",0.0119444444444444,NA,"05cbfa65-2b7f-4749-bb14-6422fe5c7123",0,2018
"193",NA,"COBCRP-130-20171019","UFRA","A69-9001","COBCRP","cobia",FALSE,"Daryl Parkyn","Daryl Parkyn",2018-08-18,2018-08-18 09:45:00,2025-02-26,28.4847,-80.4216,"UFRA",FALSE,0.0224882517802513,FALSE,0.01,NA,"0101000000F0164850FC1A54C079060DFD137C3C40",TRUE,"574_-1609",2019-05-22 18:31:53,NA,FALSE,NA,28.4848,-80.4218,2018-08-18 09:44:24,"130803",NA,"Rachycentron canadum",NA,NA,NA,NA,NA,"UF09","570_-1608","A69-9001-23438",0.01,NA,"05e3790f-665e-4cee-a56f-23de9897551f",2.24882517802514,2018
"194",NA,"COBCRP-97-20171019","UFRA","A69-9001","COBCRP","cobia",FALSE,"Daryl Parkyn","Daryl Parkyn",2017-10-17,2017-10-17 10:00:46,2025-02-26,28.4291,-80.4164,"UFRA",FALSE,0,FALSE,0.0308333333333333,NA,"0101000000B1C403CAA61A54C0D9B11188D76D3C40",TRUE,"571_-1607",2018-06-06 07:33:01,NA,FALSE,NA,28.4291,-80.4164,2017-10-17 09:58:55,"130783",NA,"Rachycentron canadum",NA,NA,NA,NA,NA,"UF11","569_-1608","A69-9001-19011",0.0308333333333333,NA,"05ef06fc-a35a-4574-a157-7cc8a040d382",0,2017
"195",NA,"COBCRP-0-20171020_redeployments","UFRA","A69-1601","COBCRP","cobia",FALSE,"Daryl Parkyn","Daryl Parkyn",2018-02-27,2018-02-27 06:03:00,2025-02-26,28.5763,-80.4805,"UFRA",FALSE,0.0444779706577198,FALSE,0.0052777777777777,NA,"0101000000F085C954C11E54C07AAA436E86933C40",TRUE,"564_-1612",2019-04-07 12:51:34,NA,FALSE,NA,28.5759,-80.4805,2018-02-27 06:02:41,"130795",NA,"Rachycentron canadum",NA,NA,NA,NA,NA,"UF02","572_-1610","A69-1601-54494",0.0052777777777777,NA,"05f4d356-9cf8-4c5b-a861-7f9d5b34a162",8.42740496672586,2018
"196",NA,"COBCRP-97-20171019","UFRA","A69-9001","COBCRP","cobia",FALSE,"Daryl Parkyn","Daryl Parkyn",2018-03-20,2018-03-20 17:36:00,2025-02-26,28.533,-80.4052,"UFRA",FALSE,0.0111194926644299,FALSE,0.0030555555555555,NA,"0101000000A4AA09A2EE1954C02A1DACFF73883C40",TRUE,"571_-1607",2018-06-06 07:33:01,NA,FALSE,NA,28.5331,-80.4052,2018-03-20 17:35:49,"130805",NA,"Rachycentron canadum",NA,NA,NA,NA,NA,"UF07","571_-1608","A69-9001-19011",0.0030555555555555,NA,"05f6df5e-3cdd-4762-a598-82d8facb581d",3.63910669017708,2018
"197",NA,"COBCRP-85-20171019","Kessel","A69-9001","COBCRP","cobia",FALSE,NA,NA,2016-08-19,2016-08-19 15:14:00,2020-05-29,27.0506,-80.0426,"Kessel",FALSE,0,FALSE,0.0066666666666666,NA,NA,TRUE,"541_-1601",2017-11-01 16:02:00,NA,FALSE,NA,27.0506,-80.0426,2016-08-19 15:13:36,"100288",NA,"Rachycentron canadum",NA,NA,NA,NA,NA,"BBHS","541_-1601","A69-9001-19013",0.0066666666666666,NA,"0605d127-ac56-4d6a-9bb0-e369c870fa1a",0,2016
"198",NA,"COBCRP-M5472_AT0172","Navy","A69-9001","COBCRP","cobia",FALSE,"Carter Watterson","Carter Waterson",2019-05-10,2019-05-10 23:04:29,2025-02-26,36.8338,-75.89,"Navy",FALSE,0,FALSE,0.0230555555555555,NA,"01010000000686AC6EF5F852C05F0CE544BB6A4240",TRUE,"752_-1527",2020-06-19 15:05:59,NA,FALSE,NA,36.8338,-75.89,2019-05-10 23:03:06,"0",NA,"Rachycentron canadum",NA,NA,NA,NA,NA,"RA","737_-1518","A69-9001-7176",0.0230555555555555,NA,"06068692-69c7-4845-be7d-b133188a0413",0,2019
"199",NA,"COBCRP-135-20171019","UFRA","A69-9001","COBCRP","cobia",FALSE,"Daryl Parkyn","Daryl Parkyn",2017-04-06,2017-04-06 07:25:00,2025-02-26,28.4554,-80.4308,"UFRA",FALSE,0,FALSE,0.0166666666666666,NA,"010100000021B07268911B54C0A3409FC893743C40",TRUE,"569_-1608",2017-06-05 18:16:00,NA,FALSE,NA,28.4554,-80.4308,2017-04-06 07:24:00,"130796",NA,"Rachycentron canadum",NA,NA,NA,NA,NA,"UF22","569_-1609","A69-9001-20111",0.0166666666666666,NA,"06073436-edf6-4dd7-9688-397f8c4d061d",0,2017
"200",NA,"COBCRP-71-20171019","UNK","A69-9001","COBCRP","cobia",FALSE,NA,NA,2017-05-19,2017-05-19 08:03:00,2020-06-03,32.8075,-79.919,"UNK",FALSE,0,FALSE,0.0166666666666666,NA,NA,TRUE,"651_-1590",2018-07-18 18:21:27,NA,FALSE,NA,32.8075,-79.919,2017-05-19 08:02:00,"121657",NA,"Rachycentron canadum",NA,NA,NA,NA,NA,"Drum on Wando","656_-1598","A69-9001-19063",0.0166666666666666,NA,"060b701f-fbbd-41e9-9634-e5fe2ca0acfa",0,2017
"201",NA,"COBCRP-M5312_AT0013","Navy","A69-9001","COBCRP","cobia",FALSE,"Carter Watterson","Carter Waterson",2019-05-21,2019-05-21 19:40:55,2025-02-26,36.9287,-76.1552,"Navy",FALSE,0,FALSE,0.0313888888888888,NA,"01010000000E2DB29DEF0953C0C9E53FA4DF764240",TRUE,"736_-1514",2020-12-07 21:32:24,NA,FALSE,NA,36.9287,-76.1552,2019-05-21 19:39:02,"0",NA,"Rachycentron canadum",NA,NA,NA,NA,NA,"ELCAS 31","739_-1523","A69-9001-19008",0.0313888888888888,NA,"06107a70-30b9-46ff-a10e-ef3715a1dfe9",0,2019
"202",NA,"COBCRP-51-20171019","Kessel","A69-1601","COBCRP","cobia",FALSE,NA,NA,2016-09-06,2016-09-06 00:56:00,2020-05-29,26.9901,-80.025,"Kessel",FALSE,0,FALSE,0.0333333333333333,NA,NA,TRUE,"549_-1603",2017-03-29 23:58:59,NA,FALSE,NA,26.9901,-80.025,2016-09-06 00:54:00,"102608",NA,"Rachycentron canadum",NA,NA,NA,NA,NA,"BBPTR","540_-1600","A69-1601-54503",0.0333333333333333,NA,"0615fd71-d025-4a38-bdbf-92163fa288df",0,2016
"203",NA,"COBCRP-TT1297","Navy","A69-9001","COBCRP","cobia",FALSE,"Carter Watterson","Carter Waterson",2019-08-23,2019-08-23 19:10:12,2025-02-26,37.0636,-76.0929,"Navy",FALSE,0,FALSE,0.025,NA,"01010000003C49BA66F20553C0B9AAECBB22884240",TRUE,"740_-1522",2021-06-26 11:52:28,NA,FALSE,NA,37.0636,-76.0929,2019-08-23 19:08:42,"0",NA,"Rachycentron canadum",NA,NA,NA,NA,NA,"B15","741_-1522","A69-9001-7096",0.025,NA,"0621a793-d2f1-400e-aa6b-e339389ef730",0,2019
"204",NA,"COBCRP-10-20171019","UFRA","A69-1601","COBCRP","cobia",FALSE,"Daryl Parkyn","Daryl Parkyn",2017-09-22,2017-09-22 07:28:55,2025-02-26,28.5331,-80.4052,"UFRA",FALSE,0,FALSE,0.0213888888888888,NA,"01010000005DFE43FAED1954C08D7A884677883C40",TRUE,"570_-1607",2017-12-01 19:19:07,NA,FALSE,NA,28.5331,-80.4052,2017-09-22 07:27:38,"130778",NA,"Rachycentron canadum",NA,NA,NA,NA,NA,"UF07","571_-1608","A69-1601-54488",0.0213888888888888,NA,"06252152-20be-44d9-91ee-088a47516707",0,2017
"205",NA,"COBCRP-97-20171019","UFRA","A69-9001","COBCRP","cobia",FALSE,"Daryl Parkyn","Daryl Parkyn",2018-03-20,2018-03-20 17:48:00,2025-02-26,28.533,-80.4052,"UFRA",FALSE,0.0111194926644299,FALSE,0.01,NA,"0101000000A4AA09A2EE1954C02A1DACFF73883C40",TRUE,"571_-1607",2018-06-06 07:33:01,NA,FALSE,NA,28.5331,-80.4052,2018-03-20 17:47:24,"130805",NA,"Rachycentron canadum",NA,NA,NA,NA,NA,"UF07","571_-1608","A69-9001-19011",0.01,NA,"06268286-59cc-499f-97ed-208ff580916d",1.111949266443,2018
"206",NA,"COBCRP-102-20171019","UFRA","A69-9001","COBCRP","cobia",FALSE,"Daryl Parkyn","Daryl Parkyn",2018-10-11,2018-10-11 18:07:00,2025-02-26,28.4554,-80.4308,"UFRA",FALSE,0,FALSE,0.15,NA,"010100000021B07268911B54C0A3409FC893743C40",TRUE,"568_-1611",2019-12-11 00:25:28,NA,FALSE,NA,28.4554,-80.4308,2018-10-11 17:58:00,"130804",NA,"Rachycentron canadum",NA,NA,NA,NA,NA,"UF22","569_-1609","A69-9001-19025",0.15,NA,"062e214b-6e83-4f37-b5e1-238e03f5bc7b",0,2018
"207",NA,"COBCRP-0-20171020_redeployments","UFRA","A69-1601","COBCRP","cobia",FALSE,"Daryl Parkyn","Daryl Parkyn",2018-10-17,2018-10-17 18:12:00,2025-02-26,28.447,-80.4177,"UFRA",FALSE,0.0242932118866669,FALSE,0.0030555555555555,NA,"0101000000B8239C16BC1A54C0DF4F8D976E723C40",TRUE,"564_-1612",2019-04-07 12:51:34,NA,FALSE,NA,28.4472,-80.4178,2018-10-17 18:11:49,"130781",NA,"Rachycentron canadum",NA,NA,NA,NA,NA,"UF23","569_-1608","A69-1601-54494",0.0030555555555555,NA,"06355aad-3b8e-4603-b420-10c600d59477",7.95050570836374,2018
"208",NA,"COBCRP-66-20171019","Elizabeth Miller","A69-9001","COBCRP","cobia",FALSE,NA,NA,2018-11-05,2018-11-05 22:09:00,2020-06-05,32.3861,-80.7813,"Elizabeth Miller",FALSE,0,FALSE,0.0166666666666666,NA,NA,TRUE,"648_-1616",2018-12-05 23:58:00,NA,FALSE,NA,32.3861,-80.7813,2018-11-05 22:08:00,"111679",NA,"Rachycentron canadum",NA,NA,NA,NA,NA,"Mid Broad","648_-1616","A69-9001-19091",0.0166666666666666,NA,"063c532a-2dde-45f0-926f-2d24965fed08",0,2018
"209",NA,"COBCRP-NASA1564","Navy","A69-9001","COBCRP","cobia",FALSE,"Carter Watterson","Carter Waterson",2019-07-29,2019-07-29 23:40:04,2025-02-26,37.0682,-75.9813,"Navy",FALSE,0,FALSE,0.0255555555555555,NA,"0101000000CDCCCCCCCCFE52C0789CA223B9884240",TRUE,"685_-1531",2022-11-23 02:05:00,NA,FALSE,NA,37.0682,-75.9813,2019-07-29 23:38:32,"0",NA,"Rachycentron canadum",NA,NA,NA,NA,NA,"10 off of cape charles","741_-1520","A69-9001-13161",0.0255555555555555,NA,"063c647a-3139-4d62-b073-c7d48e397458",0,2019
"210",NA,"COBCRP-117-20170426","UFRA","A69-9001","COBCRP","cobia",FALSE,"Daryl Parkyn","Daryl Parkyn",2017-10-28,2017-10-28 16:42:10,2025-02-26,28.5331,-80.4052,"UFRA",FALSE,0,FALSE,0.0069444444444444,NA,"01010000005DFE43FAED1954C08D7A884677883C40",TRUE,"622_-1624",2018-05-11 16:04:03,NA,FALSE,NA,28.5331,-80.4052,2017-10-28 16:41:45,"130778",NA,"Rachycentron canadum",NA,NA,NA,NA,NA,"UF07","571_-1608","A69-9001-19112",0.0069444444444444,NA,"0640802b-aef7-4d3c-b60b-e53507a97d1c",0,2017
"211",NA,"COBCRP-102-20171019","UFRA","A69-9001","COBCRP","cobia",FALSE,"Daryl Parkyn","Daryl Parkyn",2018-02-13,2018-02-13 02:01:00,2025-02-26,28.4674,-80.4225,"UFRA",FALSE,0,FALSE,0.0516666666666666,NA,"010100000090F7AA95091B54C0AC21718FA5773C40",TRUE,"568_-1611",2019-12-11 00:25:28,NA,FALSE,NA,28.4674,-80.4225,2018-02-13 01:57:54,"130800",NA,"Rachycentron canadum",NA,NA,NA,NA,NA,"UF21","569_-1608","A69-9001-19025",0.0516666666666666,NA,"064a0187-3b14-40ef-9d6c-fb524fa0fb72",0,2018
"212",NA,"COBCRP-102-20171019","UFRA","A69-9001","COBCRP","cobia",FALSE,"Daryl Parkyn","Daryl Parkyn",2019-01-14,2019-01-14 20:53:00,2025-02-26,28.3987,-80.5495,"UFRA",FALSE,0,FALSE,0.0097222222222222,NA,"0101000000CCB4FD2B2B2354C0033E3F8C10663C40",TRUE,"568_-1611",2019-12-11 00:25:28,NA,TRUE,NA,28.3987,-80.5495,2019-01-14 20:52:25,"130799",NA,"Rachycentron canadum",NA,NA,NA,NA,NA,"UF19","568_-1611","A69-9001-19025",0.0097222222222222,NA,"066bda65-60a7-44b0-bc8c-39738b445aab",0,2019
"213",NA,"COBCRP-0-20171020_redeployments","UFRA","A69-1601","COBCRP","cobia",FALSE,"Daryl Parkyn","Daryl Parkyn",2018-10-17,2018-10-17 15:07:00,2025-02-26,28.447,-80.4177,"UFRA",FALSE,0.0242932118866669,FALSE,0.0219444444444444,NA,"0101000000B8239C16BC1A54C0DF4F8D976E723C40",TRUE,"564_-1612",2019-04-07 12:51:34,NA,FALSE,NA,28.4472,-80.4178,2018-10-17 15:05:41,"130781",NA,"Rachycentron canadum",NA,NA,NA,NA,NA,"UF23","569_-1608","A69-1601-54494",0.0219444444444444,NA,"06766bf7-0fb9-40ca-a21f-47272e5c64af",1.10703244040508,2018
"214",NA,"COBCRP-M5472_AT0172","Navy","A69-9001","COBCRP","cobia",FALSE,"Carter Watterson","Carter Waterson",2019-07-13,2019-07-13 20:30:30,2025-02-26,37.0887,-75.9878,"Navy",FALSE,0,FALSE,0.0277777777777777,NA,"0101000000906B43C538FF52C0481630815B8B4240",TRUE,"752_-1527",2020-06-19 15:05:59,NA,FALSE,NA,37.0887,-75.9878,2019-07-13 20:28:50,"0",NA,"Rachycentron canadum",NA,NA,NA,NA,NA,"CBBT1","742_-1520","A69-9001-7176",0.0277777777777777,NA,"067830b0-65f3-48f3-a403-9772b1422427",0,2019
"215",NA,"COBCRP-102-20171019","UFRA","A69-9001","COBCRP","cobia",FALSE,"Daryl Parkyn","Daryl Parkyn",2018-09-11,2018-09-11 00:23:00,2025-02-26,28.3987,-80.5495,"UFRA",FALSE,7.08132986149068,TRUE,720.65,NA,"0101000000CCB4FD2B2B2354C0033E3F8C10663C40",TRUE,"568_-1611",2019-12-11 00:25:28,NA,TRUE,NA,28.3815,-80.4798,2018-08-11 23:44:00,"130801",NA,"Rachycentron canadum",NA,NA,NA,NA,NA,"UF19","568_-1611","A69-9001-19025",705.933333333333,NA,"068520c7-c42a-41ce-82db-9779f9d5782b",0.0100311594978147,2018
"216",NA,"COBCRP-102-20171019","UFRA","A69-9001","COBCRP","cobia",FALSE,"Daryl Parkyn","Daryl Parkyn",2018-10-18,2018-10-18 21:18:00,2025-02-26,28.4977,-80.4168,"UFRA",FALSE,0.0222389853292549,FALSE,0.0497222222222222,NA,"010100000031D3F6AFAC1A54C08195438B6C7F3C40",TRUE,"568_-1611",2019-12-11 00:25:28,NA,FALSE,NA,28.4979,-80.4168,2018-10-18 21:15:01,"130805",NA,"Rachycentron canadum",NA,NA,NA,NA,NA,"UF08","570_-1608","A69-9001-19025",0.0497222222222222,NA,"0689dd4b-2edc-4e85-8954-3c325be496cd",0.447264509415184,2018
"217",NA,"COBCRP-M5386","UFRA","A69-9002","COBCRP","cobia",FALSE,"Daryl Parkyn","Daryl Parkyn",2019-09-05,2019-09-05 23:26:00,2025-02-26,28.3888,-80.4672,"UFRA",FALSE,0,FALSE,0.0333333333333333,NA,"0101000000E4141DC9E51D54C0C156091687633C40",TRUE,"695_-1515",2024-04-29 20:03:10,NA,FALSE,NA,28.3888,-80.4672,2019-09-05 23:24:00,"130786",NA,"Rachycentron canadum",NA,NA,NA,"ADC",195,"UF16","568_-1609","A69-9002-5736",0.0333333333333333,NA,"068cf399-bbf9-4eab-a9c0-fab458eb9410",0,2019
"218",NA,"COBCRP-102-20171019","UFRA","A69-9001","COBCRP","cobia",FALSE,"Daryl Parkyn","Daryl Parkyn",2018-03-19,2018-03-19 04:10:00,2025-02-26,28.3955,-80.5054,"UFRA",FALSE,0,FALSE,0.0166666666666666,NA,"0101000000A3AF20CD582054C0B03DB32440653C40",TRUE,"568_-1611",2019-12-11 00:25:28,NA,FALSE,NA,28.3955,-80.5054,2018-03-19 04:09:00,"130776",NA,"Rachycentron canadum",NA,NA,NA,NA,NA,"UF17","568_-1610","A69-9001-19025",0.0166666666666666,NA,"068fa05c-57f2-4281-9f48-b73d2cf135fe",0,2018
"219",NA,"COBCRP-102-20171019","UFRA","A69-9001","COBCRP","cobia",FALSE,"Daryl Parkyn","Daryl Parkyn",2018-10-30,2018-10-30 05:01:00,2025-02-26,28.429,-80.4164,"UFRA",FALSE,0,FALSE,0.0333333333333333,NA,"010100000046425BCEA51A54C0A04FE449D26D3C40",TRUE,"568_-1611",2019-12-11 00:25:28,NA,FALSE,NA,28.429,-80.4164,2018-10-30 04:59:00,"130791",NA,"Rachycentron canadum",NA,NA,NA,NA,NA,"UF11","569_-1608","A69-9001-19025",0.0333333333333333,NA,"069575f5-9fde-4db4-a53f-41ab9e37c6bb",0,2018
"220",NA,"COBCRP-0-20171020_redeployments","UFRA","A69-1601","COBCRP","cobia",FALSE,"Daryl Parkyn","Daryl Parkyn",2018-11-18,2018-11-18 04:45:00,2025-02-26,28.4554,-80.4308,"UFRA",FALSE,0,FALSE,0.0016666666666666,NA,"010100000021B07268911B54C0A3409FC893743C40",TRUE,"564_-1612",2019-04-07 12:51:34,NA,FALSE,NA,28.4554,-80.4308,2018-11-18 04:44:54,"130804",NA,"Rachycentron canadum",NA,NA,NA,NA,NA,"UF22","569_-1609","A69-1601-54494",0.0016666666666666,NA,"06993d02-4c13-4775-8109-4c4707d71b72",0,2018
"221",NA,"COBCRP-130-20171019","UFRA","A69-9001","COBCRP","cobia",FALSE,"Daryl Parkyn","Daryl Parkyn",2018-09-29,2018-09-29 08:13:00,2025-02-26,28.5763,-80.4805,"UFRA",FALSE,0,FALSE,0.0133333333333333,NA,"0101000000F085C954C11E54C07AAA436E86933C40",TRUE,"574_-1609",2019-05-22 18:31:53,NA,FALSE,NA,28.5763,-80.4805,2018-09-29 08:12:12,"130802",NA,"Rachycentron canadum",NA,NA,NA,NA,NA,"UF02","572_-1610","A69-9001-23438",0.0133333333333333,NA,"06a1036f-7c2e-40cc-87be-d791f2df84ef",0,2018
"222",NA,"COBCRP-102-20171019","UFRA","A69-9001","COBCRP","cobia",FALSE,"Daryl Parkyn","Daryl Parkyn",2017-10-16,2017-10-16 09:14:12,2025-02-26,28.4554,-80.4308,"UFRA",FALSE,0,FALSE,1.37694444444444,NA,"0101000000448655BC911B54C0BFF1B56796743C40",TRUE,"568_-1611",2019-12-11 00:25:28,NA,FALSE,NA,28.4554,-80.4308,2017-10-16 07:51:35,"130776",NA,"Rachycentron canadum",NA,NA,NA,NA,NA,"UF22","569_-1609","A69-9001-19025",1.37694444444444,NA,"06a2fae2-02a9-4a58-9fe1-8f1db70e27e4",0,2017
"223",NA,"COBCRP-106-20171019","UFRA","A69-9001","COBCRP","cobia",FALSE,"Daryl Parkyn","Daryl Parkyn",2017-02-06,2017-02-06 05:53:00,2025-02-26,28.4847,-80.4216,"UFRA",FALSE,0,FALSE,0.0333333333333333,NA,"0101000000F0164850FC1A54C079060DFD137C3C40",TRUE,"574_-1609",2017-07-21 20:08:19,NA,FALSE,NA,28.4847,-80.4216,2017-02-06 05:51:00,"130783",NA,"Rachycentron canadum",NA,NA,NA,NA,NA,"UF09","570_-1608","A69-9001-19016",0.0333333333333333,NA,"06aaa15a-e8a6-464f-8986-b29ae1e88fa1",0,2017
"224",NA,"COBCRP-66-20171019","Elizabeth Miller","A69-9001","COBCRP","cobia",FALSE,NA,NA,2018-05-18,2018-05-18 00:05:00,2020-06-05,32.3861,-80.7813,"Elizabeth Miller",FALSE,0,FALSE,0.0166666666666666,NA,NA,TRUE,"648_-1616",2018-12-05 23:58:00,NA,FALSE,NA,32.3861,-80.7813,2018-05-18 00:04:00,"111679",NA,"Rachycentron canadum",NA,NA,NA,NA,NA,"Mid Broad","648_-1616","A69-9001-19091",0.0166666666666666,NA,"06ab324a-cc6b-4d12-bc08-4f1633791b66",0,2018
"225",NA,"COBCRP-102-20171019","UFRA","A69-9001","COBCRP","cobia",FALSE,"Daryl Parkyn","Daryl Parkyn",2018-10-30,2018-10-30 04:14:00,2025-02-26,28.429,-80.4164,"UFRA",FALSE,0,FALSE,0.0333333333333333,NA,"010100000046425BCEA51A54C0A04FE449D26D3C40",TRUE,"568_-1611",2019-12-11 00:25:28,NA,FALSE,NA,28.429,-80.4164,2018-10-30 04:12:00,"130791",NA,"Rachycentron canadum",NA,NA,NA,NA,NA,"UF11","569_-1608","A69-9001-19025",0.0333333333333333,NA,"06ae1c07-c4c6-422c-8d79-5c003e1e7907",0,2018
"226",NA,"COBCRP-130-20171019","UFRA","A69-9001","COBCRP","cobia",FALSE,"Daryl Parkyn","Daryl Parkyn",2018-10-24,2018-10-24 18:59:00,2025-02-26,28.5221,-80.4155,"UFRA",FALSE,0.0097699531839141,FALSE,0.0163888888888888,NA,"0101000000E3C798BB961A54C076E09C11A5853C40",TRUE,"574_-1609",2019-05-22 18:31:53,NA,FALSE,NA,28.5221,-80.4156,2018-10-24 18:58:01,"130792",NA,"Rachycentron canadum",NA,NA,NA,NA,NA,"UF06","570_-1608","A69-9001-23438",0.0163888888888888,NA,"06be838c-5898-4b5e-81cc-2c9ef5e015e5",0.59613273664561,2018
"227",NA,"COBCRP-TT1297","Navy","A69-9001","COBCRP","cobia",FALSE,"Carter Watterson","Carter Waterson",2019-09-07,2019-09-07 03:57:30,2025-02-26,36.9709,-76.1045,"Navy",FALSE,0,FALSE,0.02,NA,"0101000000DCDC989EB00653C06A300DC3477C4240",TRUE,"740_-1522",2021-06-26 11:52:28,NA,FALSE,NA,36.9709,-76.1045,2019-09-07 03:56:18,"0",NA,"Rachycentron canadum",NA,NA,NA,NA,NA,"TS7","739_-1522","A69-9001-7096",0.02,NA,"06cfb98a-2b4c-4615-9990-16e1739b8292",0,2019
"228",NA,"COBCRP-M5310_AT0012","UFRA","A69-9002","COBCRP","cobia",FALSE,"Daryl Parkyn","Daryl Parkyn",2019-09-04,2019-09-04 08:11:00,2025-02-26,28.5884,-80.4894,"UFRA",FALSE,0,FALSE,0.0166666666666666,NA,"01010000009AEB34D2521F54C082A8FB00A4963C40",TRUE,"587_-1604",2022-05-09 03:35:30,NA,FALSE,NA,28.5884,-80.4894,2019-09-04 08:10:00,"130798",NA,"Rachycentron canadum",NA,NA,NA,"ADC",148,"UF01","572_-1610","A69-9002-11156",0.0166666666666666,NA,"06cfdff5-1161-46c7-80c7-111aca1af15d",0,2019
"229",NA,"COBCRP-TT1297","Navy","A69-9001","COBCRP","cobia",FALSE,"Carter Watterson","Carter Waterson",2020-07-18,2020-07-18 15:01:05,2025-02-26,36.8259,-75.8504,"Navy",FALSE,0,FALSE,0.0475,NA,"010100000075CDE49B6DF652C068B3EA73B5694240",TRUE,"740_-1522",2021-06-26 11:52:28,NA,FALSE,NA,36.8259,-75.8504,2020-07-18 14:58:14,"0",NA,"Rachycentron canadum",NA,NA,NA,NA,NA,"RAOutside","737_-1517","A69-9001-7096",0.0475,NA,"06d1907d-87ca-4db8-8912-713518d7d217",0,2020
"230",NA,"COBCRP-66-20171019","Elizabeth Miller","A69-9001","COBCRP","cobia",FALSE,NA,NA,2018-05-16,2018-05-16 01:56:00,2020-06-05,32.3861,-80.7813,"Elizabeth Miller",FALSE,0,FALSE,1.28333333333333,NA,NA,TRUE,"648_-1616",2018-12-05 23:58:00,NA,FALSE,NA,32.3861,-80.7813,2018-05-16 00:39:00,"111679",NA,"Rachycentron canadum",NA,NA,NA,NA,NA,"Mid Broad","648_-1616","A69-9001-19091",1.28333333333333,NA,"06d3ac02-c5b0-4ac9-b213-0a9c0f3c9b76",0,2018
"231",NA,"COBCRP-102-20171019","UFRA","A69-9001","COBCRP","cobia",FALSE,"Daryl Parkyn","Daryl Parkyn",2018-02-21,2018-02-21 04:40:00,2025-02-26,28.3912,-80.5206,"UFRA",FALSE,0,FALSE,0.0019444444444444,NA,"01010000002F698CD6512154C0F931E6AE25643C40",TRUE,"568_-1611",2019-12-11 00:25:28,NA,FALSE,NA,28.3912,-80.5206,2018-02-21 04:39:53,"130804",NA,"Rachycentron canadum",NA,NA,NA,NA,NA,"UF18","568_-1610","A69-9001-19025",0.0019444444444444,NA,"06d4f760-6e40-4446-97ee-894fbaf53eda",0,2018
"232",NA,"COBCRP-102-20171019","UFRA","A69-9001","COBCRP","cobia",FALSE,"Daryl Parkyn","Daryl Parkyn",2018-10-15,2018-10-15 10:05:00,2025-02-26,28.3987,-80.5495,"UFRA",FALSE,0,FALSE,0.0083333333333333,NA,"0101000000CCB4FD2B2B2354C0033E3F8C10663C40",TRUE,"568_-1611",2019-12-11 00:25:28,NA,TRUE,NA,28.3987,-80.5495,2018-10-15 10:04:30,"130801",NA,"Rachycentron canadum",NA,NA,NA,NA,NA,"UF19","568_-1611","A69-9001-19025",0.0083333333333333,NA,"06d5cf34-ff6e-4fa5-948c-3796c74e8d84",0,2018
"233",NA,"COBCRP-1253674-2017-06-24","UFRA","A69-9002","COBCRP","cobia",FALSE,"Daryl Parkyn","Daryl Parkyn",2017-11-07,2017-11-07 13:11:00,2025-02-26,28.5575,-80.4208,"UFRA",FALSE,0,FALSE,0.0166666666666666,NA,"0101000000F71E2E39EE1A54C01F85EB51B88E3C40",TRUE,"570_-1608",2017-11-07 21:55:00,NA,FALSE,NA,28.5575,-80.4208,2017-11-07 13:10:00,"130779",NA,"Rachycentron canadum",NA,NA,NA,"ADC",167,"UF05","571_-1608","A69-9002-11154",0.0166666666666666,NA,"06d90232-2966-423c-9650-6d11a7cdf1a3",0,2017
"234",NA,"COBCRP-0-20171020_redeployments","UFRA","A69-1601","COBCRP","cobia",FALSE,"Daryl Parkyn","Daryl Parkyn",2018-02-27,2018-02-27 03:36:00,2025-02-26,28.5763,-80.4805,"UFRA",FALSE,0,FALSE,0.0333333333333333,NA,"0101000000F085C954C11E54C07AAA436E86933C40",TRUE,"564_-1612",2019-04-07 12:51:34,NA,FALSE,NA,28.5763,-80.4805,2018-02-27 03:34:00,"130795",NA,"Rachycentron canadum",NA,NA,NA,NA,NA,"UF02","572_-1610","A69-1601-54494",0.0333333333333333,NA,"06da2d33-f46b-4c1d-a76b-9048ba90b5a2",0,2018
"235",NA,"COBCRP-M5472_AT0172","Navy","A69-9001","COBCRP","cobia",FALSE,"Carter Watterson","Carter Waterson",2019-05-10,2019-05-10 23:07:26,2025-02-26,36.8338,-75.89,"Navy",FALSE,0,FALSE,0.0211111111111111,NA,"01010000000686AC6EF5F852C05F0CE544BB6A4240",TRUE,"752_-1527",2020-06-19 15:05:59,NA,FALSE,NA,36.8338,-75.89,2019-05-10 23:06:10,"0",NA,"Rachycentron canadum",NA,NA,NA,NA,NA,"RA","737_-1518","A69-9001-7176",0.0211111111111111,NA,"06dcd0cc-d180-48f6-854f-352885195157",0,2019
"236",NA,"COBCRP-71-20171019","UNK","A69-9001","COBCRP","cobia",FALSE,NA,NA,2017-05-26,2017-05-26 19:07:00,2020-06-03,32.8096,-79.9327,"UNK",FALSE,0,FALSE,0.238611111111111,NA,NA,TRUE,"651_-1590",2018-07-18 18:21:27,NA,FALSE,NA,32.8096,-79.9327,2017-05-26 18:52:41,"121641",NA,"Rachycentron canadum",NA,NA,NA,NA,NA,"Cooper River @ Hwy 17","656_-1599","A69-9001-19063",0.238611111111111,NA,"06fdd89b-a011-46d4-bf8e-d60b5676a4c8",0,2017
"237",NA,"COBCRP-66-20171019","Elizabeth Miller","A69-9001","COBCRP","cobia",FALSE,NA,NA,2018-05-21,2018-05-21 20:41:00,2020-06-05,32.3861,-80.7813,"Elizabeth Miller",FALSE,0,FALSE,0.0166666666666666,NA,NA,TRUE,"648_-1616",2018-12-05 23:58:00,NA,FALSE,NA,32.3861,-80.7813,2018-05-21 20:40:00,"111679",NA,"Rachycentron canadum",NA,NA,NA,NA,NA,"Mid Broad","648_-1616","A69-9001-19091",0.0166666666666666,NA,"0704d1ad-c755-4cdd-8134-82b7b99d1c3c",0,2018
"238",NA,"COBCRP-102-20171019","UFRA","A69-9001","COBCRP","cobia",FALSE,"Daryl Parkyn","Daryl Parkyn",2017-10-24,2017-10-24 11:01:41,2025-02-26,28.5802,-80.4369,"UFRA",FALSE,0,FALSE,0.0022222222222222,NA,"01010000001D9430D3F61B54C0317C444C89943C40",TRUE,"568_-1611",2019-12-11 00:25:28,NA,FALSE,NA,28.5802,-80.4369,2017-10-24 11:01:33,"130804",NA,"Rachycentron canadum",NA,NA,NA,NA,NA,"UF04","572_-1609","A69-9001-19025",0.0022222222222222,NA,"0708d1bb-d527-4f70-9bc5-72bbbfd6d627",0,2017
"239",NA,"COBCRP-0-20171020_redeployments","UFRA","A69-1601","COBCRP","cobia",FALSE,"Daryl Parkyn","Daryl Parkyn",2018-10-17,2018-10-17 14:29:00,2025-02-26,28.4554,-80.4308,"UFRA",FALSE,2.35827922226457,TRUE,7.50138888888889,NA,"010100000021B07268911B54C0A3409FC893743C40",TRUE,"564_-1612",2019-04-07 12:51:34,NA,FALSE,NA,28.4763,-80.4349,2018-10-17 06:58:55,"130804",NA,"Rachycentron canadum",NA,NA,NA,NA,NA,"UF22","569_-1609","A69-1601-54494",7.1725,NA,"0710b7ec-dce3-4cab-ab5f-255031c475c9",0.328794593553792,2018
"240",NA,"COBCRP-0-20171020_redeployments","UFRA","A69-1601","COBCRP","cobia",FALSE,"Daryl Parkyn","Daryl Parkyn",2018-10-17,2018-10-17 18:30:00,2025-02-26,28.447,-80.4177,"UFRA",FALSE,0.0242932118866669,FALSE,0.0208333333333333,NA,"0101000000B8239C16BC1A54C0DF4F8D976E723C40",TRUE,"564_-1612",2019-04-07 12:51:34,NA,FALSE,NA,28.4472,-80.4178,2018-10-17 18:28:45,"130781",NA,"Rachycentron canadum",NA,NA,NA,NA,NA,"UF23","569_-1608","A69-1601-54494",0.0208333333333333,NA,"0716e545-dbae-4d70-ab9a-6638975373bd",1.16607417056001,2018
"241",NA,"COBCRP-24-20171019","Navy","A69-9001","COBCRP","cobia",FALSE,"Carter Watterson","Carter Waterson",2016-04-06,2016-04-06 17:08:03,2025-02-26,37.0887,-75.9878,"Navy",FALSE,0,FALSE,0.0269444444444444,NA,"0101000000906B43C538FF52C0481630815B8B4240",TRUE,"742_-1520",2017-06-06 09:43:57,NA,FALSE,NA,37.0887,-75.9878,2016-04-06 17:06:26,"0",NA,"Rachycentron canadum",NA,NA,NA,NA,NA,"CBBT1","742_-1520","A69-9001-19032",0.0269444444444444,NA,"071c6e3d-1003-4e33-b15a-a32a368fcebe",0,2016
"242",NA,"COBCRP-102-20171019","UFRA","A69-9001","COBCRP","cobia",FALSE,"Daryl Parkyn","Daryl Parkyn",2018-10-18,2018-10-18 19:05:00,2025-02-26,28.4977,-80.4168,"UFRA",FALSE,0.0222389853292549,FALSE,0.0075,NA,"010100000031D3F6AFAC1A54C08195438B6C7F3C40",TRUE,"568_-1611",2019-12-11 00:25:28,NA,FALSE,NA,28.4979,-80.4168,2018-10-18 19:04:33,"130805",NA,"Rachycentron canadum",NA,NA,NA,NA,NA,"UF08","570_-1608","A69-9001-19025",0.0075,NA,"0726942f-99dd-4c21-9844-f823c90d9526",2.96519804390066,2018
"243",NA,"COBCRP-TT1297","Navy","A69-9001","COBCRP","cobia",FALSE,"Carter Watterson","Carter Waterson",2019-06-29,2019-06-29 07:35:23,2025-02-26,36.9414,-76.1798,"Navy",FALSE,0,FALSE,0.0686111111111111,NA,"0101000000651EF983810B53C04D10751F80784240",TRUE,"740_-1522",2021-06-26 11:52:28,NA,FALSE,NA,36.9414,-76.1798,2019-06-29 07:31:16,"0",NA,"Rachycentron canadum",NA,NA,NA,NA,NA,"LC2","739_-1524","A69-9001-7096",0.0686111111111111,NA,"0727a367-bbe9-4da9-948d-81d9e9992b3e",0,2019
"244",NA,"COBCRP-NASA1564","Navy","A69-9001","COBCRP","cobia",FALSE,"Carter Watterson","Carter Waterson",2020-08-26,2020-08-26 17:45:17,2025-02-26,36.8469,-75.5832,"Navy",FALSE,0,FALSE,0.0347222222222222,NA,"0101000000BEC1172653E552C0BF7D1D38676C4240",TRUE,"685_-1531",2022-11-23 02:05:00,NA,FALSE,NA,36.8469,-75.5832,2020-08-26 17:43:12,"0",NA,"Rachycentron canadum",NA,NA,NA,NA,NA,"SCL 6","737_-1512","A69-9001-13161",0.0347222222222222,NA,"072819f1-a230-4ec8-a4d6-c413add086b8",0,2020
"245",NA,"COBCRP-117-20170426","UFRA","A69-9001","COBCRP","cobia",FALSE,"Daryl Parkyn","Daryl Parkyn",2017-12-12,2017-12-12 21:19:53,2025-02-26,28.4554,-80.4308,"UFRA",FALSE,0,FALSE,0.0013888888888888,NA,"0101000000448655BC911B54C0BFF1B56796743C40",TRUE,"622_-1624",2018-05-11 16:04:03,NA,FALSE,NA,28.4554,-80.4308,2017-12-12 21:19:48,"130776",NA,"Rachycentron canadum",NA,NA,NA,NA,NA,"UF22","569_-1609","A69-9001-19112",0.0013888888888888,NA,"073ac082-c680-4814-81c0-db5c50b91ec4",0,2017
"246",NA,"COBCRP-0-20171020_redeployments","UFRA","A69-1601","COBCRP","cobia",FALSE,"Daryl Parkyn","Daryl Parkyn",2019-04-01,2019-04-01 05:32:00,2025-02-26,28.3955,-80.5054,"UFRA",FALSE,0,FALSE,0.0333333333333333,NA,"0101000000A3AF20CD582054C0B03DB32440653C40",TRUE,"564_-1612",2019-04-07 12:51:34,NA,FALSE,NA,28.3955,-80.5054,2019-04-01 05:30:00,"130777",NA,"Rachycentron canadum",NA,NA,NA,NA,NA,"UF17","568_-1610","A69-1601-54494",0.0333333333333333,NA,"07459e50-5150-4c54-8367-9ad7e7827157",0,2019
"247",NA,"COBCRP-102-20171019","UFRA","A69-9001","COBCRP","cobia",FALSE,"Daryl Parkyn","Daryl Parkyn",2019-01-14,2019-01-14 21:45:00,2025-02-26,28.3987,-80.5495,"UFRA",FALSE,0,FALSE,0.0180555555555555,NA,"0101000000CCB4FD2B2B2354C0033E3F8C10663C40",TRUE,"568_-1611",2019-12-11 00:25:28,NA,TRUE,NA,28.3987,-80.5495,2019-01-14 21:43:55,"130799",NA,"Rachycentron canadum",NA,NA,NA,NA,NA,"UF19","568_-1611","A69-9001-19025",0.0180555555555555,NA,"0745f145-6367-4a79-a0e7-784a3468a67d",0,2019
"248",NA,"COBCRP-97-20171019","UFRA","A69-9001","COBCRP","cobia",FALSE,"Daryl Parkyn","Daryl Parkyn",2017-07-16,2017-07-16 06:12:00,2025-02-26,28.5221,-80.4155,"UFRA",FALSE,0.0097699531839141,FALSE,0.0855555555555555,NA,"0101000000E3C798BB961A54C076E09C11A5853C40",TRUE,"571_-1607",2018-06-06 07:33:01,NA,FALSE,NA,28.5221,-80.4156,2017-07-16 06:06:52,"130780",NA,"Rachycentron canadum",NA,NA,NA,NA,NA,"UF06","570_-1608","A69-9001-19011",0.0855555555555555,NA,"075205a9-04e4-4780-85b3-83bdbc6f6269",0.114194257993802,2017
"249",NA,"COBCRP-10-20171019","UFRA","A69-1601","COBCRP","cobia",FALSE,"Daryl Parkyn","Daryl Parkyn",2017-09-22,2017-09-22 07:25:29,2025-02-26,28.5331,-80.4052,"UFRA",FALSE,0,FALSE,0.1,NA,"01010000005DFE43FAED1954C08D7A884677883C40",TRUE,"570_-1607",2017-12-01 19:19:07,NA,FALSE,NA,28.5331,-80.4052,2017-09-22 07:19:29,"130778",NA,"Rachycentron canadum",NA,NA,NA,NA,NA,"UF07","571_-1608","A69-1601-54488",0.1,NA,"075302f3-ba0f-41e9-8af4-c34e8d30c9f8",0,2017
"250",NA,"COBCRP-TT1297","Navy","A69-9001","COBCRP","cobia",FALSE,"Carter Watterson","Carter Waterson",2019-09-20,2019-09-20 12:45:52,2025-02-26,36.8697,-75.871,"Navy",FALSE,0,FALSE,NA,NA,"010100000081608E1EBFF752C0FA27B858516F4240",TRUE,"740_-1522",2021-06-26 11:52:28,NA,FALSE,NA,36.8697,-75.871,NA,"0",NA,"Rachycentron canadum",NA,NA,NA,NA,NA,"CB 9","737_-1517","A69-9001-7096",0.0286111111111111,NA,"07576c88-5ab3-4078-864b-0da26188597e",0,2019
"251",NA,"COBCRP-0-20171020_redeployments","UFRA","A69-1601","COBCRP","cobia",FALSE,"Daryl Parkyn","Daryl Parkyn",2018-10-18,2018-10-18 08:03:00,2025-02-26,28.429,-80.4164,"UFRA",FALSE,0,FALSE,0.0333333333333333,NA,"010100000046425BCEA51A54C0A04FE449D26D3C40",TRUE,"564_-1612",2019-04-07 12:51:34,NA,FALSE,NA,28.429,-80.4164,2018-10-18 08:01:00,"130791",NA,"Rachycentron canadum",NA,NA,NA,NA,NA,"UF11","569_-1608","A69-1601-54494",0.0333333333333333,NA,"075bf245-9cd7-4515-bfa1-a28fc0926771",0,2018
"252",NA,"COBCRP-10-20171019","Kessel","A69-1601","COBCRP","cobia",FALSE,NA,NA,2017-03-21,2017-03-21 05:55:00,2020-05-29,26.9791,-80.0243,"Kessel",FALSE,0.303326224804461,FALSE,0.0666666666666666,NA,NA,TRUE,"570_-1607",2017-12-01 19:19:07,NA,FALSE,NA,26.9773,-80.0266,2017-03-21 05:51:00,"113073",NA,"Rachycentron canadum",NA,NA,NA,NA,NA,"BBMGW","540_-1600","A69-1601-54488",0.0066666666666666,NA,"077aa0eb-7dfe-484d-95dd-0378d429ee14",45.4989337206691,2017
"253",NA,"COBCRP-TT1297","Navy","A69-9001","COBCRP","cobia",FALSE,"Carter Watterson","Carter Waterson",2019-09-08,2019-09-08 08:45:58,2025-02-26,36.8307,-75.9622,"Navy",FALSE,0,FALSE,0.0872222222222222,NA,"0101000000840D4FAF94FD52C058E20165536A4240",TRUE,"740_-1522",2021-06-26 11:52:28,NA,FALSE,NA,36.8307,-75.9622,2019-09-08 08:40:44,"0",NA,"Rachycentron canadum",NA,NA,NA,NA,NA,"RI2","737_-1519","A69-9001-7096",0.0872222222222222,NA,"077b2458-108d-4b71-b6b3-21bc41a1d1c0",0,2019
"254",NA,"COBCRP-102-20171019","UFRA","A69-9001","COBCRP","cobia",FALSE,"Daryl Parkyn","Daryl Parkyn",2019-02-01,2019-02-01 06:53:00,2025-02-26,28.3987,-80.5495,"UFRA",FALSE,0,FALSE,0.0333333333333333,NA,"0101000000CCB4FD2B2B2354C0033E3F8C10663C40",TRUE,"568_-1611",2019-12-11 00:25:28,NA,TRUE,NA,28.3987,-80.5495,2019-02-01 06:51:00,"130799",NA,"Rachycentron canadum",NA,NA,NA,NA,NA,"UF19","568_-1611","A69-9001-19025",0.0333333333333333,NA,"077d59a2-bcbf-49b2-8161-566543eed153",0,2019
"255",NA,"COBCRP-2-20171019","Glider","A69-9001","COBCRP","cobia",FALSE,NA,NA,2018-03-21,2018-03-21 07:32:00,2020-05-29,28.6129,-80.384,"Glider",FALSE,0.228503007572183,TRUE,887.1,NA,NA,TRUE,"572_-1608",2019-05-28 02:45:09,NA,FALSE,NA,28.6114,-80.3824,2018-02-12 08:26:00,"450203",NA,"Rachycentron canadum",NA,NA,NA,NA,NA,"BOEM Wave Glider","572_-1608","A69-9001-23377",887.1,NA,"0782aa8f-8070-4ab1-9bcf-4651aa4d330d",0.0002575842718658,2018
"256",NA,"COBCRP-102-20171019","UFRA","A69-9001","COBCRP","cobia",FALSE,"Daryl Parkyn","Daryl Parkyn",2018-10-17,2018-10-17 23:15:00,2025-02-26,28.447,-80.4177,"UFRA",FALSE,0.0242932118866669,FALSE,0.0455555555555555,NA,"0101000000B8239C16BC1A54C0DF4F8D976E723C40",TRUE,"568_-1611",2019-12-11 00:25:28,NA,FALSE,NA,28.4472,-80.4178,2018-10-17 23:12:16,"130781",NA,"Rachycentron canadum",NA,NA,NA,NA,NA,"UF23","569_-1608","A69-9001-19025",0.0455555555555555,NA,"07914515-aba0-48c8-8439-3ee4fea40306",0.533265626780494,2018
"257",NA,"COBCRP-3-20171019","UFRA","A69-9001","COBCRP","cobia",FALSE,"Daryl Parkyn","Daryl Parkyn",2017-11-10,2017-11-10 06:39:32,2025-02-26,28.5704,-80.4447,"UFRA",FALSE,0,FALSE,0.0158333333333333,NA,"01010000005839B4C8761C54C0E04A766C04923C40",TRUE,"544_-1601",2020-01-20 05:12:45,NA,FALSE,NA,28.5704,-80.4447,2017-11-10 06:38:35,"130801",NA,"Rachycentron canadum",NA,NA,NA,NA,NA,"UF03","571_-1609","A69-9001-23378",0.0158333333333333,NA,"079159e5-c270-4157-bb1c-ae9ef8b87dfb",0,2017
"258",NA,"COBCRP-NASA1564","Navy","A69-9001","COBCRP","cobia",FALSE,"Carter Watterson","Carter Waterson",2019-08-10,2019-08-10 01:28:33,2025-02-26,36.9551,-75.9728,"Navy",FALSE,0,FALSE,0.0288888888888888,NA,"0101000000D8B628B341FE52C0E0DBF4673F7A4240",TRUE,"685_-1531",2022-11-23 02:05:00,NA,FALSE,NA,36.9551,-75.9728,2019-08-10 01:26:49,"0",NA,"Rachycentron canadum",NA,NA,NA,NA,NA,"2c off cape henry","739_-1519","A69-9001-13161",0.0288888888888888,NA,"079266f5-b455-41da-ad51-8330f49e1183",0,2019
"259",NA,"COBCRP-1253674-2017-06-24","UFRA","A69-9002","COBCRP","cobia",FALSE,"Daryl Parkyn","Daryl Parkyn",2017-11-07,2017-11-07 12:52:00,2025-02-26,28.5575,-80.4208,"UFRA",FALSE,0,FALSE,0.05,NA,"0101000000F71E2E39EE1A54C01F85EB51B88E3C40",TRUE,"570_-1608",2017-11-07 21:55:00,NA,FALSE,NA,28.5575,-80.4208,2017-11-07 12:49:00,"130779",NA,"Rachycentron canadum",NA,NA,NA,"ADC",167,"UF05","571_-1608","A69-9002-11154",0.05,NA,"079795b0-f26e-487f-b3a4-9d5071cc32c7",0,2017
"260",NA,"COBCRP-TT1297","Navy","A69-9001","COBCRP","cobia",FALSE,"Carter Watterson","Carter Waterson",2019-08-19,2019-08-19 11:19:23,2025-02-26,36.7091,-75.8344,"Navy",FALSE,0.0111194926640349,FALSE,0.0063888888888888,NA,"010100000013F241CF66F552C0FBCBEEC9C35A4240",TRUE,"740_-1522",2021-06-26 11:52:28,NA,FALSE,NA,36.709,-75.8344,2019-08-19 11:19:00,"0",NA,"Rachycentron canadum",NA,NA,NA,NA,NA,"SBA 5","734_-1517","A69-9001-7096",0.0063888888888888,NA,"079d8c6f-2bc1-49e8-86d6-758f47acbd60",1.74044233002286,2019
"261",NA,"COBCRP-M5472_AT0172","Navy","A69-9001","COBCRP","cobia",FALSE,"Carter Watterson","Carter Waterson",2019-09-29,2019-09-29 16:12:00,2025-02-26,36.94,-75.9157,"Navy",FALSE,0,FALSE,0.0319444444444444,NA,"01010000007C6649809AFA52C007F0164850784240",TRUE,"752_-1527",2020-06-19 15:05:59,NA,FALSE,NA,36.94,-75.9157,2019-09-29 16:10:05,"0",NA,"Rachycentron canadum",NA,NA,NA,NA,NA,"NCE","739_-1518","A69-9001-7176",0.0319444444444444,NA,"079e91cc-7d8e-4992-9d38-917e4c3c1835",0,2019
"262",NA,"COBCRP-51-20171019","Kessel","A69-1601","COBCRP","cobia",FALSE,NA,NA,2016-10-06,2016-10-06 16:40:00,2020-05-29,26.9901,-80.025,"Kessel",FALSE,0,FALSE,0.05,NA,NA,TRUE,"549_-1603",2017-03-29 23:58:59,NA,FALSE,NA,26.9901,-80.025,2016-10-06 16:37:00,"102608",NA,"Rachycentron canadum",NA,NA,NA,NA,NA,"BBPTR","540_-1600","A69-1601-54503",0.05,NA,"07a100eb-7130-4de2-9957-b4fbdab03989",0,2016
"263",NA,"COBCRP-130-20171019","UFRA","A69-9001","COBCRP","cobia",FALSE,"Daryl Parkyn","Daryl Parkyn",2018-09-27,2018-09-27 14:13:00,2025-02-26,28.4674,-80.4225,"UFRA",FALSE,0,FALSE,0.0213888888888888,NA,"010100000090F7AA95091B54C0AC21718FA5773C40",TRUE,"574_-1609",2019-05-22 18:31:53,NA,FALSE,NA,28.4674,-80.4225,2018-09-27 14:11:43,"130776",NA,"Rachycentron canadum",NA,NA,NA,NA,NA,"UF21","569_-1608","A69-9001-23438",0.0213888888888888,NA,"07a6a8f3-711c-48da-aa74-a297714f497b",0,2018
"264",NA,"COBCRP-102-20171019","UFRA","A69-9001","COBCRP","cobia",FALSE,"Daryl Parkyn","Daryl Parkyn",2017-10-16,2017-10-16 02:12:00,2025-02-26,28.4472,-80.4178,"UFRA",FALSE,0,FALSE,0.0166666666666666,NA,"01010000006A520ABABD1A54C00A68226C78723C40",TRUE,"568_-1611",2019-12-11 00:25:28,NA,FALSE,NA,28.4472,-80.4178,2017-10-16 02:11:00,"130786",NA,"Rachycentron canadum",NA,NA,NA,NA,NA,"UF23","569_-1608","A69-9001-19025",0.0166666666666666,NA,"07aaeff8-ae28-4385-a5d6-844389b32597",0,2017
"265",NA,"COBCRP-M5463_AT0163-2018-05-24","Navy","A69-9002","COBCRP","cobia",FALSE,"Carter Watterson","Carter Waterson",2019-09-24,2019-09-24 10:03:53,2025-02-26,36.713,-75.818,"Navy",FALSE,0,FALSE,0.0338888888888888,NA,"01010000003108AC1C5AF452C025068195435B4240",TRUE,"669_-1571",2020-04-27 08:01:20,NA,FALSE,NA,36.713,-75.818,2019-09-24 10:01:51,"0",NA,"Rachycentron canadum",NA,NA,NA,NA,NA,"SBA 6","734_-1516","A69-9002-11158",0.0338888888888888,NA,"07b93aaa-c2a7-4df0-8145-22cebf75e817",0,2019
"266",NA,"COBCRP-M5310_AT0012","UFRA","A69-9002","COBCRP","cobia",FALSE,"Daryl Parkyn","Daryl Parkyn",2019-09-04,2019-09-04 08:30:00,2025-02-26,28.5884,-80.4894,"UFRA",FALSE,0,FALSE,0.0166666666666666,NA,"01010000009AEB34D2521F54C082A8FB00A4963C40",TRUE,"587_-1604",2022-05-09 03:35:30,NA,FALSE,NA,28.5884,-80.4894,2019-09-04 08:29:00,"130798",NA,"Rachycentron canadum",NA,NA,NA,"ADC",148,"UF01","572_-1610","A69-9002-11156",0.0166666666666666,NA,"07ba3385-50ae-4cdf-96ac-c44fa24269cf",0,2019
"267",NA,"COBCRP-AT0002","UFRA","A69-9001","COBCRP","cobia",FALSE,"Daryl Parkyn","Daryl Parkyn",2019-01-10,2019-01-10 22:48:00,2025-02-26,28.3955,-80.5054,"UFRA",FALSE,0,FALSE,0.0333333333333333,NA,"0101000000A3AF20CD582054C0B03DB32440653C40",TRUE,"571_-1608",2020-03-13 09:20:00,NA,FALSE,NA,28.3955,-80.5054,2019-01-10 22:46:00,"130777",NA,"Rachycentron canadum",NA,NA,NA,NA,NA,"UF17","568_-1610","A69-9001-15931",0.0333333333333333,NA,"07bb5b39-a0aa-466e-a4a5-e44baa7a1e0b",0,2019
"268",NA,"COBCRP-TT1297","Navy","A69-9001","COBCRP","cobia",FALSE,"Carter Watterson","Carter Waterson",2019-09-13,2019-09-13 02:10:37,2025-02-26,36.8338,-75.89,"Navy",FALSE,0,FALSE,0.0294444444444444,NA,"01010000000686AC6EF5F852C05F0CE544BB6A4240",TRUE,"740_-1522",2021-06-26 11:52:28,NA,FALSE,NA,36.8338,-75.89,2019-09-13 02:08:51,"0",NA,"Rachycentron canadum",NA,NA,NA,NA,NA,"RA","737_-1518","A69-9001-7096",0.0294444444444444,NA,"07d2d8db-c86f-4661-8433-bff32669a02e",0,2019
"269",NA,"COBCRP-0-20171020_redeployments","UFRA","A69-1601","COBCRP","cobia",FALSE,"Daryl Parkyn","Daryl Parkyn",2018-04-04,2018-04-04 13:27:00,2025-02-26,28.4472,-80.4178,"UFRA",FALSE,0,FALSE,0.01,NA,"01010000006A520ABABD1A54C00A68226C78723C40",TRUE,"564_-1612",2019-04-07 12:51:34,NA,FALSE,NA,28.4472,-80.4178,2018-04-04 13:26:24,"130786",NA,"Rachycentron canadum",NA,NA,NA,NA,NA,"UF23","569_-1608","A69-1601-54494",0.01,NA,"07d7c416-aa21-4194-8b5e-6c8ddf4224ad",0,2018
"270",NA,"COBCRP-0-20171020_redeployments","UFRA","A69-1601","COBCRP","cobia",FALSE,"Daryl Parkyn","Daryl Parkyn",2019-04-01,2019-04-01 04:18:00,2025-02-26,28.3955,-80.5054,"UFRA",FALSE,0,FALSE,0.0333333333333333,NA,"0101000000A3AF20CD582054C0B03DB32440653C40",TRUE,"564_-1612",2019-04-07 12:51:34,NA,FALSE,NA,28.3955,-80.5054,2019-04-01 04:16:00,"130777",NA,"Rachycentron canadum",NA,NA,NA,NA,NA,"UF17","568_-1610","A69-1601-54494",0.0333333333333333,NA,"07de5358-171d-465d-ad13-4cb7950020c2",0,2019
"271",NA,"COBCRP-102-20171019","UFRA","A69-9001","COBCRP","cobia",FALSE,"Daryl Parkyn","Daryl Parkyn",2018-02-21,2018-02-21 04:30:00,2025-02-26,28.3912,-80.5206,"UFRA",FALSE,0,FALSE,0.0105555555555555,NA,"01010000002F698CD6512154C0F931E6AE25643C40",TRUE,"568_-1611",2019-12-11 00:25:28,NA,FALSE,NA,28.3912,-80.5206,2018-02-21 04:29:22,"130804",NA,"Rachycentron canadum",NA,NA,NA,NA,NA,"UF18","568_-1610","A69-9001-19025",0.0105555555555555,NA,"07e86b5c-3854-425d-ab2c-7ebcd50abc24",0,2018
"272",NA,"COBCRP-M5477_AT0177","Navy","A69-9001","COBCRP","cobia",FALSE,"Carter Watterson","Carter Waterson",2020-08-28,2020-08-28 22:24:23,2025-02-26,36.8135,-75.7014,"Navy",FALSE,0,FALSE,0.0552777777777777,NA,"0101000000865AD3BCE3EC52C0E3A59BC420684240",TRUE,"570_-1611",2021-03-25 13:49:20,NA,FALSE,NA,36.8135,-75.7014,2020-08-28 22:21:04,"0",NA,"Rachycentron canadum",NA,NA,NA,NA,NA,"SCL 2","736_-1514","A69-9001-7189",0.0552777777777777,NA,"07ed4a05-9c57-4fc9-a3a7-3da95988f312",0,2020
"273",NA,"COBCRP-0-20171020_redeployments","UFRA","A69-1601","COBCRP","cobia",FALSE,"Daryl Parkyn","Daryl Parkyn",2018-11-17,2018-11-17 10:51:00,2025-02-26,28.5221,-80.4155,"UFRA",FALSE,0.0097699531839141,FALSE,0.0197222222222222,NA,"0101000000E3C798BB961A54C076E09C11A5853C40",TRUE,"564_-1612",2019-04-07 12:51:34,NA,FALSE,NA,28.5221,-80.4156,2018-11-17 10:49:49,"130792",NA,"Rachycentron canadum",NA,NA,NA,NA,NA,"UF06","570_-1608","A69-1601-54494",0.0197222222222222,NA,"07eef0cf-3d51-43a4-9621-f07d1c2df36f",0.495377907916775,2018
"274",NA,"COBCRP-102-20171019","UFRA","A69-9001","COBCRP","cobia",FALSE,"Daryl Parkyn","Daryl Parkyn",2017-12-24,2017-12-24 06:47:00,2025-02-26,28.3912,-80.5206,"UFRA",FALSE,0,FALSE,0.0552777777777777,NA,"01010000002F698CD6512154C0F931E6AE25643C40",TRUE,"568_-1611",2019-12-11 00:25:28,NA,FALSE,NA,28.3912,-80.5206,2017-12-24 06:43:41,"130804",NA,"Rachycentron canadum",NA,NA,NA,NA,NA,"UF18","568_-1610","A69-9001-19025",0.0552777777777777,NA,"07ef3c9b-34ea-40d2-9ce2-4340851df363",0,2017
"275",NA,"COBCRP-135-20171019","UFRA","A69-9001","COBCRP","cobia",FALSE,"Daryl Parkyn","Daryl Parkyn",2017-04-06,2017-04-06 03:16:00,2025-02-26,28.4847,-80.4216,"UFRA",FALSE,0,FALSE,0.0333333333333333,NA,"0101000000F0164850FC1A54C079060DFD137C3C40",TRUE,"569_-1608",2017-06-05 18:16:00,NA,FALSE,NA,28.4847,-80.4216,2017-04-06 03:14:00,"130783",NA,"Rachycentron canadum",NA,NA,NA,NA,NA,"UF09","570_-1608","A69-9001-20111",0.0333333333333333,NA,"07f39e91-4df0-4f92-b0dd-3ac96463640d",0,2017
"276",NA,"COBCRP-M5477_AT0177","Navy","A69-9001","COBCRP","cobia",FALSE,"Carter Watterson","Carter Waterson",2020-08-28,2020-08-28 21:15:28,2025-02-26,36.8135,-75.7014,"Navy",FALSE,0,FALSE,0.02,NA,"0101000000865AD3BCE3EC52C0E3A59BC420684240",TRUE,"570_-1611",2021-03-25 13:49:20,NA,FALSE,NA,36.8135,-75.7014,2020-08-28 21:14:16,"0",NA,"Rachycentron canadum",NA,NA,NA,NA,NA,"SCL 2","736_-1514","A69-9001-7189",0.02,NA,"07f5bb29-6519-4c52-a1de-45817927bdca",0,2020
"277",NA,"COBCRP-TT1297","Navy","A69-9001","COBCRP","cobia",FALSE,"Carter Watterson","Carter Waterson",2019-06-26,2019-06-26 22:46:46,2025-02-26,36.9414,-76.1798,"Navy",FALSE,0,FALSE,0.0922222222222222,NA,"0101000000651EF983810B53C04D10751F80784240",TRUE,"740_-1522",2021-06-26 11:52:28,NA,FALSE,NA,36.9414,-76.1798,2019-06-26 22:41:14,"0",NA,"Rachycentron canadum",NA,NA,NA,NA,NA,"LC2","739_-1524","A69-9001-7096",0.0922222222222222,NA,"07f95ee7-acf6-412c-8456-f7c762b1e7cf",0,2019
"278",NA,"COBCRP-102-20171019","UFRA","A69-9001","COBCRP","cobia",FALSE,"Daryl Parkyn","Daryl Parkyn",2017-10-16,2017-10-16 06:55:59,2025-02-26,28.4554,-80.4308,"UFRA",FALSE,0,FALSE,0.0197222222222222,NA,"0101000000448655BC911B54C0BFF1B56796743C40",TRUE,"568_-1611",2019-12-11 00:25:28,NA,FALSE,NA,28.4554,-80.4308,2017-10-16 06:54:48,"130776",NA,"Rachycentron canadum",NA,NA,NA,NA,NA,"UF22","569_-1609","A69-9001-19025",0.0197222222222222,NA,"0805db1d-21f9-46c6-9e2f-c2e0b9d7554d",0,2017
"279",NA,"COBCRP-M5477_AT0177","Navy","A69-9001","COBCRP","cobia",FALSE,"Carter Watterson","Carter Waterson",2020-08-13,2020-08-13 08:17:32,2025-02-26,36.8339,-75.6131,"Navy",FALSE,0,FALSE,0.0225,NA,"01010000005E4BC8073DE752C03411363CBD6A4240",TRUE,"570_-1611",2021-03-25 13:49:20,NA,FALSE,NA,36.8339,-75.6131,2020-08-13 08:16:11,"0",NA,"Rachycentron canadum",NA,NA,NA,NA,NA,"SCL 5","737_-1512","A69-9001-7189",0.0225,NA,"080b5058-dfac-4305-a302-03d76806774f",0,2020
"280",NA,"COBCRP-TT1297","Navy","A69-9001","COBCRP","cobia",FALSE,"Carter Watterson","Carter Waterson",2019-08-19,2019-08-19 05:35:30,2025-02-26,36.7175,-75.834,"Navy",FALSE,0.715231152223037,FALSE,0.0261111111111111,NA,"01010000004C37894160F552C0A4703D0AD75B4240",TRUE,"740_-1522",2021-06-26 11:52:28,NA,FALSE,NA,36.717,-75.826,2019-08-19 05:33:56,"0",NA,"Rachycentron canadum",NA,NA,NA,NA,NA,"SBA 3","734_-1517","A69-9001-7096",0.0261111111111111,NA,"080ea8b8-d670-47d8-8f28-93aed9894ff7",27.3918313617333,2019
"281",NA,"COBCRP-102-20171019","UFRA","A69-9001","COBCRP","cobia",FALSE,"Daryl Parkyn","Daryl Parkyn",2019-10-01,2019-10-01 06:08:00,2025-02-26,28.3987,-80.5495,"UFRA",FALSE,0,FALSE,0.2,NA,"0101000000CCB4FD2B2B2354C0033E3F8C10663C40",TRUE,"568_-1611",2019-12-11 00:25:28,NA,TRUE,NA,28.3987,-80.5495,2019-10-01 05:56:00,"130799",NA,"Rachycentron canadum",NA,NA,NA,NA,NA,"UF19","568_-1611","A69-9001-19025",0.2,NA,"080f64df-23f4-48e9-aba1-94f87c7e7fb2",0,2019
"282",NA,"COBCRP-66-20171019","Elizabeth Miller","A69-9001","COBCRP","cobia",FALSE,NA,NA,2018-05-15,2018-05-15 14:57:00,2020-06-05,32.3861,-80.7813,"Elizabeth Miller",FALSE,0,FALSE,0.0333333333333333,NA,NA,TRUE,"648_-1616",2018-12-05 23:58:00,NA,FALSE,NA,32.3861,-80.7813,2018-05-15 14:55:00,"111679",NA,"Rachycentron canadum",NA,NA,NA,NA,NA,"Mid Broad","648_-1616","A69-9001-19091",0.0333333333333333,NA,"0819b1c2-3ca8-46ec-90ed-cffe46e59756",0,2018
"283",NA,"COBCRP-17-20171019","UFRA","A69-1601","COBCRP","cobia",FALSE,"Daryl Parkyn","Daryl Parkyn",2017-11-04,2017-11-04 14:47:00,2025-02-26,28.5221,-80.4155,"UFRA",FALSE,182.878159294516,TRUE,4967.64194444444,NA,"0101000000E3C798BB961A54C076E09C11A5853C40",TRUE,"570_-1608",2017-11-04 15:08:00,NA,FALSE,NA,26.9125,-80.0339,2017-04-11 15:08:29,"130780",NA,"Rachycentron canadum",NA,NA,NA,NA,NA,"UF06","570_-1608","A69-1601-54494",4473.20666666667,NA,"081ab584-9469-42b0-8427-90766c4588bd",0.0408830114327788,2017
"284",NA,"COBCRP-71-20171019","UNK","A69-9001","COBCRP","cobia",FALSE,NA,NA,2017-05-28,2017-05-28 19:42:00,2020-06-03,32.8602,-79.8937,"UNK",FALSE,0,FALSE,0.223055555555556,NA,NA,TRUE,"651_-1590",2018-07-18 18:21:27,NA,FALSE,NA,32.8602,-79.8937,2017-05-28 19:28:37,"121654",NA,"Rachycentron canadum",NA,NA,NA,NA,NA,"Coastal- Wando RM 3.5","657_-1598","A69-9001-19063",0.223055555555556,NA,"081c53db-118c-4240-9d11-ea48f53e12bc",0,2017
"285",NA,"COBCRP-1253674-2017-06-24","UFRA","A69-9002","COBCRP","cobia",FALSE,"Daryl Parkyn","Daryl Parkyn",2017-06-26,2017-06-26 17:20:00,2025-02-26,28.5575,-80.4208,"UFRA",FALSE,0.0386566734749517,FALSE,0.0461111111111111,NA,"0101000000F71E2E39EE1A54C01F85EB51B88E3C40",TRUE,"570_-1608",2017-11-07 21:55:00,NA,FALSE,NA,28.5578,-80.4206,2017-06-26 17:17:14,"130779",NA,"Rachycentron canadum",NA,NA,NA,"ADC",154,"UF05","571_-1608","A69-9002-11154",0.0461111111111111,NA,"08221227-f734-42c2-8cbe-0b0f8227ad11",0.838337497047146,2017
"286",NA,"COBCRP-0-20171020_redeployments","UFRA","A69-1601","COBCRP","cobia",FALSE,"Daryl Parkyn","Daryl Parkyn",2017-11-22,2017-11-22 04:50:31,2025-02-26,28.5221,-80.4156,"UFRA",FALSE,0,FALSE,0.0336111111111111,NA,"0101000000B8CCE9B2981A54C0D93D7958A8853C40",TRUE,"564_-1612",2019-04-07 12:51:34,NA,FALSE,NA,28.5221,-80.4156,2017-11-22 04:48:30,"130787",NA,"Rachycentron canadum",NA,NA,NA,NA,NA,"UF06","570_-1608","A69-1601-54494",0.0336111111111111,NA,"08224b0f-e6c5-493b-9455-e56d49218b36",0,2017
"287",NA,"COBCRP-NASA1564","Navy","A69-9001","COBCRP","cobia",FALSE,"Carter Watterson","Carter Waterson",2019-09-28,2019-09-28 07:01:10,2025-02-26,36.8366,-75.8042,"Navy",FALSE,7.64222945941626,TRUE,1477.33777777778,NA,"0101000000289B728577F352C01E6D1CB1166B4240",TRUE,"685_-1531",2022-11-23 02:05:00,NA,FALSE,NA,36.8338,-75.89,2019-07-28 17:40:54,"0",NA,"Rachycentron canadum",NA,NA,NA,NA,NA,"CB3","737_-1516","A69-9001-13161",23.8638888888889,NA,"0822ffa8-b0be-4508-bdc6-3d07a1adcc60",0.320242417109749,2019
"288",NA,"COBCRP-66-20171019","Elizabeth Miller","A69-9001","COBCRP","cobia",FALSE,NA,NA,2018-11-05,2018-11-05 21:47:00,2020-06-05,32.3861,-80.7813,"Elizabeth Miller",FALSE,0,FALSE,0.0166666666666666,NA,NA,TRUE,"648_-1616",2018-12-05 23:58:00,NA,FALSE,NA,32.3861,-80.7813,2018-11-05 21:46:00,"111679",NA,"Rachycentron canadum",NA,NA,NA,NA,NA,"Mid Broad","648_-1616","A69-9001-19091",0.0166666666666666,NA,"082a9e9d-f4bb-470b-b8e3-022199ea7417",0,2018
"289",NA,"COBCRP-M5477_AT0177","Navy","A69-9001","COBCRP","cobia",FALSE,"Carter Watterson","Carter Waterson",2020-08-29,2020-08-29 02:54:06,2025-02-26,36.8135,-75.7014,"Navy",FALSE,0,FALSE,0.0836111111111111,NA,"0101000000865AD3BCE3EC52C0E3A59BC420684240",TRUE,"570_-1611",2021-03-25 13:49:20,NA,FALSE,NA,36.8135,-75.7014,2020-08-29 02:49:05,"0",NA,"Rachycentron canadum",NA,NA,NA,NA,NA,"SCL 2","736_-1514","A69-9001-7189",0.0836111111111111,NA,"08328afc-4212-4a18-b9a0-6f3d659f2341",0,2020
"290",NA,"COBCRP-97-20171019","UFRA","A69-9001","COBCRP","cobia",FALSE,"Daryl Parkyn","Daryl Parkyn",2018-03-20,2018-03-20 15:50:00,2025-02-26,28.5221,-80.4155,"UFRA",FALSE,0,FALSE,0.0333333333333333,NA,"0101000000E3C798BB961A54C076E09C11A5853C40",TRUE,"571_-1607",2018-06-06 07:33:01,NA,FALSE,NA,28.5221,-80.4155,2018-03-20 15:48:00,"130803",NA,"Rachycentron canadum",NA,NA,NA,NA,NA,"UF06","570_-1608","A69-9001-19011",0.0333333333333333,NA,"083369f4-5118-4c73-86ad-9ce7a75fcd10",0,2018
"291",NA,"COBCRP-102-20171019","UFRA","A69-9001","COBCRP","cobia",FALSE,"Daryl Parkyn","Daryl Parkyn",2018-10-15,2018-10-15 10:23:00,2025-02-26,28.3987,-80.5495,"UFRA",FALSE,0,FALSE,0.0047222222222222,NA,"0101000000CCB4FD2B2B2354C0033E3F8C10663C40",TRUE,"568_-1611",2019-12-11 00:25:28,NA,TRUE,NA,28.3987,-80.5495,2018-10-15 10:22:43,"130801",NA,"Rachycentron canadum",NA,NA,NA,NA,NA,"UF19","568_-1611","A69-9001-19025",0.0047222222222222,NA,"0838bdcf-bf2f-4166-9275-a015acc0ecf2",0,2018
"292",NA,"COBCRP-102-20171019","UFRA","A69-9001","COBCRP","cobia",FALSE,"Daryl Parkyn","Daryl Parkyn",2018-02-11,2018-02-11 00:47:00,2025-02-26,28.4977,-80.4168,"UFRA",FALSE,0,FALSE,0.116666666666667,NA,"010100000031D3F6AFAC1A54C08195438B6C7F3C40",TRUE,"568_-1611",2019-12-11 00:25:28,NA,FALSE,NA,28.4977,-80.4168,2018-02-11 00:40:00,"130793",NA,"Rachycentron canadum",NA,NA,NA,NA,NA,"UF08","570_-1608","A69-9001-19025",0.116666666666667,NA,"083a19b9-c24f-49ce-be79-c7ee3550b083",0,2018
"293",NA,"COBCRP-TT1297","Navy","A69-9001","COBCRP","cobia",FALSE,"Carter Watterson","Carter Waterson",2019-06-27,2019-06-27 12:10:10,2025-02-26,36.9678,-76.1676,"Navy",FALSE,0,FALSE,0.0444444444444444,NA,"01010000008907944DB90A53C016359886E17B4240",TRUE,"740_-1522",2021-06-26 11:52:28,NA,FALSE,NA,36.9678,-76.1676,2019-06-27 12:07:30,"0",NA,"Rachycentron canadum",NA,NA,NA,NA,NA,"LC1","739_-1523","A69-9001-7096",0.0444444444444444,NA,"0845595b-0923-4cbf-80a5-3064db727c8a",0,2019
"294",NA,"COBCRP-102-20171019","UFRA","A69-9001","COBCRP","cobia",FALSE,"Daryl Parkyn","Daryl Parkyn",2018-10-19,2018-10-19 21:26:00,2025-02-26,28.3889,-80.4672,"UFRA",FALSE,0.0111194926644299,FALSE,0.0027777777777777,NA,"0101000000F57F0EF3E51D54C04165FCFB8C633C40",TRUE,"568_-1611",2019-12-11 00:25:28,NA,FALSE,NA,28.3888,-80.4672,2018-10-19 21:25:50,"130788",NA,"Rachycentron canadum",NA,NA,NA,NA,NA,"UF16","568_-1609","A69-9001-19025",0.0027777777777777,NA,"084a1424-3271-4ce8-8d04-b4f513a63fd7",4.00301735919478,2018
"295",NA,"COBCRP-71-20171019","UNK","A69-9001","COBCRP","cobia",FALSE,NA,NA,2017-12-05,2017-12-05 07:51:00,2020-06-03,32.7534,-79.8753,"UNK",FALSE,0,TRUE,4798.54638888889,NA,NA,TRUE,"651_-1590",2018-07-18 18:21:27,NA,FALSE,NA,32.7534,-79.8753,2017-05-19 09:18:13,"119011",NA,"Rachycentron canadum",NA,NA,NA,NA,NA,"Cooper- Ft. Sumter","655_-1598","A69-9001-19063",0.0333333333333333,NA,"084ed354-8224-4c4a-b8b9-e89807898946",0,2017
"296",NA,"COBCRP-71-20171019","UNK","A69-9001","COBCRP","cobia",FALSE,NA,NA,2017-02-06,2017-02-06 04:03:00,2020-06-03,32.8602,-79.8937,"UNK",FALSE,0,FALSE,0.0166666666666666,NA,NA,TRUE,"651_-1590",2018-07-18 18:21:27,NA,FALSE,NA,32.8602,-79.8937,2017-02-06 04:02:00,"121654",NA,"Rachycentron canadum",NA,NA,NA,NA,NA,"Coastal- Wando RM 3.5","657_-1598","A69-9001-19063",0.0166666666666666,NA,"08620962-abd0-4e17-9694-223c09796f35",0,2017
"297",NA,"COBCRP-102-20171019","UFRA","A69-9001","COBCRP","cobia",FALSE,"Daryl Parkyn","Daryl Parkyn",2018-10-30,2018-10-30 04:35:00,2025-02-26,28.429,-80.4164,"UFRA",FALSE,0,FALSE,0.0333333333333333,NA,"010100000046425BCEA51A54C0A04FE449D26D3C40",TRUE,"568_-1611",2019-12-11 00:25:28,NA,FALSE,NA,28.429,-80.4164,2018-10-30 04:33:00,"130791",NA,"Rachycentron canadum",NA,NA,NA,NA,NA,"UF11","569_-1608","A69-9001-19025",0.0333333333333333,NA,"0863e416-52ad-4f2f-8ddf-32c64dbf3a37",0,2018
"298",NA,"COBCRP-102-20171019","UFRA","A69-9001","COBCRP","cobia",FALSE,"Daryl Parkyn","Daryl Parkyn",2018-11-11,2018-11-11 02:45:00,2025-02-26,28.4554,-80.4308,"UFRA",FALSE,0,FALSE,0.0125,NA,"010100000021B07268911B54C0A3409FC893743C40",TRUE,"568_-1611",2019-12-11 00:25:28,NA,FALSE,NA,28.4554,-80.4308,2018-11-11 02:44:15,"130804",NA,"Rachycentron canadum",NA,NA,NA,NA,NA,"UF22","569_-1609","A69-9001-19025",0.0125,NA,"0869490b-97f3-4b74-89b1-320423f10885",0,2018
"299",NA,"COBCRP-49-20171019","Kessel","A69-1601","COBCRP","cobia",FALSE,NA,NA,2016-07-17,2016-07-17 07:00:00,2020-05-29,27.0506,-80.0426,"Kessel",FALSE,11.765002273298,TRUE,100.951111111111,NA,NA,TRUE,"541_-1601",2016-10-07 22:52:00,NA,FALSE,NA,27.1557,-80.0563,2016-07-13 02:02:56,"100288",NA,"Rachycentron canadum",NA,NA,NA,NA,NA,"BBHS","541_-1601","A69-1601-54501",11.7741666666667,NA,"086a6398-54db-4cf6-a05c-59e23e393a9c",0.999221652484792,2016
"300",NA,"COBCRP-102-20171019","UFRA","A69-9001","COBCRP","cobia",FALSE,"Daryl Parkyn","Daryl Parkyn",2017-12-22,2017-12-22 20:24:00,2025-02-26,28.4554,-80.4308,"UFRA",FALSE,0,FALSE,0.0233333333333333,NA,"010100000021B07268911B54C0A3409FC893743C40",TRUE,"568_-1611",2019-12-11 00:25:28,NA,FALSE,NA,28.4554,-80.4308,2017-12-22 20:22:36,"130801",NA,"Rachycentron canadum",NA,NA,NA,NA,NA,"UF22","569_-1609","A69-9001-19025",0.0233333333333333,NA,"086f1683-9cd2-4363-bc31-aabfcd5bb9ef",0,2017
"301",NA,"COBCRP-117-20170426","UFRA","A69-9001","COBCRP","cobia",FALSE,"Daryl Parkyn","Daryl Parkyn",2018-03-27,2018-03-27 06:59:00,2025-02-26,28.5221,-80.4155,"UFRA",FALSE,0,FALSE,0.0333333333333333,NA,"0101000000E3C798BB961A54C076E09C11A5853C40",TRUE,"622_-1624",2018-05-11 16:04:03,NA,FALSE,NA,28.5221,-80.4155,2018-03-27 06:57:00,"130803",NA,"Rachycentron canadum",NA,NA,NA,NA,NA,"UF06","570_-1608","A69-9001-19112",0.0333333333333333,NA,"086f8785-8f73-4d42-8240-f3f1db9a3ecf",0,2018
"302",NA,"COBCRP-51-20171019","Kessel","A69-1601","COBCRP","cobia",FALSE,NA,NA,2016-10-06,2016-10-06 14:22:00,2020-05-29,26.9901,-80.025,"Kessel",FALSE,1.2251093187175,FALSE,0.216666666666667,NA,NA,TRUE,"549_-1603",2017-03-29 23:58:59,NA,FALSE,NA,26.9791,-80.0243,2016-10-06 14:09:00,"102608",NA,"Rachycentron canadum",NA,NA,NA,NA,NA,"BBPTR","540_-1600","A69-1601-54503",0.216666666666667,NA,"0871f12c-c392-447a-8a29-24524a71e49c",5.65435070177308,2016
"303",NA,"COBCRP-3-20171019","UFRA","A69-9001","COBCRP","cobia",FALSE,"Daryl Parkyn","Daryl Parkyn",2017-11-10,2017-11-10 06:53:25,2025-02-26,28.5704,-80.4447,"UFRA",FALSE,0,FALSE,0.112222222222222,NA,"01010000005839B4C8761C54C0E04A766C04923C40",TRUE,"544_-1601",2020-01-20 05:12:45,NA,FALSE,NA,28.5704,-80.4447,2017-11-10 06:46:41,"130801",NA,"Rachycentron canadum",NA,NA,NA,NA,NA,"UF03","571_-1609","A69-9001-23378",0.112222222222222,NA,"0879e081-e13a-41b9-9638-8457b624e6a3",0,2017
"304",NA,"COBCRP-102-20171019","UFRA","A69-9001","COBCRP","cobia",FALSE,"Daryl Parkyn","Daryl Parkyn",2018-08-12,2018-08-12 06:28:00,2025-02-26,28.3955,-80.5054,"UFRA",FALSE,0,FALSE,0.05,NA,"0101000000A3AF20CD582054C0B03DB32440653C40",TRUE,"568_-1611",2019-12-11 00:25:28,NA,FALSE,NA,28.3955,-80.5054,2018-08-12 06:25:00,"130787",NA,"Rachycentron canadum",NA,NA,NA,NA,NA,"UF17","568_-1610","A69-9001-19025",0.05,NA,"087c2cff-cfc5-4791-84ad-d02cc9d4f267",0,2018
"305",NA,"COBCRP-97-20171019","UFRA","A69-9001","COBCRP","cobia",FALSE,"Daryl Parkyn","Daryl Parkyn",2017-07-16,2017-07-16 22:14:00,2025-02-26,28.5575,-80.4208,"UFRA",FALSE,0.0386566734749517,FALSE,0.0180555555555555,NA,"0101000000F71E2E39EE1A54C01F85EB51B88E3C40",TRUE,"571_-1607",2018-06-06 07:33:01,NA,FALSE,NA,28.5578,-80.4206,2017-07-16 22:12:55,"130779",NA,"Rachycentron canadum",NA,NA,NA,NA,NA,"UF05","571_-1608","A69-9001-19011",0.0180555555555555,NA,"088502a0-0f0e-432d-a626-b6833eb91c70",2.14098499245887,2017
"306",NA,"COBCRP-71-20171019","UNK","A69-9001","COBCRP","cobia",FALSE,NA,NA,2017-05-06,2017-05-06 07:34:00,2020-06-03,32.8602,-79.8937,"UNK",FALSE,0,FALSE,0.166666666666667,NA,NA,TRUE,"651_-1590",2018-07-18 18:21:27,NA,FALSE,NA,32.8602,-79.8937,2017-05-06 07:24:00,"121654",NA,"Rachycentron canadum",NA,NA,NA,NA,NA,"Coastal- Wando RM 3.5","657_-1598","A69-9001-19063",0.166666666666667,NA,"08896d53-2ea2-4328-928c-7d5be1e7b8b4",0,2017
"307",NA,"COBCRP-135-20171019","UFRA","A69-9001","COBCRP","cobia",FALSE,"Daryl Parkyn","Daryl Parkyn",2017-05-30,2017-05-30 03:59:00,2025-02-26,28.4554,-80.4308,"UFRA",FALSE,0,FALSE,0.0113888888888888,NA,"010100000021B07268911B54C0A3409FC893743C40",TRUE,"569_-1608",2017-06-05 18:16:00,NA,FALSE,NA,28.4554,-80.4308,2017-05-30 03:58:19,"130796",NA,"Rachycentron canadum",NA,NA,NA,NA,NA,"UF22","569_-1609","A69-9001-20111",0.0113888888888888,NA,"08946df8-58c6-4bc2-8860-7f6ab9484b5d",0,2017
"308",NA,"COBCRP-85-20171019","Kessel","A69-9001","COBCRP","cobia",FALSE,NA,NA,2016-12-08,2016-12-08 12:01:00,2020-05-29,27.0506,-80.0426,"Kessel",FALSE,0,FALSE,0.05,NA,NA,TRUE,"541_-1601",2017-11-01 16:02:00,NA,FALSE,NA,27.0506,-80.0426,2016-12-08 11:58:00,"100288",NA,"Rachycentron canadum",NA,NA,NA,NA,NA,"BBHS","541_-1601","A69-9001-19013",0.05,NA,"089568e4-d443-463f-b438-68c65734ec34",0,2016
"309",NA,"COBCRP-97-20171019","UFRA","A69-9001","COBCRP","cobia",FALSE,"Daryl Parkyn","Daryl Parkyn",2018-03-20,2018-03-20 16:10:00,2025-02-26,28.5221,-80.4155,"UFRA",FALSE,0,FALSE,0.0166666666666666,NA,"0101000000E3C798BB961A54C076E09C11A5853C40",TRUE,"571_-1607",2018-06-06 07:33:01,NA,FALSE,NA,28.5221,-80.4155,2018-03-20 16:09:00,"130803",NA,"Rachycentron canadum",NA,NA,NA,NA,NA,"UF06","570_-1608","A69-9001-19011",0.0166666666666666,NA,"0899e0b6-18f2-4629-90b4-b214ee367546",0,2018
"310",NA,"COBCRP-0-20171020_redeployments","UFRA","A69-1601","COBCRP","cobia",FALSE,"Daryl Parkyn","Daryl Parkyn",2018-11-26,2018-11-26 11:13:00,2025-02-26,28.533,-80.4052,"UFRA",FALSE,7.48772681561546,TRUE,204.647777777778,NA,"0101000000A4AA09A2EE1954C02A1DACFF73883C40",TRUE,"564_-1612",2019-04-07 12:51:34,NA,FALSE,NA,28.4674,-80.4225,2018-11-17 22:34:08,"130800",NA,"Rachycentron canadum",NA,NA,NA,NA,NA,"UF07","571_-1608","A69-1601-54494",169.028333333333,NA,"08a162f5-9a5c-41dd-9ffc-b6cf0a107480",0.0442986490368407,2018
"311",NA,"COBCRP-59-20171019","UFRA","A69-1601","COBCRP","cobia",FALSE,"Daryl Parkyn","Daryl Parkyn",2019-02-01,2019-02-01 16:51:00,2025-02-26,28.4554,-80.4308,"UFRA",FALSE,0,FALSE,0.0333333333333333,NA,"010100000021B07268911B54C0A3409FC893743C40",TRUE,"532_-1601",2019-05-02 16:41:44,NA,FALSE,NA,28.4554,-80.4308,2019-02-01 16:49:00,"130801",NA,"Rachycentron canadum",NA,NA,NA,NA,NA,"UF22","569_-1609","A69-1601-54504",0.0333333333333333,NA,"08a90bd4-f376-4fe1-82ac-88ba94b59de9",0,2019
"312",NA,"COBCRP-AT0071","UFRA","A69-9002","COBCRP","cobia",FALSE,"Daryl Parkyn","Daryl Parkyn",2019-05-28,2019-05-28 09:56:00,2025-02-26,28.5704,-80.4447,"UFRA",FALSE,0,FALSE,0.144444444444444,NA,"01010000005839B4C8761C54C0E04A766C04923C40",TRUE,"569_-1609",2020-02-14 06:03:34,NA,FALSE,NA,28.5704,-80.4447,2019-05-28 09:47:20,"130789",NA,"Rachycentron canadum",NA,NA,NA,"ADC",175,"UF03","571_-1609","A69-9002-5757",0.144444444444444,NA,"08aff0d9-3817-4edc-bc04-5721efe0aecb",0,2019
"313",NA,"COBCRP-TT1297","Navy","A69-9001","COBCRP","cobia",FALSE,"Carter Watterson","Carter Waterson",2019-11-08,2019-11-08 05:39:12,2025-02-26,36.713,-75.818,"Navy",FALSE,0,FALSE,0.0538888888888888,NA,"01010000003108AC1C5AF452C025068195435B4240",TRUE,"740_-1522",2021-06-26 11:52:28,NA,FALSE,NA,36.713,-75.818,2019-11-08 05:35:58,"0",NA,"Rachycentron canadum",NA,NA,NA,NA,NA,"SBA 6","734_-1516","A69-9001-7096",0.0538888888888888,NA,"08c6ddf5-6099-4aba-9fdf-9f5cb9dd54d5",0,2019
"314",NA,"COBCRP-0-20171020_redeployments","UFRA","A69-1601","COBCRP","cobia",FALSE,"Daryl Parkyn","Daryl Parkyn",2018-11-19,2018-11-19 08:29:00,2025-02-26,28.4847,-80.4216,"UFRA",FALSE,0.0224882517802513,FALSE,0.0972222222222222,NA,"0101000000F0164850FC1A54C079060DFD137C3C40",TRUE,"564_-1612",2019-04-07 12:51:34,NA,FALSE,NA,28.4848,-80.4218,2018-11-19 08:23:10,"130805",NA,"Rachycentron canadum",NA,NA,NA,NA,NA,"UF09","570_-1608","A69-1601-54494",0.0972222222222222,NA,"08cd74e2-a428-4859-a363-1579bacf45a8",0.231307732596871,2018
"315",NA,"COBCRP-102-20171019","UFRA","A69-9001","COBCRP","cobia",FALSE,"Daryl Parkyn","Daryl Parkyn",2018-10-15,2018-10-15 01:15:00,2025-02-26,28.3987,-80.5495,"UFRA",FALSE,0,FALSE,0.0669444444444444,NA,"0101000000CCB4FD2B2B2354C0033E3F8C10663C40",TRUE,"568_-1611",2019-12-11 00:25:28,NA,TRUE,NA,28.3987,-80.5495,2018-10-15 01:10:59,"130801",NA,"Rachycentron canadum",NA,NA,NA,NA,NA,"UF19","568_-1611","A69-9001-19025",0.0669444444444444,NA,"08cdddf1-ee35-4118-8e10-38f194b2c08b",0,2018
"316",NA,"COBCRP-TT1297","Navy","A69-9001","COBCRP","cobia",FALSE,"Carter Watterson","Carter Waterson",2019-09-08,2019-09-08 07:16:34,2025-02-26,36.8307,-75.9622,"Navy",FALSE,20.0783307990892,TRUE,442.762222222222,NA,"0101000000840D4FAF94FD52C058E20165536A4240",TRUE,"740_-1522",2021-06-26 11:52:28,NA,FALSE,NA,36.9709,-76.1045,2019-08-20 20:30:50,"0",NA,"Rachycentron canadum",NA,NA,NA,NA,NA,"RI2","737_-1519","A69-9001-7096",23.2525,NA,"08ce8f44-a192-421c-9323-34d55095080c",0.863491271867076,2019
"317",NA,"COBCRP-0-20171020_redeployments","UFRA","A69-1601","COBCRP","cobia",FALSE,"Daryl Parkyn","Daryl Parkyn",2019-04-01,2019-04-01 04:33:00,2025-02-26,28.3955,-80.5054,"UFRA",FALSE,0,FALSE,0.0333333333333333,NA,"0101000000A3AF20CD582054C0B03DB32440653C40",TRUE,"564_-1612",2019-04-07 12:51:34,NA,FALSE,NA,28.3955,-80.5054,2019-04-01 04:31:00,"130777",NA,"Rachycentron canadum",NA,NA,NA,NA,NA,"UF17","568_-1610","A69-1601-54494",0.0333333333333333,NA,"08d930dd-4522-4438-95f9-7255cf52abaf",0,2019
"318",NA,"COBCRP-102-20171019","UFRA","A69-9001","COBCRP","cobia",FALSE,"Daryl Parkyn","Daryl Parkyn",2018-10-18,2018-10-18 19:01:00,2025-02-26,28.4977,-80.4168,"UFRA",FALSE,0.0222389853292549,FALSE,0.0511111111111111,NA,"010100000031D3F6AFAC1A54C08195438B6C7F3C40",TRUE,"568_-1611",2019-12-11 00:25:28,NA,FALSE,NA,28.4979,-80.4168,2018-10-18 18:57:56,"130805",NA,"Rachycentron canadum",NA,NA,NA,NA,NA,"UF08","570_-1608","A69-9001-19025",0.0511111111111111,NA,"08da7007-e4bd-4084-9016-6311c77163db",0.435110582528901,2018
"319",NA,"COBCRP-102-20171019","UFRA","A69-9001","COBCRP","cobia",FALSE,"Daryl Parkyn","Daryl Parkyn",2018-11-11,2018-11-11 02:22:00,2025-02-26,28.4554,-80.4308,"UFRA",FALSE,0,FALSE,0.0108333333333333,NA,"010100000021B07268911B54C0A3409FC893743C40",TRUE,"568_-1611",2019-12-11 00:25:28,NA,FALSE,NA,28.4554,-80.4308,2018-11-11 02:21:21,"130804",NA,"Rachycentron canadum",NA,NA,NA,NA,NA,"UF22","569_-1609","A69-9001-19025",0.0108333333333333,NA,"08e3c670-2335-4478-9991-a7530204cba8",0,2018
"320",NA,"COBCRP-102-20171019","UFRA","A69-9001","COBCRP","cobia",FALSE,"Daryl Parkyn","Daryl Parkyn",2018-11-11,2018-11-11 03:58:00,2025-02-26,28.4554,-80.4308,"UFRA",FALSE,0,FALSE,0.0241666666666666,NA,"010100000021B07268911B54C0A3409FC893743C40",TRUE,"568_-1611",2019-12-11 00:25:28,NA,FALSE,NA,28.4554,-80.4308,2018-11-11 03:56:33,"130804",NA,"Rachycentron canadum",NA,NA,NA,NA,NA,"UF22","569_-1609","A69-9001-19025",0.0241666666666666,NA,"08eb690c-55be-4777-8261-a46833275d1d",0,2018
"321",NA,"COBCRP-TT1297","Navy","A69-9001","COBCRP","cobia",FALSE,"Carter Watterson","Carter Waterson",2019-08-18,2019-08-18 18:24:31,2025-02-26,36.72,-75.846,"Navy",FALSE,0,FALSE,0.119166666666667,NA,"0101000000A01A2FDD24F652C05C8FC2F5285C4240",TRUE,"740_-1522",2021-06-26 11:52:28,NA,FALSE,NA,36.72,-75.846,2019-08-18 18:17:22,"0",NA,"Rachycentron canadum",NA,NA,NA,NA,NA,"SBA 1","734_-1517","A69-9001-7096",0.119166666666667,NA,"08ed5128-25f0-420a-babf-27b5c9922a89",0,2019
"322",NA,"COBCRP-71-20171019","UNK","A69-9001","COBCRP","cobia",FALSE,NA,NA,2017-05-06,2017-05-06 07:37:00,2020-06-03,32.8602,-79.8937,"UNK",FALSE,0,FALSE,0.05,NA,NA,TRUE,"651_-1590",2018-07-18 18:21:27,NA,FALSE,NA,32.8602,-79.8937,2017-05-06 07:34:00,"121654",NA,"Rachycentron canadum",NA,NA,NA,NA,NA,"Coastal- Wando RM 3.5","657_-1598","A69-9001-19063",0.05,NA,"08edc4e9-5f74-4b93-b0bf-6fafde2f33f5",0,2017
"323",NA,"COBCRP-102-20171019","UFRA","A69-9001","COBCRP","cobia",FALSE,"Daryl Parkyn","Daryl Parkyn",2019-01-20,2019-01-20 00:31:00,2025-02-26,28.3888,-80.4672,"UFRA",FALSE,0,FALSE,0.0788888888888888,NA,"0101000000E4141DC9E51D54C0C156091687633C40",TRUE,"568_-1611",2019-12-11 00:25:28,NA,FALSE,NA,28.3888,-80.4672,2019-01-20 00:26:16,"130786",NA,"Rachycentron canadum",NA,NA,NA,NA,NA,"UF16","568_-1609","A69-9001-19025",0.0788888888888888,NA,"08f662ef-dedb-471a-a512-2876c4e93078",0,2019
"324",NA,"COBCRP-135-20171019","UFRA","A69-9001","COBCRP","cobia",FALSE,"Daryl Parkyn","Daryl Parkyn",2017-04-06,2017-04-06 03:24:00,2025-02-26,28.4847,-80.4216,"UFRA",FALSE,0,FALSE,0.0333333333333333,NA,"0101000000F0164850FC1A54C079060DFD137C3C40",TRUE,"569_-1608",2017-06-05 18:16:00,NA,FALSE,NA,28.4847,-80.4216,2017-04-06 03:22:00,"130783",NA,"Rachycentron canadum",NA,NA,NA,NA,NA,"UF09","570_-1608","A69-9001-20111",0.0333333333333333,NA,"08f9919d-c7ef-466e-b60f-dce26cfa9c5d",0,2017
"325",NA,"COBCRP-97-20171019","UFRA","A69-9001","COBCRP","cobia",FALSE,"Daryl Parkyn","Daryl Parkyn",2017-07-17,2017-07-17 05:16:00,2025-02-26,28.5221,-80.4155,"UFRA",FALSE,0.0097699531839141,FALSE,0.0397222222222222,NA,"0101000000E3C798BB961A54C076E09C11A5853C40",TRUE,"571_-1607",2018-06-06 07:33:01,NA,FALSE,NA,28.5221,-80.4156,2017-07-17 05:13:37,"130780",NA,"Rachycentron canadum",NA,NA,NA,NA,NA,"UF06","570_-1608","A69-9001-19011",0.0397222222222222,NA,"08fd6494-84b1-42cc-8d25-d3110499c573",0.245956863371266,2017
"326",NA,"COBCRP-0-20171020_redeployments","UFRA","A69-1601","COBCRP","cobia",FALSE,"Daryl Parkyn","Daryl Parkyn",2019-04-01,2019-04-01 06:52:00,2025-02-26,28.3955,-80.5054,"UFRA",FALSE,0,FALSE,0.0166666666666666,NA,"0101000000A3AF20CD582054C0B03DB32440653C40",TRUE,"564_-1612",2019-04-07 12:51:34,NA,FALSE,NA,28.3955,-80.5054,2019-04-01 06:51:00,"130777",NA,"Rachycentron canadum",NA,NA,NA,NA,NA,"UF17","568_-1610","A69-1601-54494",0.0166666666666666,NA,"0900a3a2-321d-4174-a2f6-e55a33a9221d",0,2019
"327",NA,"COBCRP-NASA1564","Navy","A69-9001","COBCRP","cobia",FALSE,"Carter Watterson","Carter Waterson",2019-07-10,2019-07-10 23:22:14,2025-02-26,36.9552,-76.0128,"Navy",FALSE,569.618837629372,FALSE,NA,NA,"0101000000AC174339D10053C0183E22A6447A4240",TRUE,"685_-1531",2022-11-23 02:05:00,NA,FALSE,NA,32.7432,-79.5678,NA,"0",NA,"Rachycentron canadum",NA,NA,NA,NA,NA,"2CH off henry","739_-1520","A69-9001-13161",832.649722222222,NA,"0901b84a-e556-4c64-9ca0-c71c4949dd90",0.684103798304455,2019
"328",NA,"COBCRP-102-20171019","UFRA","A69-9001","COBCRP","cobia",FALSE,"Daryl Parkyn","Daryl Parkyn",2018-10-17,2018-10-17 22:10:00,2025-02-26,28.447,-80.4177,"UFRA",FALSE,0.0242932118866669,FALSE,0.0275,NA,"0101000000B8239C16BC1A54C0DF4F8D976E723C40",TRUE,"568_-1611",2019-12-11 00:25:28,NA,FALSE,NA,28.4472,-80.4178,2018-10-17 22:08:21,"130781",NA,"Rachycentron canadum",NA,NA,NA,NA,NA,"UF23","569_-1608","A69-9001-19025",0.0275,NA,"09389a39-ffc2-428d-a973-dd156281202e",0.883389523151526,2018
"329",NA,"COBCRP-102-20171019","UFRA","A69-9001","COBCRP","cobia",FALSE,"Daryl Parkyn","Daryl Parkyn",2018-10-15,2018-10-15 09:14:00,2025-02-26,28.3987,-80.5495,"UFRA",FALSE,0,FALSE,0.0188888888888888,NA,"0101000000CCB4FD2B2B2354C0033E3F8C10663C40",TRUE,"568_-1611",2019-12-11 00:25:28,NA,TRUE,NA,28.3987,-80.5495,2018-10-15 09:12:52,"130801",NA,"Rachycentron canadum",NA,NA,NA,NA,NA,"UF19","568_-1611","A69-9001-19025",0.0188888888888888,NA,"093e9cbf-edfd-4ca3-84a1-f8af80531026",0,2018
"330",NA,"COBCRP-102-20171019","UFRA","A69-9001","COBCRP","cobia",FALSE,"Daryl Parkyn","Daryl Parkyn",2017-10-14,2017-10-14 13:02:51,2025-02-26,28.5759,-80.4805,"UFRA",FALSE,15.3408744858748,TRUE,81.8994444444444,NA,"0101000000BB44F5D6C01E54C07A7077D66E933C40",TRUE,"568_-1611",2019-12-11 00:25:28,NA,FALSE,NA,28.7032,-80.5411,2017-10-11 03:08:53,"130800",NA,"Rachycentron canadum",NA,NA,NA,NA,NA,"UF02","572_-1610","A69-9001-19025",54.8013888888889,NA,"0942e3ee-e235-4a15-86b3-1d5677962fae",0.279935870183488,2017
"331",NA,"COBCRP-117-20170426","UFRA","A69-9001","COBCRP","cobia",FALSE,"Daryl Parkyn","Daryl Parkyn",2017-10-28,2017-10-28 10:34:02,2025-02-26,28.5704,-80.4447,"UFRA",FALSE,0,FALSE,0.0236111111111111,NA,"01010000005839B4C8761C54C0E04A766C04923C40",TRUE,"622_-1624",2018-05-11 16:04:03,NA,FALSE,NA,28.5704,-80.4447,2017-10-28 10:32:37,"130801",NA,"Rachycentron canadum",NA,NA,NA,NA,NA,"UF03","571_-1609","A69-9001-19112",0.0236111111111111,NA,"094862de-a28f-4d44-96e7-fb0ae3cad622",0,2017
"332",NA,"COBCRP-M5463_AT0163-2018-05-24","Navy","A69-9002","COBCRP","cobia",FALSE,"Carter Watterson","Carter Waterson",2019-09-24,2019-09-24 10:38:36,2025-02-26,36.713,-75.818,"Navy",FALSE,0,FALSE,0.108333333333333,NA,"01010000003108AC1C5AF452C025068195435B4240",TRUE,"669_-1571",2020-04-27 08:01:20,NA,FALSE,NA,36.713,-75.818,2019-09-24 10:32:06,"0",NA,"Rachycentron canadum",NA,NA,NA,NA,NA,"SBA 6","734_-1516","A69-9002-11158",0.108333333333333,NA,"0948d352-01b9-4119-80f8-50db2f2b4192",0,2019
"333",NA,"COBCRP-102-20171019","UFRA","A69-9001","COBCRP","cobia",FALSE,"Daryl Parkyn","Daryl Parkyn",2018-08-12,2018-08-12 08:12:00,2025-02-26,28.3955,-80.5054,"UFRA",FALSE,0,FALSE,0.0333333333333333,NA,"0101000000A3AF20CD582054C0B03DB32440653C40",TRUE,"568_-1611",2019-12-11 00:25:28,NA,FALSE,NA,28.3955,-80.5054,2018-08-12 08:10:00,"130787",NA,"Rachycentron canadum",NA,NA,NA,NA,NA,"UF17","568_-1610","A69-9001-19025",0.0333333333333333,NA,"094bbde3-935e-4095-b26f-1c1de9ed026f",0,2018
"334",NA,"COBCRP-85-20171019","Kessel","A69-9001","COBCRP","cobia",FALSE,NA,NA,2016-08-19,2016-08-19 14:55:00,2020-05-29,27.0506,-80.0426,"Kessel",FALSE,0,FALSE,0.665555555555556,NA,NA,TRUE,"541_-1601",2017-11-01 16:02:00,NA,FALSE,NA,27.0506,-80.0426,2016-08-19 14:15:04,"100288",NA,"Rachycentron canadum",NA,NA,NA,NA,NA,"BBHS","541_-1601","A69-9001-19013",0.665555555555556,NA,"094e7909-4ac0-4c78-9376-7434ebfc7abf",0,2016
"335",NA,"COBCRP-102-20171019","UFRA","A69-9001","COBCRP","cobia",FALSE,"Daryl Parkyn","Daryl Parkyn",2019-10-01,2019-10-01 13:43:00,2025-02-26,28.3955,-80.5054,"UFRA",FALSE,0,FALSE,0.0166666666666666,NA,"0101000000A3AF20CD582054C0B03DB32440653C40",TRUE,"568_-1611",2019-12-11 00:25:28,NA,FALSE,NA,28.3955,-80.5054,2019-10-01 13:42:00,"130777",NA,"Rachycentron canadum",NA,NA,NA,NA,NA,"UF17","568_-1610","A69-9001-19025",0.0166666666666666,NA,"0950da5f-39ec-4c58-b41e-42e56c076061",0,2019
"336",NA,"COBCRP-66-20171019","Elizabeth Miller","A69-9001","COBCRP","cobia",FALSE,NA,NA,2018-05-17,2018-05-17 23:18:00,2020-06-05,32.3861,-80.7813,"Elizabeth Miller",FALSE,0,FALSE,0.05,NA,NA,TRUE,"648_-1616",2018-12-05 23:58:00,NA,FALSE,NA,32.3861,-80.7813,2018-05-17 23:15:00,"111679",NA,"Rachycentron canadum",NA,NA,NA,NA,NA,"Mid Broad","648_-1616","A69-9001-19091",0.05,NA,"0972a078-40f9-4bba-ac46-47d02a944eb6",0,2018
"337",NA,"COBCRP-M5472_AT0172","Navy","A69-9001","COBCRP","cobia",FALSE,"Carter Watterson","Carter Waterson",2019-09-29,2019-09-29 15:19:01,2025-02-26,36.94,-75.9157,"Navy",FALSE,0,FALSE,0.0216666666666666,NA,"01010000007C6649809AFA52C007F0164850784240",TRUE,"752_-1527",2020-06-19 15:05:59,NA,FALSE,NA,36.94,-75.9157,2019-09-29 15:17:43,"0",NA,"Rachycentron canadum",NA,NA,NA,NA,NA,"NCE","739_-1518","A69-9001-7176",0.0216666666666666,NA,"0973e7ca-fbe1-4163-a245-83693b2d8211",0,2019
"338",NA,"COBCRP-106-20171019","UFRA","A69-9001","COBCRP","cobia",FALSE,"Daryl Parkyn","Daryl Parkyn",2017-02-06,2017-02-06 07:08:00,2025-02-26,28.4554,-80.4308,"UFRA",FALSE,0,FALSE,0.0166666666666666,NA,"010100000021B07268911B54C0A3409FC893743C40",TRUE,"574_-1609",2017-07-21 20:08:19,NA,FALSE,NA,28.4554,-80.4308,2017-02-06 07:07:00,"130796",NA,"Rachycentron canadum",NA,NA,NA,NA,NA,"UF22","569_-1609","A69-9001-19016",0.0166666666666666,NA,"0975d1f5-62ae-4136-93e2-92af544c8907",0,2017
"339",NA,"COBCRP-59-20171019","Kessel","A69-1601","COBCRP","cobia",FALSE,NA,NA,2016-09-06,2016-09-06 22:26:00,2020-05-29,26.9791,-80.0243,"Kessel",FALSE,0,FALSE,0.05,NA,NA,TRUE,"532_-1601",2019-05-02 16:41:44,NA,FALSE,NA,26.9791,-80.0243,2016-09-06 22:23:00,"113073",NA,"Rachycentron canadum",NA,NA,NA,NA,NA,"BBMGW","540_-1600","A69-1601-54504",0.05,NA,"098b20a4-f02c-4ee0-b1a6-3392f0c2cfa2",0,2016
"340",NA,"COBCRP-66-20171019","Elizabeth Miller","A69-9001","COBCRP","cobia",FALSE,NA,NA,2018-05-22,2018-05-22 03:07:00,2020-06-05,32.3861,-80.7813,"Elizabeth Miller",FALSE,0,TRUE,6.4,NA,NA,TRUE,"648_-1616",2018-12-05 23:58:00,NA,FALSE,NA,32.3861,-80.7813,2018-05-21 20:43:00,"111679",NA,"Rachycentron canadum",NA,NA,NA,NA,NA,"Mid Broad","648_-1616","A69-9001-19091",6.4,NA,"09915939-882d-4ec2-aa1d-af4c7892e602",0,2018
"341",NA,"COBCRP-71-20171019","UNK","A69-9001","COBCRP","cobia",FALSE,NA,NA,2017-05-19,2017-05-19 08:25:00,2020-06-03,32.7912,-79.925,"UNK",FALSE,1.89725478471585,FALSE,0.366666666666667,NA,NA,TRUE,"651_-1590",2018-07-18 18:21:27,NA,FALSE,NA,32.8075,-79.919,2017-05-19 08:03:00,"111297",NA,"Rachycentron canadum",NA,NA,NA,NA,NA,"Cooper RM 0 Aquarium","656_-1598","A69-9001-19063",0.366666666666667,NA,"09925e1e-c81d-4e0a-a489-20b8d34bc29b",5.17433123104323,2017
"342",NA,"COBCRP-102-20171019","UFRA","A69-9001","COBCRP","cobia",FALSE,"Daryl Parkyn","Daryl Parkyn",2017-11-11,2017-11-11 13:29:44,2025-02-26,28.4848,-80.4218,"UFRA",FALSE,0,FALSE,0.135277777777778,NA,"0101000000C51B9947FE1A54C040C1C58A1A7C3C40",TRUE,"568_-1611",2019-12-11 00:25:28,NA,FALSE,NA,28.4848,-80.4218,2017-11-11 13:21:37,"130777",NA,"Rachycentron canadum",NA,NA,NA,NA,NA,"UF09","570_-1608","A69-9001-19025",0.135277777777778,NA,"09a61e84-5adf-41f2-b582-dece05ca7757",0,2017
"343",NA,"COBCRP-0-20171020_redeployments","UFRA","A69-1601","COBCRP","cobia",FALSE,"Daryl Parkyn","Daryl Parkyn",2018-02-27,2018-02-27 06:14:00,2025-02-26,28.5763,-80.4805,"UFRA",FALSE,0.0444779706577198,FALSE,0.0169444444444444,NA,"0101000000F085C954C11E54C07AAA436E86933C40",TRUE,"564_-1612",2019-04-07 12:51:34,NA,FALSE,NA,28.5759,-80.4805,2018-02-27 06:12:59,"130795",NA,"Rachycentron canadum",NA,NA,NA,NA,NA,"UF02","572_-1610","A69-1601-54494",0.0169444444444444,NA,"09bb93b0-46fa-4a58-a7d0-9753bf45f7d5",2.62492941586543,2018
"344",NA,"COBCRP-71-20171019","UNK","A69-9001","COBCRP","cobia",FALSE,NA,NA,2017-05-06,2017-05-06 09:23:00,2020-06-03,32.8602,-79.8937,"UNK",FALSE,0,FALSE,0.0166666666666666,NA,NA,TRUE,"651_-1590",2018-07-18 18:21:27,NA,FALSE,NA,32.8602,-79.8937,2017-05-06 09:22:00,"121654",NA,"Rachycentron canadum",NA,NA,NA,NA,NA,"Coastal- Wando RM 3.5","657_-1598","A69-9001-19063",0.0166666666666666,NA,"09cbc002-5021-438a-a175-180a192a1c9c",0,2017
"345",NA,"COBCRP-97-20171019","UFRA","A69-9001","COBCRP","cobia",FALSE,"Daryl Parkyn","Daryl Parkyn",2018-03-20,2018-03-20 19:03:00,2025-02-26,28.533,-80.4052,"UFRA",FALSE,0.0111194926644299,FALSE,0.0058333333333333,NA,"0101000000A4AA09A2EE1954C02A1DACFF73883C40",TRUE,"571_-1607",2018-06-06 07:33:01,NA,FALSE,NA,28.5331,-80.4052,2018-03-20 19:02:39,"130805",NA,"Rachycentron canadum",NA,NA,NA,NA,NA,"UF07","571_-1608","A69-9001-19011",0.0058333333333333,NA,"09d56f05-89a1-4cee-8da8-28ec0737bb76",1.90619874247371,2018
"346",NA,"COBCRP-TT1297","Navy","A69-9001","COBCRP","cobia",FALSE,"Carter Watterson","Carter Waterson",2019-08-19,2019-08-19 05:39:02,2025-02-26,36.7175,-75.834,"Navy",FALSE,0.715231152223037,FALSE,0.0211111111111111,NA,"01010000004C37894160F552C0A4703D0AD75B4240",TRUE,"740_-1522",2021-06-26 11:52:28,NA,FALSE,NA,36.717,-75.826,2019-08-19 05:37:46,"0",NA,"Rachycentron canadum",NA,NA,NA,NA,NA,"SBA 3","734_-1517","A69-9001-7096",0.0211111111111111,NA,"09da8fa8-1a62-4c3e-a937-eef2e42817dc",33.8793703684596,2019
"347",NA,"COBCRP-1253674-2017-06-24","UFRA","A69-9002","COBCRP","cobia",FALSE,"Daryl Parkyn","Daryl Parkyn",2017-07-13,2017-07-13 06:08:18,2025-02-26,28.5759,-80.4805,"UFRA",FALSE,0,FALSE,0.0336111111111111,NA,"0101000000BB44F5D6C01E54C07A7077D66E933C40",TRUE,"570_-1608",2017-11-07 21:55:00,NA,FALSE,NA,28.5759,-80.4805,2017-07-13 06:06:17,"130800",NA,"Rachycentron canadum",NA,NA,NA,"°C",26.5161,"UF02","572_-1610","A69-9002-11154",0.0336111111111111,NA,"09e01645-fe85-4939-89bd-8840d502a37c",0,2017
"348",NA,"COBCRP-TT1297","Navy","A69-9001","COBCRP","cobia",FALSE,"Carter Watterson","Carter Waterson",2019-08-19,2019-08-19 04:26:06,2025-02-26,36.713,-75.818,"Navy",FALSE,2.61431888714495,FALSE,NA,NA,"01010000003108AC1C5AF452C025068195435B4240",TRUE,"740_-1522",2021-06-26 11:52:28,NA,FALSE,NA,36.72,-75.846,NA,"0",NA,"Rachycentron canadum",NA,NA,NA,NA,NA,"SBA 6","734_-1516","A69-9001-7096",10.0263888888889,NA,"09e16301-3607-4aa3-894d-7f4c31c4d3b6",0.260743814758882,2019
"349",NA,"COBCRP-117-20170426","UFRA","A69-9001","COBCRP","cobia",FALSE,"Daryl Parkyn","Daryl Parkyn",2018-03-27,2018-03-27 12:36:00,2025-02-26,28.5704,-80.4447,"UFRA",FALSE,0,FALSE,0.005,NA,"01010000005839B4C8761C54C0E04A766C04923C40",TRUE,"622_-1624",2018-05-11 16:04:03,NA,FALSE,NA,28.5704,-80.4447,2018-03-27 12:35:42,"130793",NA,"Rachycentron canadum",NA,NA,NA,NA,NA,"UF03","571_-1609","A69-9001-19112",0.005,NA,"09e89f10-6550-4365-9fc3-bd5de8ee179e",0,2018
"350",NA,"COBCRP-AT0002","UFRA","A69-9001","COBCRP","cobia",FALSE,"Daryl Parkyn","Daryl Parkyn",2019-01-10,2019-01-10 22:43:00,2025-02-26,28.3955,-80.5054,"UFRA",FALSE,0,FALSE,0.0333333333333333,NA,"0101000000A3AF20CD582054C0B03DB32440653C40",TRUE,"571_-1608",2020-03-13 09:20:00,NA,FALSE,NA,28.3955,-80.5054,2019-01-10 22:41:00,"130777",NA,"Rachycentron canadum",NA,NA,NA,NA,NA,"UF17","568_-1610","A69-9001-15931",0.0333333333333333,NA,"09ea5e13-fee5-4ef5-a7da-28783b2eb564",0,2019
"351",NA,"COBCRP-TT1297","Navy","A69-9001","COBCRP","cobia",FALSE,"Carter Watterson","Carter Waterson",2019-06-07,2019-06-07 00:45:16,2025-02-26,36.9709,-76.1045,"Navy",FALSE,0,FALSE,0.0183333333333333,NA,"0101000000DCDC989EB00653C06A300DC3477C4240",TRUE,"740_-1522",2021-06-26 11:52:28,NA,FALSE,NA,36.9709,-76.1045,2019-06-07 00:44:10,"0",NA,"Rachycentron canadum",NA,NA,NA,NA,NA,"TS7","739_-1522","A69-9001-7096",0.0183333333333333,NA,"09eff12b-1c47-4d31-b47d-5c4b518e3487",0,2019
"352",NA,"COBCRP-97-20171019","UFRA","A69-9001","COBCRP","cobia",FALSE,"Daryl Parkyn","Daryl Parkyn",2018-03-20,2018-03-20 15:52:00,2025-02-26,28.5221,-80.4155,"UFRA",FALSE,0.0097699531839141,FALSE,0.0194444444444444,NA,"0101000000E3C798BB961A54C076E09C11A5853C40",TRUE,"571_-1607",2018-06-06 07:33:01,NA,FALSE,NA,28.5221,-80.4156,2018-03-20 15:50:50,"130803",NA,"Rachycentron canadum",NA,NA,NA,NA,NA,"UF06","570_-1608","A69-9001-19011",0.0194444444444444,NA,"09f42099-fba2-4be8-b06a-8c10eec55054",0.502454735172729,2018
"353",NA,"COBCRP-71-20171019","UNK","A69-9001","COBCRP","cobia",FALSE,NA,NA,2017-05-22,2017-05-22 05:24:00,2020-06-03,32.8602,-79.8937,"UNK",FALSE,0,FALSE,0.0819444444444444,NA,NA,TRUE,"651_-1590",2018-07-18 18:21:27,NA,FALSE,NA,32.8602,-79.8937,2017-05-22 05:19:05,"121654",NA,"Rachycentron canadum",NA,NA,NA,NA,NA,"Coastal- Wando RM 3.5","657_-1598","A69-9001-19063",0.0819444444444444,NA,"09f7c822-711c-478e-8aeb-7a884eb97007",0,2017
"354",NA,"COBCRP-102-20171019","UFRA","A69-9001","COBCRP","cobia",FALSE,"Daryl Parkyn","Daryl Parkyn",2018-10-15,2018-10-15 06:11:00,2025-02-26,28.3987,-80.5495,"UFRA",FALSE,0,FALSE,0.0413888888888888,NA,"0101000000CCB4FD2B2B2354C0033E3F8C10663C40",TRUE,"568_-1611",2019-12-11 00:25:28,NA,TRUE,NA,28.3987,-80.5495,2018-10-15 06:08:31,"130801",NA,"Rachycentron canadum",NA,NA,NA,NA,NA,"UF19","568_-1611","A69-9001-19025",0.0413888888888888,NA,"09fe0fb4-bdbb-456e-9c99-afdd4cae75ee",0,2018
"355",NA,"COBCRP-109-20171019","Kessel","A69-9002","COBCRP","cobia",FALSE,NA,NA,2017-03-15,2017-03-15 17:03:00,2020-05-29,27.0506,-80.0426,"Kessel",FALSE,0,FALSE,0.0211111111111111,NA,NA,TRUE,"542_-1601",2019-06-24 16:46:38,NA,FALSE,NA,27.0506,-80.0426,2017-03-15 17:01:44,"100288",NA,"Rachycentron canadum",NA,NA,NA,NA,NA,"BBHS","541_-1601","A69-9002-11153",0.0211111111111111,NA,"09fede4a-13e3-4827-ab13-a8cf9fac62cb",0,2017
"356",NA,"COBCRP-66-20171019","Elizabeth Miller","A69-9001","COBCRP","cobia",FALSE,NA,NA,2018-12-05,2018-12-05 23:02:00,2020-06-05,32.3861,-80.7813,"Elizabeth Miller",FALSE,0,FALSE,0.0166666666666666,NA,NA,TRUE,"648_-1616",2018-12-05 23:58:00,NA,FALSE,NA,32.3861,-80.7813,2018-12-05 23:01:00,"111679",NA,"Rachycentron canadum",NA,NA,NA,NA,NA,"Mid Broad","648_-1616","A69-9001-19091",0.0166666666666666,NA,"0a0764bd-bd13-4148-9d54-4922f7014868",0,2018
"357",NA,"COBCRP-66-20171019","Elizabeth Miller","A69-9001","COBCRP","cobia",FALSE,NA,NA,2018-05-15,2018-05-15 23:36:00,2020-06-05,32.3861,-80.7813,"Elizabeth Miller",FALSE,0,FALSE,0.0333333333333333,NA,NA,TRUE,"648_-1616",2018-12-05 23:58:00,NA,FALSE,NA,32.3861,-80.7813,2018-05-15 23:34:00,"111679",NA,"Rachycentron canadum",NA,NA,NA,NA,NA,"Mid Broad","648_-1616","A69-9001-19091",0.0333333333333333,NA,"0a101315-4490-47f2-92f4-29e8a4de813a",0,2018
"358",NA,"COBCRP-M5472_AT0172","Navy","A69-9001","COBCRP","cobia",FALSE,"Carter Watterson","Carter Waterson",2019-09-28,2019-09-28 04:22:31,2025-02-26,37.0157,-76.0474,"Navy",FALSE,0,FALSE,0.03,NA,"01010000007E8CB96B090353C07CED992501824240",TRUE,"752_-1527",2020-06-19 15:05:59,NA,FALSE,NA,37.0157,-76.0474,2019-09-28 04:20:43,"0",NA,"Rachycentron canadum",NA,NA,NA,NA,NA,"B11","740_-1521","A69-9001-7176",0.03,NA,"0a12c89e-15cf-461a-a339-33ca392dae9a",0,2019
"359",NA,"COBCRP-0-20171020_redeployments","UFRA","A69-1601","COBCRP","cobia",FALSE,"Daryl Parkyn","Daryl Parkyn",2018-01-12,2018-01-12 12:29:00,2025-02-26,28.5704,-80.4447,"UFRA",FALSE,0,FALSE,0.0333333333333333,NA,"01010000005839B4C8761C54C0E04A766C04923C40",TRUE,"564_-1612",2019-04-07 12:51:34,NA,FALSE,NA,28.5704,-80.4447,2018-01-12 12:27:00,"130789",NA,"Rachycentron canadum",NA,NA,NA,NA,NA,"UF03","571_-1609","A69-1601-54494",0.0333333333333333,NA,"0a162114-40a2-4e38-b58b-6be4dfb18ce3",0,2018
"360",NA,"COBCRP-102-20171019","UFRA","A69-9001","COBCRP","cobia",FALSE,"Daryl Parkyn","Daryl Parkyn",2018-02-20,2018-02-20 19:56:00,2025-02-26,28.4554,-80.4308,"UFRA",FALSE,0,FALSE,0.0166666666666666,NA,"010100000021B07268911B54C0A3409FC893743C40",TRUE,"568_-1611",2019-12-11 00:25:28,NA,FALSE,NA,28.4554,-80.4308,2018-02-20 19:55:00,"130801",NA,"Rachycentron canadum",NA,NA,NA,NA,NA,"UF22","569_-1609","A69-9001-19025",0.0166666666666666,NA,"0a234d12-4858-4ac3-9403-b90a2c2a0192",0,2018
"361",NA,"COBCRP-102-20171019","UFRA","A69-9001","COBCRP","cobia",FALSE,"Daryl Parkyn","Daryl Parkyn",2018-10-19,2018-10-19 19:52:00,2025-02-26,28.3889,-80.4672,"UFRA",FALSE,0.0111194926644299,FALSE,0.0025,NA,"0101000000F57F0EF3E51D54C04165FCFB8C633C40",TRUE,"568_-1611",2019-12-11 00:25:28,NA,FALSE,NA,28.3888,-80.4672,2018-10-19 19:51:51,"130788",NA,"Rachycentron canadum",NA,NA,NA,NA,NA,"UF16","568_-1609","A69-9001-19025",0.0025,NA,"0a242f66-0824-4392-9d37-439c265aadec",4.44779706577198,2018
"362",NA,"COBCRP-97-20171019","UFRA","A69-9001","COBCRP","cobia",FALSE,"Daryl Parkyn","Daryl Parkyn",2017-05-07,2017-05-07 12:13:00,2025-02-26,28.5575,-80.4208,"UFRA",FALSE,0,FALSE,0.0166666666666666,NA,"0101000000F71E2E39EE1A54C01F85EB51B88E3C40",TRUE,"571_-1607",2018-06-06 07:33:01,NA,FALSE,NA,28.5575,-80.4208,2017-05-07 12:12:00,"130779",NA,"Rachycentron canadum",NA,NA,NA,NA,NA,"UF05","571_-1608","A69-9001-19011",0.0166666666666666,NA,"0a2e43a8-64bb-4e29-a42d-102d6607292c",0,2017
"363",NA,"COBCRP-102-20171019","UFRA","A69-9001","COBCRP","cobia",FALSE,"Daryl Parkyn","Daryl Parkyn",2018-10-11,2018-10-11 17:57:00,2025-02-26,28.4554,-80.4308,"UFRA",FALSE,0,FALSE,0.0333333333333333,NA,"010100000021B07268911B54C0A3409FC893743C40",TRUE,"568_-1611",2019-12-11 00:25:28,NA,FALSE,NA,28.4554,-80.4308,2018-10-11 17:55:00,"130804",NA,"Rachycentron canadum",NA,NA,NA,NA,NA,"UF22","569_-1609","A69-9001-19025",0.0333333333333333,NA,"0a33ba9e-2e49-4d1e-911c-bb8bff0d5270",0,2018
"364",NA,"COBCRP-97-20171019","UFRA","A69-9001","COBCRP","cobia",FALSE,"Daryl Parkyn","Daryl Parkyn",2017-06-27,2017-06-27 02:34:00,2025-02-26,28.447,-80.4177,"UFRA",FALSE,5.49542681252832,TRUE,51.5,NA,"0101000000B8239C16BC1A54C0DF4F8D976E723C40",TRUE,"571_-1607",2018-06-06 07:33:01,NA,FALSE,NA,28.3979,-80.4241,2017-06-24 23:04:00,"130797",NA,"Rachycentron canadum",NA,NA,NA,NA,NA,"UF23","569_-1608","A69-9001-19011",23.4616666666667,NA,"0a3c17ab-e55b-4fe5-8a3a-a6710a616eec",0.234230026818,2017
"365",NA,"COBCRP-66-20171019","Elizabeth Miller","A69-9001","COBCRP","cobia",FALSE,NA,NA,2018-11-05,2018-11-05 21:37:00,2020-06-05,32.3861,-80.7813,"Elizabeth Miller",FALSE,0,FALSE,0.0166666666666666,NA,NA,TRUE,"648_-1616",2018-12-05 23:58:00,NA,FALSE,NA,32.3861,-80.7813,2018-11-05 21:36:00,"111679",NA,"Rachycentron canadum",NA,NA,NA,NA,NA,"Mid Broad","648_-1616","A69-9001-19091",0.0166666666666666,NA,"0a4a99aa-29e2-4a3c-911d-d93d1497bdad",0,2018
"366",NA,"COBCRP-0-20171020_redeployments","UFRA","A69-1601","COBCRP","cobia",FALSE,"Daryl Parkyn","Daryl Parkyn",2018-04-14,2018-04-14 17:39:00,2025-02-26,28.5704,-80.4447,"UFRA",FALSE,0,FALSE,0.0058333333333333,NA,"01010000005839B4C8761C54C0E04A766C04923C40",TRUE,"564_-1612",2019-04-07 12:51:34,NA,FALSE,NA,28.5704,-80.4447,2018-04-14 17:38:39,"130793",NA,"Rachycentron canadum",NA,NA,NA,NA,NA,"UF03","571_-1609","A69-1601-54494",0.0058333333333333,NA,"0a517ed5-b813-4e87-918b-bd67ac08025d",0,2018
"367",NA,"COBCRP-102-20171019","UFRA","A69-9001","COBCRP","cobia",FALSE,"Daryl Parkyn","Daryl Parkyn",2018-10-16,2018-10-16 05:35:00,2025-02-26,28.3911,-80.5206,"UFRA",FALSE,0.0111194926644299,FALSE,0.0152777777777777,NA,"01010000001DFE9AAC512154C0077C7E1821643C40",TRUE,"568_-1611",2019-12-11 00:25:28,NA,FALSE,NA,28.3912,-80.5206,2018-10-16 05:34:05,"130799",NA,"Rachycentron canadum",NA,NA,NA,NA,NA,"UF18","568_-1610","A69-9001-19025",0.0152777777777777,NA,"0a568508-6e32-4e57-9bcf-af53c9639237",0.727821338035415,2018
"368",NA,"COBCRP-102-20171019","UFRA","A69-9001","COBCRP","cobia",FALSE,"Daryl Parkyn","Daryl Parkyn",2017-10-16,2017-10-16 06:42:18,2025-02-26,28.4554,-80.4308,"UFRA",FALSE,0,FALSE,0.0119444444444444,NA,"0101000000448655BC911B54C0BFF1B56796743C40",TRUE,"568_-1611",2019-12-11 00:25:28,NA,FALSE,NA,28.4554,-80.4308,2017-10-16 06:41:35,"130776",NA,"Rachycentron canadum",NA,NA,NA,NA,NA,"UF22","569_-1609","A69-9001-19025",0.0119444444444444,NA,"0a5ecd80-c09f-4a7d-a921-fab202de56af",0,2017
"369",NA,"COBCRP-102-20171019","UFRA","A69-9001","COBCRP","cobia",FALSE,"Daryl Parkyn","Daryl Parkyn",2018-12-29,2018-12-29 21:57:00,2025-02-26,28.4674,-80.4225,"UFRA",FALSE,0,FALSE,0.0058333333333333,NA,"010100000090F7AA95091B54C0AC21718FA5773C40",TRUE,"568_-1611",2019-12-11 00:25:28,NA,FALSE,NA,28.4674,-80.4225,2018-12-29 21:56:39,"130803",NA,"Rachycentron canadum",NA,NA,NA,NA,NA,"UF21","569_-1608","A69-9001-19025",0.0058333333333333,NA,"0a625f99-56f1-43a1-835b-5d4a25c8dfac",0,2018
"370",NA,"COBCRP-66-20171019","Elizabeth Miller","A69-9001","COBCRP","cobia",FALSE,NA,NA,2018-11-05,2018-11-05 23:34:00,2020-06-05,32.3861,-80.7813,"Elizabeth Miller",FALSE,0,FALSE,0.0333333333333333,NA,NA,TRUE,"648_-1616",2018-12-05 23:58:00,NA,FALSE,NA,32.3861,-80.7813,2018-11-05 23:32:00,"111679",NA,"Rachycentron canadum",NA,NA,NA,NA,NA,"Mid Broad","648_-1616","A69-9001-19091",0.0333333333333333,NA,"0a697d47-565c-454c-a88b-503ff3712358",0,2018
"371",NA,"COBCRP-1253674-2017-06-24","UFRA","A69-9002","COBCRP","cobia",FALSE,"Daryl Parkyn","Daryl Parkyn",2017-07-13,2017-07-13 07:13:44,2025-02-26,28.5884,-80.4894,"UFRA",FALSE,0,FALSE,0,NA,"01010000009AEB34D2521F54C082A8FB00A4963C40",TRUE,"570_-1608",2017-11-07 21:55:00,NA,FALSE,NA,28.5884,-80.4894,2017-07-13 07:13:44,"130802",NA,"Rachycentron canadum",NA,NA,NA,"°C",26.2023,"UF01","572_-1610","A69-9002-11154",0,NA,"0a6a46ff-a5ee-4840-84bf-3798371d937f",NA,2017
"372",NA,"COBCRP-102-20171019","UFRA","A69-9001","COBCRP","cobia",FALSE,"Daryl Parkyn","Daryl Parkyn",2019-12-01,2019-12-01 05:06:00,2025-02-26,28.3987,-80.5495,"UFRA",FALSE,0,FALSE,0.0166666666666666,NA,"0101000000CCB4FD2B2B2354C0033E3F8C10663C40",TRUE,"568_-1611",2019-12-11 00:25:28,NA,TRUE,NA,28.3987,-80.5495,2019-12-01 05:05:00,"130799",NA,"Rachycentron canadum",NA,NA,NA,NA,NA,"UF19","568_-1611","A69-9001-19025",0.0166666666666666,NA,"0a6f3b49-9219-42ab-a7f7-1a65d64161fc",0,2019
"373",NA,"COBCRP-M5310_AT0012","UFRA","A69-9002","COBCRP","cobia",FALSE,"Daryl Parkyn","Daryl Parkyn",2019-11-04,2019-11-04 07:44:00,2025-02-26,28.5884,-80.4894,"UFRA",FALSE,0,FALSE,0.05,NA,"01010000009AEB34D2521F54C082A8FB00A4963C40",TRUE,"587_-1604",2022-05-09 03:35:30,NA,FALSE,NA,28.5884,-80.4894,2019-11-04 07:41:00,"130798",NA,"Rachycentron canadum",NA,NA,NA,"ADC",152,"UF01","572_-1610","A69-9002-11156",0.05,NA,"0a709bbe-d153-4f5d-8512-f043b563eb93",0,2019
"374",NA,"COBCRP-85-20171019","Kessel","A69-9001","COBCRP","cobia",FALSE,NA,NA,2016-09-27,2016-09-27 03:03:00,2020-05-29,26.9791,-80.0243,"Kessel",FALSE,0,FALSE,0.0166666666666666,NA,NA,TRUE,"541_-1601",2017-11-01 16:02:00,NA,FALSE,NA,26.9791,-80.0243,2016-09-27 03:02:00,"102308",NA,"Rachycentron canadum",NA,NA,NA,NA,NA,"BBMGE","540_-1600","A69-9001-19013",0.0166666666666666,NA,"0a788deb-5436-40a4-b3b2-7cdbe100a88c",0,2016
"375",NA,"COBCRP-M5310_AT0012","UFRA","A69-9002","COBCRP","cobia",FALSE,"Daryl Parkyn","Daryl Parkyn",2019-07-04,2019-07-04 15:41:00,2025-02-26,28.5763,-80.4805,"UFRA",FALSE,0,FALSE,0.0333333333333333,NA,"0101000000F085C954C11E54C07AAA436E86933C40",TRUE,"587_-1604",2022-05-09 03:35:30,NA,FALSE,NA,28.5763,-80.4805,2019-07-04 15:39:00,"130792",NA,"Rachycentron canadum",NA,NA,NA,"ADC",144,"UF02","572_-1610","A69-9002-11156",0.0333333333333333,NA,"0a7a772b-aec2-46f4-9457-306590d22261",0,2019
"376",NA,"COBCRP-TT1297","navy_windfarm","A69-9001","COBCRP","cobia",FALSE,"Christian Hager","Christian Hager",2019-08-19,2019-08-19 11:35:00,2025-02-26,36.709,-75.8344,"Navy",FALSE,0.0111194926640349,FALSE,0.0208333333333333,NA,"010100000013F241CF66F552C0986E1283C05A4240",TRUE,"740_-1522",2021-06-26 11:52:28,NA,FALSE,NA,36.7091,-75.8344,2019-08-19 11:33:45,"547044",NA,"Rachycentron canadum",NA,NA,NA,NA,NA,"Boem 10","734_-1517","A69-9001-7096",0.0208333333333333,NA,"0a864bcf-3ef1-42cb-92ef-0adfd8e769d3",0.533735647873676,2019
"377",NA,"COBCRP-97-20171019","UFRA","A69-9001","COBCRP","cobia",FALSE,"Daryl Parkyn","Daryl Parkyn",2018-03-20,2018-03-20 17:54:00,2025-02-26,28.533,-80.4052,"UFRA",FALSE,0,FALSE,0.0166666666666666,NA,"0101000000A4AA09A2EE1954C02A1DACFF73883C40",TRUE,"571_-1607",2018-06-06 07:33:01,NA,FALSE,NA,28.533,-80.4052,2018-03-20 17:53:00,"130805",NA,"Rachycentron canadum",NA,NA,NA,NA,NA,"UF07","571_-1608","A69-9001-19011",0.0166666666666666,NA,"0a8f37f0-c9a2-4455-8f31-7468211a060d",0,2018
"378",NA,"COBCRP-102-20171019","Glider","A69-9001","COBCRP","cobia",FALSE,NA,NA,2018-03-20,2018-03-20 17:20:00,2020-05-29,28.3482,-80.4089,"Glider",FALSE,0.0313933144309009,FALSE,0.0008333333333333,NA,NA,TRUE,"568_-1611",2019-12-11 00:25:28,NA,FALSE,NA,28.3481,-80.4092,2018-03-20 17:19:57,"1196241",NA,"Rachycentron canadum",NA,NA,NA,NA,NA,"BOEM Wave Glider","567_-1608","A69-9001-19025",0.0008333333333333,NA,"0a9188db-e190-49b2-9db4-10a11bec14de",37.6719773170811,2018
"379",NA,"COBCRP-0-20171020_redeployments","UFRA","A69-1601","COBCRP","cobia",FALSE,"Daryl Parkyn","Daryl Parkyn",2018-10-18,2018-10-18 07:41:00,2025-02-26,28.429,-80.4164,"UFRA",FALSE,0,FALSE,0.0333333333333333,NA,"010100000046425BCEA51A54C0A04FE449D26D3C40",TRUE,"564_-1612",2019-04-07 12:51:34,NA,FALSE,NA,28.429,-80.4164,2018-10-18 07:39:00,"130791",NA,"Rachycentron canadum",NA,NA,NA,NA,NA,"UF11","569_-1608","A69-1601-54494",0.0333333333333333,NA,"0a95bf37-ff13-44e2-93a9-60c146f6fbf1",0,2018
"380",NA,"COBCRP-85-20171019","Kessel","A69-9001","COBCRP","cobia",FALSE,NA,NA,2016-10-13,2016-10-13 08:33:00,2020-05-29,26.9901,-80.025,"Kessel",FALSE,0,FALSE,0.0116666666666666,NA,NA,TRUE,"541_-1601",2017-11-01 16:02:00,NA,FALSE,NA,26.9901,-80.025,2016-10-13 08:32:18,"102608",NA,"Rachycentron canadum",NA,NA,NA,NA,NA,"BBPTR","540_-1600","A69-9001-19013",0.0116666666666666,NA,"0a9becfb-7ad6-4849-bbb0-8e109d925f6b",0,2016
"381",NA,"COBCRP-102-20171019","UFRA","A69-9001","COBCRP","cobia",FALSE,"Daryl Parkyn","Daryl Parkyn",2018-02-20,2018-02-20 11:47:00,2025-02-26,28.4554,-80.4308,"UFRA",FALSE,0,FALSE,0.0133333333333333,NA,"010100000021B07268911B54C0A3409FC893743C40",TRUE,"568_-1611",2019-12-11 00:25:28,NA,FALSE,NA,28.4554,-80.4308,2018-02-20 11:46:12,"130801",NA,"Rachycentron canadum",NA,NA,NA,NA,NA,"UF22","569_-1609","A69-9001-19025",0.0133333333333333,NA,"0abdcdc7-1f8f-4a88-aea3-ba9b3c602faa",0,2018
"382",NA,"COBCRP-TT1297","Navy","A69-9001","COBCRP","cobia",FALSE,"Carter Watterson","Carter Waterson",2019-06-27,2019-06-27 11:43:45,2025-02-26,36.9678,-76.1676,"Navy",FALSE,0,FALSE,0.0222222222222222,NA,"01010000008907944DB90A53C016359886E17B4240",TRUE,"740_-1522",2021-06-26 11:52:28,NA,FALSE,NA,36.9678,-76.1676,2019-06-27 11:42:25,"0",NA,"Rachycentron canadum",NA,NA,NA,NA,NA,"LC1","739_-1523","A69-9001-7096",0.0222222222222222,NA,"0ac111d7-880a-41ae-b24e-22918fed871c",0,2019
"383",NA,"COBCRP-M5464_AT0164-2018-05-25","UFRA","A69-9001","COBCRP","cobia",FALSE,"Daryl Parkyn","Daryl Parkyn",2018-12-14,2018-12-14 09:19:00,2025-02-26,28.5221,-80.4155,"UFRA",FALSE,0.0097699531839141,FALSE,0.0188888888888888,NA,"0101000000E3C798BB961A54C076E09C11A5853C40",TRUE,"573_-1610",2019-06-01 13:42:35,NA,FALSE,NA,28.5221,-80.4156,2018-12-14 09:17:52,"130792",NA,"Rachycentron canadum",NA,NA,NA,NA,NA,"UF06","570_-1608","A69-9001-19122",0.0188888888888888,NA,"0ac1bdb8-8454-47ae-a167-2fdb0b2b5af3",0.517232815618986,2018
"384",NA,"COBCRP-102-20171019","UFRA","A69-9001","COBCRP","cobia",FALSE,"Daryl Parkyn","Daryl Parkyn",2018-11-23,2018-11-23 18:20:00,2025-02-26,28.3889,-80.4672,"UFRA",FALSE,0.0111194926644299,FALSE,0.0397222222222222,NA,"0101000000F57F0EF3E51D54C04165FCFB8C633C40",TRUE,"568_-1611",2019-12-11 00:25:28,NA,FALSE,NA,28.3888,-80.4672,2018-11-23 18:17:37,"130788",NA,"Rachycentron canadum",NA,NA,NA,NA,NA,"UF16","568_-1609","A69-9001-19025",0.0397222222222222,NA,"0ad2daf2-d63b-47a6-89b7-33759a892861",0.279931283859775,2018
"385",NA,"COBCRP-TT1297","Navy","A69-9001","COBCRP","cobia",FALSE,"Carter Watterson","Carter Waterson",2019-11-07,2019-11-07 12:11:16,2025-02-26,36.9552,-76.0128,"Navy",FALSE,0,FALSE,0.0202777777777777,NA,"0101000000AC174339D10053C0183E22A6447A4240",TRUE,"740_-1522",2021-06-26 11:52:28,NA,FALSE,NA,36.9552,-76.0128,2019-11-07 12:10:03,"0",NA,"Rachycentron canadum",NA,NA,NA,NA,NA,"2CH off henry","739_-1520","A69-9001-7096",0.0202777777777777,NA,"0adda9ab-8be8-4c38-9928-45b3d98e7d0b",0,2019
"386",NA,"COBCRP-97-20171019","UFRA","A69-9001","COBCRP","cobia",FALSE,"Daryl Parkyn","Daryl Parkyn",2017-06-24,2017-06-24 02:27:00,2025-02-26,28.447,-80.4177,"UFRA",FALSE,0.0242932118866669,FALSE,0.0316666666666666,NA,"0101000000B8239C16BC1A54C0DF4F8D976E723C40",TRUE,"571_-1607",2018-06-06 07:33:01,NA,FALSE,NA,28.4472,-80.4178,2017-06-24 02:25:06,"130797",NA,"Rachycentron canadum",NA,NA,NA,NA,NA,"UF23","569_-1608","A69-9001-19011",0.0316666666666666,NA,"0adf50c6-4df8-4b34-85bf-da799d3182c0",0.767154059578957,2017
"387",NA,"COBCRP-1253674-2017-06-24","UFRA","A69-9002","COBCRP","cobia",FALSE,"Daryl Parkyn","Daryl Parkyn",2017-06-26,2017-06-26 16:47:00,2025-02-26,28.5575,-80.4208,"UFRA",FALSE,0.0386566734749517,FALSE,0.0191666666666666,NA,"0101000000F71E2E39EE1A54C01F85EB51B88E3C40",TRUE,"570_-1608",2017-11-07 21:55:00,NA,FALSE,NA,28.5578,-80.4206,2017-06-26 16:45:51,"130779",NA,"Rachycentron canadum",NA,NA,NA,"ADC",156,"UF05","571_-1608","A69-9002-11154",0.0191666666666666,NA,"0ae1935f-09d8-45ae-b7d7-6e8c3654bef9",2.01686992043227,2017
"388",NA,"COBCRP-M5472_AT0172","Navy","A69-9001","COBCRP","cobia",FALSE,"Carter Watterson","Carter Waterson",2019-07-23,2019-07-23 14:57:43,2025-02-26,37.0887,-75.9878,"Navy",FALSE,0,FALSE,0.0225,NA,"0101000000906B43C538FF52C0481630815B8B4240",TRUE,"752_-1527",2020-06-19 15:05:59,NA,FALSE,NA,37.0887,-75.9878,2019-07-23 14:56:22,"0",NA,"Rachycentron canadum",NA,NA,NA,NA,NA,"CBBT1","742_-1520","A69-9001-7176",0.0225,NA,"0ae6ecc8-85df-4582-befa-659d9540b238",0,2019
"389",NA,"COBCRP-102-20171019","UFRA","A69-9001","COBCRP","cobia",FALSE,"Daryl Parkyn","Daryl Parkyn",2017-10-24,2017-10-24 11:08:57,2025-02-26,28.5802,-80.4369,"UFRA",FALSE,0,FALSE,0.0022222222222222,NA,"01010000001D9430D3F61B54C0317C444C89943C40",TRUE,"568_-1611",2019-12-11 00:25:28,NA,FALSE,NA,28.5802,-80.4369,2017-10-24 11:08:49,"130804",NA,"Rachycentron canadum",NA,NA,NA,NA,NA,"UF04","572_-1609","A69-9001-19025",0.0022222222222222,NA,"0ae77a01-4034-4e0c-89df-7260a667f68c",0,2017
"390",NA,"COBCRP-66-20171019","Elizabeth Miller","A69-9001","COBCRP","cobia",FALSE,NA,NA,2018-05-20,2018-05-20 02:25:00,2020-06-05,32.3861,-80.7813,"Elizabeth Miller",FALSE,0,FALSE,0.0666666666666666,NA,NA,TRUE,"648_-1616",2018-12-05 23:58:00,NA,FALSE,NA,32.3861,-80.7813,2018-05-20 02:21:00,"111679",NA,"Rachycentron canadum",NA,NA,NA,NA,NA,"Mid Broad","648_-1616","A69-9001-19091",0.0666666666666666,NA,"0af9f966-6c93-4490-9d61-3146a37387ea",0,2018
"391",NA,"COBCRP-24-20171019","Navy","A69-9001","COBCRP","cobia",FALSE,"Carter Watterson","Carter Waterson",2016-05-09,2016-05-09 02:46:54,2025-02-26,36.8586,-75.8485,"Navy",FALSE,0,FALSE,0.0327777777777777,NA,"0101000000FCA9F1D24DF652C0CB845FEAE76D4240",TRUE,"742_-1520",2017-06-06 09:43:57,NA,FALSE,NA,36.8586,-75.8485,2016-05-09 02:44:56,"0",NA,"Rachycentron canadum",NA,NA,NA,NA,NA,"CB7","737_-1517","A69-9001-19032",0.0327777777777777,NA,"0afdbe33-e4bd-4819-a833-f5778b996e91",0,2016
"392",NA,"COBCRP-0-20171020_redeployments","UFRA","A69-1601","COBCRP","cobia",FALSE,"Daryl Parkyn","Daryl Parkyn",2018-10-17,2018-10-17 15:14:00,2025-02-26,28.447,-80.4177,"UFRA",FALSE,0.0242932118866669,FALSE,0.0433333333333333,NA,"0101000000B8239C16BC1A54C0DF4F8D976E723C40",TRUE,"564_-1612",2019-04-07 12:51:34,NA,FALSE,NA,28.4472,-80.4178,2018-10-17 15:11:24,"130781",NA,"Rachycentron canadum",NA,NA,NA,NA,NA,"UF23","569_-1608","A69-1601-54494",0.0433333333333333,NA,"0b06f2d6-59e3-4798-a8be-fe9991d5a4e7",0.560612582000007,2018
"393",NA,"COBCRP-M5312_AT0013","Navy","A69-9001","COBCRP","cobia",FALSE,"Carter Watterson","Carter Waterson",2019-05-21,2019-05-21 19:52:17,2025-02-26,36.9328,-76.1608,"Navy",FALSE,0.613016531235399,FALSE,0.0091666666666666,NA,"010100000087E123624A0A53C0018750A566774240",TRUE,"736_-1514",2020-12-07 21:32:24,NA,FALSE,NA,36.9312,-76.1542,2019-05-21 19:51:44,"0",NA,"Rachycentron canadum",NA,NA,NA,NA,NA,"ELCAS 21","739_-1523","A69-9001-19008",0.0091666666666666,NA,"0b0c4e45-54eb-4730-93f1-fd07fd85d701",66.8745306802253,2019
"394",NA,"COBCRP-102-20171019","UFRA","A69-9001","COBCRP","cobia",FALSE,"Daryl Parkyn","Daryl Parkyn",2018-10-27,2018-10-27 03:07:00,2025-02-26,28.4674,-80.4225,"UFRA",FALSE,0,FALSE,0.0661111111111111,NA,"010100000090F7AA95091B54C0AC21718FA5773C40",TRUE,"568_-1611",2019-12-11 00:25:28,NA,FALSE,NA,28.4674,-80.4225,2018-10-27 03:03:02,"130776",NA,"Rachycentron canadum",NA,NA,NA,NA,NA,"UF21","569_-1608","A69-9001-19025",0.0661111111111111,NA,"0b1a04de-7b78-4357-aa37-1b529c9a3a44",0,2018
"395",NA,"COBCRP-10-20171019","Kessel","A69-1601","COBCRP","cobia",FALSE,NA,NA,2017-03-21,2017-03-21 04:25:00,2020-05-29,26.9791,-80.0243,"Kessel",FALSE,0,FALSE,0.0333333333333333,NA,NA,TRUE,"570_-1607",2017-12-01 19:19:07,NA,FALSE,NA,26.9791,-80.0243,2017-03-21 04:23:00,"113073",NA,"Rachycentron canadum",NA,NA,NA,NA,NA,"BBMGW","540_-1600","A69-1601-54488",0.0333333333333333,NA,"0b2a4100-9862-4f8f-9e5f-f6ec3899893f",0,2017
"396",NA,"COBCRP-TT1297","Navy","A69-9001","COBCRP","cobia",FALSE,"Carter Watterson","Carter Waterson",2019-09-13,2019-09-13 02:16:41,2025-02-26,36.8338,-75.89,"Navy",FALSE,0,FALSE,0.0188888888888888,NA,"01010000000686AC6EF5F852C05F0CE544BB6A4240",TRUE,"740_-1522",2021-06-26 11:52:28,NA,FALSE,NA,36.8338,-75.89,2019-09-13 02:15:33,"0",NA,"Rachycentron canadum",NA,NA,NA,NA,NA,"RA","737_-1518","A69-9001-7096",0.0188888888888888,NA,"0b33a77a-6765-4cd3-b804-beb4ba46922d",0,2019
"397",NA,"COBCRP-71-20171019","UNK","A69-9001","COBCRP","cobia",FALSE,NA,NA,2017-02-06,2017-02-06 03:54:00,2020-06-03,32.8602,-79.8937,"UNK",FALSE,0,FALSE,0.0666666666666666,NA,NA,TRUE,"651_-1590",2018-07-18 18:21:27,NA,FALSE,NA,32.8602,-79.8937,2017-02-06 03:50:00,"121654",NA,"Rachycentron canadum",NA,NA,NA,NA,NA,"Coastal- Wando RM 3.5","657_-1598","A69-9001-19063",0.0666666666666666,NA,"0b5c5c6f-0a80-479e-9cbd-75a60e5ea9c8",0,2017
"398",NA,"COBCRP-102-20171019","UFRA","A69-9001","COBCRP","cobia",FALSE,"Daryl Parkyn","Daryl Parkyn",2018-02-13,2018-02-13 01:14:00,2025-02-26,28.4674,-80.4225,"UFRA",FALSE,0,FALSE,0.0394444444444444,NA,"010100000090F7AA95091B54C0AC21718FA5773C40",TRUE,"568_-1611",2019-12-11 00:25:28,NA,FALSE,NA,28.4674,-80.4225,2018-02-13 01:11:38,"130800",NA,"Rachycentron canadum",NA,NA,NA,NA,NA,"UF21","569_-1608","A69-9001-19025",0.0394444444444444,NA,"0b648c99-939e-45e1-bfba-58123f92748f",0,2018
"399",NA,"COBCRP-102-20171019","UFRA","A69-9001","COBCRP","cobia",FALSE,"Daryl Parkyn","Daryl Parkyn",2018-02-22,2018-02-22 12:59:00,2025-02-26,28.3888,-80.4672,"UFRA",FALSE,0,FALSE,0.0166666666666666,NA,"0101000000E4141DC9E51D54C0C156091687633C40",TRUE,"568_-1611",2019-12-11 00:25:28,NA,FALSE,NA,28.3888,-80.4672,2018-02-22 12:58:00,"130787",NA,"Rachycentron canadum",NA,NA,NA,NA,NA,"UF16","568_-1609","A69-9001-19025",0.0166666666666666,NA,"0b6a2366-19cb-4bda-a56e-2f4b17a79be8",0,2018
"400",NA,"COBCRP-130-20171019","UFRA","A69-9001","COBCRP","cobia",FALSE,"Daryl Parkyn","Daryl Parkyn",2018-08-18,2018-08-18 17:42:00,2025-02-26,28.5704,-80.4447,"UFRA",FALSE,0,FALSE,0.0333333333333333,NA,"01010000005839B4C8761C54C0E04A766C04923C40",TRUE,"574_-1609",2019-05-22 18:31:53,NA,FALSE,NA,28.5704,-80.4447,2018-08-18 17:40:00,"130800",NA,"Rachycentron canadum",NA,NA,NA,NA,NA,"UF03","571_-1609","A69-9001-23438",0.0333333333333333,NA,"0b6b5156-09d1-47dc-8310-507ad9135113",0,2018
"401",NA,"COBCRP-TT1297","Navy","A69-9001","COBCRP","cobia",FALSE,"Carter Watterson","Carter Waterson",2020-07-18,2020-07-18 14:52:38,2025-02-26,36.8259,-75.8504,"Navy",FALSE,0,FALSE,0.0286111111111111,NA,"010100000075CDE49B6DF652C068B3EA73B5694240",TRUE,"740_-1522",2021-06-26 11:52:28,NA,FALSE,NA,36.8259,-75.8504,2020-07-18 14:50:55,"0",NA,"Rachycentron canadum",NA,NA,NA,NA,NA,"RAOutside","737_-1517","A69-9001-7096",0.0286111111111111,NA,"0b73018b-8dcc-4863-b451-b90cd292f5a3",0,2020
"402",NA,"COBCRP-102-20171019","UFRA","A69-9001","COBCRP","cobia",FALSE,"Daryl Parkyn","Daryl Parkyn",2018-08-12,2018-08-12 06:46:00,2025-02-26,28.3955,-80.5054,"UFRA",FALSE,0,FALSE,0.1,NA,"0101000000A3AF20CD582054C0B03DB32440653C40",TRUE,"568_-1611",2019-12-11 00:25:28,NA,FALSE,NA,28.3955,-80.5054,2018-08-12 06:40:00,"130787",NA,"Rachycentron canadum",NA,NA,NA,NA,NA,"UF17","568_-1610","A69-9001-19025",0.1,NA,"0b7d3e6f-d72f-4ef5-a24b-b526a32cbf04",0,2018
"403",NA,"COBCRP-NASA1564","Navy","A69-9001","COBCRP","cobia",FALSE,"Carter Watterson","Carter Waterson",2019-09-29,2019-09-29 10:14:51,2025-02-26,36.9399,-75.8733,"Navy",FALSE,11.0886668516235,TRUE,1205.89388888889,NA,"01010000000F10CCD1E3F752C078978BF84E784240",TRUE,"685_-1531",2022-11-23 02:05:00,NA,FALSE,NA,36.8475,-75.8264,2019-08-10 04:21:13,"0",NA,"Rachycentron canadum",NA,NA,NA,NA,NA,"NCC","739_-1517","A69-9001-13161",16.2530555555556,NA,"0b8cbad3-ba10-4207-9d7d-059c3e77c4a4",0.682251212008759,2019
"404",NA,"COBCRP-66-20171019","Elizabeth Miller","A69-9001","COBCRP","cobia",FALSE,NA,NA,2018-04-29,2018-04-29 22:30:00,2020-06-05,32.3861,-80.7813,"Elizabeth Miller",FALSE,0,FALSE,0.0333333333333333,NA,NA,TRUE,"648_-1616",2018-12-05 23:58:00,NA,FALSE,NA,32.3861,-80.7813,2018-04-29 22:28:00,"111679",NA,"Rachycentron canadum",NA,NA,NA,NA,NA,"Mid Broad","648_-1616","A69-9001-19091",0.0333333333333333,NA,"0b8e7faf-69b6-4d83-b1b2-b538e63963a5",0,2018
"405",NA,"COBCRP-0-20171020_redeployments","UFRA","A69-1601","COBCRP","cobia",FALSE,"Daryl Parkyn","Daryl Parkyn",2018-11-18,2018-11-18 11:23:00,2025-02-26,28.4554,-80.4308,"UFRA",FALSE,0,FALSE,0.0144444444444444,NA,"010100000021B07268911B54C0A3409FC893743C40",TRUE,"564_-1612",2019-04-07 12:51:34,NA,FALSE,NA,28.4554,-80.4308,2018-11-18 11:22:08,"130804",NA,"Rachycentron canadum",NA,NA,NA,NA,NA,"UF22","569_-1609","A69-1601-54494",0.0144444444444444,NA,"0b936093-776f-44b5-8ec1-b4aed8b3de12",0,2018
"406",NA,"COBCRP-106-20171019","UFRA","A69-9001","COBCRP","cobia",FALSE,"Daryl Parkyn","Daryl Parkyn",2017-02-06,2017-02-06 02:54:00,2025-02-26,28.533,-80.4052,"UFRA",FALSE,0,FALSE,0.0333333333333333,NA,"0101000000A4AA09A2EE1954C02A1DACFF73883C40",TRUE,"574_-1609",2017-07-21 20:08:19,NA,FALSE,NA,28.533,-80.4052,2017-02-06 02:52:00,"130781",NA,"Rachycentron canadum",NA,NA,NA,NA,NA,"UF07","571_-1608","A69-9001-19016",0.0333333333333333,NA,"0b9b210c-dba1-4a14-af66-079cc1f01238",0,2017
"407",NA,"COBCRP-102-20171019","UFRA","A69-9001","COBCRP","cobia",FALSE,"Daryl Parkyn","Daryl Parkyn",2018-02-20,2018-02-20 20:15:00,2025-02-26,28.4554,-80.4308,"UFRA",FALSE,0,FALSE,0.0125,NA,"010100000021B07268911B54C0A3409FC893743C40",TRUE,"568_-1611",2019-12-11 00:25:28,NA,FALSE,NA,28.4554,-80.4308,2018-02-20 20:14:15,"130801",NA,"Rachycentron canadum",NA,NA,NA,NA,NA,"UF22","569_-1609","A69-9001-19025",0.0125,NA,"0ba5351b-d596-4837-9341-355be6023f86",0,2018
"408",NA,"COBCRP-24-20171019","Navy","A69-9001","COBCRP","cobia",FALSE,"Carter Watterson","Carter Waterson",2016-09-29,2016-09-29 06:01:14,2025-02-26,36.9642,-76.0783,"Navy",FALSE,0,FALSE,0.0222222222222222,NA,"0101000000DAA7E331030553C0AC90F2936A7B4240",TRUE,"742_-1520",2017-06-06 09:43:57,NA,FALSE,NA,36.9642,-76.0783,2016-09-29 05:59:54,"0",NA,"Rachycentron canadum",NA,NA,NA,NA,NA,"TS5","739_-1522","A69-9001-19032",0.0222222222222222,NA,"0baf08da-228b-4b26-bad3-9380901f9ccb",0,2016
"409",NA,"COBCRP-102-20171019","UFRA","A69-9001","COBCRP","cobia",FALSE,"Daryl Parkyn","Daryl Parkyn",2018-10-17,2018-10-17 21:54:00,2025-02-26,28.447,-80.4177,"UFRA",FALSE,0.0242932118866669,FALSE,0.0241666666666666,NA,"0101000000B8239C16BC1A54C0DF4F8D976E723C40",TRUE,"568_-1611",2019-12-11 00:25:28,NA,FALSE,NA,28.4472,-80.4178,2018-10-17 21:52:33,"130781",NA,"Rachycentron canadum",NA,NA,NA,NA,NA,"UF23","569_-1608","A69-9001-19025",0.0241666666666666,NA,"0bb6ffe2-d55c-4f32-9259-1be2b521e120",1.00523635393105,2018
"410",NA,"COBCRP-AT0071","UFRA","A69-9002","COBCRP","cobia",FALSE,"Daryl Parkyn","Daryl Parkyn",2019-05-28,2019-05-28 01:13:00,2025-02-26,28.5582,-80.4369,"UFRA",FALSE,0,FALSE,0.0333333333333333,NA,"01010000001D9430D3F61B54C01EF98381E78E3C40",TRUE,"569_-1609",2020-02-14 06:03:34,NA,FALSE,NA,28.5582,-80.4369,2019-05-28 01:11:00,"130785",NA,"Rachycentron canadum",NA,NA,NA,"ADC",176,"UF04","571_-1609","A69-9002-5757",0.0333333333333333,NA,"0bbe1ccb-c758-456e-8446-ff3b8655dc41",0,2019
"411",NA,"COBCRP-1253674-2017-06-24","UFRA","A69-9002","COBCRP","cobia",FALSE,"Daryl Parkyn","Daryl Parkyn",2017-07-13,2017-07-13 07:32:17,2025-02-26,28.5884,-80.4894,"UFRA",FALSE,0,FALSE,0,NA,"01010000009AEB34D2521F54C082A8FB00A4963C40",TRUE,"570_-1608",2017-11-07 21:55:00,NA,FALSE,NA,28.5884,-80.4894,2017-07-13 07:32:17,"130802",NA,"Rachycentron canadum",NA,NA,NA,"°C",26.2023,"UF01","572_-1610","A69-9002-11154",0,NA,"0bc34da5-feab-400b-8a8d-c2cafb3a64b0",NA,2017
"412",NA,"COBCRP-10-20171019","UFRA","A69-1601","COBCRP","cobia",FALSE,"Daryl Parkyn","Daryl Parkyn",2017-09-22,2017-09-22 09:30:28,2025-02-26,28.5331,-80.4052,"UFRA",FALSE,0,FALSE,0.0091666666666666,NA,"01010000005DFE43FAED1954C08D7A884677883C40",TRUE,"570_-1607",2017-12-01 19:19:07,NA,FALSE,NA,28.5331,-80.4052,2017-09-22 09:29:55,"130778",NA,"Rachycentron canadum",NA,NA,NA,NA,NA,"UF07","571_-1608","A69-1601-54488",0.0091666666666666,NA,"0bc522e7-bffd-4b95-b5e7-2a9ea8417c71",0,2017
"413",NA,"COBCRP-102-20171019","UFRA","A69-9001","COBCRP","cobia",FALSE,"Daryl Parkyn","Daryl Parkyn",2018-10-19,2018-10-19 20:08:00,2025-02-26,28.3889,-80.4672,"UFRA",FALSE,0,FALSE,0.0166666666666666,NA,"0101000000F57F0EF3E51D54C04165FCFB8C633C40",TRUE,"568_-1611",2019-12-11 00:25:28,NA,FALSE,NA,28.3889,-80.4672,2018-10-19 20:07:00,"130788",NA,"Rachycentron canadum",NA,NA,NA,NA,NA,"UF16","568_-1609","A69-9001-19025",0.0166666666666666,NA,"0bc87f5c-a2d6-4c68-91c3-3601014642e2",0,2018
"414",NA,"COBCRP-108-20171019","Kessel","A69-9002","COBCRP","cobia",FALSE,NA,NA,2017-03-16,2017-03-16 21:04:00,2020-05-29,27.0506,-80.0426,"Kessel",FALSE,0,FALSE,0.0077777777777777,NA,NA,TRUE,"543_-1601",2017-05-09 16:23:41,NA,FALSE,NA,27.0506,-80.0426,2017-03-16 21:03:32,"100288",NA,"Rachycentron canadum",NA,NA,NA,NA,NA,"BBHS","541_-1601","A69-9002-11152",0.0077777777777777,NA,"0bcc600f-4ea1-407c-93df-4f996c06d791",0,2017
"415",NA,"COBCRP-102-20171019","UFRA","A69-9001","COBCRP","cobia",FALSE,"Daryl Parkyn","Daryl Parkyn",2018-10-17,2018-10-17 23:39:00,2025-02-26,28.447,-80.4177,"UFRA",FALSE,0.0242932118866669,FALSE,0.0122222222222222,NA,"0101000000B8239C16BC1A54C0DF4F8D976E723C40",TRUE,"568_-1611",2019-12-11 00:25:28,NA,FALSE,NA,28.4472,-80.4178,2018-10-17 23:38:16,"130781",NA,"Rachycentron canadum",NA,NA,NA,NA,NA,"UF23","569_-1608","A69-9001-19025",0.0122222222222222,NA,"0bd5b615-1ec4-4132-aab7-1a0b0b526aba",1.98762642709093,2018
"416",NA,"COBCRP-102-20171019","UFRA","A69-9001","COBCRP","cobia",FALSE,"Daryl Parkyn","Daryl Parkyn",2017-12-22,2017-12-22 20:32:00,2025-02-26,28.4554,-80.4308,"UFRA",FALSE,0,FALSE,0.0488888888888888,NA,"010100000021B07268911B54C0A3409FC893743C40",TRUE,"568_-1611",2019-12-11 00:25:28,NA,FALSE,NA,28.4554,-80.4308,2017-12-22 20:29:04,"130801",NA,"Rachycentron canadum",NA,NA,NA,NA,NA,"UF22","569_-1609","A69-9001-19025",0.0488888888888888,NA,"0bd7e321-dd73-46d6-9ab0-d76d6558f743",0,2017
"417",NA,"COBCRP-71-20171019","UNK","A69-9001","COBCRP","cobia",FALSE,NA,NA,2017-05-18,2017-05-18 10:34:00,2020-06-03,32.8602,-79.8937,"UNK",FALSE,0,FALSE,1.55194444444444,NA,NA,TRUE,"651_-1590",2018-07-18 18:21:27,NA,FALSE,NA,32.8602,-79.8937,2017-05-18 09:00:53,"121654",NA,"Rachycentron canadum",NA,NA,NA,NA,NA,"Coastal- Wando RM 3.5","657_-1598","A69-9001-19063",1.55194444444444,NA,"0be787e4-da9b-4332-a382-c9eeeaf854d8",0,2017
"418",NA,"COBCRP-66-20171019","Elizabeth Miller","A69-9001","COBCRP","cobia",FALSE,NA,NA,2018-05-15,2018-05-15 22:43:00,2020-06-05,32.3861,-80.7813,"Elizabeth Miller",FALSE,0,FALSE,0.0333333333333333,NA,NA,TRUE,"648_-1616",2018-12-05 23:58:00,NA,FALSE,NA,32.3861,-80.7813,2018-05-15 22:41:00,"111679",NA,"Rachycentron canadum",NA,NA,NA,NA,NA,"Mid Broad","648_-1616","A69-9001-19091",0.0333333333333333,NA,"0be938a7-4553-4a74-b7c3-d52b318b0078",0,2018
"419",NA,"COBCRP-NASA1564","Navy","A69-9001","COBCRP","cobia",FALSE,"Carter Watterson","Carter Waterson",2019-09-25,2019-09-25 04:35:16,2025-02-26,36.8072,-75.7432,"Navy",FALSE,0,FALSE,0.152222222222222,NA,"0101000000C898BB9690EF52C065AA605452674240",TRUE,"685_-1531",2022-11-23 02:05:00,NA,FALSE,NA,36.8072,-75.7432,2019-09-25 04:26:08,"0",NA,"Rachycentron canadum",NA,NA,NA,NA,NA,"SCL 1","736_-1515","A69-9001-13161",0.152222222222222,NA,"0bfdaff3-7c60-4ddb-aee9-a93207972084",0,2019
"420",NA,"COBCRP-0-20171020_redeployments","UFRA","A69-1601","COBCRP","cobia",FALSE,"Daryl Parkyn","Daryl Parkyn",2018-10-17,2018-10-17 20:09:00,2025-02-26,28.447,-80.4177,"UFRA",FALSE,0.0242932118866669,FALSE,0.015,NA,"0101000000B8239C16BC1A54C0DF4F8D976E723C40",TRUE,"564_-1612",2019-04-07 12:51:34,NA,FALSE,NA,28.4472,-80.4178,2018-10-17 20:08:06,"130781",NA,"Rachycentron canadum",NA,NA,NA,NA,NA,"UF23","569_-1608","A69-1601-54494",0.015,NA,"0c0486c2-4d6b-444d-8a51-298ef8863433",1.61954745911113,2018
"421",NA,"COBCRP-M5310_AT0012","UFRA","A69-9002","COBCRP","cobia",FALSE,"Daryl Parkyn","Daryl Parkyn",2019-11-04,2019-11-04 22:32:00,2025-02-26,28.4977,-80.4168,"UFRA",FALSE,0,FALSE,0.0666666666666666,NA,"010100000031D3F6AFAC1A54C08195438B6C7F3C40",TRUE,"587_-1604",2022-05-09 03:35:30,NA,FALSE,NA,28.4977,-80.4168,2019-11-04 22:28:00,"130793",NA,"Rachycentron canadum",NA,NA,NA,"ADC",155,"UF08","570_-1608","A69-9002-11156",0.0666666666666666,NA,"0c0d9f94-4bc3-4be5-b9dc-d10332137d14",0,2019
"422",NA,"COBCRP-0-20171020_redeployments","UFRA","A69-1601","COBCRP","cobia",FALSE,"Daryl Parkyn","Daryl Parkyn",2018-12-11,2018-12-11 15:30:00,2025-02-26,28.4674,-80.4225,"UFRA",FALSE,0,FALSE,0.0333333333333333,NA,"010100000090F7AA95091B54C0AC21718FA5773C40",TRUE,"564_-1612",2019-04-07 12:51:34,NA,FALSE,NA,28.4674,-80.4225,2018-12-11 15:28:00,"130803",NA,"Rachycentron canadum",NA,NA,NA,NA,NA,"UF21","569_-1608","A69-1601-54494",0.0333333333333333,NA,"0c0eb5d0-becf-48db-9592-61ae678ba8e1",0,2018
"423",NA,"COBCRP-TT1297","Navy","A69-9001","COBCRP","cobia",FALSE,"Carter Watterson","Carter Waterson",2019-06-28,2019-06-28 21:40:09,2025-02-26,36.94,-76.1685,"Navy",FALSE,0.306477329452773,FALSE,0.0025,NA,"010100000046990D32C90A53C06A4DF38E53784240",TRUE,"740_-1522",2021-06-26 11:52:28,NA,FALSE,NA,36.9408,-76.1718,2019-06-28 21:40:00,"0",NA,"Rachycentron canadum",NA,NA,NA,NA,NA,"ELCAS 2","739_-1523","A69-9001-7096",0.0025,NA,"0c1d260d-d808-442d-b52a-bbf96239b5a1",122.590931781109,2019
"424",NA,"COBCRP-102-20171019","UFRA","A69-9001","COBCRP","cobia",FALSE,"Daryl Parkyn","Daryl Parkyn",2018-12-03,2018-12-03 00:28:00,2025-02-26,28.3955,-80.5054,"UFRA",FALSE,0,FALSE,0.133333333333333,NA,"0101000000A3AF20CD582054C0B03DB32440653C40",TRUE,"568_-1611",2019-12-11 00:25:28,NA,FALSE,NA,28.3955,-80.5054,2018-12-03 00:20:00,"130776",NA,"Rachycentron canadum",NA,NA,NA,NA,NA,"UF17","568_-1610","A69-9001-19025",0.133333333333333,NA,"0c1dd006-666b-45dd-8260-ed77b6c47b0b",0,2018
"425",NA,"COBCRP-102-20171019","UFRA","A69-9001","COBCRP","cobia",FALSE,"Daryl Parkyn","Daryl Parkyn",2017-10-26,2017-10-26 00:05:18,2025-02-26,28.5704,-80.4447,"UFRA",FALSE,0,FALSE,0.02,NA,"01010000005839B4C8761C54C0E04A766C04923C40",TRUE,"568_-1611",2019-12-11 00:25:28,NA,FALSE,NA,28.5704,-80.4447,2017-10-26 00:04:06,"130801",NA,"Rachycentron canadum",NA,NA,NA,NA,NA,"UF03","571_-1609","A69-9001-19025",0.02,NA,"0c2db5c1-ac30-444a-b8d8-6e6012464fef",0,2017
"426",NA,"COBCRP-85-20171019","Kessel","A69-9001","COBCRP","cobia",FALSE,NA,NA,2016-08-19,2016-08-19 15:00:00,2020-05-29,27.0506,-80.0426,"Kessel",FALSE,0,FALSE,0.0058333333333333,NA,NA,TRUE,"541_-1601",2017-11-01 16:02:00,NA,FALSE,NA,27.0506,-80.0426,2016-08-19 14:59:39,"100288",NA,"Rachycentron canadum",NA,NA,NA,NA,NA,"BBHS","541_-1601","A69-9001-19013",0.0058333333333333,NA,"0c337a37-65b0-4c4c-8545-ebd8d641b943",0,2016
"427",NA,"COBCRP-0-20171020_redeployments","UFRA","A69-1601","COBCRP","cobia",FALSE,"Daryl Parkyn","Daryl Parkyn",2018-02-17,2018-02-17 23:17:00,2025-02-26,28.4977,-80.4168,"UFRA",FALSE,0,FALSE,0.0333333333333333,NA,"010100000031D3F6AFAC1A54C08195438B6C7F3C40",TRUE,"564_-1612",2019-04-07 12:51:34,NA,FALSE,NA,28.4977,-80.4168,2018-02-17 23:15:00,"130799",NA,"Rachycentron canadum",NA,NA,NA,NA,NA,"UF08","570_-1608","A69-1601-54494",0.0333333333333333,NA,"0c467d9e-7473-48ac-852c-91a03e8fa645",0,2018
"428",NA,"COBCRP-102-20171019","UFRA","A69-9001","COBCRP","cobia",FALSE,"Daryl Parkyn","Daryl Parkyn",2018-02-20,2018-02-20 20:06:00,2025-02-26,28.4554,-80.4308,"UFRA",FALSE,0,FALSE,0.025,NA,"010100000021B07268911B54C0A3409FC893743C40",TRUE,"568_-1611",2019-12-11 00:25:28,NA,FALSE,NA,28.4554,-80.4308,2018-02-20 20:04:30,"130801",NA,"Rachycentron canadum",NA,NA,NA,NA,NA,"UF22","569_-1609","A69-9001-19025",0.025,NA,"0c4e0adf-a0ee-4e3a-b4f0-f8acd9622e90",0,2018
"429",NA,"COBCRP-102-20171019","UFRA","A69-9001","COBCRP","cobia",FALSE,"Daryl Parkyn","Daryl Parkyn",2018-11-11,2018-11-11 02:41:00,2025-02-26,28.4554,-80.4308,"UFRA",FALSE,0,FALSE,0.0236111111111111,NA,"010100000021B07268911B54C0A3409FC893743C40",TRUE,"568_-1611",2019-12-11 00:25:28,NA,FALSE,NA,28.4554,-80.4308,2018-11-11 02:39:35,"130804",NA,"Rachycentron canadum",NA,NA,NA,NA,NA,"UF22","569_-1609","A69-9001-19025",0.0236111111111111,NA,"0c4ff696-f6ba-4036-94f0-55ab29e0487f",0,2018
"430",NA,"COBCRP-97-20171019","UFRA","A69-9001","COBCRP","cobia",FALSE,"Daryl Parkyn","Daryl Parkyn",2017-05-07,2017-05-07 12:12:00,2025-02-26,28.5575,-80.4208,"UFRA",FALSE,0,FALSE,0.0333333333333333,NA,"0101000000F71E2E39EE1A54C01F85EB51B88E3C40",TRUE,"571_-1607",2018-06-06 07:33:01,NA,FALSE,NA,28.5575,-80.4208,2017-05-07 12:10:00,"130779",NA,"Rachycentron canadum",NA,NA,NA,NA,NA,"UF05","571_-1608","A69-9001-19011",0.0333333333333333,NA,"0c5c0a43-4a44-44ce-9b55-a36a5eca5f94",0,2017
"431",NA,"COBCRP-130-20171019","UFRA","A69-9001","COBCRP","cobia",FALSE,"Daryl Parkyn","Daryl Parkyn",2018-08-18,2018-08-18 07:35:00,2025-02-26,28.447,-80.4177,"UFRA",FALSE,0.0242932118866669,FALSE,0.0033333333333333,NA,"0101000000B8239C16BC1A54C0DF4F8D976E723C40",TRUE,"574_-1609",2019-05-22 18:31:53,NA,FALSE,NA,28.4472,-80.4178,2018-08-18 07:34:48,"130781",NA,"Rachycentron canadum",NA,NA,NA,NA,NA,"UF23","569_-1608","A69-9001-23438",0.0033333333333333,NA,"0c5de3f7-ba7d-45a4-9aa6-92fbba2c05d8",7.28796356600009,2018
"432",NA,"COBCRP-M5310_AT0012","UFRA","A69-9002","COBCRP","cobia",FALSE,"Daryl Parkyn","Daryl Parkyn",2019-11-04,2019-11-04 22:26:00,2025-02-26,28.4977,-80.4168,"UFRA",FALSE,0,FALSE,0.0333333333333333,NA,"010100000031D3F6AFAC1A54C08195438B6C7F3C40",TRUE,"587_-1604",2022-05-09 03:35:30,NA,FALSE,NA,28.4977,-80.4168,2019-11-04 22:24:00,"130793",NA,"Rachycentron canadum",NA,NA,NA,"ADC",155,"UF08","570_-1608","A69-9002-11156",0.0333333333333333,NA,"0c609d58-9d44-4588-8ccc-87c259032c0d",0,2019
"433",NA,"COBCRP-117-20170426","UFRA","A69-9001","COBCRP","cobia",FALSE,"Daryl Parkyn","Daryl Parkyn",2017-12-17,2017-12-17 03:21:10,2025-02-26,28.5704,-80.4447,"UFRA",FALSE,0,FALSE,0.0088888888888888,NA,"01010000005839B4C8761C54C0E04A766C04923C40",TRUE,"622_-1624",2018-05-11 16:04:03,NA,FALSE,NA,28.5704,-80.4447,2017-12-17 03:20:38,"130801",NA,"Rachycentron canadum",NA,NA,NA,NA,NA,"UF03","571_-1609","A69-9001-19112",0.0088888888888888,NA,"0c667542-68d0-411c-b036-218d5c3dd2da",0,2017
"434",NA,"COBCRP-2-20171020_redeployments","Kessel","A69-9001","COBCRP","cobia",FALSE,NA,NA,2017-03-16,2017-03-16 11:54:00,2020-05-29,26.9901,-80.025,"Kessel",FALSE,0,FALSE,0.0166666666666666,NA,NA,TRUE,"542_-1601",2017-05-26 04:51:37,NA,FALSE,NA,26.9901,-80.025,2017-03-16 11:53:00,"102608",NA,"Rachycentron canadum",NA,NA,NA,NA,NA,"BBPTR","540_-1600","A69-9001-19044",0.0166666666666666,NA,"0c66c488-d5c5-4235-b02c-e309fcf4e21d",0,2017
"435",NA,"COBCRP-102-20171019","UFRA","A69-9001","COBCRP","cobia",FALSE,"Daryl Parkyn","Daryl Parkyn",2018-10-30,2018-10-30 05:36:00,2025-02-26,28.429,-80.4164,"UFRA",FALSE,0,FALSE,0.0833333333333333,NA,"010100000046425BCEA51A54C0A04FE449D26D3C40",TRUE,"568_-1611",2019-12-11 00:25:28,NA,FALSE,NA,28.429,-80.4164,2018-10-30 05:31:00,"130791",NA,"Rachycentron canadum",NA,NA,NA,NA,NA,"UF11","569_-1608","A69-9001-19025",0.0833333333333333,NA,"0c6e978d-10d6-4c59-8155-22d246359732",0,2018
"436",NA,"COBCRP-102-20171019","UFRA","A69-9001","COBCRP","cobia",FALSE,"Daryl Parkyn","Daryl Parkyn",2018-02-22,2018-02-22 13:12:00,2025-02-26,28.3888,-80.4672,"UFRA",FALSE,0,FALSE,0.0166666666666666,NA,"0101000000E4141DC9E51D54C0C156091687633C40",TRUE,"568_-1611",2019-12-11 00:25:28,NA,FALSE,NA,28.3888,-80.4672,2018-02-22 13:11:00,"130787",NA,"Rachycentron canadum",NA,NA,NA,NA,NA,"UF16","568_-1609","A69-9001-19025",0.0166666666666666,NA,"0c85ced6-08f9-4269-8492-e8befa8473a4",0,2018
"437",NA,"COBCRP-117-20170426","UFRA","A69-9001","COBCRP","cobia",FALSE,"Daryl Parkyn","Daryl Parkyn",2017-10-28,2017-10-28 17:01:07,2025-02-26,28.5331,-80.4052,"UFRA",FALSE,0,FALSE,0.0175,NA,"01010000005DFE43FAED1954C08D7A884677883C40",TRUE,"622_-1624",2018-05-11 16:04:03,NA,FALSE,NA,28.5331,-80.4052,2017-10-28 17:00:04,"130778",NA,"Rachycentron canadum",NA,NA,NA,NA,NA,"UF07","571_-1608","A69-9001-19112",0.0175,NA,"0c861d3c-8432-473a-9bd7-9dd13cafbb0b",0,2017
"438",NA,"COBCRP-135-20171019","UFRA","A69-9001","COBCRP","cobia",FALSE,"Daryl Parkyn","Daryl Parkyn",2017-04-06,2017-04-06 03:35:00,2025-02-26,28.4847,-80.4216,"UFRA",FALSE,0,FALSE,0.05,NA,"0101000000F0164850FC1A54C079060DFD137C3C40",TRUE,"569_-1608",2017-06-05 18:16:00,NA,FALSE,NA,28.4847,-80.4216,2017-04-06 03:32:00,"130783",NA,"Rachycentron canadum",NA,NA,NA,NA,NA,"UF09","570_-1608","A69-9001-20111",0.05,NA,"0c8e5dc4-fc03-4a23-83c1-65ff2d7e7851",0,2017
"439",NA,"COBCRP-51-20171019","Kessel","A69-1601","COBCRP","cobia",FALSE,NA,NA,2016-05-29,2016-05-29 01:11:00,2020-05-29,26.9901,-80.025,"Kessel",FALSE,0,FALSE,0.0141666666666666,NA,NA,TRUE,"549_-1603",2017-03-29 23:58:59,NA,FALSE,NA,26.9901,-80.025,2016-05-29 01:10:09,"102608",NA,"Rachycentron canadum",NA,NA,NA,NA,NA,"BBPTR","540_-1600","A69-1601-54503",0.0141666666666666,NA,"0c9246db-e435-443f-832c-64fc707c0c9c",0,2016
"440",NA,"COBCRP-102-20171019","UFRA","A69-9001","COBCRP","cobia",FALSE,"Daryl Parkyn","Daryl Parkyn",2018-08-11,2018-08-11 06:47:00,2025-02-26,28.3987,-80.5495,"UFRA",FALSE,0,FALSE,0.0333333333333333,NA,"0101000000CCB4FD2B2B2354C0033E3F8C10663C40",TRUE,"568_-1611",2019-12-11 00:25:28,NA,TRUE,NA,28.3987,-80.5495,2018-08-11 06:45:00,"130801",NA,"Rachycentron canadum",NA,NA,NA,NA,NA,"UF19","568_-1611","A69-9001-19025",0.0333333333333333,NA,"0cb12ef8-7caf-4148-a6d8-1b2c7e7efb02",0,2018
"441",NA,"COBCRP-97-20171019","UFRA","A69-9001","COBCRP","cobia",FALSE,"Daryl Parkyn","Daryl Parkyn",2017-10-28,2017-10-28 07:59:20,2025-02-26,28.5331,-80.4052,"UFRA",FALSE,0,FALSE,0.0233333333333333,NA,"01010000005DFE43FAED1954C08D7A884677883C40",TRUE,"571_-1607",2018-06-06 07:33:01,NA,FALSE,NA,28.5331,-80.4052,2017-10-28 07:57:56,"130778",NA,"Rachycentron canadum",NA,NA,NA,NA,NA,"UF07","571_-1608","A69-9001-19011",0.0233333333333333,NA,"0cb9bba7-2695-4286-bcfb-74bb815e1ba2",0,2017
"442",NA,"COBCRP-TT1297","Navy","A69-9001","COBCRP","cobia",FALSE,"Carter Watterson","Carter Waterson",2019-06-07,2019-06-07 08:55:58,2025-02-26,36.9851,-76.159,"Navy",FALSE,0,FALSE,0.08,NA,"0101000000E3C281902C0A53C0CBF8F719177E4240",TRUE,"740_-1522",2021-06-26 11:52:28,NA,FALSE,NA,36.9851,-76.159,2019-06-07 08:51:10,"0",NA,"Rachycentron canadum",NA,NA,NA,NA,NA,"TS11","740_-1523","A69-9001-7096",0.08,NA,"0cbc37ae-9d4f-440f-aa7b-b383505e8e05",0,2019
"443",NA,"COBCRP-66-20171019","Elizabeth Miller","A69-9001","COBCRP","cobia",FALSE,NA,NA,2018-05-21,2018-05-21 20:19:00,2020-06-05,32.3861,-80.7813,"Elizabeth Miller",FALSE,0,FALSE,0.0333333333333333,NA,NA,TRUE,"648_-1616",2018-12-05 23:58:00,NA,FALSE,NA,32.3861,-80.7813,2018-05-21 20:17:00,"111679",NA,"Rachycentron canadum",NA,NA,NA,NA,NA,"Mid Broad","648_-1616","A69-9001-19091",0.0333333333333333,NA,"0cbdcdc7-c9b6-460c-a42c-f3e5e1ea6907",0,2018
"444",NA,"COBCRP-97-20171019","UFRA","A69-9001","COBCRP","cobia",FALSE,"Daryl Parkyn","Daryl Parkyn",2017-06-29,2017-06-29 06:23:00,2025-02-26,28.4977,-80.4168,"UFRA",FALSE,0.0222389853292549,FALSE,0.0130555555555555,NA,"010100000031D3F6AFAC1A54C08195438B6C7F3C40",TRUE,"571_-1607",2018-06-06 07:33:01,NA,FALSE,NA,28.4979,-80.4168,2017-06-29 06:22:13,"130782",NA,"Rachycentron canadum",NA,NA,NA,NA,NA,"UF08","570_-1608","A69-9001-19011",0.0130555555555555,NA,"0cc0dc3d-d802-441d-ab0f-695313e6b380",1.70341164224081,2017
"445",NA,"COBCRP-102-20171019","UFRA","A69-9001","COBCRP","cobia",FALSE,"Daryl Parkyn","Daryl Parkyn",2018-10-27,2018-10-27 03:00:00,2025-02-26,28.4674,-80.4225,"UFRA",FALSE,0,FALSE,0.0166666666666666,NA,"010100000090F7AA95091B54C0AC21718FA5773C40",TRUE,"568_-1611",2019-12-11 00:25:28,NA,FALSE,NA,28.4674,-80.4225,2018-10-27 02:59:00,"130776",NA,"Rachycentron canadum",NA,NA,NA,NA,NA,"UF21","569_-1608","A69-9001-19025",0.0166666666666666,NA,"0cd16322-55b2-4ea9-9782-c27b44ccfcd7",0,2018
"446",NA,"COBCRP-102-20171019","UFRA","A69-9001","COBCRP","cobia",FALSE,"Daryl Parkyn","Daryl Parkyn",2018-10-27,2018-10-27 02:45:00,2025-02-26,28.4674,-80.4225,"UFRA",FALSE,0,FALSE,0.0069444444444444,NA,"010100000090F7AA95091B54C0AC21718FA5773C40",TRUE,"568_-1611",2019-12-11 00:25:28,NA,FALSE,NA,28.4674,-80.4225,2018-10-27 02:44:35,"130776",NA,"Rachycentron canadum",NA,NA,NA,NA,NA,"UF21","569_-1608","A69-9001-19025",0.0069444444444444,NA,"0cd2b2a9-7e54-4160-b233-7f05bef26886",0,2018
"447",NA,"COBCRP-102-20171019","Glider","A69-9001","COBCRP","cobia",FALSE,NA,NA,2018-03-20,2018-03-20 17:22:00,2020-05-29,28.349,-80.4082,"Glider",FALSE,0.112274977006201,FALSE,0,NA,NA,TRUE,"568_-1611",2019-12-11 00:25:28,NA,FALSE,NA,28.3482,-80.4089,2018-03-20 17:22:00,"450203",NA,"Rachycentron canadum",NA,NA,NA,NA,NA,"BOEM Wave Glider","567_-1608","A69-9001-19025",0,NA,"0cd301b1-fbf7-4b9b-a020-80e47ba4e6f0",Inf,2018
"448",NA,"COBCRP-117-20170426","UFRA","A69-9001","COBCRP","cobia",FALSE,"Daryl Parkyn","Daryl Parkyn",2017-12-17,2017-12-17 04:43:43,2025-02-26,28.5578,-80.4206,"UFRA",FALSE,0,FALSE,0.0213888888888888,NA,"010100000070EB6E9EEA1A54C074B515FBCB8E3C40",TRUE,"622_-1624",2018-05-11 16:04:03,NA,FALSE,NA,28.5578,-80.4206,2017-12-17 04:42:26,"130788",NA,"Rachycentron canadum",NA,NA,NA,NA,NA,"UF05","571_-1608","A69-9001-19112",0.0213888888888888,NA,"0cd476e7-2562-4513-940a-78f70a12a493",0,2017
"449",NA,"COBCRP-M5472_AT0172","Navy","A69-9001","COBCRP","cobia",FALSE,"Carter Watterson","Carter Waterson",2019-09-23,2019-09-23 01:43:55,2025-02-26,36.8072,-75.7432,"Navy",FALSE,0,FALSE,0.0302777777777777,NA,"0101000000C898BB9690EF52C065AA605452674240",TRUE,"752_-1527",2020-06-19 15:05:59,NA,FALSE,NA,36.8072,-75.7432,2019-09-23 01:42:06,"0",NA,"Rachycentron canadum",NA,NA,NA,NA,NA,"SCL 1","736_-1515","A69-9001-7176",0.0302777777777777,NA,"0cd65817-be99-4d8c-be25-ced130bad442",0,2019
"450",NA,"COBCRP-0-20171020_redeployments","UFRA","A69-1601","COBCRP","cobia",FALSE,"Daryl Parkyn","Daryl Parkyn",2018-10-17,2018-10-17 21:20:00,2025-02-26,28.429,-80.4164,"UFRA",FALSE,0,FALSE,0.05,NA,"010100000046425BCEA51A54C0A04FE449D26D3C40",TRUE,"564_-1612",2019-04-07 12:51:34,NA,FALSE,NA,28.429,-80.4164,2018-10-17 21:17:00,"130791",NA,"Rachycentron canadum",NA,NA,NA,NA,NA,"UF11","569_-1608","A69-1601-54494",0.05,NA,"0cd882c8-6779-4451-bdb6-ba16d658e995",0,2018
"451",NA,"COBCRP-102-20171019","UFRA","A69-9001","COBCRP","cobia",FALSE,"Daryl Parkyn","Daryl Parkyn",2017-10-16,2017-10-16 20:49:54,2025-02-26,28.4674,-80.4225,"UFRA",FALSE,0,FALSE,0.0036111111111111,NA,"0101000000D7A3703D0A1B54C0E4839ECDAA773C40",TRUE,"568_-1611",2019-12-11 00:25:28,NA,FALSE,NA,28.4674,-80.4225,2017-10-16 20:49:41,"130797",NA,"Rachycentron canadum",NA,NA,NA,NA,NA,"UF21","569_-1608","A69-9001-19025",0.0036111111111111,NA,"0ce83ba9-34e8-42c2-86c3-a88e53bd239b",0,2017
"452",NA,"COBCRP-TT1297","Navy","A69-9001","COBCRP","cobia",FALSE,"Carter Watterson","Carter Waterson",2019-06-27,2019-06-27 11:59:58,2025-02-26,36.9678,-76.1676,"Navy",FALSE,0,FALSE,0.0258333333333333,NA,"01010000008907944DB90A53C016359886E17B4240",TRUE,"740_-1522",2021-06-26 11:52:28,NA,FALSE,NA,36.9678,-76.1676,2019-06-27 11:58:25,"0",NA,"Rachycentron canadum",NA,NA,NA,NA,NA,"LC1","739_-1523","A69-9001-7096",0.0258333333333333,NA,"0cea71a0-4e28-45ea-a5ab-025472ef6ba2",0,2019
"453",NA,"COBCRP-85-20171019","Kessel","A69-9001","COBCRP","cobia",FALSE,NA,NA,2016-10-13,2016-10-13 05:33:00,2020-05-29,26.9901,-80.025,"Kessel",FALSE,0,FALSE,0.0166666666666666,NA,NA,TRUE,"541_-1601",2017-11-01 16:02:00,NA,FALSE,NA,26.9901,-80.025,2016-10-13 05:32:00,"102608",NA,"Rachycentron canadum",NA,NA,NA,NA,NA,"BBPTR","540_-1600","A69-9001-19013",0.0166666666666666,NA,"0cf39211-931d-47ef-b2ee-d3bcec5becbf",0,2016
"454",NA,"COBCRP-102-20171019","UFRA","A69-9001","COBCRP","cobia",FALSE,"Daryl Parkyn","Daryl Parkyn",2018-10-24,2018-10-24 14:52:00,2025-02-26,28.447,-80.4177,"UFRA",FALSE,0.0242932118866669,FALSE,0.02,NA,"0101000000B8239C16BC1A54C0DF4F8D976E723C40",TRUE,"568_-1611",2019-12-11 00:25:28,NA,FALSE,NA,28.4472,-80.4178,2018-10-24 14:50:48,"130781",NA,"Rachycentron canadum",NA,NA,NA,NA,NA,"UF23","569_-1608","A69-9001-19025",0.02,NA,"0d005383-24b7-43bc-8329-9596cf1f4907",1.21466059433335,2018
"455",NA,"COBCRP-71-20171019","UNK","A69-9001","COBCRP","cobia",FALSE,NA,NA,2017-10-05,2017-10-05 04:36:00,2020-06-03,32.8602,-79.8937,"UNK",FALSE,0,FALSE,0.0166666666666666,NA,NA,TRUE,"651_-1590",2018-07-18 18:21:27,NA,FALSE,NA,32.8602,-79.8937,2017-10-05 04:35:00,"121654",NA,"Rachycentron canadum",NA,NA,NA,NA,NA,"Coastal- Wando RM 3.5","657_-1598","A69-9001-19063",0.0166666666666666,NA,"0d0072e5-c9f6-4299-bd3f-f8e6423b5f06",0,2017
"456",NA,"COBCRP-TT1297","Navy","A69-9001","COBCRP","cobia",FALSE,"Carter Watterson","Carter Waterson",2019-06-27,2019-06-27 12:05:50,2025-02-26,36.9678,-76.1676,"Navy",FALSE,0,FALSE,0.0311111111111111,NA,"01010000008907944DB90A53C016359886E17B4240",TRUE,"740_-1522",2021-06-26 11:52:28,NA,FALSE,NA,36.9678,-76.1676,2019-06-27 12:03:58,"0",NA,"Rachycentron canadum",NA,NA,NA,NA,NA,"LC1","739_-1523","A69-9001-7096",0.0311111111111111,NA,"0d044684-de59-4621-adbb-143094e20cb5",0,2019
"457",NA,"COBCRP-102-20171019","UFRA","A69-9001","COBCRP","cobia",FALSE,"Daryl Parkyn","Daryl Parkyn",2018-04-11,2018-04-11 21:28:00,2025-02-26,28.3889,-80.4672,"UFRA",FALSE,0,FALSE,0.1,NA,"0101000000F57F0EF3E51D54C04165FCFB8C633C40",TRUE,"568_-1611",2019-12-11 00:25:28,NA,FALSE,NA,28.3889,-80.4672,2018-04-11 21:22:00,"130788",NA,"Rachycentron canadum",NA,NA,NA,NA,NA,"UF16","568_-1609","A69-9001-19025",0.1,NA,"0d0d41d3-57f4-42f1-9c23-882d6f838ca1",0,2018
"458",NA,"COBCRP-102-20171019","UFRA","A69-9001","COBCRP","cobia",FALSE,"Daryl Parkyn","Daryl Parkyn",2018-10-19,2018-10-19 19:48:00,2025-02-26,28.3889,-80.4672,"UFRA",FALSE,0.0111194926644299,FALSE,0.0130555555555555,NA,"0101000000F57F0EF3E51D54C04165FCFB8C633C40",TRUE,"568_-1611",2019-12-11 00:25:28,NA,FALSE,NA,28.3888,-80.4672,2018-10-19 19:47:13,"130788",NA,"Rachycentron canadum",NA,NA,NA,NA,NA,"UF16","568_-1609","A69-9001-19025",0.0130555555555555,NA,"0d1098e7-831e-4e58-ad99-02b3a4c79259",0.851705821105273,2018
"459",NA,"COBCRP-NASA1564","Navy","A69-9001","COBCRP","cobia",FALSE,"Carter Watterson","Carter Waterson",2020-08-26,2020-08-26 17:19:30,2025-02-26,36.8469,-75.5832,"Navy",FALSE,2.97344969597892,FALSE,2.91527777777778,NA,"0101000000BEC1172653E552C0BF7D1D38676C4240",TRUE,"685_-1531",2022-11-23 02:05:00,NA,FALSE,NA,36.8606,-75.5545,2020-08-26 14:24:35,"0",NA,"Rachycentron canadum",NA,NA,NA,NA,NA,"SCL 6","737_-1512","A69-9001-13161",1.81611111111111,NA,"0d1fedfe-7287-41f6-860b-c21230a4317e",1.63726199227961,2020
"460",NA,"COBCRP-66-20171019","Elizabeth Miller","A69-9001","COBCRP","cobia",FALSE,NA,NA,2018-11-05,2018-11-05 21:07:00,2020-06-05,32.3861,-80.7813,"Elizabeth Miller",FALSE,0,FALSE,0.0166666666666666,NA,NA,TRUE,"648_-1616",2018-12-05 23:58:00,NA,FALSE,NA,32.3861,-80.7813,2018-11-05 21:06:00,"111679",NA,"Rachycentron canadum",NA,NA,NA,NA,NA,"Mid Broad","648_-1616","A69-9001-19091",0.0166666666666666,NA,"0d260351-adb0-45cf-9689-c0fe4a1da7aa",0,2018
"461",NA,"COBCRP-97-20171019","UFRA","A69-9001","COBCRP","cobia",FALSE,"Daryl Parkyn","Daryl Parkyn",2017-10-28,2017-10-28 13:13:41,2025-02-26,28.5221,-80.4156,"UFRA",FALSE,0,FALSE,0.0011111111111111,NA,"0101000000B8CCE9B2981A54C0D93D7958A8853C40",TRUE,"571_-1607",2018-06-06 07:33:01,NA,FALSE,NA,28.5221,-80.4156,2017-10-28 13:13:37,"130787",NA,"Rachycentron canadum",NA,NA,NA,NA,NA,"UF06","570_-1608","A69-9001-19011",0.0011111111111111,NA,"0d2c84b8-b4dc-4a40-9d22-a1357f4cb614",0,2017
"462",NA,"COBCRP-102-20171019","UFRA","A69-9001","COBCRP","cobia",FALSE,"Daryl Parkyn","Daryl Parkyn",2018-03-19,2018-03-19 03:34:00,2025-02-26,28.3955,-80.5054,"UFRA",FALSE,0,FALSE,0.0166666666666666,NA,"0101000000A3AF20CD582054C0B03DB32440653C40",TRUE,"568_-1611",2019-12-11 00:25:28,NA,FALSE,NA,28.3955,-80.5054,2018-03-19 03:33:00,"130776",NA,"Rachycentron canadum",NA,NA,NA,NA,NA,"UF17","568_-1610","A69-9001-19025",0.0166666666666666,NA,"0d2c93dc-5507-4441-b005-1d2ed62cb683",0,2018
"463",NA,"COBCRP-130-20171019","UFRA","A69-9001","COBCRP","cobia",FALSE,"Daryl Parkyn","Daryl Parkyn",2018-09-27,2018-09-27 14:19:00,2025-02-26,28.4674,-80.4225,"UFRA",FALSE,0,FALSE,0.0297222222222222,NA,"010100000090F7AA95091B54C0AC21718FA5773C40",TRUE,"574_-1609",2019-05-22 18:31:53,NA,FALSE,NA,28.4674,-80.4225,2018-09-27 14:17:13,"130776",NA,"Rachycentron canadum",NA,NA,NA,NA,NA,"UF21","569_-1608","A69-9001-23438",0.0297222222222222,NA,"0d2cf18d-49da-4c94-be45-fed8c08584fe",0,2018
"464",NA,"COBCRP-102-20171019","UFRA","A69-9001","COBCRP","cobia",FALSE,"Daryl Parkyn","Daryl Parkyn",2018-10-18,2018-10-18 15:46:00,2025-02-26,28.4977,-80.4168,"UFRA",FALSE,0,FALSE,0.0166666666666666,NA,"010100000031D3F6AFAC1A54C08195438B6C7F3C40",TRUE,"568_-1611",2019-12-11 00:25:28,NA,FALSE,NA,28.4977,-80.4168,2018-10-18 15:45:00,"130805",NA,"Rachycentron canadum",NA,NA,NA,NA,NA,"UF08","570_-1608","A69-9001-19025",0.0166666666666666,NA,"0d393a74-4b71-46e2-9f0c-a76ae0d20775",0,2018
"465",NA,"COBCRP-102-20171019","UFRA","A69-9001","COBCRP","cobia",FALSE,"Daryl Parkyn","Daryl Parkyn",2017-10-16,2017-10-16 14:49:12,2025-02-26,28.4848,-80.4218,"UFRA",FALSE,0,FALSE,0.0155555555555555,NA,"0101000000C51B9947FE1A54C040C1C58A1A7C3C40",TRUE,"568_-1611",2019-12-11 00:25:28,NA,FALSE,NA,28.4848,-80.4218,2017-10-16 14:48:16,"130777",NA,"Rachycentron canadum",NA,NA,NA,NA,NA,"UF09","570_-1608","A69-9001-19025",0.0155555555555555,NA,"0d5066a6-2624-4805-9c01-217d4b9acdd4",0,2017
"466",NA,"COBCRP-M5310_AT0012","UFRA","A69-9002","COBCRP","cobia",FALSE,"Daryl Parkyn","Daryl Parkyn",2019-07-04,2019-07-04 16:41:00,2025-02-26,28.5763,-80.4805,"UFRA",FALSE,0,FALSE,0.05,NA,"0101000000F085C954C11E54C07AAA436E86933C40",TRUE,"587_-1604",2022-05-09 03:35:30,NA,FALSE,NA,28.5763,-80.4805,2019-07-04 16:38:00,"130792",NA,"Rachycentron canadum",NA,NA,NA,"ADC",145,"UF02","572_-1610","A69-9002-11156",0.05,NA,"0d559cbd-1313-4c05-9412-a0d4b5b14eba",0,2019
"467",NA,"COBCRP-NASA1564","Navy","A69-9001","COBCRP","cobia",FALSE,"Carter Watterson","Carter Waterson",2020-08-27,2020-08-27 05:13:21,2025-02-26,36.8196,-75.6777,"Navy",FALSE,0,FALSE,0.0188888888888888,NA,"0101000000F31FD26F5FEB52C09BE61DA7E8684240",TRUE,"685_-1531",2022-11-23 02:05:00,NA,FALSE,NA,36.8196,-75.6777,2020-08-27 05:12:13,"0",NA,"Rachycentron canadum",NA,NA,NA,NA,NA,"SCL 3","736_-1514","A69-9001-13161",0.0188888888888888,NA,"0d5dacbf-ad19-4413-a7d6-f3adacae1aa9",0,2020
"468",NA,"COBCRP-130-20171019","UFRA","A69-9001","COBCRP","cobia",FALSE,"Daryl Parkyn","Daryl Parkyn",2018-10-24,2018-10-24 20:24:00,2025-02-26,28.5221,-80.4155,"UFRA",FALSE,0.0097699531839141,FALSE,0.0233333333333333,NA,"0101000000E3C798BB961A54C076E09C11A5853C40",TRUE,"574_-1609",2019-05-22 18:31:53,NA,FALSE,NA,28.5221,-80.4156,2018-10-24 20:22:36,"130792",NA,"Rachycentron canadum",NA,NA,NA,NA,NA,"UF06","570_-1608","A69-9001-23438",0.0233333333333333,NA,"0d64fbf0-ff3e-46e1-910f-1178234d8051",0.418712279310607,2018
"469",NA,"COBCRP-0-20171020_redeployments","UFRA","A69-1601","COBCRP","cobia",FALSE,"Daryl Parkyn","Daryl Parkyn",2018-12-11,2018-12-11 08:28:00,2025-02-26,28.4847,-80.4216,"UFRA",FALSE,0,FALSE,0.0833333333333333,NA,"0101000000F0164850FC1A54C079060DFD137C3C40",TRUE,"564_-1612",2019-04-07 12:51:34,NA,FALSE,NA,28.4847,-80.4216,2018-12-11 08:23:00,"130805",NA,"Rachycentron canadum",NA,NA,NA,NA,NA,"UF09","570_-1608","A69-1601-54494",0.0833333333333333,NA,"0d6ee895-53d1-4c7c-afb1-6a172d289c3f",0,2018
"470",NA,"COBCRP-1239888-2018-03-01","UFRA","A69-9001","COBCRP","cobia",FALSE,"Daryl Parkyn","Daryl Parkyn",2019-01-13,2019-01-13 11:07:00,2025-02-26,28.4847,-80.4216,"UFRA",FALSE,0.0224882517802513,FALSE,0.0041666666666666,NA,"0101000000F0164850FC1A54C079060DFD137C3C40",TRUE,"544_-1601",2020-07-02 23:54:54,NA,FALSE,NA,28.4848,-80.4218,2019-01-13 11:06:45,"130805",NA,"Rachycentron canadum",NA,NA,NA,NA,NA,"UF09","570_-1608","A69-9001-19095",0.0041666666666666,NA,"0d75f6d1-922b-463c-88f8-cc816b87a42a",5.39718042726033,2019
"471",NA,"COBCRP-0-20171020_redeployments","UFRA","A69-1601","COBCRP","cobia",FALSE,"Daryl Parkyn","Daryl Parkyn",2018-11-16,2018-11-16 23:03:00,2025-02-26,28.5578,-80.4206,"UFRA",FALSE,0,FALSE,0.0194444444444444,NA,"010100000070EB6E9EEA1A54C074B515FBCB8E3C40",TRUE,"564_-1612",2019-04-07 12:51:34,NA,FALSE,NA,28.5578,-80.4206,2018-11-16 23:01:50,"130797",NA,"Rachycentron canadum",NA,NA,NA,NA,NA,"UF05","571_-1608","A69-1601-54494",0.0194444444444444,NA,"0d80ae46-3c9d-4fa5-8612-3af97ce0cbae",0,2018
"472",NA,"COBCRP-TT1297","Navy","A69-9001","COBCRP","cobia",FALSE,"Carter Watterson","Carter Waterson",2019-06-29,2019-06-29 05:04:57,2025-02-26,36.9382,-76.1729,"Navy",FALSE,0.305188821396248,FALSE,0.0052777777777777,NA,"01010000009E5E29CB100B53C04E0B5EF415784240",TRUE,"740_-1522",2021-06-26 11:52:28,NA,FALSE,NA,36.9408,-76.1718,2019-06-29 05:04:38,"0",NA,"Rachycentron canadum",NA,NA,NA,NA,NA,"ELCAS 9","739_-1523","A69-9001-7096",0.0052777777777777,NA,"0d81192f-e435-42b0-996f-8a18baa9b528",57.8252503698154,2019
"473",NA,"COBCRP-M5477_AT0177","Navy","A69-9001","COBCRP","cobia",FALSE,"Carter Watterson","Carter Waterson",2020-08-28,2020-08-28 22:19:17,2025-02-26,36.8135,-75.7014,"Navy",FALSE,0,FALSE,0.0238888888888888,NA,"0101000000865AD3BCE3EC52C0E3A59BC420684240",TRUE,"570_-1611",2021-03-25 13:49:20,NA,FALSE,NA,36.8135,-75.7014,2020-08-28 22:17:51,"0",NA,"Rachycentron canadum",NA,NA,NA,NA,NA,"SCL 2","736_-1514","A69-9001-7189",0.0238888888888888,NA,"0d842a34-871f-45ca-a01c-96fd662ca16a",0,2020
"474",NA,"COBCRP-66-20171019","Elizabeth Miller","A69-9001","COBCRP","cobia",FALSE,NA,NA,2018-12-05,2018-12-05 00:02:00,2020-06-05,32.3861,-80.7813,"Elizabeth Miller",FALSE,0,FALSE,0.0333333333333333,NA,NA,TRUE,"648_-1616",2018-12-05 23:58:00,NA,FALSE,NA,32.3861,-80.7813,2018-12-05,"111679",NA,"Rachycentron canadum",NA,NA,NA,NA,NA,"Mid Broad","648_-1616","A69-9001-19091",0.0333333333333333,NA,"0d9c656c-ac54-4aeb-865b-2aab04148e31",0,2018
"475",NA,"COBCRP-66-20171019","Elizabeth Miller","A69-9001","COBCRP","cobia",FALSE,NA,NA,2018-11-05,2018-11-05 21:24:00,2020-06-05,32.3861,-80.7813,"Elizabeth Miller",FALSE,0,FALSE,0.0333333333333333,NA,NA,TRUE,"648_-1616",2018-12-05 23:58:00,NA,FALSE,NA,32.3861,-80.7813,2018-11-05 21:22:00,"111679",NA,"Rachycentron canadum",NA,NA,NA,NA,NA,"Mid Broad","648_-1616","A69-9001-19091",0.0333333333333333,NA,"0db136f1-5f82-4300-a77c-71cab1aca18d",0,2018
"476",NA,"COBCRP-0-20171020_redeployments","UFRA","A69-1601","COBCRP","cobia",FALSE,"Daryl Parkyn","Daryl Parkyn",2019-04-01,2019-04-01 05:18:00,2025-02-26,28.3955,-80.5054,"UFRA",FALSE,0,FALSE,0.0333333333333333,NA,"0101000000A3AF20CD582054C0B03DB32440653C40",TRUE,"564_-1612",2019-04-07 12:51:34,NA,FALSE,NA,28.3955,-80.5054,2019-04-01 05:16:00,"130777",NA,"Rachycentron canadum",NA,NA,NA,NA,NA,"UF17","568_-1610","A69-1601-54494",0.0333333333333333,NA,"0dbbf959-6f5d-4ff7-9abb-2cecd5002253",0,2019
"477",NA,"COBCRP-49-20171019","Kessel","A69-1601","COBCRP","cobia",FALSE,NA,NA,2016-07-13,2016-07-13 01:39:00,2020-05-29,27.0506,-80.0426,"Kessel",FALSE,0,FALSE,0.0236111111111111,NA,NA,TRUE,"541_-1601",2016-10-07 22:52:00,NA,FALSE,NA,27.0506,-80.0426,2016-07-13 01:37:35,"100288",NA,"Rachycentron canadum",NA,NA,NA,NA,NA,"BBHS","541_-1601","A69-1601-54501",0.0236111111111111,NA,"0dbca454-231f-4d78-bf9d-ee0bcd2bb967",0,2016
"478",NA,"COBCRP-71-20171019","UNK","A69-9001","COBCRP","cobia",FALSE,NA,NA,2017-05-06,2017-05-06 09:10:00,2020-06-03,32.8602,-79.8937,"UNK",FALSE,0,FALSE,0.0833333333333333,NA,NA,TRUE,"651_-1590",2018-07-18 18:21:27,NA,FALSE,NA,32.8602,-79.8937,2017-05-06 09:05:00,"121654",NA,"Rachycentron canadum",NA,NA,NA,NA,NA,"Coastal- Wando RM 3.5","657_-1598","A69-9001-19063",0.0833333333333333,NA,"0dc306b6-8435-4093-8455-b6d73e28367f",0,2017
"479",NA,"COBCRP-135-20171019","UFRA","A69-9001","COBCRP","cobia",FALSE,"Daryl Parkyn","Daryl Parkyn",2017-04-06,2017-04-06 03:27:00,2025-02-26,28.4847,-80.4216,"UFRA",FALSE,0,FALSE,0.0166666666666666,NA,"0101000000F0164850FC1A54C079060DFD137C3C40",TRUE,"569_-1608",2017-06-05 18:16:00,NA,FALSE,NA,28.4847,-80.4216,2017-04-06 03:26:00,"130783",NA,"Rachycentron canadum",NA,NA,NA,NA,NA,"UF09","570_-1608","A69-9001-20111",0.0166666666666666,NA,"0dc9fee7-4eb7-489d-bbf8-a63638919302",0,2017
"480",NA,"COBCRP-102-20171019","UFRA","A69-9001","COBCRP","cobia",FALSE,"Daryl Parkyn","Daryl Parkyn",2017-10-16,2017-10-16 02:08:00,2025-02-26,28.4472,-80.4178,"UFRA",FALSE,0,FALSE,0.0183333333333333,NA,"01010000006A520ABABD1A54C00A68226C78723C40",TRUE,"568_-1611",2019-12-11 00:25:28,NA,FALSE,NA,28.4472,-80.4178,2017-10-16 02:06:54,"130786",NA,"Rachycentron canadum",NA,NA,NA,NA,NA,"UF23","569_-1608","A69-9001-19025",0.0183333333333333,NA,"0dd2f762-e9db-4c76-99a5-c300deafecf8",0,2017
"481",NA,"COBCRP-NASA1564","Navy","A69-9001","COBCRP","cobia",FALSE,"Carter Watterson","Carter Waterson",2019-09-25,2019-09-25 05:08:16,2025-02-26,36.8162,-75.7599,"Navy",FALSE,0,FALSE,0.0333333333333333,NA,"010100000006BB61DBA2F052C03FA9F6E978684240",TRUE,"685_-1531",2022-11-23 02:05:00,NA,FALSE,NA,36.8162,-75.7599,2019-09-25 05:06:16,"0",NA,"Rachycentron canadum",NA,NA,NA,NA,NA,"CB","736_-1515","A69-9001-13161",0.0333333333333333,NA,"0dd31765-716c-43c4-b57b-e6bd04210baf",0,2019
"482",NA,"COBCRP-M5472_AT0172","Navy","A69-9001","COBCRP","cobia",FALSE,"Carter Watterson","Carter Waterson",2019-09-23,2019-09-23 17:24:23,2025-02-26,36.8162,-75.7599,"Navy",FALSE,0,FALSE,0.128888888888889,NA,"010100000006BB61DBA2F052C03FA9F6E978684240",TRUE,"752_-1527",2020-06-19 15:05:59,NA,FALSE,NA,36.8162,-75.7599,2019-09-23 17:16:39,"0",NA,"Rachycentron canadum",NA,NA,NA,NA,NA,"CB","736_-1515","A69-9001-7176",0.128888888888889,NA,"0dd6d439-74d2-4bee-aadd-a767a32dfb7d",0,2019
"483",NA,"COBCRP-M5386","Navy","A69-9002","COBCRP","cobia",FALSE,"Carter Watterson","Carter Waterson",2019-01-10,2019-01-10 21:35:48,2025-02-26,36.8606,-75.5545,"Navy",FALSE,0,FALSE,0.0758333333333333,NA,"0101000000736891ED7CE352C003780B24286E4240",TRUE,"695_-1515",2024-04-29 20:03:10,NA,FALSE,NA,36.8606,-75.5545,2019-01-10 21:31:15,"0",NA,"Rachycentron canadum",NA,NA,NA,NA,NA,"SCL 7","737_-1511","A69-9002-5736",0.0758333333333333,NA,"0de31e2d-8e5a-4751-af89-fb2e40dc23c1",0,2019
"484",NA,"COBCRP-0-20171020_redeployments","UFRA","A69-1601","COBCRP","cobia",FALSE,"Daryl Parkyn","Daryl Parkyn",2018-12-11,2018-12-11 15:35:00,2025-02-26,28.4674,-80.4225,"UFRA",FALSE,0,FALSE,0.0833333333333333,NA,"010100000090F7AA95091B54C0AC21718FA5773C40",TRUE,"564_-1612",2019-04-07 12:51:34,NA,FALSE,NA,28.4674,-80.4225,2018-12-11 15:30:00,"130803",NA,"Rachycentron canadum",NA,NA,NA,NA,NA,"UF21","569_-1608","A69-1601-54494",0.0833333333333333,NA,"0de6f2a5-509f-4341-96c9-bb6c9ef1af22",0,2018
"485",NA,"COBCRP-97-20171019","UFRA","A69-9001","COBCRP","cobia",FALSE,"Daryl Parkyn","Daryl Parkyn",2017-10-17,2017-10-17 10:12:58,2025-02-26,28.4291,-80.4164,"UFRA",FALSE,0,FALSE,0.0019444444444444,NA,"0101000000B1C403CAA61A54C0D9B11188D76D3C40",TRUE,"571_-1607",2018-06-06 07:33:01,NA,FALSE,NA,28.4291,-80.4164,2017-10-17 10:12:51,"130783",NA,"Rachycentron canadum",NA,NA,NA,NA,NA,"UF11","569_-1608","A69-9001-19011",0.0019444444444444,NA,"0de9fa29-9bb0-40d6-84d7-0bd5ee814fab",0,2017
"486",NA,"COBCRP-0-20171020_redeployments","UFRA","A69-1601","COBCRP","cobia",FALSE,"Daryl Parkyn","Daryl Parkyn",2018-11-19,2018-11-19 08:10:00,2025-02-26,28.4847,-80.4216,"UFRA",FALSE,0.0224882517802513,FALSE,0.0191666666666666,NA,"0101000000F0164850FC1A54C079060DFD137C3C40",TRUE,"564_-1612",2019-04-07 12:51:34,NA,FALSE,NA,28.4848,-80.4218,2018-11-19 08:08:51,"130805",NA,"Rachycentron canadum",NA,NA,NA,NA,NA,"UF09","570_-1608","A69-1601-54494",0.0191666666666666,NA,"0df7e577-6801-47a9-a471-d112c9c152ec",1.17330009288268,2018
"487",NA,"COBCRP-117-20170426","UFRA","A69-9001","COBCRP","cobia",FALSE,"Daryl Parkyn","Daryl Parkyn",2017-12-17,2017-12-17 05:57:53,2025-02-26,28.5578,-80.4206,"UFRA",FALSE,0,FALSE,0.0727777777777777,NA,"010100000070EB6E9EEA1A54C074B515FBCB8E3C40",TRUE,"622_-1624",2018-05-11 16:04:03,NA,FALSE,NA,28.5578,-80.4206,2017-12-17 05:53:31,"130788",NA,"Rachycentron canadum",NA,NA,NA,NA,NA,"UF05","571_-1608","A69-9001-19112",0.0727777777777777,NA,"0dfb4d04-2d54-456e-bba7-70738a6ebf7b",0,2017
"488",NA,"COBCRP-117-20170426","Glider","A69-9001","COBCRP","cobia",FALSE,NA,NA,2017-03-12,2017-03-12 03:38:00,2020-06-06,28.8592,-80.569,"Glider",FALSE,0.0591246483398011,FALSE,0.0333333333333333,NA,NA,TRUE,"622_-1624",2018-05-11 16:04:03,NA,FALSE,NA,28.8588,-80.5686,2017-03-12 03:36:00,"450203",NA,"Rachycentron canadum",NA,NA,NA,NA,NA,"BOEM Wave Glider","577_-1611","A69-9001-19112",0.0333333333333333,NA,"0e022973-29c3-4b64-9917-d1a4e9f64a94",1.77373945019403,2017
"489",NA,"COBCRP-102-20171019","UFRA","A69-9001","COBCRP","cobia",FALSE,"Daryl Parkyn","Daryl Parkyn",2018-10-18,2018-10-18 16:16:00,2025-02-26,28.4977,-80.4168,"UFRA",FALSE,0.0222389853292549,FALSE,0.0005555555555555,NA,"010100000031D3F6AFAC1A54C08195438B6C7F3C40",TRUE,"568_-1611",2019-12-11 00:25:28,NA,FALSE,NA,28.4979,-80.4168,2018-10-18 16:15:58,"130805",NA,"Rachycentron canadum",NA,NA,NA,NA,NA,"UF08","570_-1608","A69-9001-19025",0.0005555555555555,NA,"0e0265ed-e463-4f40-9d95-04aafd592faf",40.0301735926589,2018
"490",NA,"COBCRP-TT1297","Navy","A69-9001","COBCRP","cobia",FALSE,"Carter Watterson","Carter Waterson",2019-03-07,2019-03-07 02:14:39,2025-02-26,36.9551,-75.9728,"Navy",FALSE,0,FALSE,0.0430555555555555,NA,"0101000000D8B628B341FE52C0E0DBF4673F7A4240",TRUE,"740_-1522",2021-06-26 11:52:28,NA,FALSE,NA,36.9551,-75.9728,2019-03-07 02:12:04,"0",NA,"Rachycentron canadum",NA,NA,NA,NA,NA,"2c off cape henry","739_-1519","A69-9001-7096",0.0430555555555555,NA,"0e0351c0-d3d5-443d-9097-e1e68fcf1218",0,2019
"491",NA,"COBCRP-10-20171019","UFRA","A69-1601","COBCRP","cobia",FALSE,"Daryl Parkyn","Daryl Parkyn",2017-07-09,2017-07-09 10:16:47,2025-02-26,28.3888,-80.4672,"UFRA",FALSE,0,FALSE,0.0266666666666666,NA,"0101000000E4141DC9E51D54C0C156091687633C40",TRUE,"570_-1607",2017-12-01 19:19:07,NA,FALSE,NA,28.3888,-80.4672,2017-07-09 10:15:11,"130784",NA,"Rachycentron canadum",NA,NA,NA,NA,NA,"UF16","568_-1609","A69-1601-54488",0.0266666666666666,NA,"0e089696-e3ef-4175-a0f5-67363b582aaa",0,2017
"492",NA,"COBCRP-15-20171019","Kessel","A69-1601","COBCRP","cobia",FALSE,NA,NA,2016-03-04,2016-03-04 08:47:00,2020-05-29,26.9636,-80.0068,"Kessel",FALSE,1.74257064023364,FALSE,NA,NA,NA,TRUE,"490_-1638",2016-04-10 04:06:09,NA,FALSE,NA,26.9769,-80.0161,NA,"112609",NA,"Rachycentron canadum",NA,NA,NA,NA,NA,"BBEB","539_-1600","A69-1601-54492",0.833333333333333,NA,"0e0db5bf-623b-4448-99ca-25041288e7fd",2.09108476828036,2016
"493",NA,"COBCRP-M5310_AT0012","UFRA","A69-9002","COBCRP","cobia",FALSE,"Daryl Parkyn","Daryl Parkyn",2019-11-04,2019-11-04 08:17:00,2025-02-26,28.5763,-80.4805,"UFRA",FALSE,0,FALSE,0.0166666666666666,NA,"0101000000F085C954C11E54C07AAA436E86933C40",TRUE,"587_-1604",2022-05-09 03:35:30,NA,FALSE,NA,28.5763,-80.4805,2019-11-04 08:16:00,"130792",NA,"Rachycentron canadum",NA,NA,NA,"ADC",152,"UF02","572_-1610","A69-9002-11156",0.0166666666666666,NA,"0e174264-cb98-42d7-951e-6167a7b21a35",0,2019
"494",NA,"COBCRP-TT1297","Navy","A69-9001","COBCRP","cobia",FALSE,"Carter Watterson","Carter Waterson",2019-08-14,2019-08-14 14:44:46,2025-02-26,36.8338,-75.89,"Navy",FALSE,0,FALSE,0.03,NA,"01010000000686AC6EF5F852C05F0CE544BB6A4240",TRUE,"740_-1522",2021-06-26 11:52:28,NA,FALSE,NA,36.8338,-75.89,2019-08-14 14:42:58,"0",NA,"Rachycentron canadum",NA,NA,NA,NA,NA,"RA","737_-1518","A69-9001-7096",0.03,NA,"0e1840e5-3e80-4051-bd12-6a6a197fd867",0,2019
"495",NA,"COBCRP-130-20171019","UFRA","A69-9001","COBCRP","cobia",FALSE,"Daryl Parkyn","Daryl Parkyn",2018-09-27,2018-09-27 14:27:00,2025-02-26,28.4674,-80.4225,"UFRA",FALSE,0,FALSE,0.0236111111111111,NA,"010100000090F7AA95091B54C0AC21718FA5773C40",TRUE,"574_-1609",2019-05-22 18:31:53,NA,FALSE,NA,28.4674,-80.4225,2018-09-27 14:25:35,"130776",NA,"Rachycentron canadum",NA,NA,NA,NA,NA,"UF21","569_-1608","A69-9001-23438",0.0236111111111111,NA,"0e2342cd-7df6-4e90-89c3-e41a1477ad07",0,2018
"496",NA,"COBCRP-102-20171019","UFRA","A69-9001","COBCRP","cobia",FALSE,"Daryl Parkyn","Daryl Parkyn",2018-12-29,2018-12-29 21:40:00,2025-02-26,28.4674,-80.4225,"UFRA",FALSE,0,FALSE,0.0166666666666666,NA,"010100000090F7AA95091B54C0AC21718FA5773C40",TRUE,"568_-1611",2019-12-11 00:25:28,NA,FALSE,NA,28.4674,-80.4225,2018-12-29 21:39:00,"130803",NA,"Rachycentron canadum",NA,NA,NA,NA,NA,"UF21","569_-1608","A69-9001-19025",0.0166666666666666,NA,"0e2cdab1-709e-49ce-84a1-aade4d50c216",0,2018
"497",NA,"COBCRP-0-20171020_redeployments","UFRA","A69-1601","COBCRP","cobia",FALSE,"Daryl Parkyn","Daryl Parkyn",2018-10-18,2018-10-18 08:05:00,2025-02-26,28.429,-80.4164,"UFRA",FALSE,0,FALSE,0.0333333333333333,NA,"010100000046425BCEA51A54C0A04FE449D26D3C40",TRUE,"564_-1612",2019-04-07 12:51:34,NA,FALSE,NA,28.429,-80.4164,2018-10-18 08:03:00,"130791",NA,"Rachycentron canadum",NA,NA,NA,NA,NA,"UF11","569_-1608","A69-1601-54494",0.0333333333333333,NA,"0e309b3a-2c32-47b4-a6df-deb2b139a5fd",0,2018
"498",NA,"COBCRP-102-20171019","UFRA","A69-9001","COBCRP","cobia",FALSE,"Daryl Parkyn","Daryl Parkyn",2018-12-03,2018-12-03 00:36:00,2025-02-26,28.3955,-80.5054,"UFRA",FALSE,0,FALSE,0.0833333333333333,NA,"0101000000A3AF20CD582054C0B03DB32440653C40",TRUE,"568_-1611",2019-12-11 00:25:28,NA,FALSE,NA,28.3955,-80.5054,2018-12-03 00:31:00,"130776",NA,"Rachycentron canadum",NA,NA,NA,NA,NA,"UF17","568_-1610","A69-9001-19025",0.0833333333333333,NA,"0e316384-5756-4431-a8e9-ca65d81971b5",0,2018
"499",NA,"COBCRP-0-20171020_redeployments","UFRA","A69-1601","COBCRP","cobia",FALSE,"Daryl Parkyn","Daryl Parkyn",2018-10-17,2018-10-17 22:18:00,2025-02-26,28.447,-80.4177,"UFRA",FALSE,0.0242932118866669,FALSE,0.0127777777777777,NA,"0101000000B8239C16BC1A54C0DF4F8D976E723C40",TRUE,"564_-1612",2019-04-07 12:51:34,NA,FALSE,NA,28.4472,-80.4178,2018-10-17 22:17:14,"130781",NA,"Rachycentron canadum",NA,NA,NA,NA,NA,"UF23","569_-1608","A69-1601-54494",0.0127777777777777,NA,"0e34615f-7cb1-405c-ab25-906759733bc3",1.90120788678263,2018
"500",NA,"COBCRP-24-20171019","Navy","A69-9001","COBCRP","cobia",FALSE,"Carter Watterson","Carter Waterson",2016-04-09,2016-04-09 16:54:33,2025-02-26,36.9709,-76.1045,"Navy",FALSE,0,FALSE,0.0244444444444444,NA,"0101000000DCDC989EB00653C06A300DC3477C4240",TRUE,"742_-1520",2017-06-06 09:43:57,NA,FALSE,NA,36.9709,-76.1045,2016-04-09 16:53:05,"0",NA,"Rachycentron canadum",NA,NA,NA,NA,NA,"TS7","739_-1522","A69-9001-19032",0.0244444444444444,NA,"0e3af344-6890-4b56-84de-a7a6323a3ce7",0,2016
"501",NA,"COBCRP-135-20171019","UFRA","A69-9001","COBCRP","cobia",FALSE,"Daryl Parkyn","Daryl Parkyn",2017-05-30,2017-05-30 00:05:00,2025-02-26,28.4977,-80.4168,"UFRA",FALSE,0.0222389853292549,FALSE,0.0808333333333333,NA,"010100000031D3F6AFAC1A54C08195438B6C7F3C40",TRUE,"569_-1608",2017-06-05 18:16:00,NA,FALSE,NA,28.4979,-80.4168,2017-05-30 00:00:09,"130782",NA,"Rachycentron canadum",NA,NA,NA,NA,NA,"UF08","570_-1608","A69-9001-20111",0.0808333333333333,NA,"0e414a5e-a895-4b99-88f9-1517095685c9",0.275121467990783,2017
"502",NA,"COBCRP-TT1297","Navy","A69-9001","COBCRP","cobia",FALSE,"Carter Watterson","Carter Waterson",2020-02-07,2020-02-07 22:32:08,2025-02-26,36.8259,-75.8504,"Navy",FALSE,0,FALSE,0.0494444444444444,NA,"010100000075CDE49B6DF652C068B3EA73B5694240",TRUE,"740_-1522",2021-06-26 11:52:28,NA,FALSE,NA,36.8259,-75.8504,2020-02-07 22:29:10,"0",NA,"Rachycentron canadum",NA,NA,NA,NA,NA,"RAOutside","737_-1517","A69-9001-7096",0.0494444444444444,NA,"0e46de38-b386-4838-a4e9-54f7cfd123d3",0,2020
"503",NA,"COBCRP-0-20171020_redeployments","UFRA","A69-1601","COBCRP","cobia",FALSE,"Daryl Parkyn","Daryl Parkyn",2018-11-26,2018-11-26 11:19:00,2025-02-26,28.533,-80.4052,"UFRA",FALSE,0.0111194926644299,FALSE,0.0116666666666666,NA,"0101000000A4AA09A2EE1954C02A1DACFF73883C40",TRUE,"564_-1612",2019-04-07 12:51:34,NA,FALSE,NA,28.5331,-80.4052,2018-11-26 11:18:18,"130800",NA,"Rachycentron canadum",NA,NA,NA,NA,NA,"UF07","571_-1608","A69-1601-54494",0.0116666666666666,NA,"0e4839d1-56e5-411d-bb40-288ef534f906",0.953099371236854,2018
"504",NA,"COBCRP-NASA1564","Navy","A69-9001","COBCRP","cobia",FALSE,"Carter Watterson","Carter Waterson",2020-08-26,2020-08-26 18:14:59,2025-02-26,36.8469,-75.5832,"Navy",FALSE,0,FALSE,0.0575,NA,"0101000000BEC1172653E552C0BF7D1D38676C4240",TRUE,"685_-1531",2022-11-23 02:05:00,NA,FALSE,NA,36.8469,-75.5832,2020-08-26 18:11:32,"0",NA,"Rachycentron canadum",NA,NA,NA,NA,NA,"SCL 6","737_-1512","A69-9001-13161",0.0575,NA,"0e49d5e9-33b5-4803-81e3-4225b0244c0c",0,2020
"505",NA,"COBCRP-NASA1564","Navy","A69-9001","COBCRP","cobia",FALSE,"Carter Watterson","Carter Waterson",2020-08-26,2020-08-26 14:12:42,2025-02-26,36.8469,-75.5832,"Navy",FALSE,0,FALSE,0.0225,NA,"0101000000BEC1172653E552C0BF7D1D38676C4240",TRUE,"685_-1531",2022-11-23 02:05:00,NA,FALSE,NA,36.8469,-75.5832,2020-08-26 14:11:21,"0",NA,"Rachycentron canadum",NA,NA,NA,NA,NA,"SCL 6","737_-1512","A69-9001-13161",0.0225,NA,"0e4a8459-b87b-4583-9c04-4eb1d7f26930",0,2020
"506",NA,"COBCRP-102-20171019","UFRA","A69-9001","COBCRP","cobia",FALSE,"Daryl Parkyn","Daryl Parkyn",2018-02-21,2018-02-21 04:41:00,2025-02-26,28.3912,-80.5206,"UFRA",FALSE,0,FALSE,0.0002777777777777,NA,"01010000002F698CD6512154C0F931E6AE25643C40",TRUE,"568_-1611",2019-12-11 00:25:28,NA,FALSE,NA,28.3912,-80.5206,2018-02-21 04:40:59,"130804",NA,"Rachycentron canadum",NA,NA,NA,NA,NA,"UF18","568_-1610","A69-9001-19025",0.0002777777777777,NA,"0e4ac0e6-b3ee-4128-a5b4-e79539550d9b",0,2018
"507",NA,"COBCRP-102-20171019","UFRA","A69-9001","COBCRP","cobia",FALSE,"Daryl Parkyn","Daryl Parkyn",2018-08-12,2018-08-12 14:16:00,2025-02-26,28.3815,-80.4798,"UFRA",FALSE,0,FALSE,0.0166666666666666,NA,"010100000002D4D4B2B51E54C06FBBD05CA7613C40",TRUE,"568_-1611",2019-12-11 00:25:28,NA,FALSE,NA,28.3815,-80.4798,2018-08-12 14:15:00,"130777",NA,"Rachycentron canadum",NA,NA,NA,NA,NA,"UF15","568_-1610","A69-9001-19025",0.0166666666666666,NA,"0e530cf5-04b1-44b0-ac50-b0bf88b91d14",0,2018
"508",NA,"COBCRP-1253674-2017-06-24","UFRA","A69-9002","COBCRP","cobia",FALSE,"Daryl Parkyn","Daryl Parkyn",2017-07-29,2017-07-29 08:27:50,2025-02-26,28.5221,-80.4156,"UFRA",FALSE,0,FALSE,0.0302777777777777,NA,"0101000000B8CCE9B2981A54C0D93D7958A8853C40",TRUE,"570_-1608",2017-11-07 21:55:00,NA,FALSE,NA,28.5221,-80.4156,2017-07-29 08:26:01,"130787",NA,"Rachycentron canadum",NA,NA,NA,"°C",25.4178,"UF06","570_-1608","A69-9002-11154",0.0302777777777777,NA,"0e5bd32c-60cf-4b98-8101-0ff892bf99c1",0,2017
"509",NA,"COBCRP-71-20171019","UNK","A69-9001","COBCRP","cobia",FALSE,NA,NA,2017-05-06,2017-05-06 07:43:00,2020-06-03,32.8602,-79.8937,"UNK",FALSE,0,FALSE,0.0333333333333333,NA,NA,TRUE,"651_-1590",2018-07-18 18:21:27,NA,FALSE,NA,32.8602,-79.8937,2017-05-06 07:41:00,"121654",NA,"Rachycentron canadum",NA,NA,NA,NA,NA,"Coastal- Wando RM 3.5","657_-1598","A69-9001-19063",0.0333333333333333,NA,"0e69221b-2794-42e9-8824-23181ca44e5e",0,2017
"510",NA,"COBCRP-51-20171019","Kessel","A69-1601","COBCRP","cobia",FALSE,NA,NA,2016-03-06,2016-03-06 16:35:00,2020-05-29,26.9769,-80.0161,"Kessel",FALSE,0.848601782198772,FALSE,0.0333333333333333,NA,NA,TRUE,"549_-1603",2017-03-29 23:58:59,NA,FALSE,NA,26.9791,-80.0243,2016-03-06 16:33:00,"112581",NA,"Rachycentron canadum",NA,NA,NA,NA,NA,"BBTB","540_-1600","A69-1601-54503",0.0333333333333333,NA,"0e73ce74-2781-4cf0-b653-e2b12ea8a4f7",25.4580534659632,2016
"511",NA,"COBCRP-M5477_AT0177","Navy","A69-9001","COBCRP","cobia",FALSE,"Carter Watterson","Carter Waterson",2020-08-28,2020-08-28 22:17:51,2025-02-26,36.8135,-75.7014,"Navy",FALSE,0,FALSE,0.0211111111111111,NA,"0101000000865AD3BCE3EC52C0E3A59BC420684240",TRUE,"570_-1611",2021-03-25 13:49:20,NA,FALSE,NA,36.8135,-75.7014,2020-08-28 22:16:35,"0",NA,"Rachycentron canadum",NA,NA,NA,NA,NA,"SCL 2","736_-1514","A69-9001-7189",0.0211111111111111,NA,"0e7502f4-5748-4067-9b61-31370f54d60a",0,2020
"512",NA,"COBCRP-102-20171019","UFRA","A69-9001","COBCRP","cobia",FALSE,"Daryl Parkyn","Daryl Parkyn",2017-10-16,2017-10-16 18:03:19,2025-02-26,28.4848,-80.4218,"UFRA",FALSE,0,FALSE,0.0444444444444444,NA,"0101000000C51B9947FE1A54C040C1C58A1A7C3C40",TRUE,"568_-1611",2019-12-11 00:25:28,NA,FALSE,NA,28.4848,-80.4218,2017-10-16 18:00:39,"130777",NA,"Rachycentron canadum",NA,NA,NA,NA,NA,"UF09","570_-1608","A69-9001-19025",0.0444444444444444,NA,"0e85042e-5bcd-4d16-9765-7920014ba4d1",0,2017
"513",NA,"COBCRP-102-20171019","UFRA","A69-9001","COBCRP","cobia",FALSE,"Daryl Parkyn","Daryl Parkyn",2018-10-16,2018-10-16 08:17:00,2025-02-26,28.3911,-80.5206,"UFRA",FALSE,0.0111194926644299,FALSE,0.0227777777777777,NA,"01010000001DFE9AAC512154C0077C7E1821643C40",TRUE,"568_-1611",2019-12-11 00:25:28,NA,FALSE,NA,28.3912,-80.5206,2018-10-16 08:15:38,"130799",NA,"Rachycentron canadum",NA,NA,NA,NA,NA,"UF18","568_-1610","A69-9001-19025",0.0227777777777777,NA,"0e8aba03-b88c-474d-a984-c33cf74858a1",0.488172848682291,2018
"514",NA,"COBCRP-TT1297","Navy","A69-9001","COBCRP","cobia",FALSE,"Carter Watterson","Carter Waterson",2019-08-19,2019-08-19 05:33:32,2025-02-26,36.7175,-75.834,"Navy",FALSE,0.715231152223037,FALSE,0.0272222222222222,NA,"01010000004C37894160F552C0A4703D0AD75B4240",TRUE,"740_-1522",2021-06-26 11:52:28,NA,FALSE,NA,36.717,-75.826,2019-08-19 05:31:54,"0",NA,"Rachycentron canadum",NA,NA,NA,NA,NA,"SBA 3","734_-1517","A69-9001-7096",0.0272222222222222,NA,"0e8cf4b9-089c-4895-833b-a83b753108dc",26.2737974286013,2019
"515",NA,"COBCRP-102-20171019","UFRA","A69-9001","COBCRP","cobia",FALSE,"Daryl Parkyn","Daryl Parkyn",2018-02-13,2018-02-13 00:21:00,2025-02-26,28.4674,-80.4225,"UFRA",FALSE,0,FALSE,0.0083333333333333,NA,"010100000090F7AA95091B54C0AC21718FA5773C40",TRUE,"568_-1611",2019-12-11 00:25:28,NA,FALSE,NA,28.4674,-80.4225,2018-02-13 00:20:30,"130800",NA,"Rachycentron canadum",NA,NA,NA,NA,NA,"UF21","569_-1608","A69-9001-19025",0.0083333333333333,NA,"0e93631b-a477-4a9b-b115-dde3eda931f8",0,2018
"516",NA,"COBCRP-M5312_AT0013","Navy","A69-9001","COBCRP","cobia",FALSE,"Carter Watterson","Carter Waterson",2019-05-21,2019-05-21 20:07:33,2025-02-26,36.9309,-76.1652,"Navy",FALSE,0.305191821362638,FALSE,0.0330555555555555,NA,"0101000000F0113125920A53C0E544BB0A29774240",TRUE,"736_-1514",2020-12-07 21:32:24,NA,FALSE,NA,36.9335,-76.1641,2019-05-21 20:05:34,"0",NA,"Rachycentron canadum",NA,NA,NA,NA,NA,"ELCAS 28","739_-1523","A69-9001-19008",0.0330555555555555,NA,"0ea7f4f5-bb5e-4fec-849a-2b8e5c5d75dc",9.23269375550839,2019
"517",NA,"COBCRP-TT1297","Navy","A69-9001","COBCRP","cobia",FALSE,"Carter Watterson","Carter Waterson",2019-08-19,2019-08-19 05:10:23,2025-02-26,36.713,-75.818,"Navy",FALSE,0.840430422341193,FALSE,0.02,NA,"01010000003108AC1C5AF452C025068195435B4240",TRUE,"740_-1522",2021-06-26 11:52:28,NA,FALSE,NA,36.717,-75.826,2019-08-19 05:09:11,"0",NA,"Rachycentron canadum",NA,NA,NA,NA,NA,"SBA 6","734_-1516","A69-9001-7096",0.0036111111111111,NA,"0eb111bd-2e66-4ed0-a2c1-4829c2ff39ef",232.734578494484,2019
"518",NA,"COBCRP-2-20171020_redeployments","Kessel","A69-9001","COBCRP","cobia",FALSE,NA,NA,2017-03-13,2017-03-13 18:36:00,2020-05-29,27.0506,-80.0426,"Kessel",FALSE,0,FALSE,0.105833333333333,NA,NA,TRUE,"542_-1601",2017-05-26 04:51:37,NA,FALSE,NA,27.0506,-80.0426,2017-03-13 18:29:39,"100288",NA,"Rachycentron canadum",NA,NA,NA,NA,NA,"BBHS","541_-1601","A69-9001-19044",0.105833333333333,NA,"0ebcc474-7cdc-4b04-832d-79b787a76960",0,2017
"519",NA,"COBCRP-102-20171019","UFRA","A69-9001","COBCRP","cobia",FALSE,"Daryl Parkyn","Daryl Parkyn",2017-12-22,2017-12-22 20:11:00,2025-02-26,28.4674,-80.4225,"UFRA",FALSE,0,FALSE,0.0180555555555555,NA,"010100000090F7AA95091B54C0AC21718FA5773C40",TRUE,"568_-1611",2019-12-11 00:25:28,NA,FALSE,NA,28.4674,-80.4225,2017-12-22 20:09:55,"130800",NA,"Rachycentron canadum",NA,NA,NA,NA,NA,"UF21","569_-1608","A69-9001-19025",0.0180555555555555,NA,"0ebfa507-46fa-4691-899c-92d7027029d0",0,2017
"520",NA,"COBCRP-97-20171019","UFRA","A69-9001","COBCRP","cobia",FALSE,"Daryl Parkyn","Daryl Parkyn",2017-05-07,2017-05-07 06:24:00,2025-02-26,28.4847,-80.4216,"UFRA",FALSE,0,FALSE,0.233333333333333,NA,"0101000000F0164850FC1A54C079060DFD137C3C40",TRUE,"571_-1607",2018-06-06 07:33:01,NA,FALSE,NA,28.4847,-80.4216,2017-05-07 06:10:00,"130783",NA,"Rachycentron canadum",NA,NA,NA,NA,NA,"UF09","570_-1608","A69-9001-19011",0.233333333333333,NA,"0ed6bdf5-57c5-4d32-8f05-64da5c01829e",0,2017
"521",NA,"COBCRP-102-20171019","UFRA","A69-9001","COBCRP","cobia",FALSE,"Daryl Parkyn","Daryl Parkyn",2018-10-18,2018-10-18 17:59:00,2025-02-26,28.4977,-80.4168,"UFRA",FALSE,0.0222389853292549,FALSE,0.0097222222222222,NA,"010100000031D3F6AFAC1A54C08195438B6C7F3C40",TRUE,"568_-1611",2019-12-11 00:25:28,NA,FALSE,NA,28.4979,-80.4168,2018-10-18 17:58:25,"130805",NA,"Rachycentron canadum",NA,NA,NA,NA,NA,"UF08","570_-1608","A69-9001-19025",0.0097222222222222,NA,"0ed746a4-47c1-4f04-91ce-3ab2d3315cd1",2.28743849100908,2018
"522",NA,"COBCRP-102-20171019","UFRA","A69-9001","COBCRP","cobia",FALSE,"Daryl Parkyn","Daryl Parkyn",2018-10-15,2018-10-15 06:46:00,2025-02-26,28.3987,-80.5495,"UFRA",FALSE,0,FALSE,0.0166666666666666,NA,"0101000000CCB4FD2B2B2354C0033E3F8C10663C40",TRUE,"568_-1611",2019-12-11 00:25:28,NA,TRUE,NA,28.3987,-80.5495,2018-10-15 06:45:00,"130801",NA,"Rachycentron canadum",NA,NA,NA,NA,NA,"UF19","568_-1611","A69-9001-19025",0.0166666666666666,NA,"0ed78e8f-1604-495c-989c-30bbc4042a18",0,2018
"523",NA,"COBCRP-0-20171020_redeployments","UFRA","A69-1601","COBCRP","cobia",FALSE,"Daryl Parkyn","Daryl Parkyn",2019-04-01,2019-04-01 06:01:00,2025-02-26,28.3955,-80.5054,"UFRA",FALSE,0,FALSE,0.0333333333333333,NA,"0101000000A3AF20CD582054C0B03DB32440653C40",TRUE,"564_-1612",2019-04-07 12:51:34,NA,FALSE,NA,28.3955,-80.5054,2019-04-01 05:59:00,"130777",NA,"Rachycentron canadum",NA,NA,NA,NA,NA,"UF17","568_-1610","A69-1601-54494",0.0333333333333333,NA,"0ee7c4cd-fd99-464e-8585-276fed2ede6b",0,2019
"524",NA,"COBCRP-102-20171019","UFRA","A69-9001","COBCRP","cobia",FALSE,"Daryl Parkyn","Daryl Parkyn",2019-10-01,2019-10-01 07:37:00,2025-02-26,28.3987,-80.5495,"UFRA",FALSE,0,FALSE,1.48333333333333,NA,"0101000000CCB4FD2B2B2354C0033E3F8C10663C40",TRUE,"568_-1611",2019-12-11 00:25:28,NA,TRUE,NA,28.3987,-80.5495,2019-10-01 06:08:00,"130799",NA,"Rachycentron canadum",NA,NA,NA,NA,NA,"UF19","568_-1611","A69-9001-19025",1.48333333333333,NA,"0eeae343-2fbc-4798-b007-2c5458400ec4",0,2019
"525",NA,"COBCRP-102-20171019","UFRA","A69-9001","COBCRP","cobia",FALSE,"Daryl Parkyn","Daryl Parkyn",2018-08-12,2018-08-12 04:00:00,2025-02-26,28.3955,-80.5054,"UFRA",FALSE,0,FALSE,0.116666666666667,NA,"0101000000A3AF20CD582054C0B03DB32440653C40",TRUE,"568_-1611",2019-12-11 00:25:28,NA,FALSE,NA,28.3955,-80.5054,2018-08-12 03:53:00,"130787",NA,"Rachycentron canadum",NA,NA,NA,NA,NA,"UF17","568_-1610","A69-9001-19025",0.116666666666667,NA,"0eef6b95-1c8f-473a-bbc0-66ceb6f7965c",0,2018
"526",NA,"COBCRP-66-20171019","Elizabeth Miller","A69-9001","COBCRP","cobia",FALSE,NA,NA,2018-05-21,2018-05-21 19:40:00,2020-06-05,32.3861,-80.7813,"Elizabeth Miller",FALSE,0,FALSE,0.0333333333333333,NA,NA,TRUE,"648_-1616",2018-12-05 23:58:00,NA,FALSE,NA,32.3861,-80.7813,2018-05-21 19:38:00,"111679",NA,"Rachycentron canadum",NA,NA,NA,NA,NA,"Mid Broad","648_-1616","A69-9001-19091",0.0333333333333333,NA,"0f01f602-06d2-4c1b-a1c0-f5db13f4acee",0,2018
"527",NA,"COBCRP-97-20171019","UFRA","A69-9001","COBCRP","cobia",FALSE,"Daryl Parkyn","Daryl Parkyn",2018-03-20,2018-03-20 15:36:00,2025-02-26,28.5221,-80.4155,"UFRA",FALSE,0,FALSE,0.0333333333333333,NA,"0101000000E3C798BB961A54C076E09C11A5853C40",TRUE,"571_-1607",2018-06-06 07:33:01,NA,FALSE,NA,28.5221,-80.4155,2018-03-20 15:34:00,"130803",NA,"Rachycentron canadum",NA,NA,NA,NA,NA,"UF06","570_-1608","A69-9001-19011",0.0333333333333333,NA,"0f0b4d06-b8e6-446d-bf01-e435dabff96f",0,2018
"528",NA,"COBCRP-102-20171019","UFRA","A69-9001","COBCRP","cobia",FALSE,"Daryl Parkyn","Daryl Parkyn",2018-10-17,2018-10-17 21:52:00,2025-02-26,28.447,-80.4177,"UFRA",FALSE,0.0242932118866669,FALSE,0.0138888888888888,NA,"0101000000B8239C16BC1A54C0DF4F8D976E723C40",TRUE,"568_-1611",2019-12-11 00:25:28,NA,FALSE,NA,28.4472,-80.4178,2018-10-17 21:51:10,"130781",NA,"Rachycentron canadum",NA,NA,NA,NA,NA,"UF23","569_-1608","A69-9001-19025",0.0138888888888888,NA,"0f170c61-6ce4-40f0-8f1b-2bc93d63e6ef",1.74911125584002,2018
"529",NA,"COBCRP-102-20171019","UFRA","A69-9001","COBCRP","cobia",FALSE,"Daryl Parkyn","Daryl Parkyn",2018-10-16,2018-10-16 04:04:00,2025-02-26,28.3911,-80.5206,"UFRA",FALSE,0.0111194926644299,FALSE,0.0258333333333333,NA,"01010000001DFE9AAC512154C0077C7E1821643C40",TRUE,"568_-1611",2019-12-11 00:25:28,NA,FALSE,NA,28.3912,-80.5206,2018-10-16 04:02:27,"130799",NA,"Rachycentron canadum",NA,NA,NA,NA,NA,"UF18","568_-1610","A69-9001-19025",0.0258333333333333,NA,"0f1c4be3-6f50-412b-b8e6-22c948153a70",0.430431974106966,2018
"530",NA,"COBCRP-NASA1564","Navy","A69-9001","COBCRP","cobia",FALSE,"Carter Watterson","Carter Waterson",2019-09-27,2019-09-27 06:49:29,2025-02-26,36.8338,-75.89,"Navy",FALSE,0,FALSE,0.107777777777778,NA,"01010000000686AC6EF5F852C05F0CE544BB6A4240",TRUE,"685_-1531",2022-11-23 02:05:00,NA,FALSE,NA,36.8338,-75.89,2019-09-27 06:43:01,"0",NA,"Rachycentron canadum",NA,NA,NA,NA,NA,"RA","737_-1518","A69-9001-13161",0.107777777777778,NA,"0f1c74d4-6151-4fb0-98fc-42b774573d8a",0,2019
"531",NA,"COBCRP-97-20171019","UFRA","A69-9001","COBCRP","cobia",FALSE,"Daryl Parkyn","Daryl Parkyn",2017-10-17,2017-10-17 10:02:43,2025-02-26,28.4291,-80.4164,"UFRA",FALSE,0,FALSE,0.0041666666666666,NA,"0101000000B1C403CAA61A54C0D9B11188D76D3C40",TRUE,"571_-1607",2018-06-06 07:33:01,NA,FALSE,NA,28.4291,-80.4164,2017-10-17 10:02:28,"130783",NA,"Rachycentron canadum",NA,NA,NA,NA,NA,"UF11","569_-1608","A69-9001-19011",0.0041666666666666,NA,"0f1dc85a-caca-496d-863c-056c79ad266d",0,2017
"532",NA,"COBCRP-TT1297","Navy","A69-9001","COBCRP","cobia",FALSE,"Carter Watterson","Carter Waterson",2019-06-29,2019-06-29 04:29:44,2025-02-26,36.9414,-76.1798,"Navy",FALSE,0,FALSE,0.0338888888888888,NA,"0101000000651EF983810B53C04D10751F80784240",TRUE,"740_-1522",2021-06-26 11:52:28,NA,FALSE,NA,36.9414,-76.1798,2019-06-29 04:27:42,"0",NA,"Rachycentron canadum",NA,NA,NA,NA,NA,"LC2","739_-1524","A69-9001-7096",0.0338888888888888,NA,"0f2cbea2-e4bf-4825-a812-5c6292da62c5",0,2019
"533",NA,"COBCRP-1253674-2017-06-24","UFRA","A69-9002","COBCRP","cobia",FALSE,"Daryl Parkyn","Daryl Parkyn",2017-06-24,2017-06-24 15:49:00,2025-02-26,28.5575,-80.4208,"UFRA",FALSE,0.0386566734749517,FALSE,0.0519444444444444,NA,"0101000000F71E2E39EE1A54C01F85EB51B88E3C40",TRUE,"570_-1608",2017-11-07 21:55:00,NA,FALSE,NA,28.5578,-80.4206,2017-06-24 15:45:53,"130779",NA,"Rachycentron canadum",NA,NA,NA,"ADC",158,"UF05","571_-1608","A69-9002-11154",0.0519444444444444,NA,"0f2ec825-1e79-4e13-a5d3-e3ab7335a61f",0.744192644437574,2017
"534",NA,"COBCRP-24-20171019","Navy","A69-9001","COBCRP","cobia",FALSE,"Carter Watterson","Carter Waterson",2016-09-29,2016-09-29 01:37:56,2025-02-26,36.9781,-76.1319,"Navy",FALSE,0,FALSE,0.0283333333333333,NA,"0101000000EA95B20C710853C0936FB6B9317D4240",TRUE,"742_-1520",2017-06-06 09:43:57,NA,FALSE,NA,36.9781,-76.1319,2016-09-29 01:36:14,"0",NA,"Rachycentron canadum",NA,NA,NA,NA,NA,"Ts9","740_-1523","A69-9001-19032",0.0283333333333333,NA,"0f2f4a54-bef1-4c30-bbb2-5247522d005a",0,2016
"535",NA,"COBCRP-M5310_AT0012","UFRA","A69-9002","COBCRP","cobia",FALSE,"Daryl Parkyn","Daryl Parkyn",2019-09-04,2019-09-04 04:51:00,2025-02-26,28.5884,-80.4894,"UFRA",FALSE,0,FALSE,0.0333333333333333,NA,"01010000009AEB34D2521F54C082A8FB00A4963C40",TRUE,"587_-1604",2022-05-09 03:35:30,NA,FALSE,NA,28.5884,-80.4894,2019-09-04 04:49:00,"130798",NA,"Rachycentron canadum",NA,NA,NA,"ADC",149,"UF01","572_-1610","A69-9002-11156",0.0333333333333333,NA,"0f2f8240-b678-4ecb-b410-669d013f8e72",0,2019
"536",NA,"COBCRP-102-20171019","UFRA","A69-9001","COBCRP","cobia",FALSE,"Daryl Parkyn","Daryl Parkyn",2018-12-02,2018-12-02 22:56:00,2025-02-26,28.4674,-80.4225,"UFRA",FALSE,0,FALSE,0.0166666666666666,NA,"010100000090F7AA95091B54C0AC21718FA5773C40",TRUE,"568_-1611",2019-12-11 00:25:28,NA,FALSE,NA,28.4674,-80.4225,2018-12-02 22:55:00,"130800",NA,"Rachycentron canadum",NA,NA,NA,NA,NA,"UF21","569_-1608","A69-9001-19025",0.0166666666666666,NA,"0f38ce13-d165-4fd4-9dc7-fed14c4187f5",0,2018
"537",NA,"COBCRP-85-20171019","Kessel","A69-9001","COBCRP","cobia",FALSE,NA,NA,2016-11-07,2016-11-07 16:27:00,2020-05-29,27.0506,-80.0426,"Kessel",FALSE,4.25920242790735,TRUE,1048.95583333333,NA,NA,TRUE,"541_-1601",2017-11-01 16:02:00,NA,FALSE,NA,27.0877,-80.0319,2016-09-24 23:29:39,"100288",NA,"Rachycentron canadum",NA,NA,NA,NA,NA,"BBHS","541_-1601","A69-9001-19013",52.9661111111111,NA,"0f3c55b3-8c01-45c1-ba2a-a6276bb22f8e",0.0804137275431169,2016
"538",NA,"COBCRP-117-20170426","UFRA","A69-9001","COBCRP","cobia",FALSE,"Daryl Parkyn","Daryl Parkyn",2017-12-16,2017-12-16 17:27:05,2025-02-26,28.5704,-80.4447,"UFRA",FALSE,0,FALSE,0.0413888888888888,NA,"01010000005839B4C8761C54C0E04A766C04923C40",TRUE,"622_-1624",2018-05-11 16:04:03,NA,FALSE,NA,28.5704,-80.4447,2017-12-16 17:24:36,"130801",NA,"Rachycentron canadum",NA,NA,NA,NA,NA,"UF03","571_-1609","A69-9001-19112",0.0413888888888888,NA,"0f589732-bf70-4d38-b59e-7a1eb501bcaa",0,2017
"539",NA,"COBCRP-51-20171019","Kessel","A69-1601","COBCRP","cobia",FALSE,NA,NA,2016-09-06,2016-09-06 00:59:00,2020-05-29,26.9901,-80.025,"Kessel",FALSE,0,FALSE,0.0166666666666666,NA,NA,TRUE,"549_-1603",2017-03-29 23:58:59,NA,FALSE,NA,26.9901,-80.025,2016-09-06 00:58:00,"102608",NA,"Rachycentron canadum",NA,NA,NA,NA,NA,"BBPTR","540_-1600","A69-1601-54503",0.0166666666666666,NA,"0f5b333d-bbcc-4aca-9f3e-61f61719b96b",0,2016
"540",NA,"COBCRP-135-20171019","UFRA","A69-9001","COBCRP","cobia",FALSE,"Daryl Parkyn","Daryl Parkyn",2017-05-30,2017-05-30 04:08:00,2025-02-26,28.4554,-80.4308,"UFRA",FALSE,0,FALSE,0.0086111111111111,NA,"010100000021B07268911B54C0A3409FC893743C40",TRUE,"569_-1608",2017-06-05 18:16:00,NA,FALSE,NA,28.4554,-80.4308,2017-05-30 04:07:29,"130796",NA,"Rachycentron canadum",NA,NA,NA,NA,NA,"UF22","569_-1609","A69-9001-20111",0.0086111111111111,NA,"0f5e4e2f-e013-4bc7-8293-2c83b03cb0a0",0,2017
"541",NA,"COBCRP-85-20171019","Kessel","A69-9001","COBCRP","cobia",FALSE,NA,NA,2016-10-13,2016-10-13 08:12:00,2020-05-29,26.9901,-80.025,"Kessel",FALSE,0,FALSE,0.04,NA,NA,TRUE,"541_-1601",2017-11-01 16:02:00,NA,FALSE,NA,26.9901,-80.025,2016-10-13 08:09:36,"102608",NA,"Rachycentron canadum",NA,NA,NA,NA,NA,"BBPTR","540_-1600","A69-9001-19013",0.04,NA,"0f60153d-00af-445d-a723-605cb84d51cc",0,2016
"542",NA,"COBCRP-102-20171019","UFRA","A69-9001","COBCRP","cobia",FALSE,"Daryl Parkyn","Daryl Parkyn",2018-10-18,2018-10-18 16:58:00,2025-02-26,28.4977,-80.4168,"UFRA",FALSE,0.0222389853292549,FALSE,0.0069444444444444,NA,"010100000031D3F6AFAC1A54C08195438B6C7F3C40",TRUE,"568_-1611",2019-12-11 00:25:28,NA,FALSE,NA,28.4979,-80.4168,2018-10-18 16:57:35,"130805",NA,"Rachycentron canadum",NA,NA,NA,NA,NA,"UF08","570_-1608","A69-9001-19025",0.0069444444444444,NA,"0f64d56f-c803-4190-a40d-c261291c93d2",3.20241388741271,2018
"543",NA,"COBCRP-102-20171019","UFRA","A69-9001","COBCRP","cobia",FALSE,"Daryl Parkyn","Daryl Parkyn",2019-01-14,2019-01-14 21:41:00,2025-02-26,28.3987,-80.5495,"UFRA",FALSE,0,FALSE,0.0191666666666666,NA,"0101000000CCB4FD2B2B2354C0033E3F8C10663C40",TRUE,"568_-1611",2019-12-11 00:25:28,NA,TRUE,NA,28.3987,-80.5495,2019-01-14 21:39:51,"130799",NA,"Rachycentron canadum",NA,NA,NA,NA,NA,"UF19","568_-1611","A69-9001-19025",0.0191666666666666,NA,"0f68ce49-97a0-4ef3-b69d-1fb4161388f5",0,2019
"544",NA,"COBCRP-24-20171019","Navy","A69-9001","COBCRP","cobia",FALSE,"Carter Watterson","Carter Waterson",2016-09-29,2016-09-29 06:02:49,2025-02-26,36.9642,-76.0783,"Navy",FALSE,0,FALSE,0.0263888888888888,NA,"0101000000DAA7E331030553C0AC90F2936A7B4240",TRUE,"742_-1520",2017-06-06 09:43:57,NA,FALSE,NA,36.9642,-76.0783,2016-09-29 06:01:14,"0",NA,"Rachycentron canadum",NA,NA,NA,NA,NA,"TS5","739_-1522","A69-9001-19032",0.0263888888888888,NA,"0f6aa476-5329-43ba-bf9e-dfe561de4373",0,2016
"545",NA,"COBCRP-71-20171019","UNK","A69-9001","COBCRP","cobia",FALSE,NA,NA,2017-05-22,2017-05-22 15:04:00,2020-06-03,32.8602,-79.8937,"UNK",FALSE,0,FALSE,0.0380555555555555,NA,NA,TRUE,"651_-1590",2018-07-18 18:21:27,NA,FALSE,NA,32.8602,-79.8937,2017-05-22 15:01:43,"121654",NA,"Rachycentron canadum",NA,NA,NA,NA,NA,"Coastal- Wando RM 3.5","657_-1598","A69-9001-19063",0.0380555555555555,NA,"0fa47ef5-ac5c-4572-a5bd-d47db1b0e9dd",0,2017
"546",NA,"COBCRP-102-20171019","UFRA","A69-9001","COBCRP","cobia",FALSE,"Daryl Parkyn","Daryl Parkyn",2018-10-16,2018-10-16 03:58:00,2025-02-26,28.3911,-80.5206,"UFRA",FALSE,0.0111194926644299,FALSE,0.0225,NA,"01010000001DFE9AAC512154C0077C7E1821643C40",TRUE,"568_-1611",2019-12-11 00:25:28,NA,FALSE,NA,28.3912,-80.5206,2018-10-16 03:56:39,"130799",NA,"Rachycentron canadum",NA,NA,NA,NA,NA,"UF18","568_-1610","A69-9001-19025",0.0225,NA,"0fab789e-2346-4536-8a3a-dacc959e428d",0.494199673974665,2018
"547",NA,"COBCRP-TT1297","Navy","A69-9001","COBCRP","cobia",FALSE,"Carter Watterson","Carter Waterson",2019-08-29,2019-08-29 01:20:53,2025-02-26,37.0636,-76.0929,"Navy",FALSE,0,FALSE,0.0322222222222222,NA,"01010000003C49BA66F20553C0B9AAECBB22884240",TRUE,"740_-1522",2021-06-26 11:52:28,NA,FALSE,NA,37.0636,-76.0929,2019-08-29 01:18:57,"0",NA,"Rachycentron canadum",NA,NA,NA,NA,NA,"B15","741_-1522","A69-9001-7096",0.0322222222222222,NA,"0fadbc8b-febc-493f-90da-022741511aa0",0,2019
"548",NA,"COBCRP-102-20171019","UFRA","A69-9001","COBCRP","cobia",FALSE,"Daryl Parkyn","Daryl Parkyn",2018-11-11,2018-11-11 00:32:00,2025-02-26,28.4554,-80.4308,"UFRA",FALSE,0,FALSE,0.0269444444444444,NA,"010100000021B07268911B54C0A3409FC893743C40",TRUE,"568_-1611",2019-12-11 00:25:28,NA,FALSE,NA,28.4554,-80.4308,2018-11-11 00:30:23,"130804",NA,"Rachycentron canadum",NA,NA,NA,NA,NA,"UF22","569_-1609","A69-9001-19025",0.0269444444444444,NA,"0fae1056-9b6b-4e6c-9ae8-64e1a20d7a59",0,2018
"549",NA,"COBCRP-0-20171020_redeployments","UFRA","A69-1601","COBCRP","cobia",FALSE,"Daryl Parkyn","Daryl Parkyn",2018-12-11,2018-12-11 08:31:00,2025-02-26,28.4847,-80.4216,"UFRA",FALSE,0,FALSE,0.0333333333333333,NA,"0101000000F0164850FC1A54C079060DFD137C3C40",TRUE,"564_-1612",2019-04-07 12:51:34,NA,FALSE,NA,28.4847,-80.4216,2018-12-11 08:29:00,"130805",NA,"Rachycentron canadum",NA,NA,NA,NA,NA,"UF09","570_-1608","A69-1601-54494",0.0333333333333333,NA,"0fb13224-49f9-4bc5-b6bc-4cbf49f0f0bc",0,2018
"550",NA,"COBCRP-117-20170426","UFRA","A69-9001","COBCRP","cobia",FALSE,"Daryl Parkyn","Daryl Parkyn",2017-12-12,2017-12-12 21:02:54,2025-02-26,28.4554,-80.4308,"UFRA",FALSE,0,FALSE,0.0244444444444444,NA,"0101000000448655BC911B54C0BFF1B56796743C40",TRUE,"622_-1624",2018-05-11 16:04:03,NA,FALSE,NA,28.4554,-80.4308,2017-12-12 21:01:26,"130776",NA,"Rachycentron canadum",NA,NA,NA,NA,NA,"UF22","569_-1609","A69-9001-19112",0.0244444444444444,NA,"0fb524be-f28c-4599-a04c-2d95a721e5a6",0,2017
"551",NA,"COBCRP-102-20171019","UFRA","A69-9001","COBCRP","cobia",FALSE,"Daryl Parkyn","Daryl Parkyn",2017-10-16,2017-10-16 16:25:00,2025-02-26,28.4979,-80.4168,"UFRA",FALSE,0,FALSE,0.005,NA,"01010000000DFD135CAC1A54C0C95EEFFE787F3C40",TRUE,"568_-1611",2019-12-11 00:25:28,NA,FALSE,NA,28.4979,-80.4168,2017-10-16 16:24:42,"130775",NA,"Rachycentron canadum",NA,NA,NA,NA,NA,"UF08","570_-1608","A69-9001-19025",0.005,NA,"0fb7581d-037c-4179-a289-a6e98f45fdfd",0,2017
"552",NA,"COBCRP-0-20171020_redeployments","UFRA","A69-1601","COBCRP","cobia",FALSE,"Daryl Parkyn","Daryl Parkyn",2018-11-18,2018-11-18 11:22:00,2025-02-26,28.4554,-80.4308,"UFRA",FALSE,0,FALSE,0.0180555555555555,NA,"010100000021B07268911B54C0A3409FC893743C40",TRUE,"564_-1612",2019-04-07 12:51:34,NA,FALSE,NA,28.4554,-80.4308,2018-11-18 11:20:55,"130804",NA,"Rachycentron canadum",NA,NA,NA,NA,NA,"UF22","569_-1609","A69-1601-54494",0.0180555555555555,NA,"0fb8058d-1acf-4f34-9403-36285cf82bbb",0,2018
"553",NA,"COBCRP-102-20171019","UFRA","A69-9001","COBCRP","cobia",FALSE,"Daryl Parkyn","Daryl Parkyn",2018-10-16,2018-10-16 03:29:00,2025-02-26,28.3911,-80.5206,"UFRA",FALSE,5.35688661589793,TRUE,1549.03333333333,NA,"01010000001DFE9AAC512154C0077C7E1821643C40",TRUE,"568_-1611",2019-12-11 00:25:28,NA,FALSE,NA,28.4119,-80.57,2018-08-12 14:27:00,"130799",NA,"Rachycentron canadum",NA,NA,NA,NA,NA,"UF18","568_-1610","A69-9001-19025",4.09638888888889,NA,"0fbbb3cb-ec7b-4e98-b5ad-8ec420e576c3",1.3077094878438,2018
"554",NA,"COBCRP-0-20171020_redeployments","UFRA","A69-1601","COBCRP","cobia",FALSE,"Daryl Parkyn","Daryl Parkyn",2018-10-17,2018-10-17 20:24:00,2025-02-26,28.447,-80.4177,"UFRA",FALSE,0.0242932118866669,FALSE,0.0963888888888888,NA,"0101000000B8239C16BC1A54C0DF4F8D976E723C40",TRUE,"564_-1612",2019-04-07 12:51:34,NA,FALSE,NA,28.4472,-80.4178,2018-10-17 20:18:13,"130781",NA,"Rachycentron canadum",NA,NA,NA,NA,NA,"UF23","569_-1608","A69-1601-54494",0.0963888888888888,NA,"0fbf3d03-c6be-4c96-a416-c660cc4796ca",0.25203332216715,2018
"555",NA,"COBCRP-102-20171019","UFRA","A69-9001","COBCRP","cobia",FALSE,"Daryl Parkyn","Daryl Parkyn",2018-08-12,2018-08-12 03:46:00,2025-02-26,28.3955,-80.5054,"UFRA",FALSE,0,FALSE,3.45,NA,"0101000000A3AF20CD582054C0B03DB32440653C40",TRUE,"568_-1611",2019-12-11 00:25:28,NA,FALSE,NA,28.3955,-80.5054,2018-08-12 00:19:00,"130787",NA,"Rachycentron canadum",NA,NA,NA,NA,NA,"UF17","568_-1610","A69-9001-19025",3.45,NA,"0fc315c0-d684-4416-81c6-bf1fe0831eea",0,2018
"556",NA,"COBCRP-106-20171019","UFRA","A69-9001","COBCRP","cobia",FALSE,"Daryl Parkyn","Daryl Parkyn",2017-02-06,2017-02-06 07:53:00,2025-02-26,28.447,-80.4177,"UFRA",FALSE,0,FALSE,0.0333333333333333,NA,"0101000000B8239C16BC1A54C0DF4F8D976E723C40",TRUE,"574_-1609",2017-07-21 20:08:19,NA,FALSE,NA,28.447,-80.4177,2017-02-06 07:51:00,"130797",NA,"Rachycentron canadum",NA,NA,NA,NA,NA,"UF23","569_-1608","A69-9001-19016",0.0333333333333333,NA,"0fc7fd30-b2b8-4f07-b727-51d8e51379bd",0,2017
"557",NA,"COBCRP-NASA1564","Navy","A69-9001","COBCRP","cobia",FALSE,"Carter Watterson","Carter Waterson",2019-09-29,2019-09-29 13:17:26,2025-02-26,36.94,-75.9157,"Navy",FALSE,0,FALSE,0.261666666666667,NA,"01010000007C6649809AFA52C007F0164850784240",TRUE,"685_-1531",2022-11-23 02:05:00,NA,FALSE,NA,36.94,-75.9157,2019-09-29 13:01:44,"0",NA,"Rachycentron canadum",NA,NA,NA,NA,NA,"NCE","739_-1518","A69-9001-13161",0.261666666666667,NA,"0fcb6144-c7bc-4ffb-9aa7-ddff2bb91e39",0,2019
"558",NA,"COBCRP-130-20171019","UFRA","A69-9001","COBCRP","cobia",FALSE,"Daryl Parkyn","Daryl Parkyn",2018-08-18,2018-08-18 07:29:00,2025-02-26,28.447,-80.4177,"UFRA",FALSE,0.0242932118866669,FALSE,0.0030555555555555,NA,"0101000000B8239C16BC1A54C0DF4F8D976E723C40",TRUE,"574_-1609",2019-05-22 18:31:53,NA,FALSE,NA,28.4472,-80.4178,2018-08-18 07:28:49,"130781",NA,"Rachycentron canadum",NA,NA,NA,NA,NA,"UF23","569_-1608","A69-9001-23438",0.0030555555555555,NA,"0fd0887d-655c-4fba-a785-3389bb851bb1",7.95050570836374,2018
"559",NA,"COBCRP-AT0071","UFRA","A69-9002","COBCRP","cobia",FALSE,"Daryl Parkyn","Daryl Parkyn",2019-05-26,2019-05-26 15:38:00,2025-02-26,28.4977,-80.4168,"UFRA",FALSE,1.59964948203043,FALSE,0.035,NA,"010100000031D3F6AFAC1A54C08195438B6C7F3C40",TRUE,"569_-1609",2020-02-14 06:03:34,NA,FALSE,NA,28.5103,-80.4247,2019-05-26 15:35:54,"130793",NA,"Rachycentron canadum",NA,NA,NA,"ADC",175,"UF08","570_-1608","A69-9002-5757",0.035,NA,"0fd6030d-5d38-4d0b-8f2a-c14451c84ea9",45.704270915155,2019
"560",NA,"COBCRP-NASA1564","Navy","A69-9001","COBCRP","cobia",FALSE,"Carter Watterson","Carter Waterson",2020-08-28,2020-08-28 21:39:01,2025-02-26,36.8196,-75.6777,"Navy",FALSE,0,FALSE,0.0330555555555555,NA,"0101000000F31FD26F5FEB52C09BE61DA7E8684240",TRUE,"685_-1531",2022-11-23 02:05:00,NA,FALSE,NA,36.8196,-75.6777,2020-08-28 21:37:02,"0",NA,"Rachycentron canadum",NA,NA,NA,NA,NA,"SCL 3","736_-1514","A69-9001-13161",0.0330555555555555,NA,"0fd6859a-fc33-4939-996a-c968f4debae6",0,2020
"561",NA,"COBCRP-TT1297","Navy","A69-9001","COBCRP","cobia",FALSE,"Carter Watterson","Carter Waterson",2019-09-13,2019-09-13 02:19:20,2025-02-26,36.8338,-75.89,"Navy",FALSE,0,FALSE,0.0233333333333333,NA,"01010000000686AC6EF5F852C05F0CE544BB6A4240",TRUE,"740_-1522",2021-06-26 11:52:28,NA,FALSE,NA,36.8338,-75.89,2019-09-13 02:17:56,"0",NA,"Rachycentron canadum",NA,NA,NA,NA,NA,"RA","737_-1518","A69-9001-7096",0.0233333333333333,NA,"0fda8ef5-5e58-4de4-af40-7618cb9fee84",0,2019
"562",NA,"COBCRP-1253674-2017-06-24","UFRA","A69-9002","COBCRP","cobia",FALSE,"Daryl Parkyn","Daryl Parkyn",2017-11-07,2017-11-07 13:17:00,2025-02-26,28.5575,-80.4208,"UFRA",FALSE,0,FALSE,0.05,NA,"0101000000F71E2E39EE1A54C01F85EB51B88E3C40",TRUE,"570_-1608",2017-11-07 21:55:00,NA,FALSE,NA,28.5575,-80.4208,2017-11-07 13:14:00,"130779",NA,"Rachycentron canadum",NA,NA,NA,"ADC",167,"UF05","571_-1608","A69-9002-11154",0.05,NA,"0fddab19-7e52-45e6-8021-248bfe999005",0,2017
"563",NA,"COBCRP-135-20171019","UFRA","A69-9001","COBCRP","cobia",FALSE,"Daryl Parkyn","Daryl Parkyn",2017-04-06,2017-04-06 09:24:00,2025-02-26,28.4554,-80.4308,"UFRA",FALSE,0,FALSE,1.9,NA,"010100000021B07268911B54C0A3409FC893743C40",TRUE,"569_-1608",2017-06-05 18:16:00,NA,FALSE,NA,28.4554,-80.4308,2017-04-06 07:30:00,"130796",NA,"Rachycentron canadum",NA,NA,NA,NA,NA,"UF22","569_-1609","A69-9001-20111",1.9,NA,"0fdf9220-d918-44e5-a9ab-c04de0d8e75d",0,2017
"564",NA,"COBCRP-97-20171019","UFRA","A69-9001","COBCRP","cobia",FALSE,"Daryl Parkyn","Daryl Parkyn",2018-03-20,2018-03-20 17:23:00,2025-02-26,28.533,-80.4052,"UFRA",FALSE,0.0111194926644299,FALSE,0.0036111111111111,NA,"0101000000A4AA09A2EE1954C02A1DACFF73883C40",TRUE,"571_-1607",2018-06-06 07:33:01,NA,FALSE,NA,28.5331,-80.4052,2018-03-20 17:22:47,"130805",NA,"Rachycentron canadum",NA,NA,NA,NA,NA,"UF07","571_-1608","A69-9001-19011",0.0036111111111111,NA,"0fe0d67c-c7f6-4862-aa4f-589d37886316",3.07924412245753,2018
"565",NA,"COBCRP-M5472_AT0172","Navy","A69-9001","COBCRP","cobia",FALSE,"Carter Watterson","Carter Waterson",2019-09-24,2019-09-24 11:13:22,2025-02-26,36.99,-76.0132,"Navy",FALSE,0,FALSE,0.0641666666666666,NA,"010100000074D2FBC6D70053C0425BCEA5B87E4240",TRUE,"752_-1527",2020-06-19 15:05:59,NA,FALSE,NA,36.99,-76.0132,2019-09-24 11:09:31,"0",NA,"Rachycentron canadum",NA,NA,NA,NA,NA,"B7","740_-1520","A69-9001-7176",0.0641666666666666,NA,"0fe54954-0a69-4305-ac70-859e46664019",0,2019
"566",NA,"COBCRP-10-20171019","UFRA","A69-1601","COBCRP","cobia",FALSE,"Daryl Parkyn","Daryl Parkyn",2017-09-22,2017-09-22 08:24:21,2025-02-26,28.5331,-80.4052,"UFRA",FALSE,0,FALSE,0.0319444444444444,NA,"01010000005DFE43FAED1954C08D7A884677883C40",TRUE,"570_-1607",2017-12-01 19:19:07,NA,FALSE,NA,28.5331,-80.4052,2017-09-22 08:22:26,"130778",NA,"Rachycentron canadum",NA,NA,NA,NA,NA,"UF07","571_-1608","A69-1601-54488",0.0319444444444444,NA,"0fe5744c-7617-44cb-b511-387ce31348cb",0,2017
"567",NA,"COBCRP-102-20171019","UFRA","A69-9001","COBCRP","cobia",FALSE,"Daryl Parkyn","Daryl Parkyn",2018-11-11,2018-11-11 01:11:00,2025-02-26,28.4554,-80.4308,"UFRA",FALSE,0,FALSE,0.0111111111111111,NA,"010100000021B07268911B54C0A3409FC893743C40",TRUE,"568_-1611",2019-12-11 00:25:28,NA,FALSE,NA,28.4554,-80.4308,2018-11-11 01:10:20,"130804",NA,"Rachycentron canadum",NA,NA,NA,NA,NA,"UF22","569_-1609","A69-9001-19025",0.0111111111111111,NA,"0fe8e75c-9fdb-4184-af4f-9f98f3be72e5",0,2018
"568",NA,"COBCRP-66-20171019","Elizabeth Miller","A69-9001","COBCRP","cobia",FALSE,NA,NA,2018-11-05,2018-11-05 23:00:00,2020-06-05,32.3861,-80.7813,"Elizabeth Miller",FALSE,0,FALSE,0.0333333333333333,NA,NA,TRUE,"648_-1616",2018-12-05 23:58:00,NA,FALSE,NA,32.3861,-80.7813,2018-11-05 22:58:00,"111679",NA,"Rachycentron canadum",NA,NA,NA,NA,NA,"Mid Broad","648_-1616","A69-9001-19091",0.0333333333333333,NA,"0fed5464-1bbf-46d1-b67d-36e543e11373",0,2018
"569",NA,"COBCRP-102-20171019","UFRA","A69-9001","COBCRP","cobia",FALSE,"Daryl Parkyn","Daryl Parkyn",2018-11-11,2018-11-11 03:52:00,2025-02-26,28.4554,-80.4308,"UFRA",FALSE,0,FALSE,0.0672222222222222,NA,"010100000021B07268911B54C0A3409FC893743C40",TRUE,"568_-1611",2019-12-11 00:25:28,NA,FALSE,NA,28.4554,-80.4308,2018-11-11 03:47:58,"130804",NA,"Rachycentron canadum",NA,NA,NA,NA,NA,"UF22","569_-1609","A69-9001-19025",0.0672222222222222,NA,"10000a0c-ea2e-4f3d-b0bc-0633658324f7",0,2018
"570",NA,"COBCRP-130-20171019","UFRA","A69-9001","COBCRP","cobia",FALSE,"Daryl Parkyn","Daryl Parkyn",2018-10-24,2018-10-24 20:16:00,2025-02-26,28.5221,-80.4155,"UFRA",FALSE,0.0097699531839141,FALSE,0.0158333333333333,NA,"0101000000E3C798BB961A54C076E09C11A5853C40",TRUE,"574_-1609",2019-05-22 18:31:53,NA,FALSE,NA,28.5221,-80.4156,2018-10-24 20:15:03,"130792",NA,"Rachycentron canadum",NA,NA,NA,NA,NA,"UF06","570_-1608","A69-9001-23438",0.0158333333333333,NA,"1000ad3a-bfcf-41ef-bccf-f6c7d3e6f5d4",0.617049674773527,2018
"571",NA,"COBCRP-66-20171019","Elizabeth Miller","A69-9001","COBCRP","cobia",FALSE,NA,NA,2018-12-05,2018-12-05 23:30:00,2020-06-05,32.3861,-80.7813,"Elizabeth Miller",FALSE,0,FALSE,0.05,NA,NA,TRUE,"648_-1616",2018-12-05 23:58:00,NA,FALSE,NA,32.3861,-80.7813,2018-12-05 23:27:00,"111679",NA,"Rachycentron canadum",NA,NA,NA,NA,NA,"Mid Broad","648_-1616","A69-9001-19091",0.05,NA,"1007c72b-4a00-4514-8098-0d7364f1b9a1",0,2018
"572",NA,"COBCRP-102-20171019","UFRA","A69-9001","COBCRP","cobia",FALSE,"Daryl Parkyn","Daryl Parkyn",2018-08-12,2018-08-12 11:34:00,2025-02-26,28.3955,-80.5054,"UFRA",FALSE,0,FALSE,0.0666666666666666,NA,"0101000000A3AF20CD582054C0B03DB32440653C40",TRUE,"568_-1611",2019-12-11 00:25:28,NA,FALSE,NA,28.3955,-80.5054,2018-08-12 11:30:00,"130787",NA,"Rachycentron canadum",NA,NA,NA,NA,NA,"UF17","568_-1610","A69-9001-19025",0.0666666666666666,NA,"1010de6e-a7e5-41ff-bf2d-20e87a12a4fc",0,2018
"573",NA,"COBCRP-66-20171019","Elizabeth Miller","A69-9001","COBCRP","cobia",FALSE,NA,NA,2018-11-05,2018-11-05 21:43:00,2020-06-05,32.3861,-80.7813,"Elizabeth Miller",FALSE,0,FALSE,0.0166666666666666,NA,NA,TRUE,"648_-1616",2018-12-05 23:58:00,NA,FALSE,NA,32.3861,-80.7813,2018-11-05 21:42:00,"111679",NA,"Rachycentron canadum",NA,NA,NA,NA,NA,"Mid Broad","648_-1616","A69-9001-19091",0.0166666666666666,NA,"1011fbd4-6e7b-44d1-a0d0-f38e480de8ba",0,2018
"574",NA,"COBCRP-97-20171019","UFRA","A69-9001","COBCRP","cobia",FALSE,"Daryl Parkyn","Daryl Parkyn",2017-07-17,2017-07-17 02:36:00,2025-02-26,28.533,-80.4052,"UFRA",FALSE,0.0111194926644299,FALSE,0.0238888888888888,NA,"0101000000A4AA09A2EE1954C02A1DACFF73883C40",TRUE,"571_-1607",2018-06-06 07:33:01,NA,FALSE,NA,28.5331,-80.4052,2017-07-17 02:34:34,"130781",NA,"Rachycentron canadum",NA,NA,NA,NA,NA,"UF07","571_-1608","A69-9001-19011",0.0238888888888888,NA,"10189bc5-8fa5-42f0-82f4-f10fd39c9e18",0.465467134790091,2017
"575",NA,"COBCRP-102-20171019","UFRA","A69-9001","COBCRP","cobia",FALSE,"Daryl Parkyn","Daryl Parkyn",2018-02-20,2018-02-20 20:02:00,2025-02-26,28.4554,-80.4308,"UFRA",FALSE,0,FALSE,0.0005555555555555,NA,"010100000021B07268911B54C0A3409FC893743C40",TRUE,"568_-1611",2019-12-11 00:25:28,NA,FALSE,NA,28.4554,-80.4308,2018-02-20 20:01:58,"130801",NA,"Rachycentron canadum",NA,NA,NA,NA,NA,"UF22","569_-1609","A69-9001-19025",0.0005555555555555,NA,"103e45c4-4101-4a26-b409-dd7b303f617f",0,2018
"576",NA,"COBCRP-102-20171019","UFRA","A69-9001","COBCRP","cobia",FALSE,"Daryl Parkyn","Daryl Parkyn",2018-11-15,2018-11-15 07:11:00,2025-02-26,28.4554,-80.4308,"UFRA",FALSE,0,FALSE,0.0902777777777777,NA,"010100000021B07268911B54C0A3409FC893743C40",TRUE,"568_-1611",2019-12-11 00:25:28,NA,FALSE,NA,28.4554,-80.4308,2018-11-15 07:05:35,"130804",NA,"Rachycentron canadum",NA,NA,NA,NA,NA,"UF22","569_-1609","A69-9001-19025",0.0902777777777777,NA,"1044e7f5-0c43-49a1-80b4-7f45d3c17857",0,2018
"577",NA,"COBCRP-102-20171019","UFRA","A69-9001","COBCRP","cobia",FALSE,"Daryl Parkyn","Daryl Parkyn",2018-10-30,2018-10-30 03:52:00,2025-02-26,28.429,-80.4164,"UFRA",FALSE,0,FALSE,0.0166666666666666,NA,"010100000046425BCEA51A54C0A04FE449D26D3C40",TRUE,"568_-1611",2019-12-11 00:25:28,NA,FALSE,NA,28.429,-80.4164,2018-10-30 03:51:00,"130791",NA,"Rachycentron canadum",NA,NA,NA,NA,NA,"UF11","569_-1608","A69-9001-19025",0.0166666666666666,NA,"1055712c-9314-4292-8b64-55e36deedfd3",0,2018
"578",NA,"COBCRP-102-20171019","UFRA","A69-9001","COBCRP","cobia",FALSE,"Daryl Parkyn","Daryl Parkyn",2017-12-25,2017-12-25 14:53:00,2025-02-26,28.3912,-80.5206,"UFRA",FALSE,0,FALSE,0.0730555555555555,NA,"01010000002F698CD6512154C0F931E6AE25643C40",TRUE,"568_-1611",2019-12-11 00:25:28,NA,FALSE,NA,28.3912,-80.5206,2017-12-25 14:48:37,"130804",NA,"Rachycentron canadum",NA,NA,NA,NA,NA,"UF18","568_-1610","A69-9001-19025",0.0730555555555555,NA,"1055e4a1-51ee-4414-b0d9-d6cbd2d26c01",0,2017
"579",NA,"COBCRP-117-20170426","UFRA","A69-9001","COBCRP","cobia",FALSE,"Daryl Parkyn","Daryl Parkyn",2017-12-16,2017-12-16 17:52:37,2025-02-26,28.5802,-80.4369,"UFRA",FALSE,0,FALSE,0.0030555555555555,NA,"01010000001D9430D3F61B54C0317C444C89943C40",TRUE,"622_-1624",2018-05-11 16:04:03,NA,FALSE,NA,28.5802,-80.4369,2017-12-16 17:52:26,"130804",NA,"Rachycentron canadum",NA,NA,NA,NA,NA,"UF04","572_-1609","A69-9001-19112",0.0030555555555555,NA,"105e8efc-63f5-43c7-b810-0602c19533e1",0,2017
"580",NA,"COBCRP-0-20171020_redeployments","UFRA","A69-1601","COBCRP","cobia",FALSE,"Daryl Parkyn","Daryl Parkyn",2018-11-13,2018-11-13 13:50:00,2025-02-26,28.5221,-80.4155,"UFRA",FALSE,1.5904725014017,FALSE,1.1975,NA,"0101000000E3C798BB961A54C076E09C11A5853C40",TRUE,"564_-1612",2019-04-07 12:51:34,NA,FALSE,NA,28.5103,-80.4247,2018-11-13 12:38:09,"130792",NA,"Rachycentron canadum",NA,NA,NA,NA,NA,"UF06","570_-1608","A69-1601-54494",1.1975,NA,"10613542-b646-4516-9a98-2ce291d9b355",1.32816075273628,2018
"581",NA,"COBCRP-66-20171019","Elizabeth Miller","A69-9001","COBCRP","cobia",FALSE,NA,NA,2018-05-16,2018-05-16 13:03:00,2020-06-05,32.3861,-80.7813,"Elizabeth Miller",FALSE,0,FALSE,0.0166666666666666,NA,NA,TRUE,"648_-1616",2018-12-05 23:58:00,NA,FALSE,NA,32.3861,-80.7813,2018-05-16 13:02:00,"111679",NA,"Rachycentron canadum",NA,NA,NA,NA,NA,"Mid Broad","648_-1616","A69-9001-19091",0.0166666666666666,NA,"106e770f-6a34-4c5f-a356-880086aef367",0,2018
"582",NA,"COBCRP-M5310_AT0012","UFRA","A69-9002","COBCRP","cobia",FALSE,"Daryl Parkyn","Daryl Parkyn",2019-11-04,2019-11-04 07:51:00,2025-02-26,28.5884,-80.4894,"UFRA",FALSE,0,FALSE,0.0166666666666666,NA,"01010000009AEB34D2521F54C082A8FB00A4963C40",TRUE,"587_-1604",2022-05-09 03:35:30,NA,FALSE,NA,28.5884,-80.4894,2019-11-04 07:50:00,"130798",NA,"Rachycentron canadum",NA,NA,NA,"ADC",152,"UF01","572_-1610","A69-9002-11156",0.0166666666666666,NA,"1074e603-0f5b-412e-9ab3-d207a5008801",0,2019
"583",NA,"COBCRP-97-20171019","UFRA","A69-9001","COBCRP","cobia",FALSE,"Daryl Parkyn","Daryl Parkyn",2017-09-11,2017-09-11 20:17:00,2025-02-26,28.4674,-80.4225,"UFRA",FALSE,9.68818039020052,TRUE,1331.93083333333,NA,"0101000000D7A3703D0A1B54C0E4839ECDAA773C40",TRUE,"571_-1607",2018-06-06 07:33:01,NA,FALSE,NA,28.5283,-80.3516,2017-07-18 08:21:09,"130797",NA,"Rachycentron canadum",NA,NA,NA,NA,NA,"UF21","569_-1608","A69-9001-19011",1267.08888888889,NA,"1079e087-bbce-4506-928b-6bbcdce9ed31",0.0076460147943496,2017
"584",NA,"COBCRP-33-20171019","Marens","A69-9001","COBCRP","cobia",FALSE,NA,NA,2016-09-25,2016-09-25 16:58:00,2020-06-05,33.9586,-77.5575,"Marens",FALSE,0,FALSE,0.0333333333333333,NA,NA,TRUE,"699_-1518",2020-07-30 08:07:17,NA,FALSE,NA,33.9586,-77.5575,2016-09-25 16:56:00,"0",NA,"Rachycentron canadum",NA,NA,NA,NA,NA,"AR-386","679_-1551","A69-9001-19040",0.0333333333333333,NA,"107e4f4f-2ebb-44f0-99d5-2b6bdc1967dd",0,2016
"585",NA,"COBCRP-102-20171019","UFRA","A69-9001","COBCRP","cobia",FALSE,"Daryl Parkyn","Daryl Parkyn",2017-10-16,2017-10-16 07:11:58,2025-02-26,28.4554,-80.4308,"UFRA",FALSE,0,FALSE,0.0013888888888888,NA,"0101000000448655BC911B54C0BFF1B56796743C40",TRUE,"568_-1611",2019-12-11 00:25:28,NA,FALSE,NA,28.4554,-80.4308,2017-10-16 07:11:53,"130776",NA,"Rachycentron canadum",NA,NA,NA,NA,NA,"UF22","569_-1609","A69-9001-19025",0.0013888888888888,NA,"1089f6f7-3072-419f-80a4-9a225d09283c",0,2017
"586",NA,"COBCRP-135-20171019","UFRA","A69-9001","COBCRP","cobia",FALSE,"Daryl Parkyn","Daryl Parkyn",2017-04-06,2017-04-06 04:31:00,2025-02-26,28.4847,-80.4216,"UFRA",FALSE,0,FALSE,0.0333333333333333,NA,"0101000000F0164850FC1A54C079060DFD137C3C40",TRUE,"569_-1608",2017-06-05 18:16:00,NA,FALSE,NA,28.4847,-80.4216,2017-04-06 04:29:00,"130783",NA,"Rachycentron canadum",NA,NA,NA,NA,NA,"UF09","570_-1608","A69-9001-20111",0.0333333333333333,NA,"108b1af8-a393-442c-aebf-942b20b43a02",0,2017
"587",NA,"COBCRP-102-20171019","UFRA","A69-9001","COBCRP","cobia",FALSE,"Daryl Parkyn","Daryl Parkyn",2018-03-19,2018-03-19 03:40:00,2025-02-26,28.3955,-80.5054,"UFRA",FALSE,0.014809588874053,FALSE,0.0138888888888888,NA,"0101000000A3AF20CD582054C0B03DB32440653C40",TRUE,"568_-1611",2019-12-11 00:25:28,NA,FALSE,NA,28.3956,-80.5055,2018-03-19 03:39:10,"130776",NA,"Rachycentron canadum",NA,NA,NA,NA,NA,"UF17","568_-1610","A69-9001-19025",0.0138888888888888,NA,"10949574-c8be-421f-92ff-620786941596",1.06629039893182,2018
"588",NA,"COBCRP-TT1297","Navy","A69-9001","COBCRP","cobia",FALSE,"Carter Watterson","Carter Waterson",2019-08-19,2019-08-19 11:27:50,2025-02-26,36.7091,-75.8344,"Navy",FALSE,0.0111194926640349,FALSE,0.0138888888888888,NA,"010100000013F241CF66F552C0FBCBEEC9C35A4240",TRUE,"740_-1522",2021-06-26 11:52:28,NA,FALSE,NA,36.709,-75.8344,2019-08-19 11:27:00,"0",NA,"Rachycentron canadum",NA,NA,NA,NA,NA,"SBA 5","734_-1517","A69-9001-7096",0.0138888888888888,NA,"10a3c7b7-af8a-402e-b0fe-a31b7aac1c12",0.800603471810514,2019
"589",NA,"COBCRP-M5312_AT0013","Navy","A69-9001","COBCRP","cobia",FALSE,"Carter Watterson","Carter Waterson",2019-05-21,2019-05-21 00:00:31,2025-02-26,36.713,-75.818,"Navy",FALSE,0,FALSE,0.0241666666666666,NA,"01010000003108AC1C5AF452C025068195435B4240",TRUE,"736_-1514",2020-12-07 21:32:24,NA,FALSE,NA,36.713,-75.818,2019-05-20 23:59:04,"0",NA,"Rachycentron canadum",NA,NA,NA,NA,NA,"SBA 6","734_-1516","A69-9001-19008",0.0241666666666666,NA,"10a880b6-7ca2-4003-b5d5-6660ad7619a6",0,2019
"590",NA,"COBCRP-1253674-2017-06-24","UFRA","A69-9002","COBCRP","cobia",FALSE,"Daryl Parkyn","Daryl Parkyn",2017-07-29,2017-07-29 02:49:47,2025-02-26,28.5578,-80.4206,"UFRA",FALSE,0,FALSE,0.0527777777777777,NA,"010100000070EB6E9EEA1A54C074B515FBCB8E3C40",TRUE,"570_-1608",2017-11-07 21:55:00,NA,FALSE,NA,28.5578,-80.4206,2017-07-29 02:46:37,"130788",NA,"Rachycentron canadum",NA,NA,NA,"°C",26.5161,"UF05","571_-1608","A69-9002-11154",0.0527777777777777,NA,"10ad21cf-cef4-4d6a-b5b5-1c6d1ebac005",0,2017
"591",NA,"COBCRP-24-20171019","Navy","A69-9001","COBCRP","cobia",FALSE,"Carter Watterson","Carter Waterson",2016-04-09,2016-04-09 17:09:16,2025-02-26,36.9709,-76.1045,"Navy",FALSE,0,FALSE,0.025,NA,"0101000000DCDC989EB00653C06A300DC3477C4240",TRUE,"742_-1520",2017-06-06 09:43:57,NA,FALSE,NA,36.9709,-76.1045,2016-04-09 17:07:46,"0",NA,"Rachycentron canadum",NA,NA,NA,NA,NA,"TS7","739_-1522","A69-9001-19032",0.025,NA,"10becec3-140d-4107-90b1-b055fbe7eab6",0,2016
"592",NA,"COBCRP-102-20171019","UFRA","A69-9001","COBCRP","cobia",FALSE,"Daryl Parkyn","Daryl Parkyn",2018-10-15,2018-10-15 06:51:00,2025-02-26,28.3987,-80.5495,"UFRA",FALSE,0,FALSE,0.0166666666666666,NA,"0101000000CCB4FD2B2B2354C0033E3F8C10663C40",TRUE,"568_-1611",2019-12-11 00:25:28,NA,TRUE,NA,28.3987,-80.5495,2018-10-15 06:50:00,"130801",NA,"Rachycentron canadum",NA,NA,NA,NA,NA,"UF19","568_-1611","A69-9001-19025",0.0166666666666666,NA,"10dc42fb-5c41-4dc4-9cb1-a45030fc27f7",0,2018
"593",NA,"COBCRP-117-20170426","UFRA","A69-9001","COBCRP","cobia",FALSE,"Daryl Parkyn","Daryl Parkyn",2017-10-28,2017-10-28 16:15:39,2025-02-26,28.5331,-80.4052,"UFRA",FALSE,0,FALSE,0.0208333333333333,NA,"01010000005DFE43FAED1954C08D7A884677883C40",TRUE,"622_-1624",2018-05-11 16:04:03,NA,FALSE,NA,28.5331,-80.4052,2017-10-28 16:14:24,"130778",NA,"Rachycentron canadum",NA,NA,NA,NA,NA,"UF07","571_-1608","A69-9001-19112",0.0208333333333333,NA,"10e60fe7-0d72-4e1f-9d44-d8779611f847",0,2017
"594",NA,"COBCRP-TT1297","Navy","A69-9001","COBCRP","cobia",FALSE,"Carter Watterson","Carter Waterson",2019-07-07,2019-07-07 01:40:34,2025-02-26,36.9709,-76.1045,"Navy",FALSE,14.4943829647889,TRUE,223.028611111111,NA,"0101000000DCDC989EB00653C06A300DC3477C4240",TRUE,"740_-1522",2021-06-26 11:52:28,NA,FALSE,NA,37.1007,-76.1195,2019-06-27 18:38:51,"0",NA,"Rachycentron canadum",NA,NA,NA,NA,NA,"TS7","739_-1522","A69-9001-7096",119.342222222222,NA,"10f0466f-1d1c-418a-9900-8862924c3a08",0.121452263037297,2019
"595",NA,"COBCRP-TT1297","Navy","A69-9001","COBCRP","cobia",FALSE,"Carter Watterson","Carter Waterson",2019-08-09,2019-08-09 15:30:49,2025-02-26,36.8338,-75.89,"Navy",FALSE,5.28850733898304,TRUE,3676.00055555556,NA,"01010000000686AC6EF5F852C05F0CE544BB6A4240",TRUE,"740_-1522",2021-06-26 11:52:28,NA,FALSE,NA,36.8297,-75.9492,2019-03-09 11:30:47,"0",NA,"Rachycentron canadum",NA,NA,NA,NA,NA,"RA","737_-1518","A69-9001-7096",28.9141666666667,NA,"10f08634-1071-4488-9d54-6ee1d2f79f6c",0.182903674864676,2019
"596",NA,"COBCRP-0-20171020_redeployments","UFRA","A69-1601","COBCRP","cobia",FALSE,"Daryl Parkyn","Daryl Parkyn",2018-10-17,2018-10-17 19:52:00,2025-02-26,28.447,-80.4177,"UFRA",FALSE,0.0242932118866669,FALSE,0.0144444444444444,NA,"0101000000B8239C16BC1A54C0DF4F8D976E723C40",TRUE,"564_-1612",2019-04-07 12:51:34,NA,FALSE,NA,28.4472,-80.4178,2018-10-17 19:51:08,"130781",NA,"Rachycentron canadum",NA,NA,NA,NA,NA,"UF23","569_-1608","A69-1601-54494",0.0144444444444444,NA,"11018abd-67c8-45a4-9abe-48b4b6232703",1.68183774600002,2018
"597",NA,"COBCRP-0-20171020_redeployments","UFRA","A69-1601","COBCRP","cobia",FALSE,"Daryl Parkyn","Daryl Parkyn",2018-11-18,2018-11-18 04:41:00,2025-02-26,28.4554,-80.4308,"UFRA",FALSE,0,FALSE,0.015,NA,"010100000021B07268911B54C0A3409FC893743C40",TRUE,"564_-1612",2019-04-07 12:51:34,NA,FALSE,NA,28.4554,-80.4308,2018-11-18 04:40:06,"130804",NA,"Rachycentron canadum",NA,NA,NA,NA,NA,"UF22","569_-1609","A69-1601-54494",0.015,NA,"1102061f-a33c-4edf-a80a-1da9ee8cb5e2",0,2018
"598",NA,"COBCRP-117-20170426","UFRA","A69-9001","COBCRP","cobia",FALSE,"Daryl Parkyn","Daryl Parkyn",2017-12-17,2017-12-17 04:07:29,2025-02-26,28.5802,-80.4369,"UFRA",FALSE,0,FALSE,0.0030555555555555,NA,"01010000001D9430D3F61B54C0317C444C89943C40",TRUE,"622_-1624",2018-05-11 16:04:03,NA,FALSE,NA,28.5802,-80.4369,2017-12-17 04:07:18,"130804",NA,"Rachycentron canadum",NA,NA,NA,NA,NA,"UF04","572_-1609","A69-9001-19112",0.0030555555555555,NA,"1107c950-b633-4a48-97d7-5cafef3db4ad",0,2017
"599",NA,"COBCRP-102-20171019","UFRA","A69-9001","COBCRP","cobia",FALSE,"Daryl Parkyn","Daryl Parkyn",2018-10-17,2018-10-17 07:42:00,2025-02-26,28.3987,-80.5495,"UFRA",FALSE,0,FALSE,0.0380555555555555,NA,"0101000000CCB4FD2B2B2354C0033E3F8C10663C40",TRUE,"568_-1611",2019-12-11 00:25:28,NA,TRUE,NA,28.3987,-80.5495,2018-10-17 07:39:43,"130801",NA,"Rachycentron canadum",NA,NA,NA,NA,NA,"UF19","568_-1611","A69-9001-19025",0.0380555555555555,NA,"110a4051-3900-496a-b447-bfadb882b5b5",0,2018
"600",NA,"COBCRP-TT1297","Navy","A69-9001","COBCRP","cobia",FALSE,"Carter Watterson","Carter Waterson",2019-07-07,2019-07-07 02:34:31,2025-02-26,36.9709,-76.1045,"Navy",FALSE,0,FALSE,0.0280555555555555,NA,"0101000000DCDC989EB00653C06A300DC3477C4240",TRUE,"740_-1522",2021-06-26 11:52:28,NA,FALSE,NA,36.9709,-76.1045,2019-07-07 02:32:50,"0",NA,"Rachycentron canadum",NA,NA,NA,NA,NA,"TS7","739_-1522","A69-9001-7096",0.0280555555555555,NA,"1111556a-12a1-4741-be5e-92ed3193d77f",0,2019
"601",NA,"COBCRP-TT1297","Navy","A69-9001","COBCRP","cobia",FALSE,"Carter Watterson","Carter Waterson",2019-06-07,2019-06-07 08:43:36,2025-02-26,36.9851,-76.159,"Navy",FALSE,0,FALSE,0.0188888888888888,NA,"0101000000E3C281902C0A53C0CBF8F719177E4240",TRUE,"740_-1522",2021-06-26 11:52:28,NA,FALSE,NA,36.9851,-76.159,2019-06-07 08:42:28,"0",NA,"Rachycentron canadum",NA,NA,NA,NA,NA,"TS11","740_-1523","A69-9001-7096",0.0188888888888888,NA,"1133bcc4-bc87-4ec4-9062-7b51b313da1e",0,2019
"602",NA,"COBCRP-66-20171019","Elizabeth Miller","A69-9001","COBCRP","cobia",FALSE,NA,NA,2018-05-14,2018-05-14 11:41:00,2020-06-05,32.3861,-80.7813,"Elizabeth Miller",FALSE,0,FALSE,0.0666666666666666,NA,NA,TRUE,"648_-1616",2018-12-05 23:58:00,NA,FALSE,NA,32.3861,-80.7813,2018-05-14 11:37:00,"111679",NA,"Rachycentron canadum",NA,NA,NA,NA,NA,"Mid Broad","648_-1616","A69-9001-19091",0.0666666666666666,NA,"1141ce62-0795-41f9-9167-f83f2a37eeae",0,2018
"603",NA,"COBCRP-102-20171019","UFRA","A69-9001","COBCRP","cobia",FALSE,"Daryl Parkyn","Daryl Parkyn",2018-07-11,2018-07-11 18:09:00,2025-02-26,28.3955,-80.5054,"UFRA",FALSE,0,FALSE,0.0166666666666666,NA,"0101000000A3AF20CD582054C0B03DB32440653C40",TRUE,"568_-1611",2019-12-11 00:25:28,NA,FALSE,NA,28.3955,-80.5054,2018-07-11 18:08:00,"130787",NA,"Rachycentron canadum",NA,NA,NA,NA,NA,"UF17","568_-1610","A69-9001-19025",0.0166666666666666,NA,"115bc785-5ad7-447a-aa13-0ef1a24c966f",0,2018
"604",NA,"COBCRP-NASA1564","Navy","A69-9001","COBCRP","cobia",FALSE,"Carter Watterson","Carter Waterson",2019-07-29,2019-07-29 23:42:01,2025-02-26,37.0682,-75.9813,"Navy",FALSE,0,FALSE,0.0325,NA,"0101000000CDCCCCCCCCFE52C0789CA223B9884240",TRUE,"685_-1531",2022-11-23 02:05:00,NA,FALSE,NA,37.0682,-75.9813,2019-07-29 23:40:04,"0",NA,"Rachycentron canadum",NA,NA,NA,NA,NA,"10 off of cape charles","741_-1520","A69-9001-13161",0.0325,NA,"115c23ab-625b-42ee-9201-77ed9a89cc61",0,2019
"605",NA,"COBCRP-0-20171020_redeployments","UFRA","A69-1601","COBCRP","cobia",FALSE,"Daryl Parkyn","Daryl Parkyn",2018-10-17,2018-10-17 14:31:00,2025-02-26,28.4554,-80.4308,"UFRA",FALSE,0,FALSE,0.0252777777777777,NA,"010100000021B07268911B54C0A3409FC893743C40",TRUE,"564_-1612",2019-04-07 12:51:34,NA,FALSE,NA,28.4554,-80.4308,2018-10-17 14:29:29,"130804",NA,"Rachycentron canadum",NA,NA,NA,NA,NA,"UF22","569_-1609","A69-1601-54494",0.0252777777777777,NA,"115e61ea-b5e3-4888-acd4-19f62e27dcf6",0,2018
"606",NA,"COBCRP-66-20171019","Elizabeth Miller","A69-9001","COBCRP","cobia",FALSE,NA,NA,2018-09-05,2018-09-05 05:47:00,2020-06-05,32.3861,-80.7813,"Elizabeth Miller",FALSE,0,FALSE,0.483333333333333,NA,NA,TRUE,"648_-1616",2018-12-05 23:58:00,NA,FALSE,NA,32.3861,-80.7813,2018-09-05 05:18:00,"111679",NA,"Rachycentron canadum",NA,NA,NA,NA,NA,"Mid Broad","648_-1616","A69-9001-19091",0.483333333333333,NA,"1164c179-54b6-4ba5-8662-871e5c6b5fcd",0,2018
"607",NA,"COBCRP-66-20171019","Elizabeth Miller","A69-9001","COBCRP","cobia",FALSE,NA,NA,2018-09-05,2018-09-05 04:30:00,2020-06-05,32.3861,-80.7813,"Elizabeth Miller",FALSE,0,TRUE,744.533333333333,NA,NA,TRUE,"648_-1616",2018-12-05 23:58:00,NA,FALSE,NA,32.3861,-80.7813,2018-08-05 03:58:00,"111679",NA,"Rachycentron canadum",NA,NA,NA,NA,NA,"Mid Broad","648_-1616","A69-9001-19091",744.533333333333,NA,"11682350-e1ad-4d6c-8bae-85f04428500e",0,2018
"608",NA,"COBCRP-102-20171019","UFRA","A69-9001","COBCRP","cobia",FALSE,"Daryl Parkyn","Daryl Parkyn",2019-01-15,2019-01-15 10:27:00,2025-02-26,28.3987,-80.5495,"UFRA",FALSE,0,FALSE,0.0647222222222222,NA,"0101000000CCB4FD2B2B2354C0033E3F8C10663C40",TRUE,"568_-1611",2019-12-11 00:25:28,NA,TRUE,NA,28.3987,-80.5495,2019-01-15 10:23:07,"130799",NA,"Rachycentron canadum",NA,NA,NA,NA,NA,"UF19","568_-1611","A69-9001-19025",0.0647222222222222,NA,"11783fb1-3f23-4ba3-95d0-1efd2935e961",0,2019
"609",NA,"COBCRP-102-20171019","UFRA","A69-9001","COBCRP","cobia",FALSE,"Daryl Parkyn","Daryl Parkyn",2018-08-12,2018-08-12 09:48:00,2025-02-26,28.3955,-80.5054,"UFRA",FALSE,0,FALSE,0.0333333333333333,NA,"0101000000A3AF20CD582054C0B03DB32440653C40",TRUE,"568_-1611",2019-12-11 00:25:28,NA,FALSE,NA,28.3955,-80.5054,2018-08-12 09:46:00,"130787",NA,"Rachycentron canadum",NA,NA,NA,NA,NA,"UF17","568_-1610","A69-9001-19025",0.0333333333333333,NA,"117a23d0-bfe6-4c86-a639-fc53b9a3fead",0,2018
"610",NA,"COBCRP-102-20171019","UFRA","A69-9001","COBCRP","cobia",FALSE,"Daryl Parkyn","Daryl Parkyn",2018-08-12,2018-08-12 07:57:00,2025-02-26,28.3955,-80.5054,"UFRA",FALSE,0,FALSE,0.0333333333333333,NA,"0101000000A3AF20CD582054C0B03DB32440653C40",TRUE,"568_-1611",2019-12-11 00:25:28,NA,FALSE,NA,28.3955,-80.5054,2018-08-12 07:55:00,"130787",NA,"Rachycentron canadum",NA,NA,NA,NA,NA,"UF17","568_-1610","A69-9001-19025",0.0333333333333333,NA,"117a58b1-c206-430c-b1f8-cc81e2a61aea",0,2018
"611",NA,"COBCRP-0-20171020_redeployments","UFRA","A69-1601","COBCRP","cobia",FALSE,"Daryl Parkyn","Daryl Parkyn",2018-01-12,2018-01-12 12:36:00,2025-02-26,28.5704,-80.4447,"UFRA",FALSE,0,FALSE,0.05,NA,"01010000005839B4C8761C54C0E04A766C04923C40",TRUE,"564_-1612",2019-04-07 12:51:34,NA,FALSE,NA,28.5704,-80.4447,2018-01-12 12:33:00,"130789",NA,"Rachycentron canadum",NA,NA,NA,NA,NA,"UF03","571_-1609","A69-1601-54494",0.05,NA,"117dd9cf-28d8-4c38-a577-f98051ebe0b1",0,2018
"612",NA,"COBCRP-85-20171019","Kessel","A69-9001","COBCRP","cobia",FALSE,NA,NA,2016-09-27,2016-09-27 03:12:00,2020-05-29,26.9791,-80.0243,"Kessel",FALSE,0,FALSE,0.0016666666666666,NA,NA,TRUE,"541_-1601",2017-11-01 16:02:00,NA,FALSE,NA,26.9791,-80.0243,2016-09-27 03:11:54,"102308",NA,"Rachycentron canadum",NA,NA,NA,NA,NA,"BBMGE","540_-1600","A69-9001-19013",0.0016666666666666,NA,"1188b22b-4ef9-4ca5-9a8a-33f9f835c94b",0,2016
"613",NA,"COBCRP-97-20171019","UFRA","A69-9001","COBCRP","cobia",FALSE,"Daryl Parkyn","Daryl Parkyn",2017-10-17,2017-10-17 10:07:57,2025-02-26,28.4291,-80.4164,"UFRA",FALSE,0,FALSE,0.0038888888888888,NA,"0101000000B1C403CAA61A54C0D9B11188D76D3C40",TRUE,"571_-1607",2018-06-06 07:33:01,NA,FALSE,NA,28.4291,-80.4164,2017-10-17 10:07:43,"130783",NA,"Rachycentron canadum",NA,NA,NA,NA,NA,"UF11","569_-1608","A69-9001-19011",0.0038888888888888,NA,"1192332a-482e-4fb3-83b0-f76208e3b76b",0,2017
"614",NA,"COBCRP-102-20171019","UFRA","A69-9001","COBCRP","cobia",FALSE,"Daryl Parkyn","Daryl Parkyn",2017-12-25,2017-12-25 00:43:00,2025-02-26,28.3912,-80.5206,"UFRA",FALSE,0,FALSE,0.0277777777777777,NA,"01010000002F698CD6512154C0F931E6AE25643C40",TRUE,"568_-1611",2019-12-11 00:25:28,NA,FALSE,NA,28.3912,-80.5206,2017-12-25 00:41:20,"130804",NA,"Rachycentron canadum",NA,NA,NA,NA,NA,"UF18","568_-1610","A69-9001-19025",0.0277777777777777,NA,"119d2061-f8fb-4a19-bf0d-1a13b8ee2cb7",0,2017
"615",NA,"COBCRP-102-20171019","UFRA","A69-9001","COBCRP","cobia",FALSE,"Daryl Parkyn","Daryl Parkyn",2018-10-19,2018-10-19 22:12:00,2025-02-26,28.3889,-80.4672,"UFRA",FALSE,0,FALSE,0.0166666666666666,NA,"0101000000F57F0EF3E51D54C04165FCFB8C633C40",TRUE,"568_-1611",2019-12-11 00:25:28,NA,FALSE,NA,28.3889,-80.4672,2018-10-19 22:11:00,"130788",NA,"Rachycentron canadum",NA,NA,NA,NA,NA,"UF16","568_-1609","A69-9001-19025",0.0166666666666666,NA,"11bb061b-01c5-4dee-a446-dd536fce8c2d",0,2018
"616",NA,"COBCRP-102-20171019","UFRA","A69-9001","COBCRP","cobia",FALSE,"Daryl Parkyn","Daryl Parkyn",2017-10-17,2017-10-17 01:44:15,2025-02-26,28.4674,-80.4225,"UFRA",FALSE,0,FALSE,0.0036111111111111,NA,"0101000000D7A3703D0A1B54C0E4839ECDAA773C40",TRUE,"568_-1611",2019-12-11 00:25:28,NA,FALSE,NA,28.4674,-80.4225,2017-10-17 01:44:02,"130797",NA,"Rachycentron canadum",NA,NA,NA,NA,NA,"UF21","569_-1608","A69-9001-19025",0.0036111111111111,NA,"11caba36-c5f8-4392-80a0-af0b7e04071c",0,2017
"617",NA,"COBCRP-M5472_AT0172","Navy","A69-9001","COBCRP","cobia",FALSE,"Carter Watterson","Carter Waterson",2019-09-20,2019-09-20 23:02:16,2025-02-26,36.8697,-75.871,"Navy",FALSE,0,FALSE,0.0191666666666666,NA,"010100000081608E1EBFF752C0FA27B858516F4240",TRUE,"752_-1527",2020-06-19 15:05:59,NA,FALSE,NA,36.8697,-75.871,2019-09-20 23:01:07,"0",NA,"Rachycentron canadum",NA,NA,NA,NA,NA,"CB 9","737_-1517","A69-9001-7176",0.0191666666666666,NA,"11cd9590-ce54-42ae-b2e2-4ab348ac581b",0,2019
"618",NA,"COBCRP-NASA1564","Navy","A69-9001","COBCRP","cobia",FALSE,"Carter Watterson","Carter Waterson",2019-09-25,2019-09-25 05:06:16,2025-02-26,36.8162,-75.7599,"Navy",FALSE,0,FALSE,0.133611111111111,NA,"010100000006BB61DBA2F052C03FA9F6E978684240",TRUE,"685_-1531",2022-11-23 02:05:00,NA,FALSE,NA,36.8162,-75.7599,2019-09-25 04:58:15,"0",NA,"Rachycentron canadum",NA,NA,NA,NA,NA,"CB","736_-1515","A69-9001-13161",0.133611111111111,NA,"11d877ca-8e6a-4c32-bc7f-342e23de8535",0,2019
"619",NA,"COBCRP-TT1297","Navy","A69-9001","COBCRP","cobia",FALSE,"Carter Watterson","Carter Waterson",2019-09-09,2019-09-09 03:18:26,2025-02-26,36.8297,-75.9492,"Navy",FALSE,1.16235873962818,TRUE,18.4788888888889,NA,"0101000000622D3E05C0FC52C02E90A0F8316A4240",TRUE,"740_-1522",2021-06-26 11:52:28,NA,FALSE,NA,36.8307,-75.9622,2019-09-08 08:49:42,"0",NA,"Rachycentron canadum",NA,NA,NA,NA,NA,"RI","737_-1519","A69-9001-7096",18.4788888888889,NA,"11dd55e1-d807-4227-bc8e-951e2684cc7d",0.0629019821817906,2019
"620",NA,"COBCRP-66-20171019","Elizabeth Miller","A69-9001","COBCRP","cobia",FALSE,NA,NA,2018-11-05,2018-11-05 22:50:00,2020-06-05,32.3861,-80.7813,"Elizabeth Miller",FALSE,0,FALSE,0.0333333333333333,NA,NA,TRUE,"648_-1616",2018-12-05 23:58:00,NA,FALSE,NA,32.3861,-80.7813,2018-11-05 22:48:00,"111679",NA,"Rachycentron canadum",NA,NA,NA,NA,NA,"Mid Broad","648_-1616","A69-9001-19091",0.0333333333333333,NA,"11df1c3d-c0fa-4dda-a929-c2b5f68548c1",0,2018
"621",NA,"COBCRP-0-20171020_redeployments","UFRA","A69-1601","COBCRP","cobia",FALSE,"Daryl Parkyn","Daryl Parkyn",2018-11-19,2018-11-19 09:21:00,2025-02-26,28.4847,-80.4216,"UFRA",FALSE,0.0224882517802513,FALSE,0.858055555555556,NA,"0101000000F0164850FC1A54C079060DFD137C3C40",TRUE,"564_-1612",2019-04-07 12:51:34,NA,FALSE,NA,28.4848,-80.4218,2018-11-19 08:29:31,"130805",NA,"Rachycentron canadum",NA,NA,NA,NA,NA,"UF09","570_-1608","A69-1601-54494",0.858055555555556,NA,"11e767ad-a4e8-4365-b98d-3d660b1fc6ea",0.026208386665233,2018
"622",NA,"COBCRP-M5472_AT0172","Navy","A69-9001","COBCRP","cobia",FALSE,"Carter Watterson","Carter Waterson",2019-06-25,2019-06-25 08:35:35,2025-02-26,36.9353,-75.9562,"Navy",FALSE,0,FALSE,0.0211111111111111,NA,"0101000000C9B08A3732FD52C000529B38B9774240",TRUE,"752_-1527",2020-06-19 15:05:59,NA,FALSE,NA,36.9353,-75.9562,2019-06-25 08:34:19,"0",NA,"Rachycentron canadum",NA,NA,NA,NA,NA,"CH","739_-1519","A69-9001-7176",0.0211111111111111,NA,"11e9ea9c-152b-47af-a86f-932875317f45",0,2019
"623",NA,"COBCRP-66-20171019","Elizabeth Miller","A69-9001","COBCRP","cobia",FALSE,NA,NA,2018-05-21,2018-05-21 19:52:00,2020-06-05,32.3861,-80.7813,"Elizabeth Miller",FALSE,0,FALSE,0.0166666666666666,NA,NA,TRUE,"648_-1616",2018-12-05 23:58:00,NA,FALSE,NA,32.3861,-80.7813,2018-05-21 19:51:00,"111679",NA,"Rachycentron canadum",NA,NA,NA,NA,NA,"Mid Broad","648_-1616","A69-9001-19091",0.0166666666666666,NA,"1202bb6f-327d-4b13-bf58-f32564fce48b",0,2018
"624",NA,"COBCRP-66-20171019","Elizabeth Miller","A69-9001","COBCRP","cobia",FALSE,NA,NA,2018-12-05,2018-12-05 01:24:00,2020-06-05,32.3861,-80.7813,"Elizabeth Miller",FALSE,0,FALSE,0.0333333333333333,NA,NA,TRUE,"648_-1616",2018-12-05 23:58:00,NA,FALSE,NA,32.3861,-80.7813,2018-12-05 01:22:00,"111679",NA,"Rachycentron canadum",NA,NA,NA,NA,NA,"Mid Broad","648_-1616","A69-9001-19091",0.0333333333333333,NA,"120ee5e4-527d-414b-b19e-c91fa09f2b90",0,2018
"625",NA,"COBCRP-10-20171019","UFRA","A69-1601","COBCRP","cobia",FALSE,"Daryl Parkyn","Daryl Parkyn",2017-09-22,2017-09-22 09:27:02,2025-02-26,28.5331,-80.4052,"UFRA",FALSE,0,FALSE,0.0613888888888888,NA,"01010000005DFE43FAED1954C08D7A884677883C40",TRUE,"570_-1607",2017-12-01 19:19:07,NA,FALSE,NA,28.5331,-80.4052,2017-09-22 09:23:21,"130778",NA,"Rachycentron canadum",NA,NA,NA,NA,NA,"UF07","571_-1608","A69-1601-54488",0.0613888888888888,NA,"1211edb8-eb26-485f-bffc-135201247f65",0,2017
"626",NA,"COBCRP-NASA1564","Navy","A69-9001","COBCRP","cobia",FALSE,"Carter Watterson","Carter Waterson",2019-09-28,2019-09-28 17:44:10,2025-02-26,36.8475,-75.8264,"Navy",FALSE,0,FALSE,0.0975,NA,"010100000074EFE192E3F452C0C6DCB5847C6C4240",TRUE,"685_-1531",2022-11-23 02:05:00,NA,FALSE,NA,36.8475,-75.8264,2019-09-28 17:38:19,"0",NA,"Rachycentron canadum",NA,NA,NA,NA,NA,"CB5","737_-1517","A69-9001-13161",0.0975,NA,"1213330e-d861-4b75-a786-254f1ee4151e",0,2019
"627",NA,"COBCRP-M5464_AT0164-2018-05-25","UFRA","A69-9001","COBCRP","cobia",FALSE,"Daryl Parkyn","Daryl Parkyn",2018-12-14,2018-12-14 09:00:00,2025-02-26,28.5221,-80.4155,"UFRA",FALSE,1.5904725014017,FALSE,0.628611111111111,NA,"0101000000E3C798BB961A54C076E09C11A5853C40",TRUE,"573_-1610",2019-06-01 13:42:35,NA,FALSE,NA,28.5103,-80.4247,2018-12-14 08:22:17,"130792",NA,"Rachycentron canadum",NA,NA,NA,NA,NA,"UF06","570_-1608","A69-9001-19122",0.628611111111111,NA,"1218631f-5c1a-4800-a999-662ad7a6b128",2.5301374304225,2018
"628",NA,"COBCRP-135-20171019","UFRA","A69-9001","COBCRP","cobia",FALSE,"Daryl Parkyn","Daryl Parkyn",2017-06-05,2017-06-05 18:14:00,2025-02-26,28.429,-80.4164,"UFRA",FALSE,0,FALSE,0.0333333333333333,NA,"010100000046425BCEA51A54C0A04FE449D26D3C40",TRUE,"569_-1608",2017-06-05 18:16:00,NA,FALSE,NA,28.429,-80.4164,2017-06-05 18:12:00,"130785",NA,"Rachycentron canadum",NA,NA,NA,NA,NA,"UF11","569_-1608","A69-9001-20111",0.0333333333333333,NA,"1219af28-e718-4073-bbe0-affd40bec0b5",0,2017
"629",NA,"COBCRP-TT1297","navy_windfarm","A69-9001","COBCRP","cobia",FALSE,"Christian Hager","Christian Hager",2019-11-08,2019-11-08 06:40:00,2025-02-26,36.709,-75.8344,"Navy",FALSE,0.0111194926640349,FALSE,0.0172222222222222,NA,"010100000013F241CF66F552C0986E1283C05A4240",TRUE,"740_-1522",2021-06-26 11:52:28,NA,FALSE,NA,36.7091,-75.8344,2019-11-08 06:38:58,"547044",NA,"Rachycentron canadum",NA,NA,NA,NA,NA,"Boem 10","734_-1517","A69-9001-7096",0.0172222222222222,NA,"1224e37a-f28c-4d40-a8f6-e714bdf054c3",0.645647961137511,2019
"630",NA,"COBCRP-85-20171019","Kessel","A69-9001","COBCRP","cobia",FALSE,NA,NA,2016-08-19,2016-08-19 15:32:00,2020-05-29,27.0506,-80.0426,"Kessel",FALSE,0,FALSE,0.0333333333333333,NA,NA,TRUE,"541_-1601",2017-11-01 16:02:00,NA,FALSE,NA,27.0506,-80.0426,2016-08-19 15:30:00,"100288",NA,"Rachycentron canadum",NA,NA,NA,NA,NA,"BBHS","541_-1601","A69-9001-19013",0.0333333333333333,NA,"1234b44a-2487-4a2f-aafc-3401923ac12e",0,2016
"631",NA,"COBCRP-66-20171019","Elizabeth Miller","A69-9001","COBCRP","cobia",FALSE,NA,NA,2018-05-15,2018-05-15 22:16:00,2020-06-05,32.3861,-80.7813,"Elizabeth Miller",FALSE,0,FALSE,0.266666666666667,NA,NA,TRUE,"648_-1616",2018-12-05 23:58:00,NA,FALSE,NA,32.3861,-80.7813,2018-05-15 22:00:00,"111679",NA,"Rachycentron canadum",NA,NA,NA,NA,NA,"Mid Broad","648_-1616","A69-9001-19091",0.266666666666667,NA,"123fe6e1-c1cf-4bce-b545-a22a1dc55e68",0,2018
"632",NA,"COBCRP-130-20171019","UFRA","A69-9001","COBCRP","cobia",FALSE,"Daryl Parkyn","Daryl Parkyn",2018-09-27,2018-09-27 14:55:00,2025-02-26,28.4674,-80.4225,"UFRA",FALSE,0,FALSE,0.0255555555555555,NA,"010100000090F7AA95091B54C0AC21718FA5773C40",TRUE,"574_-1609",2019-05-22 18:31:53,NA,FALSE,NA,28.4674,-80.4225,2018-09-27 14:53:28,"130776",NA,"Rachycentron canadum",NA,NA,NA,NA,NA,"UF21","569_-1608","A69-9001-23438",0.0255555555555555,NA,"124416bd-8c07-4032-9823-5cbf0eff6290",0,2018
"633",NA,"COBCRP-66-20171019","Elizabeth Miller","A69-9001","COBCRP","cobia",FALSE,NA,NA,2018-05-18,2018-05-18 12:04:00,2020-06-05,32.3861,-80.7813,"Elizabeth Miller",FALSE,0,FALSE,0.0166666666666666,NA,NA,TRUE,"648_-1616",2018-12-05 23:58:00,NA,FALSE,NA,32.3861,-80.7813,2018-05-18 12:03:00,"111679",NA,"Rachycentron canadum",NA,NA,NA,NA,NA,"Mid Broad","648_-1616","A69-9001-19091",0.0166666666666666,NA,"12447fff-4704-4459-8078-0226f386d31a",0,2018
"634",NA,"COBCRP-130-20171019","UFRA","A69-9001","COBCRP","cobia",FALSE,"Daryl Parkyn","Daryl Parkyn",2018-08-18,2018-08-18 06:46:00,2025-02-26,28.429,-80.4164,"UFRA",FALSE,0,FALSE,0.0166666666666666,NA,"010100000046425BCEA51A54C0A04FE449D26D3C40",TRUE,"574_-1609",2019-05-22 18:31:53,NA,FALSE,NA,28.429,-80.4164,2018-08-18 06:45:00,"130791",NA,"Rachycentron canadum",NA,NA,NA,NA,NA,"UF11","569_-1608","A69-9001-23438",0.0166666666666666,NA,"1250cd0c-6ca0-463d-8aa8-6a248796ea96",0,2018
"635",NA,"COBCRP-TT1297","Navy","A69-9001","COBCRP","cobia",FALSE,"Carter Watterson","Carter Waterson",2020-07-18,2020-07-18 14:54:00,2025-02-26,36.8259,-75.8504,"Navy",FALSE,0,FALSE,0.0227777777777777,NA,"010100000075CDE49B6DF652C068B3EA73B5694240",TRUE,"740_-1522",2021-06-26 11:52:28,NA,FALSE,NA,36.8259,-75.8504,2020-07-18 14:52:38,"0",NA,"Rachycentron canadum",NA,NA,NA,NA,NA,"RAOutside","737_-1517","A69-9001-7096",0.0227777777777777,NA,"12569e14-3ed9-4fc7-8f03-e05911ee42ec",0,2020
"636",NA,"COBCRP-0-20171020_redeployments","UFRA","A69-1601","COBCRP","cobia",FALSE,"Daryl Parkyn","Daryl Parkyn",2018-02-18,2018-02-18 00:44:00,2025-02-26,28.5221,-80.4155,"UFRA",FALSE,2.69391362111663,FALSE,1.34916666666667,NA,"0101000000E3C798BB961A54C076E09C11A5853C40",TRUE,"564_-1612",2019-04-07 12:51:34,NA,FALSE,NA,28.4979,-80.4168,2018-02-17 23:23:03,"130803",NA,"Rachycentron canadum",NA,NA,NA,NA,NA,"UF06","570_-1608","A69-1601-54494",1.34916666666667,NA,"125a1324-7c56-4c51-b66d-f284dbd74757",1.99672411694871,2018
"637",NA,"COBCRP-66-20171019","Elizabeth Miller","A69-9001","COBCRP","cobia",FALSE,NA,NA,2018-05-15,2018-05-15 22:55:00,2020-06-05,32.3861,-80.7813,"Elizabeth Miller",FALSE,0,FALSE,0.0166666666666666,NA,NA,TRUE,"648_-1616",2018-12-05 23:58:00,NA,FALSE,NA,32.3861,-80.7813,2018-05-15 22:54:00,"111679",NA,"Rachycentron canadum",NA,NA,NA,NA,NA,"Mid Broad","648_-1616","A69-9001-19091",0.0166666666666666,NA,"125dea68-405a-405f-a1b4-f708a596ee8e",0,2018
"638",NA,"COBCRP-102-20171019","UFRA","A69-9001","COBCRP","cobia",FALSE,"Daryl Parkyn","Daryl Parkyn",2018-12-02,2018-12-02 23:54:00,2025-02-26,28.4674,-80.4225,"UFRA",FALSE,0,FALSE,0.0166666666666666,NA,"010100000090F7AA95091B54C0AC21718FA5773C40",TRUE,"568_-1611",2019-12-11 00:25:28,NA,FALSE,NA,28.4674,-80.4225,2018-12-02 23:53:00,"130800",NA,"Rachycentron canadum",NA,NA,NA,NA,NA,"UF21","569_-1608","A69-9001-19025",0.0166666666666666,NA,"126031ba-849d-4c1d-98bf-b7c416fd5ee8",0,2018
"639",NA,"COBCRP-102-20171019","UFRA","A69-9001","COBCRP","cobia",FALSE,"Daryl Parkyn","Daryl Parkyn",2018-08-12,2018-08-12 11:30:00,2025-02-26,28.3955,-80.5054,"UFRA",FALSE,0,FALSE,0.0666666666666666,NA,"0101000000A3AF20CD582054C0B03DB32440653C40",TRUE,"568_-1611",2019-12-11 00:25:28,NA,FALSE,NA,28.3955,-80.5054,2018-08-12 11:26:00,"130787",NA,"Rachycentron canadum",NA,NA,NA,NA,NA,"UF17","568_-1610","A69-9001-19025",0.0666666666666666,NA,"12614c42-2456-48c5-9845-3aca2d0c5717",0,2018
"640",NA,"COBCRP-AT0071","UFRA","A69-9002","COBCRP","cobia",FALSE,"Daryl Parkyn","Daryl Parkyn",2019-05-26,2019-05-26 10:39:00,2025-02-26,28.5221,-80.4155,"UFRA",FALSE,0.0097699531839141,FALSE,0.0077777777777777,NA,"0101000000E3C798BB961A54C076E09C11A5853C40",TRUE,"569_-1609",2020-02-14 06:03:34,NA,FALSE,NA,28.5221,-80.4156,2019-05-26 10:38:32,"130804",NA,"Rachycentron canadum",NA,NA,NA,"ADC",179,"UF06","570_-1608","A69-9002-5757",0.0077777777777777,NA,"126fef3b-c602-4c18-9912-dbb3b0ae6591",1.25613683793182,2019
"641",NA,"COBCRP-0-20171020_redeployments","UFRA","A69-1601","COBCRP","cobia",FALSE,"Daryl Parkyn","Daryl Parkyn",2018-02-28,2018-02-28 05:11:00,2025-02-26,28.5221,-80.4155,"UFRA",FALSE,0,FALSE,0.0333333333333333,NA,"0101000000E3C798BB961A54C076E09C11A5853C40",TRUE,"564_-1612",2019-04-07 12:51:34,NA,FALSE,NA,28.5221,-80.4155,2018-02-28 05:09:00,"130803",NA,"Rachycentron canadum",NA,NA,NA,NA,NA,"UF06","570_-1608","A69-1601-54494",0.0333333333333333,NA,"1274f6d8-730d-4874-bdd9-113e5ca6967a",0,2018
"642",NA,"COBCRP-85-20171019","Kessel","A69-9001","COBCRP","cobia",FALSE,NA,NA,2016-10-13,2016-10-13 05:16:00,2020-05-29,26.9901,-80.025,"Kessel",FALSE,0,FALSE,0.0197222222222222,NA,NA,TRUE,"541_-1601",2017-11-01 16:02:00,NA,FALSE,NA,26.9901,-80.025,2016-10-13 05:14:49,"102608",NA,"Rachycentron canadum",NA,NA,NA,NA,NA,"BBPTR","540_-1600","A69-9001-19013",0.0197222222222222,NA,"1275c825-daf9-4b13-a95b-c08b85fc15d2",0,2016
"643",NA,"COBCRP-0-20171020_redeployments","UFRA","A69-1601","COBCRP","cobia",FALSE,"Daryl Parkyn","Daryl Parkyn",2018-10-17,2018-10-17 18:44:00,2025-02-26,28.447,-80.4177,"UFRA",FALSE,0.0242932118866669,FALSE,0.0111111111111111,NA,"0101000000B8239C16BC1A54C0DF4F8D976E723C40",TRUE,"564_-1612",2019-04-07 12:51:34,NA,FALSE,NA,28.4472,-80.4178,2018-10-17 18:43:20,"130781",NA,"Rachycentron canadum",NA,NA,NA,NA,NA,"UF23","569_-1608","A69-1601-54494",0.0111111111111111,NA,"127985f0-838b-49b9-b1fb-e2e273340d25",2.18638906980003,2018
"644",NA,"COBCRP-M5472_AT0172","Navy","A69-9001","COBCRP","cobia",FALSE,"Carter Watterson","Carter Waterson",2019-09-22,2019-09-22 09:51:51,2025-02-26,36.8162,-75.7599,"Navy",FALSE,0,FALSE,0.0275,NA,"010100000006BB61DBA2F052C03FA9F6E978684240",TRUE,"752_-1527",2020-06-19 15:05:59,NA,FALSE,NA,36.8162,-75.7599,2019-09-22 09:50:12,"0",NA,"Rachycentron canadum",NA,NA,NA,NA,NA,"CB","736_-1515","A69-9001-7176",0.0275,NA,"12809e8d-a4bf-49d0-b203-d0a8dd0eb6a0",0,2019
"645",NA,"COBCRP-TT1297","Navy","A69-9001","COBCRP","cobia",FALSE,"Carter Watterson","Carter Waterson",2019-08-19,2019-08-19 11:32:39,2025-02-26,36.7091,-75.8344,"Navy",FALSE,0.0111194926640349,FALSE,0.0108333333333333,NA,"010100000013F241CF66F552C0FBCBEEC9C35A4240",TRUE,"740_-1522",2021-06-26 11:52:28,NA,FALSE,NA,36.709,-75.8344,2019-08-19 11:32:00,"0",NA,"Rachycentron canadum",NA,NA,NA,NA,NA,"SBA 5","734_-1517","A69-9001-7096",0.0108333333333333,NA,"1288a791-cfb9-4cd7-befd-82c837d72be6",1.02641470744938,2019
"646",NA,"COBCRP-M5310_AT0012","UFRA","A69-9002","COBCRP","cobia",FALSE,"Daryl Parkyn","Daryl Parkyn",2019-09-04,2019-09-04 04:40:00,2025-02-26,28.5884,-80.4894,"UFRA",FALSE,1.60170824445404,FALSE,1.33333333333333,NA,"01010000009AEB34D2521F54C082A8FB00A4963C40",TRUE,"587_-1604",2022-05-09 03:35:30,NA,FALSE,NA,28.5763,-80.4805,2019-09-04 03:20:00,"130798",NA,"Rachycentron canadum",NA,NA,NA,"ADC",148,"UF01","572_-1610","A69-9002-11156",1.33333333333333,NA,"128ad7ca-20bf-40c9-b3a2-11f773d23a01",1.20128118334053,2019
"647",NA,"COBCRP-51-20171019","Kessel","A69-1601","COBCRP","cobia",FALSE,NA,NA,2016-05-29,2016-05-29 01:19:00,2020-05-29,26.9901,-80.025,"Kessel",FALSE,0,FALSE,0.0833333333333333,NA,NA,TRUE,"549_-1603",2017-03-29 23:58:59,NA,FALSE,NA,26.9901,-80.025,2016-05-29 01:14:00,"102608",NA,"Rachycentron canadum",NA,NA,NA,NA,NA,"BBPTR","540_-1600","A69-1601-54503",0.0833333333333333,NA,"12947b08-7915-4f3f-a422-38deb0cc29cf",0,2016
"648",NA,"COBCRP-102-20171019","UFRA","A69-9001","COBCRP","cobia",FALSE,"Daryl Parkyn","Daryl Parkyn",2017-12-25,2017-12-25 00:48:00,2025-02-26,28.3912,-80.5206,"UFRA",FALSE,0,FALSE,0.0041666666666666,NA,"01010000002F698CD6512154C0F931E6AE25643C40",TRUE,"568_-1611",2019-12-11 00:25:28,NA,FALSE,NA,28.3912,-80.5206,2017-12-25 00:47:45,"130804",NA,"Rachycentron canadum",NA,NA,NA,NA,NA,"UF18","568_-1610","A69-9001-19025",0.0041666666666666,NA,"1294cf83-a211-40f9-ba0d-bfe67849c329",0,2017
"649",NA,"COBCRP-0-20171020_redeployments","UFRA","A69-1601","COBCRP","cobia",FALSE,"Daryl Parkyn","Daryl Parkyn",2018-02-28,2018-02-28 05:23:00,2025-02-26,28.5221,-80.4155,"UFRA",FALSE,0.0097699531839141,FALSE,0.0152777777777777,NA,"0101000000E3C798BB961A54C076E09C11A5853C40",TRUE,"564_-1612",2019-04-07 12:51:34,NA,FALSE,NA,28.5221,-80.4156,2018-02-28 05:22:05,"130803",NA,"Rachycentron canadum",NA,NA,NA,NA,NA,"UF06","570_-1608","A69-1601-54494",0.0152777777777777,NA,"12a71a6f-23ad-4179-978d-a89250200170",0.639487844765291,2018
"650",NA,"COBCRP-102-20171019","UFRA","A69-9001","COBCRP","cobia",FALSE,"Daryl Parkyn","Daryl Parkyn",2018-10-19,2018-10-19 21:09:00,2025-02-26,28.3889,-80.4672,"UFRA",FALSE,0.0111194926644299,FALSE,0.0069444444444444,NA,"0101000000F57F0EF3E51D54C04165FCFB8C633C40",TRUE,"568_-1611",2019-12-11 00:25:28,NA,FALSE,NA,28.3888,-80.4672,2018-10-19 21:08:35,"130788",NA,"Rachycentron canadum",NA,NA,NA,NA,NA,"UF16","568_-1609","A69-9001-19025",0.0069444444444444,NA,"12ad851b-bfc8-415b-a911-b52751d6fc56",1.60120694367791,2018
"651",NA,"COBCRP-0-20171020_redeployments","UFRA","A69-1601","COBCRP","cobia",FALSE,"Daryl Parkyn","Daryl Parkyn",2018-04-12,2018-04-12 10:28:00,2025-02-26,28.5582,-80.4369,"UFRA",FALSE,0,FALSE,0.0333333333333333,NA,"01010000001D9430D3F61B54C01EF98381E78E3C40",TRUE,"564_-1612",2019-04-07 12:51:34,NA,FALSE,NA,28.5582,-80.4369,2018-04-12 10:26:00,"130785",NA,"Rachycentron canadum",NA,NA,NA,NA,NA,"UF04","571_-1609","A69-1601-54494",0.0333333333333333,NA,"12b87298-3ef4-4931-8f15-fd723dc73dcc",0,2018
"652",NA,"COBCRP-0-20171020_redeployments","UFRA","A69-1601","COBCRP","cobia",FALSE,"Daryl Parkyn","Daryl Parkyn",2018-04-12,2018-04-12 17:13:00,2025-02-26,28.4674,-80.4225,"UFRA",FALSE,0,FALSE,0.0333333333333333,NA,"010100000090F7AA95091B54C0AC21718FA5773C40",TRUE,"564_-1612",2019-04-07 12:51:34,NA,FALSE,NA,28.4674,-80.4225,2018-04-12 17:11:00,"130803",NA,"Rachycentron canadum",NA,NA,NA,NA,NA,"UF21","569_-1608","A69-1601-54494",0.0333333333333333,NA,"12d6445b-60ee-4372-a3c3-c85af1898105",0,2018
"653",NA,"COBCRP-66-20171019","Elizabeth Miller","A69-9001","COBCRP","cobia",FALSE,NA,NA,2018-05-15,2018-05-15 23:34:00,2020-06-05,32.3861,-80.7813,"Elizabeth Miller",FALSE,0,FALSE,0.0333333333333333,NA,NA,TRUE,"648_-1616",2018-12-05 23:58:00,NA,FALSE,NA,32.3861,-80.7813,2018-05-15 23:32:00,"111679",NA,"Rachycentron canadum",NA,NA,NA,NA,NA,"Mid Broad","648_-1616","A69-9001-19091",0.0333333333333333,NA,"12d85032-9d7d-42df-b713-b89f74abda5b",0,2018
"654",NA,"COBCRP-97-20171019","UFRA","A69-9001","COBCRP","cobia",FALSE,"Daryl Parkyn","Daryl Parkyn",2018-03-20,2018-03-20 17:30:00,2025-02-26,28.533,-80.4052,"UFRA",FALSE,0.0111194926644299,FALSE,0.0025,NA,"0101000000A4AA09A2EE1954C02A1DACFF73883C40",TRUE,"571_-1607",2018-06-06 07:33:01,NA,FALSE,NA,28.5331,-80.4052,2018-03-20 17:29:51,"130805",NA,"Rachycentron canadum",NA,NA,NA,NA,NA,"UF07","571_-1608","A69-9001-19011",0.0025,NA,"12da3dbd-75ea-4095-ac4c-7aa33d21cd05",4.44779706577198,2018
"655",NA,"COBCRP-0-20171020_redeployments","UFRA","A69-1601","COBCRP","cobia",FALSE,"Daryl Parkyn","Daryl Parkyn",2018-10-17,2018-10-17 22:37:00,2025-02-26,28.447,-80.4177,"UFRA",FALSE,0.0242932118866669,FALSE,0.0369444444444444,NA,"0101000000B8239C16BC1A54C0DF4F8D976E723C40",TRUE,"564_-1612",2019-04-07 12:51:34,NA,FALSE,NA,28.4472,-80.4178,2018-10-17 22:34:47,"130781",NA,"Rachycentron canadum",NA,NA,NA,NA,NA,"UF23","569_-1608","A69-1601-54494",0.0369444444444444,NA,"12eb1b46-a53d-4ae9-83d0-8e3d802b0881",0.657560622496249,2018
"656",NA,"COBCRP-117-20170426","UFRA","A69-9001","COBCRP","cobia",FALSE,"Daryl Parkyn","Daryl Parkyn",2018-03-27,2018-03-27 07:19:00,2025-02-26,28.5221,-80.4155,"UFRA",FALSE,0.0097699531839141,FALSE,0.0058333333333333,NA,"0101000000E3C798BB961A54C076E09C11A5853C40",TRUE,"622_-1624",2018-05-11 16:04:03,NA,FALSE,NA,28.5221,-80.4156,2018-03-27 07:18:39,"130803",NA,"Rachycentron canadum",NA,NA,NA,NA,NA,"UF06","570_-1608","A69-9001-19112",0.0058333333333333,NA,"1301f987-bde3-4c47-9dc9-f776d20a98f6",1.67484911724243,2018
"657",NA,"COBCRP-135-20171019","UFRA","A69-9001","COBCRP","cobia",FALSE,"Daryl Parkyn","Daryl Parkyn",2017-04-06,2017-04-06 03:29:00,2025-02-26,28.4847,-80.4216,"UFRA",FALSE,0,FALSE,0.0333333333333333,NA,"0101000000F0164850FC1A54C079060DFD137C3C40",TRUE,"569_-1608",2017-06-05 18:16:00,NA,FALSE,NA,28.4847,-80.4216,2017-04-06 03:27:00,"130783",NA,"Rachycentron canadum",NA,NA,NA,NA,NA,"UF09","570_-1608","A69-9001-20111",0.0333333333333333,NA,"130a38e1-f000-466e-a057-0ecb9eb739f1",0,2017
"658",NA,"COBCRP-0-20171020_redeployments","UFRA","A69-1601","COBCRP","cobia",FALSE,"Daryl Parkyn","Daryl Parkyn",2018-02-12,2018-02-12 06:37:00,2025-02-26,28.5578,-80.4206,"UFRA",FALSE,0,FALSE,0.0666666666666666,NA,"010100000070EB6E9EEA1A54C074B515FBCB8E3C40",TRUE,"564_-1612",2019-04-07 12:51:34,NA,FALSE,NA,28.5578,-80.4206,2018-02-12 06:33:00,"130797",NA,"Rachycentron canadum",NA,NA,NA,NA,NA,"UF05","571_-1608","A69-1601-54494",0.0666666666666666,NA,"130a9d55-1855-4c18-9294-d2cc6da23ac7",0,2018
"659",NA,"COBCRP-TT1297","Navy","A69-9001","COBCRP","cobia",FALSE,"Carter Watterson","Carter Waterson",2019-06-27,2019-06-27 11:51:19,2025-02-26,36.9678,-76.1676,"Navy",FALSE,0,FALSE,0.0325,NA,"01010000008907944DB90A53C016359886E17B4240",TRUE,"740_-1522",2021-06-26 11:52:28,NA,FALSE,NA,36.9678,-76.1676,2019-06-27 11:49:22,"0",NA,"Rachycentron canadum",NA,NA,NA,NA,NA,"LC1","739_-1523","A69-9001-7096",0.0325,NA,"1314c321-1764-40a9-9890-aaa7eeeae5b0",0,2019
"660",NA,"COBCRP-97-20171019","UFRA","A69-9001","COBCRP","cobia",FALSE,"Daryl Parkyn","Daryl Parkyn",2017-10-28,2017-10-28 17:55:53,2025-02-26,28.5331,-80.4052,"UFRA",FALSE,0,FALSE,0.0652777777777777,NA,"01010000005DFE43FAED1954C08D7A884677883C40",TRUE,"571_-1607",2018-06-06 07:33:01,NA,FALSE,NA,28.5331,-80.4052,2017-10-28 17:51:58,"130778",NA,"Rachycentron canadum",NA,NA,NA,NA,NA,"UF07","571_-1608","A69-9001-19011",0.0652777777777777,NA,"13154838-a2b0-44ff-8a63-21773ce5acdf",0,2017
"661",NA,"COBCRP-102-20171019","UFRA","A69-9001","COBCRP","cobia",FALSE,"Daryl Parkyn","Daryl Parkyn",2018-03-19,2018-03-19 08:57:00,2025-02-26,28.3888,-80.4672,"UFRA",FALSE,3.82203277357703,TRUE,45.8522222222222,NA,"0101000000E4141DC9E51D54C0C156091687633C40",TRUE,"568_-1611",2019-12-11 00:25:28,NA,FALSE,NA,28.3956,-80.5055,2018-03-17 11:05:52,"130787",NA,"Rachycentron canadum",NA,NA,NA,NA,NA,"UF16","568_-1609","A69-9001-19025",4.64861111111111,NA,"13234910-a87b-4620-822f-557d0e6758e7",0.822188107850452,2018
"662",NA,"COBCRP-102-20171019","UFRA","A69-9001","COBCRP","cobia",FALSE,"Daryl Parkyn","Daryl Parkyn",2018-02-20,2018-02-20 21:46:00,2025-02-26,28.429,-80.4164,"UFRA",FALSE,2.02837200329822,FALSE,0.524722222222222,NA,"010100000046425BCEA51A54C0A04FE449D26D3C40",TRUE,"568_-1611",2019-12-11 00:25:28,NA,FALSE,NA,28.4472,-80.4178,2018-02-20 21:14:31,"130788",NA,"Rachycentron canadum",NA,NA,NA,NA,NA,"UF11","569_-1608","A69-9001-19025",0.524722222222222,NA,"13241851-7198-457b-979e-a8655d5ed49d",3.86561101740264,2018
"663",NA,"COBCRP-102-20171019","UFRA","A69-9001","COBCRP","cobia",FALSE,"Daryl Parkyn","Daryl Parkyn",2018-10-30,2018-10-30 04:12:00,2025-02-26,28.429,-80.4164,"UFRA",FALSE,0,FALSE,0.0333333333333333,NA,"010100000046425BCEA51A54C0A04FE449D26D3C40",TRUE,"568_-1611",2019-12-11 00:25:28,NA,FALSE,NA,28.429,-80.4164,2018-10-30 04:10:00,"130791",NA,"Rachycentron canadum",NA,NA,NA,NA,NA,"UF11","569_-1608","A69-9001-19025",0.0333333333333333,NA,"13289ad8-ae6d-454a-82c2-9c6f7270c032",0,2018
"664",NA,"COBCRP-102-20171019","UFRA","A69-9001","COBCRP","cobia",FALSE,"Daryl Parkyn","Daryl Parkyn",2017-10-16,2017-10-16 19:14:22,2025-02-26,28.4674,-80.4225,"UFRA",FALSE,0,FALSE,0.0036111111111111,NA,"0101000000D7A3703D0A1B54C0E4839ECDAA773C40",TRUE,"568_-1611",2019-12-11 00:25:28,NA,FALSE,NA,28.4674,-80.4225,2017-10-16 19:14:09,"130797",NA,"Rachycentron canadum",NA,NA,NA,NA,NA,"UF21","569_-1608","A69-9001-19025",0.0036111111111111,NA,"1328fc5a-125c-4e50-97b5-feb8734c6e35",0,2017
"665",NA,"COBCRP-TT1297","Navy","A69-9001","COBCRP","cobia",FALSE,"Carter Watterson","Carter Waterson",2019-11-08,2019-11-08 05:21:56,2025-02-26,36.713,-75.818,"Navy",FALSE,0,FALSE,0.0291666666666666,NA,"01010000003108AC1C5AF452C025068195435B4240",TRUE,"740_-1522",2021-06-26 11:52:28,NA,FALSE,NA,36.713,-75.818,2019-11-08 05:20:11,"0",NA,"Rachycentron canadum",NA,NA,NA,NA,NA,"SBA 6","734_-1516","A69-9001-7096",0.0291666666666666,NA,"133604f9-88eb-4fa1-aa1c-390903a73151",0,2019
"666",NA,"COBCRP-M5472_AT0172","Navy","A69-9001","COBCRP","cobia",FALSE,"Carter Watterson","Carter Waterson",2019-09-22,2019-09-22 07:26:34,2025-02-26,36.8072,-75.7432,"Navy",FALSE,13.3284956524532,TRUE,3244.1325,NA,"0101000000C898BB9690EF52C065AA605452674240",TRUE,"752_-1527",2020-06-19 15:05:59,NA,FALSE,NA,36.8697,-75.871,2019-05-10 03:18:37,"0",NA,"Rachycentron canadum",NA,NA,NA,NA,NA,"SCL 1","736_-1515","A69-9001-7176",32.1941666666667,NA,"133ebdef-1f54-4df8-bb7b-9eafc4ad0ddb",0.414003437034243,2019
"667",NA,"COBCRP-71-20171019","UNK","A69-9001","COBCRP","cobia",FALSE,NA,NA,2017-12-05,2017-12-05 05:55:00,2020-06-03,32.8075,-79.919,"UNK",FALSE,6.31877090454834,TRUE,4605.52277777778,NA,NA,TRUE,"651_-1590",2018-07-18 18:21:27,NA,FALSE,NA,32.8602,-79.8937,2017-05-27 08:23:38,"121657",NA,"Rachycentron canadum",NA,NA,NA,NA,NA,"Drum on Wando","656_-1598","A69-9001-19063",717.733333333333,NA,"133ef101-cafb-4ade-be53-5ea2aec073d3",0.0088037863243753,2017
"668",NA,"COBCRP-TT1297","Navy","A69-9001","COBCRP","cobia",FALSE,"Carter Watterson","Carter Waterson",2019-06-07,2019-06-07 13:55:39,2025-02-26,36.9781,-76.1319,"Navy",FALSE,0,FALSE,0.106111111111111,NA,"0101000000EA95B20C710853C0936FB6B9317D4240",TRUE,"740_-1522",2021-06-26 11:52:28,NA,FALSE,NA,36.9781,-76.1319,2019-06-07 13:49:17,"0",NA,"Rachycentron canadum",NA,NA,NA,NA,NA,"Ts9","740_-1523","A69-9001-7096",0.106111111111111,NA,"1346aedb-29aa-4dc1-92ba-9a02569e5d66",0,2019
"669",NA,"COBCRP-TT1297","navy_windfarm","A69-9001","COBCRP","cobia",FALSE,"Christian Hager","Christian Hager",2019-08-19,2019-08-19 11:19:00,2025-02-26,36.709,-75.8344,"Navy",FALSE,0.0111194926640349,FALSE,0.0241666666666666,NA,"010100000013F241CF66F552C0986E1283C05A4240",TRUE,"740_-1522",2021-06-26 11:52:28,NA,FALSE,NA,36.7091,-75.8344,2019-08-19 11:17:33,"547044",NA,"Rachycentron canadum",NA,NA,NA,NA,NA,"Boem 10","734_-1517","A69-9001-7096",0.0241666666666666,NA,"134ba58a-6d62-4420-94f3-f1aec2f02995",0.460116937822134,2019
"670",NA,"COBCRP-71-20171019","UNK","A69-9001","COBCRP","cobia",FALSE,NA,NA,2017-05-17,2017-05-17 14:59:00,2020-06-03,32.7762,-79.8855,"UNK",FALSE,0,FALSE,1.25,NA,NA,TRUE,"651_-1590",2018-07-18 18:21:27,NA,FALSE,NA,32.7762,-79.8855,2017-05-17 13:44:00,"121655",NA,"Rachycentron canadum",NA,NA,NA,NA,NA,"Crab Bank","656_-1598","A69-9001-19063",1.25,NA,"1358508c-c0cb-4580-900b-dc1f92f173b2",0,2017
"671",NA,"COBCRP-0-20171020_redeployments","UFRA","A69-1601","COBCRP","cobia",FALSE,"Daryl Parkyn","Daryl Parkyn",2018-02-28,2018-02-28 03:47:00,2025-02-26,28.533,-80.4052,"UFRA",FALSE,0,FALSE,0.0333333333333333,NA,"0101000000A4AA09A2EE1954C02A1DACFF73883C40",TRUE,"564_-1612",2019-04-07 12:51:34,NA,FALSE,NA,28.533,-80.4052,2018-02-28 03:45:00,"130805",NA,"Rachycentron canadum",NA,NA,NA,NA,NA,"UF07","571_-1608","A69-1601-54494",0.0333333333333333,NA,"1359252d-52a4-4a44-a3e8-f724472cbaf7",0,2018
"672",NA,"COBCRP-0-20171020_redeployments","UFRA","A69-1601","COBCRP","cobia",FALSE,"Daryl Parkyn","Daryl Parkyn",2019-04-01,2019-04-01 06:11:00,2025-02-26,28.3955,-80.5054,"UFRA",FALSE,0,FALSE,0.0166666666666666,NA,"0101000000A3AF20CD582054C0B03DB32440653C40",TRUE,"564_-1612",2019-04-07 12:51:34,NA,FALSE,NA,28.3955,-80.5054,2019-04-01 06:10:00,"130777",NA,"Rachycentron canadum",NA,NA,NA,NA,NA,"UF17","568_-1610","A69-1601-54494",0.0166666666666666,NA,"135b31c0-9f1f-45bd-9e6f-441a64849fd4",0,2019
"673",NA,"COBCRP-117-20170426","UFRA","A69-9001","COBCRP","cobia",FALSE,"Daryl Parkyn","Daryl Parkyn",2018-03-27,2018-03-27 06:46:00,2025-02-26,28.5221,-80.4155,"UFRA",FALSE,0.0097699531839141,FALSE,0.0241666666666666,NA,"0101000000E3C798BB961A54C076E09C11A5853C40",TRUE,"622_-1624",2018-05-11 16:04:03,NA,FALSE,NA,28.5221,-80.4156,2018-03-27 06:44:33,"130803",NA,"Rachycentron canadum",NA,NA,NA,NA,NA,"UF06","570_-1608","A69-9001-19112",0.0241666666666666,NA,"13617f4d-3b07-4754-bdb4-5557863870c6",0.404273924851621,2018
"674",NA,"COBCRP-TT1297","Navy","A69-9001","COBCRP","cobia",FALSE,"Carter Watterson","Carter Waterson",2019-06-27,2019-06-27 12:01:59,2025-02-26,36.9678,-76.1676,"Navy",FALSE,0,FALSE,0.0336111111111111,NA,"01010000008907944DB90A53C016359886E17B4240",TRUE,"740_-1522",2021-06-26 11:52:28,NA,FALSE,NA,36.9678,-76.1676,2019-06-27 11:59:58,"0",NA,"Rachycentron canadum",NA,NA,NA,NA,NA,"LC1","739_-1523","A69-9001-7096",0.0336111111111111,NA,"1368a2fe-159f-4447-b20a-72bef9964861",0,2019
"675",NA,"COBCRP-0-20171020_redeployments","UFRA","A69-1601","COBCRP","cobia",FALSE,"Daryl Parkyn","Daryl Parkyn",2018-01-12,2018-01-12 11:33:00,2025-02-26,28.5704,-80.4447,"UFRA",FALSE,0,FALSE,0.05,NA,"01010000005839B4C8761C54C0E04A766C04923C40",TRUE,"564_-1612",2019-04-07 12:51:34,NA,FALSE,NA,28.5704,-80.4447,2018-01-12 11:30:00,"130789",NA,"Rachycentron canadum",NA,NA,NA,NA,NA,"UF03","571_-1609","A69-1601-54494",0.05,NA,"13707b3b-78d5-4e99-ba44-b9e3a333ecba",0,2018
"676",NA,"COBCRP-TT1297","Navy","A69-9001","COBCRP","cobia",FALSE,"Carter Watterson","Carter Waterson",2019-06-29,2019-06-29 08:28:41,2025-02-26,36.9408,-76.1718,"Navy",FALSE,0,FALSE,0.140833333333333,NA,"01010000000CC85EEFFE0A53C046B1DCD26A784240",TRUE,"740_-1522",2021-06-26 11:52:28,NA,FALSE,NA,36.9408,-76.1718,2019-06-29 08:20:14,"0",NA,"Rachycentron canadum",NA,NA,NA,NA,NA,"ELCAS 1","739_-1523","A69-9001-7096",0.140833333333333,NA,"1371c8fd-df6b-43b2-87d7-faa1d3f5012a",0,2019
"677",NA,"COBCRP-0-20171020_redeployments","UFRA","A69-1601","COBCRP","cobia",FALSE,"Daryl Parkyn","Daryl Parkyn",2018-01-12,2018-01-12 12:38:00,2025-02-26,28.5704,-80.4447,"UFRA",FALSE,0,FALSE,0.0166666666666666,NA,"01010000005839B4C8761C54C0E04A766C04923C40",TRUE,"564_-1612",2019-04-07 12:51:34,NA,FALSE,NA,28.5704,-80.4447,2018-01-12 12:37:00,"130789",NA,"Rachycentron canadum",NA,NA,NA,NA,NA,"UF03","571_-1609","A69-1601-54494",0.0166666666666666,NA,"13759a79-1463-4450-ab7c-b314b761e04c",0,2018
"678",NA,"COBCRP-TT1297","Navy","A69-9001","COBCRP","cobia",FALSE,"Carter Watterson","Carter Waterson",2019-08-19,2019-08-19 06:10:07,2025-02-26,36.725,-75.836,"Navy",FALSE,0,FALSE,0.0233333333333333,NA,"01010000002FDD240681F552C0CDCCCCCCCC5C4240",TRUE,"740_-1522",2021-06-26 11:52:28,NA,FALSE,NA,36.725,-75.836,2019-08-19 06:08:43,"0",NA,"Rachycentron canadum",NA,NA,NA,NA,NA,"SBA 2","734_-1517","A69-9001-7096",0.0233333333333333,NA,"1377c572-e8a5-4d5c-b068-38d7caa8dfad",0,2019
"679",NA,"COBCRP-0-20171020_redeployments","UFRA","A69-1601","COBCRP","cobia",FALSE,"Daryl Parkyn","Daryl Parkyn",2018-02-28,2018-02-28 05:17:00,2025-02-26,28.5221,-80.4155,"UFRA",FALSE,0.0097699531839141,FALSE,0.0144444444444444,NA,"0101000000E3C798BB961A54C076E09C11A5853C40",TRUE,"564_-1612",2019-04-07 12:51:34,NA,FALSE,NA,28.5221,-80.4156,2018-02-28 05:16:08,"130803",NA,"Rachycentron canadum",NA,NA,NA,NA,NA,"UF06","570_-1608","A69-1601-54494",0.0144444444444444,NA,"137b9a05-51a9-4372-8134-06bf1c8eedf1",0.676381374270981,2018
"680",NA,"COBCRP-102-20171019","UFRA","A69-9001","COBCRP","cobia",FALSE,"Daryl Parkyn","Daryl Parkyn",2018-10-16,2018-10-16 05:50:00,2025-02-26,28.3911,-80.5206,"UFRA",FALSE,0.0111194926644299,FALSE,0.0325,NA,"01010000001DFE9AAC512154C0077C7E1821643C40",TRUE,"568_-1611",2019-12-11 00:25:28,NA,FALSE,NA,28.3912,-80.5206,2018-10-16 05:48:03,"130799",NA,"Rachycentron canadum",NA,NA,NA,NA,NA,"UF18","568_-1610","A69-9001-19025",0.0325,NA,"137d81f8-3859-45d8-976d-fd70b096c7f3",0.342138235828614,2018
"681",NA,"COBCRP-TT1297","Navy","A69-9001","COBCRP","cobia",FALSE,"Carter Watterson","Carter Waterson",2019-03-07,2019-03-07 13:39:27,2025-02-26,36.8873,-75.4959,"Navy",FALSE,0,FALSE,0.0202777777777777,NA,"010100000088855AD3BCDF52C0D3DEE00B93714240",TRUE,"740_-1522",2021-06-26 11:52:28,NA,FALSE,NA,36.8873,-75.4959,2019-03-07 13:38:14,"0",NA,"Rachycentron canadum",NA,NA,NA,NA,NA,"SCL 9","738_-1510","A69-9001-7096",0.0202777777777777,NA,"13881d50-0c9b-4c4e-b742-1bd799034af2",0,2019
"682",NA,"COBCRP-M5310_AT0012","UFRA","A69-9002","COBCRP","cobia",FALSE,"Daryl Parkyn","Daryl Parkyn",2019-11-04,2019-11-04 22:21:00,2025-02-26,28.4977,-80.4168,"UFRA",FALSE,0,FALSE,0.0333333333333333,NA,"010100000031D3F6AFAC1A54C08195438B6C7F3C40",TRUE,"587_-1604",2022-05-09 03:35:30,NA,FALSE,NA,28.4977,-80.4168,2019-11-04 22:19:00,"130793",NA,"Rachycentron canadum",NA,NA,NA,"ADC",155,"UF08","570_-1608","A69-9002-11156",0.0333333333333333,NA,"138c535c-cdc9-41ae-9390-d5d19f94fbe6",0,2019
"683",NA,"COBCRP-102-20171019","UFRA","A69-9001","COBCRP","cobia",FALSE,"Daryl Parkyn","Daryl Parkyn",2018-12-02,2018-12-02 22:02:00,2025-02-26,28.4674,-80.4225,"UFRA",FALSE,0,FALSE,0.0166666666666666,NA,"010100000090F7AA95091B54C0AC21718FA5773C40",TRUE,"568_-1611",2019-12-11 00:25:28,NA,FALSE,NA,28.4674,-80.4225,2018-12-02 22:01:00,"130800",NA,"Rachycentron canadum",NA,NA,NA,NA,NA,"UF21","569_-1608","A69-9001-19025",0.0166666666666666,NA,"13954e22-586e-4705-9b30-07641689ab02",0,2018
"684",NA,"COBCRP-51-20171019","Kessel","A69-1601","COBCRP","cobia",FALSE,NA,NA,2016-10-06,2016-10-06 16:35:00,2020-05-29,26.9901,-80.025,"Kessel",FALSE,0,FALSE,0.1,NA,NA,TRUE,"549_-1603",2017-03-29 23:58:59,NA,FALSE,NA,26.9901,-80.025,2016-10-06 16:29:00,"102608",NA,"Rachycentron canadum",NA,NA,NA,NA,NA,"BBPTR","540_-1600","A69-1601-54503",0.1,NA,"139edd59-1118-43d7-ac09-55a0f9a60d6f",0,2016
"685",NA,"COBCRP-71-20171019","UNK","A69-9001","COBCRP","cobia",FALSE,NA,NA,2017-05-06,2017-05-06 09:22:00,2020-06-03,32.8602,-79.8937,"UNK",FALSE,0,FALSE,0.2,NA,NA,TRUE,"651_-1590",2018-07-18 18:21:27,NA,FALSE,NA,32.8602,-79.8937,2017-05-06 09:10:00,"121654",NA,"Rachycentron canadum",NA,NA,NA,NA,NA,"Coastal- Wando RM 3.5","657_-1598","A69-9001-19063",0.2,NA,"13a12bb3-27a9-427f-8fd9-a67266088bae",0,2017
"686",NA,"COBCRP-0-20171020_redeployments","UFRA","A69-1601","COBCRP","cobia",FALSE,"Daryl Parkyn","Daryl Parkyn",2018-10-17,2018-10-17 16:35:00,2025-02-26,28.447,-80.4177,"UFRA",FALSE,0.0242932118866669,FALSE,0.0197222222222222,NA,"0101000000B8239C16BC1A54C0DF4F8D976E723C40",TRUE,"564_-1612",2019-04-07 12:51:34,NA,FALSE,NA,28.4472,-80.4178,2018-10-17 16:33:49,"130781",NA,"Rachycentron canadum",NA,NA,NA,NA,NA,"UF23","569_-1608","A69-1601-54494",0.0197222222222222,NA,"13ac4e49-df0b-408f-9d97-d17cd5374434",1.23176849002818,2018
"687",NA,"COBCRP-102-20171019","UFRA","A69-9001","COBCRP","cobia",FALSE,"Daryl Parkyn","Daryl Parkyn",2017-12-22,2017-12-22 18:39:00,2025-02-26,28.4847,-80.4216,"UFRA",FALSE,8.38387547711152,TRUE,222.279166666667,NA,"0101000000F0164850FC1A54C079060DFD137C3C40",TRUE,"568_-1611",2019-12-11 00:25:28,NA,FALSE,NA,28.5283,-80.3516,2017-12-13 12:22:15,"130802",NA,"Rachycentron canadum",NA,NA,NA,NA,NA,"UF09","570_-1608","A69-9001-19025",5.25138888888889,NA,"13b4d893-99e5-4d4d-9911-cdb30208ac30",1.59650630614131,2017
"688",NA,"COBCRP-49-20171019","Kessel","A69-1601","COBCRP","cobia",FALSE,NA,NA,2016-07-13,2016-07-13 01:28:00,2020-05-29,27.0506,-80.0426,"Kessel",FALSE,0,FALSE,0.0111111111111111,NA,NA,TRUE,"541_-1601",2016-10-07 22:52:00,NA,FALSE,NA,27.0506,-80.0426,2016-07-13 01:27:20,"100288",NA,"Rachycentron canadum",NA,NA,NA,NA,NA,"BBHS","541_-1601","A69-1601-54501",0.0111111111111111,NA,"13c5835c-f182-4c70-8130-ac93a1b1af2c",0,2016
"689",NA,"COBCRP-66-20171019","Elizabeth Miller","A69-9001","COBCRP","cobia",FALSE,NA,NA,2018-11-05,2018-11-05 20:03:00,2020-06-05,32.3861,-80.7813,"Elizabeth Miller",FALSE,0,FALSE,0.0333333333333333,NA,NA,TRUE,"648_-1616",2018-12-05 23:58:00,NA,FALSE,NA,32.3861,-80.7813,2018-11-05 20:01:00,"111679",NA,"Rachycentron canadum",NA,NA,NA,NA,NA,"Mid Broad","648_-1616","A69-9001-19091",0.0333333333333333,NA,"13c5f9e1-aced-4a17-ad54-306259bed94c",0,2018
"690",NA,"COBCRP-117-20170426","UFRA","A69-9001","COBCRP","cobia",FALSE,"Daryl Parkyn","Daryl Parkyn",2017-12-14,2017-12-14 07:49:44,2025-02-26,28.5884,-80.4894,"UFRA",FALSE,0,FALSE,0.0191666666666666,NA,"01010000009AEB34D2521F54C082A8FB00A4963C40",TRUE,"622_-1624",2018-05-11 16:04:03,NA,FALSE,NA,28.5884,-80.4894,2017-12-14 07:48:35,"130802",NA,"Rachycentron canadum",NA,NA,NA,NA,NA,"UF01","572_-1610","A69-9001-19112",0.0191666666666666,NA,"13ca36cd-b9e3-410b-a42b-5dff92473029",0,2017
"691",NA,"COBCRP-85-20171019","Kessel","A69-9001","COBCRP","cobia",FALSE,NA,NA,2016-10-13,2016-10-13 06:32:00,2020-05-29,26.9901,-80.025,"Kessel",FALSE,0,FALSE,0.0211111111111111,NA,NA,TRUE,"541_-1601",2017-11-01 16:02:00,NA,FALSE,NA,26.9901,-80.025,2016-10-13 06:30:44,"102608",NA,"Rachycentron canadum",NA,NA,NA,NA,NA,"BBPTR","540_-1600","A69-9001-19013",0.0211111111111111,NA,"13d268c5-1574-486d-8993-4b5f2685bfa1",0,2016
"692",NA,"COBCRP-M5310_AT0012","UFRA","A69-9002","COBCRP","cobia",FALSE,"Daryl Parkyn","Daryl Parkyn",2019-06-04,2019-06-04 20:11:00,2025-02-26,28.5578,-80.4206,"UFRA",FALSE,0,FALSE,0.0333333333333333,NA,"010100000070EB6E9EEA1A54C074B515FBCB8E3C40",TRUE,"587_-1604",2022-05-09 03:35:30,NA,FALSE,NA,28.5578,-80.4206,2019-06-04 20:09:00,"130797",NA,"Rachycentron canadum",NA,NA,NA,"ADC",146,"UF05","571_-1608","A69-9002-11156",0.0333333333333333,NA,"13dfc37e-92d8-4e7c-bcfd-cae85cf9088a",0,2019
"693",NA,"COBCRP-0-20171020_redeployments","UFRA","A69-1601","COBCRP","cobia",FALSE,"Daryl Parkyn","Daryl Parkyn",2018-02-28,2018-02-28 04:28:00,2025-02-26,28.533,-80.4052,"UFRA",FALSE,0.0111194926644299,FALSE,0.0002777777777777,NA,"0101000000A4AA09A2EE1954C02A1DACFF73883C40",TRUE,"564_-1612",2019-04-07 12:51:34,NA,FALSE,NA,28.5331,-80.4052,2018-02-28 04:27:59,"130805",NA,"Rachycentron canadum",NA,NA,NA,NA,NA,"UF07","571_-1608","A69-1601-54494",0.0002777777777777,NA,"13e2858d-c991-49a5-8e65-56ed3030db6f",40.0301735919479,2018
"694",NA,"COBCRP-M5477_AT0177","Navy","A69-9001","COBCRP","cobia",FALSE,"Carter Watterson","Carter Waterson",2020-08-13,2020-08-13 05:12:53,2025-02-26,36.8606,-75.5545,"Navy",FALSE,0,FALSE,0.0255555555555555,NA,"0101000000736891ED7CE352C003780B24286E4240",TRUE,"570_-1611",2021-03-25 13:49:20,NA,FALSE,NA,36.8606,-75.5545,2020-08-13 05:11:21,"0",NA,"Rachycentron canadum",NA,NA,NA,NA,NA,"SCL 7","737_-1511","A69-9001-7189",0.0255555555555555,NA,"13e645bd-ea2a-4342-a64e-6c7bf0337842",0,2020
"695",NA,"COBCRP-TT1297","Navy","A69-9001","COBCRP","cobia",FALSE,"Carter Watterson","Carter Waterson",2019-06-28,2019-06-28 00:00:23,2025-02-26,36.9781,-76.1319,"Navy",FALSE,0,FALSE,0.0272222222222222,NA,"0101000000EA95B20C710853C0936FB6B9317D4240",TRUE,"740_-1522",2021-06-26 11:52:28,NA,FALSE,NA,36.9781,-76.1319,2019-06-27 23:58:45,"0",NA,"Rachycentron canadum",NA,NA,NA,NA,NA,"Ts9","740_-1523","A69-9001-7096",0.0272222222222222,NA,"13eb53b2-38fa-43f0-8d9c-113d5b11eeef",0,2019
"696",NA,"COBCRP-102-20171019","UFRA","A69-9001","COBCRP","cobia",FALSE,"Daryl Parkyn","Daryl Parkyn",2018-11-11,2018-11-11 03:14:00,2025-02-26,28.4554,-80.4308,"UFRA",FALSE,0,FALSE,0.0469444444444444,NA,"010100000021B07268911B54C0A3409FC893743C40",TRUE,"568_-1611",2019-12-11 00:25:28,NA,FALSE,NA,28.4554,-80.4308,2018-11-11 03:11:11,"130804",NA,"Rachycentron canadum",NA,NA,NA,NA,NA,"UF22","569_-1609","A69-9001-19025",0.0469444444444444,NA,"13ef5e0a-51bc-411f-8113-a27a433cd813",0,2018
"697",NA,"COBCRP-97-20171019","UFRA","A69-9001","COBCRP","cobia",FALSE,"Daryl Parkyn","Daryl Parkyn",2018-03-20,2018-03-20 19:05:00,2025-02-26,28.533,-80.4052,"UFRA",FALSE,0.0111194926644299,FALSE,0.0080555555555555,NA,"0101000000A4AA09A2EE1954C02A1DACFF73883C40",TRUE,"571_-1607",2018-06-06 07:33:01,NA,FALSE,NA,28.5331,-80.4052,2018-03-20 19:04:31,"130805",NA,"Rachycentron canadum",NA,NA,NA,NA,NA,"UF07","571_-1608","A69-9001-19011",0.0080555555555555,NA,"13f03b13-5a52-4e8b-aba7-3e0dc8df6a4a",1.38035081351544,2018
"698",NA,"COBCRP-102-20171019","UFRA","A69-9001","COBCRP","cobia",FALSE,"Daryl Parkyn","Daryl Parkyn",2018-10-17,2018-10-17 02:23:00,2025-02-26,28.3987,-80.5495,"UFRA",FALSE,0,FALSE,0.0166666666666666,NA,"0101000000CCB4FD2B2B2354C0033E3F8C10663C40",TRUE,"568_-1611",2019-12-11 00:25:28,NA,TRUE,NA,28.3987,-80.5495,2018-10-17 02:22:00,"130801",NA,"Rachycentron canadum",NA,NA,NA,NA,NA,"UF19","568_-1611","A69-9001-19025",0.0166666666666666,NA,"13f72a35-4abe-4c32-bb89-194670adf706",0,2018
"699",NA,"COBCRP-102-20171019","UFRA","A69-9001","COBCRP","cobia",FALSE,"Daryl Parkyn","Daryl Parkyn",2018-03-19,2018-03-19 04:12:00,2025-02-26,28.3955,-80.5054,"UFRA",FALSE,0,FALSE,0.0333333333333333,NA,"0101000000A3AF20CD582054C0B03DB32440653C40",TRUE,"568_-1611",2019-12-11 00:25:28,NA,FALSE,NA,28.3955,-80.5054,2018-03-19 04:10:00,"130776",NA,"Rachycentron canadum",NA,NA,NA,NA,NA,"UF17","568_-1610","A69-9001-19025",0.0333333333333333,NA,"1403c487-059e-4e7d-8817-5bd9f2bd4818",0,2018
"700",NA,"COBCRP-10-20171019","UFRA","A69-1601","COBCRP","cobia",FALSE,"Daryl Parkyn","Daryl Parkyn",2017-07-09,2017-07-09 09:44:02,2025-02-26,28.3888,-80.4672,"UFRA",FALSE,0,FALSE,0.0222222222222222,NA,"0101000000E4141DC9E51D54C0C156091687633C40",TRUE,"570_-1607",2017-12-01 19:19:07,NA,FALSE,NA,28.3888,-80.4672,2017-07-09 09:42:42,"130784",NA,"Rachycentron canadum",NA,NA,NA,NA,NA,"UF16","568_-1609","A69-1601-54488",0.0222222222222222,NA,"1403eeae-2eeb-4639-a07a-763e5dd9c732",0,2017
"701",NA,"COBCRP-66-20171019","Elizabeth Miller","A69-9001","COBCRP","cobia",FALSE,NA,NA,2018-11-05,2018-11-05 20:57:00,2020-06-05,32.3861,-80.7813,"Elizabeth Miller",FALSE,0,FALSE,0.0333333333333333,NA,NA,TRUE,"648_-1616",2018-12-05 23:58:00,NA,FALSE,NA,32.3861,-80.7813,2018-11-05 20:55:00,"111679",NA,"Rachycentron canadum",NA,NA,NA,NA,NA,"Mid Broad","648_-1616","A69-9001-19091",0.0333333333333333,NA,"141509a4-e61c-41d4-94b2-7aee9d2cdfd4",0,2018
"702",NA,"COBCRP-117-20170426","UFRA","A69-9001","COBCRP","cobia",FALSE,"Daryl Parkyn","Daryl Parkyn",2017-12-17,2017-12-17 05:51:57,2025-02-26,28.5578,-80.4206,"UFRA",FALSE,0,FALSE,0.393055555555555,NA,"010100000070EB6E9EEA1A54C074B515FBCB8E3C40",TRUE,"622_-1624",2018-05-11 16:04:03,NA,FALSE,NA,28.5578,-80.4206,2017-12-17 05:28:22,"130788",NA,"Rachycentron canadum",NA,NA,NA,NA,NA,"UF05","571_-1608","A69-9001-19112",0.393055555555555,NA,"142aac10-4ec9-4e45-b25f-a350f5c34f7c",0,2017
"703",NA,"COBCRP-102-20171019","UFRA","A69-9001","COBCRP","cobia",FALSE,"Daryl Parkyn","Daryl Parkyn",2018-10-19,2018-10-19 20:06:00,2025-02-26,28.3889,-80.4672,"UFRA",FALSE,0,FALSE,0.0166666666666666,NA,"0101000000F57F0EF3E51D54C04165FCFB8C633C40",TRUE,"568_-1611",2019-12-11 00:25:28,NA,FALSE,NA,28.3889,-80.4672,2018-10-19 20:05:00,"130788",NA,"Rachycentron canadum",NA,NA,NA,NA,NA,"UF16","568_-1609","A69-9001-19025",0.0166666666666666,NA,"143424cd-a7ae-49cb-93bf-7c2cc22ac201",0,2018
"704",NA,"COBCRP-M5477_AT0177","Navy","A69-9001","COBCRP","cobia",FALSE,"Carter Watterson","Carter Waterson",2020-08-28,2020-08-28 21:57:12,2025-02-26,36.8135,-75.7014,"Navy",FALSE,0,FALSE,0.0333333333333333,NA,"0101000000865AD3BCE3EC52C0E3A59BC420684240",TRUE,"570_-1611",2021-03-25 13:49:20,NA,FALSE,NA,36.8135,-75.7014,2020-08-28 21:55:12,"0",NA,"Rachycentron canadum",NA,NA,NA,NA,NA,"SCL 2","736_-1514","A69-9001-7189",0.0333333333333333,NA,"1435d4f5-1d4b-4b90-92d5-115ea1bb0cf6",0,2020
"705",NA,"COBCRP-102-20171019","UFRA","A69-9001","COBCRP","cobia",FALSE,"Daryl Parkyn","Daryl Parkyn",2018-10-17,2018-10-17 11:46:00,2025-02-26,28.3889,-80.4672,"UFRA",FALSE,0.0111194926644299,FALSE,0.0308333333333333,NA,"0101000000F57F0EF3E51D54C04165FCFB8C633C40",TRUE,"568_-1611",2019-12-11 00:25:28,NA,FALSE,NA,28.3888,-80.4672,2018-10-17 11:44:09,"130788",NA,"Rachycentron canadum",NA,NA,NA,NA,NA,"UF16","568_-1609","A69-9001-19025",0.0308333333333333,NA,"143e94df-f4a2-465c-9670-824f9e29e445",0.360632194522053,2018
"706",NA,"COBCRP-1253674-2017-06-24","UFRA","A69-9002","COBCRP","cobia",FALSE,"Daryl Parkyn","Daryl Parkyn",2017-06-24,2017-06-24 15:53:00,2025-02-26,28.5575,-80.4208,"UFRA",FALSE,0.0386566734749517,FALSE,0.0247222222222222,NA,"0101000000F71E2E39EE1A54C01F85EB51B88E3C40",TRUE,"570_-1608",2017-11-07 21:55:00,NA,FALSE,NA,28.5578,-80.4206,2017-06-24 15:51:31,"130779",NA,"Rachycentron canadum",NA,NA,NA,"ADC",159,"UF05","571_-1608","A69-9002-11154",0.0247222222222222,NA,"14404b4c-c842-46f5-8a7f-9cab3f4b4d2c",1.56364072482951,2017
"707",NA,"COBCRP-10-20171019","UFRA","A69-1601","COBCRP","cobia",FALSE,"Daryl Parkyn","Daryl Parkyn",2017-04-30,2017-04-30 05:30:00,2025-02-26,28.429,-80.4164,"UFRA",FALSE,3.53920693668997,FALSE,NA,NA,"010100000046425BCEA51A54C0A04FE449D26D3C40",TRUE,"570_-1607",2017-12-01 19:19:07,NA,FALSE,NA,28.3979,-80.4241,NA,"130785",NA,"Rachycentron canadum",NA,NA,NA,NA,NA,"UF11","569_-1608","A69-1601-54488",2.50305555555556,NA,"144329a4-3c72-4843-8758-2916372b7f53",1.41395460793296,2017
"708",NA,"COBCRP-102-20171019","UFRA","A69-9001","COBCRP","cobia",FALSE,"Daryl Parkyn","Daryl Parkyn",2018-10-24,2018-10-24 15:00:00,2025-02-26,28.447,-80.4177,"UFRA",FALSE,0.0242932118866669,FALSE,0.0286111111111111,NA,"0101000000B8239C16BC1A54C0DF4F8D976E723C40",TRUE,"568_-1611",2019-12-11 00:25:28,NA,FALSE,NA,28.4472,-80.4178,2018-10-24 14:58:17,"130781",NA,"Rachycentron canadum",NA,NA,NA,NA,NA,"UF23","569_-1608","A69-9001-19025",0.0286111111111111,NA,"144e0583-ae98-40e7-9d11-cefde04dd230",0.849083133902923,2018
"709",NA,"COBCRP-106-20171019","UFRA","A69-9001","COBCRP","cobia",FALSE,"Daryl Parkyn","Daryl Parkyn",2017-02-06,2017-02-06 02:43:00,2025-02-26,28.533,-80.4052,"UFRA",FALSE,0,FALSE,0.0166666666666666,NA,"0101000000A4AA09A2EE1954C02A1DACFF73883C40",TRUE,"574_-1609",2017-07-21 20:08:19,NA,FALSE,NA,28.533,-80.4052,2017-02-06 02:42:00,"130781",NA,"Rachycentron canadum",NA,NA,NA,NA,NA,"UF07","571_-1608","A69-9001-19016",0.0166666666666666,NA,"14609041-eb1e-45ce-946b-c304cdc827b4",0,2017
"710",NA,"COBCRP-102-20171019","UFRA","A69-9001","COBCRP","cobia",FALSE,"Daryl Parkyn","Daryl Parkyn",2018-08-12,2018-08-12 08:14:00,2025-02-26,28.3955,-80.5054,"UFRA",FALSE,0,FALSE,0.0333333333333333,NA,"0101000000A3AF20CD582054C0B03DB32440653C40",TRUE,"568_-1611",2019-12-11 00:25:28,NA,FALSE,NA,28.3955,-80.5054,2018-08-12 08:12:00,"130787",NA,"Rachycentron canadum",NA,NA,NA,NA,NA,"UF17","568_-1610","A69-9001-19025",0.0333333333333333,NA,"1463e385-48b0-4650-95c9-c52d27efb8d4",0,2018
"711",NA,"COBCRP-TT1297","Navy","A69-9001","COBCRP","cobia",FALSE,"Carter Watterson","Carter Waterson",2019-08-19,2019-08-19 11:20:59,2025-02-26,36.7091,-75.8344,"Navy",FALSE,0.934717672020035,FALSE,0.015,NA,"010100000013F241CF66F552C0FBCBEEC9C35A4240",TRUE,"740_-1522",2021-06-26 11:52:28,NA,FALSE,NA,36.7175,-75.834,2019-08-19 11:20:05,"0",NA,"Rachycentron canadum",NA,NA,NA,NA,NA,"SBA 5","734_-1517","A69-9001-7096",0.015,NA,"1465dd7c-acbb-4e85-916c-d170897f0da8",62.3145114680023,2019
"712",NA,"COBCRP-102-20171019","UFRA","A69-9001","COBCRP","cobia",FALSE,"Daryl Parkyn","Daryl Parkyn",2018-12-30,2018-12-30 23:46:00,2025-02-26,28.4554,-80.4308,"UFRA",FALSE,5.00183143663503,TRUE,27.6477777777778,NA,"010100000021B07268911B54C0A3409FC893743C40",TRUE,"568_-1611",2019-12-11 00:25:28,NA,FALSE,NA,28.4112,-80.4403,2018-12-29 20:07:08,"130801",NA,"Rachycentron canadum",NA,NA,NA,NA,NA,"UF22","569_-1609","A69-9001-19025",11.2938888888889,NA,"1466f925-d49a-4086-87b5-a8ecd6acc09c",0.442879462144869,2018
"713",NA,"COBCRP-66-20171019","Elizabeth Miller","A69-9001","COBCRP","cobia",FALSE,NA,NA,2018-05-17,2018-05-17 23:29:00,2020-06-05,32.3861,-80.7813,"Elizabeth Miller",FALSE,0,FALSE,0.0333333333333333,NA,NA,TRUE,"648_-1616",2018-12-05 23:58:00,NA,FALSE,NA,32.3861,-80.7813,2018-05-17 23:27:00,"111679",NA,"Rachycentron canadum",NA,NA,NA,NA,NA,"Mid Broad","648_-1616","A69-9001-19091",0.0333333333333333,NA,"1470819e-cb35-4afb-b7cf-40e38f1856de",0,2018
"714",NA,"COBCRP-117-20170426","UFRA","A69-9001","COBCRP","cobia",FALSE,"Daryl Parkyn","Daryl Parkyn",2017-12-16,2017-12-16 19:04:31,2025-02-26,28.5802,-80.4369,"UFRA",FALSE,0,FALSE,0.0030555555555555,NA,"01010000001D9430D3F61B54C0317C444C89943C40",TRUE,"622_-1624",2018-05-11 16:04:03,NA,FALSE,NA,28.5802,-80.4369,2017-12-16 19:04:20,"130804",NA,"Rachycentron canadum",NA,NA,NA,NA,NA,"UF04","572_-1609","A69-9001-19112",0.0030555555555555,NA,"14770ea2-c0bf-440a-b021-49e1d8b89109",0,2017
"715",NA,"COBCRP-102-20171019","UFRA","A69-9001","COBCRP","cobia",FALSE,"Daryl Parkyn","Daryl Parkyn",2017-10-17,2017-10-17 01:29:21,2025-02-26,28.4674,-80.4225,"UFRA",FALSE,0,FALSE,0.0036111111111111,NA,"0101000000D7A3703D0A1B54C0E4839ECDAA773C40",TRUE,"568_-1611",2019-12-11 00:25:28,NA,FALSE,NA,28.4674,-80.4225,2017-10-17 01:29:08,"130797",NA,"Rachycentron canadum",NA,NA,NA,NA,NA,"UF21","569_-1608","A69-9001-19025",0.0036111111111111,NA,"147a18ac-5586-4edb-809b-a8079b824985",0,2017
"716",NA,"COBCRP-1253674-2017-06-24","UFRA","A69-9002","COBCRP","cobia",FALSE,"Daryl Parkyn","Daryl Parkyn",2017-07-29,2017-07-29 07:59:00,2025-02-26,28.5221,-80.4156,"UFRA",FALSE,0,FALSE,0.458888888888889,NA,"0101000000B8CCE9B2981A54C0D93D7958A8853C40",TRUE,"570_-1608",2017-11-07 21:55:00,NA,FALSE,NA,28.5221,-80.4156,2017-07-29 07:31:28,"130787",NA,"Rachycentron canadum",NA,NA,NA,"°C",25.4178,"UF06","570_-1608","A69-9002-11154",0.458888888888889,NA,"147f2557-3763-4d0f-a1c2-f5d94a8a4fe4",0,2017
"717",NA,"COBCRP-102-20171019","UFRA","A69-9001","COBCRP","cobia",FALSE,"Daryl Parkyn","Daryl Parkyn",2017-10-17,2017-10-17 01:37:57,2025-02-26,28.4674,-80.4225,"UFRA",FALSE,0,FALSE,0.0036111111111111,NA,"0101000000D7A3703D0A1B54C0E4839ECDAA773C40",TRUE,"568_-1611",2019-12-11 00:25:28,NA,FALSE,NA,28.4674,-80.4225,2017-10-17 01:37:44,"130797",NA,"Rachycentron canadum",NA,NA,NA,NA,NA,"UF21","569_-1608","A69-9001-19025",0.0036111111111111,NA,"1482384f-214f-418c-b596-4a9319b8a725",0,2017
"718",NA,"COBCRP-TT1297","Navy","A69-9001","COBCRP","cobia",FALSE,"Carter Watterson","Carter Waterson",2019-06-24,2019-06-24 04:12:41,2025-02-26,36.984,-76.2135,"Navy",FALSE,0,FALSE,0.0286111111111111,NA,"01010000008B6CE7FBA90D53C0CBA145B6F37D4240",TRUE,"740_-1522",2021-06-26 11:52:28,NA,FALSE,NA,36.984,-76.2135,2019-06-24 04:10:58,"0",NA,"Rachycentron canadum",NA,NA,NA,NA,NA,"ST13","740_-1524","A69-9001-7096",0.0286111111111111,NA,"1484c1d1-05d2-45ab-9571-61028fbb1d31",0,2019
"719",NA,"COBCRP-130-20171019","UFRA","A69-9001","COBCRP","cobia",FALSE,"Daryl Parkyn","Daryl Parkyn",2018-09-29,2018-09-29 04:13:00,2025-02-26,28.5578,-80.4206,"UFRA",FALSE,0,FALSE,0.0166666666666666,NA,"010100000070EB6E9EEA1A54C074B515FBCB8E3C40",TRUE,"574_-1609",2019-05-22 18:31:53,NA,FALSE,NA,28.5578,-80.4206,2018-09-29 04:12:00,"130793",NA,"Rachycentron canadum",NA,NA,NA,NA,NA,"UF05","571_-1608","A69-9001-23438",0.0166666666666666,NA,"148b660b-8c45-4f2d-b8cc-00c6277c2c15",0,2018
"720",NA,"COBCRP-33-20171019","Marens","A69-9001","COBCRP","cobia",FALSE,NA,NA,2016-09-25,2016-09-25 16:59:00,2020-06-05,33.9586,-77.5575,"Marens",FALSE,0,FALSE,0.0166666666666666,NA,NA,TRUE,"699_-1518",2020-07-30 08:07:17,NA,FALSE,NA,33.9586,-77.5575,2016-09-25 16:58:00,"0",NA,"Rachycentron canadum",NA,NA,NA,NA,NA,"AR-386","679_-1551","A69-9001-19040",0.0166666666666666,NA,"14982534-0d03-4ff9-817a-be1063d324ad",0,2016
"721",NA,"COBCRP-M5472_AT0172","Navy","A69-9001","COBCRP","cobia",FALSE,"Carter Watterson","Carter Waterson",2019-10-09,2019-10-09 10:06:53,2025-02-26,36.9551,-75.9728,"Navy",FALSE,14.9196327672217,TRUE,481.2375,NA,"0101000000D8B628B341FE52C0E0DBF4673F7A4240",TRUE,"752_-1527",2020-06-19 15:05:59,NA,FALSE,NA,37.0874,-76.0008,2019-09-19 08:52:38,"0",NA,"Rachycentron canadum",NA,NA,NA,NA,NA,"2c off cape henry","739_-1519","A69-9001-7176",54.1316666666667,NA,"14994547-e92a-4078-93e7-39f9c1b83a4b",0.275617465449461,2019
"722",NA,"COBCRP-97-20171019","UFRA","A69-9001","COBCRP","cobia",FALSE,"Daryl Parkyn","Daryl Parkyn",2018-03-20,2018-03-20 18:26:00,2025-02-26,28.533,-80.4052,"UFRA",FALSE,0.0111194926644299,FALSE,0.222777777777778,NA,"0101000000A4AA09A2EE1954C02A1DACFF73883C40",TRUE,"571_-1607",2018-06-06 07:33:01,NA,FALSE,NA,28.5331,-80.4052,2018-03-20 18:12:38,"130805",NA,"Rachycentron canadum",NA,NA,NA,NA,NA,"UF07","571_-1608","A69-9001-19011",0.222777777777778,NA,"14a7b77b-6c7c-4cba-86c1-d1856766e670",0.0499129346533015,2018
"723",NA,"COBCRP-51-20171019","Kessel","A69-1601","COBCRP","cobia",FALSE,NA,NA,2016-10-06,2016-10-06 16:09:00,2020-05-29,26.9901,-80.025,"Kessel",FALSE,0,FALSE,0.0333333333333333,NA,NA,TRUE,"549_-1603",2017-03-29 23:58:59,NA,FALSE,NA,26.9901,-80.025,2016-10-06 16:07:00,"102608",NA,"Rachycentron canadum",NA,NA,NA,NA,NA,"BBPTR","540_-1600","A69-1601-54503",0.0333333333333333,NA,"14b68b5c-46a7-4aab-8e52-d64fc9cb2b0a",0,2016
"724",NA,"COBCRP-66-20171019","Elizabeth Miller","A69-9001","COBCRP","cobia",FALSE,NA,NA,2018-05-21,2018-05-21 20:15:00,2020-06-05,32.3861,-80.7813,"Elizabeth Miller",FALSE,0,FALSE,0.0333333333333333,NA,NA,TRUE,"648_-1616",2018-12-05 23:58:00,NA,FALSE,NA,32.3861,-80.7813,2018-05-21 20:13:00,"111679",NA,"Rachycentron canadum",NA,NA,NA,NA,NA,"Mid Broad","648_-1616","A69-9001-19091",0.0333333333333333,NA,"14c65772-c051-47b4-bdc2-5f68fed1aee0",0,2018
"725",NA,"COBCRP-M5477_AT0177","Navy","A69-9001","COBCRP","cobia",FALSE,"Carter Watterson","Carter Waterson",2020-08-28,2020-08-28 21:59:07,2025-02-26,36.8135,-75.7014,"Navy",FALSE,0,FALSE,0.0319444444444444,NA,"0101000000865AD3BCE3EC52C0E3A59BC420684240",TRUE,"570_-1611",2021-03-25 13:49:20,NA,FALSE,NA,36.8135,-75.7014,2020-08-28 21:57:12,"0",NA,"Rachycentron canadum",NA,NA,NA,NA,NA,"SCL 2","736_-1514","A69-9001-7189",0.0319444444444444,NA,"14cc247f-13fe-4f11-9a3a-9d976098d55a",0,2020
"726",NA,"COBCRP-106-20171019","UFRA","A69-9001","COBCRP","cobia",FALSE,"Daryl Parkyn","Daryl Parkyn",2017-02-06,2017-02-06 03:14:00,2025-02-26,28.533,-80.4052,"UFRA",FALSE,0,FALSE,0.0166666666666666,NA,"0101000000A4AA09A2EE1954C02A1DACFF73883C40",TRUE,"574_-1609",2017-07-21 20:08:19,NA,FALSE,NA,28.533,-80.4052,2017-02-06 03:13:00,"130781",NA,"Rachycentron canadum",NA,NA,NA,NA,NA,"UF07","571_-1608","A69-9001-19016",0.0166666666666666,NA,"14cf4a15-bacc-467a-a9b4-f7a7db16dd9f",0,2017
"727",NA,"COBCRP-102-20171019","UFRA","A69-9001","COBCRP","cobia",FALSE,"Daryl Parkyn","Daryl Parkyn",2017-12-25,2017-12-25 14:27:00,2025-02-26,28.3912,-80.5206,"UFRA",FALSE,0,FALSE,0.0063888888888888,NA,"01010000002F698CD6512154C0F931E6AE25643C40",TRUE,"568_-1611",2019-12-11 00:25:28,NA,FALSE,NA,28.3912,-80.5206,2017-12-25 14:26:37,"130804",NA,"Rachycentron canadum",NA,NA,NA,NA,NA,"UF18","568_-1610","A69-9001-19025",0.0063888888888888,NA,"14d42934-b4df-47f8-b443-d7c142ad82b2",0,2017
"728",NA,"COBCRP-85-20171019","Kessel","A69-9001","COBCRP","cobia",FALSE,NA,NA,2016-09-22,2016-09-22 04:04:00,2020-05-29,26.9791,-80.0243,"Kessel",FALSE,0.303326224804461,FALSE,0.05,NA,NA,TRUE,"541_-1601",2017-11-01 16:02:00,NA,FALSE,NA,26.9773,-80.0266,2016-09-22 04:01:00,"113073",NA,"Rachycentron canadum",NA,NA,NA,NA,NA,"BBMGW","540_-1600","A69-9001-19013",0.0063888888888888,NA,"14d867e4-7cb0-466c-a346-6079fa5fcbe5",47.4771482302634,2016
"729",NA,"COBCRP-102-20171019","UFRA","A69-9001","COBCRP","cobia",FALSE,"Daryl Parkyn","Daryl Parkyn",2018-10-19,2018-10-19 20:12:00,2025-02-26,28.3889,-80.4672,"UFRA",FALSE,0.0111194926644299,FALSE,0,NA,"0101000000F57F0EF3E51D54C04165FCFB8C633C40",TRUE,"568_-1611",2019-12-11 00:25:28,NA,FALSE,NA,28.3888,-80.4672,2018-10-19 20:12:00,"130788",NA,"Rachycentron canadum",NA,NA,NA,NA,NA,"UF16","568_-1609","A69-9001-19025",0,NA,"14d88e82-a2a1-4b6b-811a-fc276fb4ee55",Inf,2018
"730",NA,"COBCRP-M5472_AT0172","Navy","A69-9001","COBCRP","cobia",FALSE,"Carter Watterson","Carter Waterson",2019-08-20,2019-08-20 02:59:24,2025-02-26,37.0636,-76.0929,"Navy",FALSE,0,FALSE,0.0275,NA,"01010000003C49BA66F20553C0B9AAECBB22884240",TRUE,"752_-1527",2020-06-19 15:05:59,NA,FALSE,NA,37.0636,-76.0929,2019-08-20 02:57:45,"0",NA,"Rachycentron canadum",NA,NA,NA,NA,NA,"B15","741_-1522","A69-9001-7176",0.0275,NA,"14ddb60e-45bb-4cf4-bbd3-7e6eec21c298",0,2019
"731",NA,"COBCRP-66-20171019","Elizabeth Miller","A69-9001","COBCRP","cobia",FALSE,NA,NA,2018-05-17,2018-05-17 15:46:00,2020-06-05,32.3861,-80.7813,"Elizabeth Miller",FALSE,0,FALSE,1.33333333333333,NA,NA,TRUE,"648_-1616",2018-12-05 23:58:00,NA,FALSE,NA,32.3861,-80.7813,2018-05-17 14:26:00,"111679",NA,"Rachycentron canadum",NA,NA,NA,NA,NA,"Mid Broad","648_-1616","A69-9001-19091",1.33333333333333,NA,"14fc5c91-2b82-49de-9479-d0f7049f3f9e",0,2018
"732",NA,"COBCRP-102-20171019","UFRA","A69-9001","COBCRP","cobia",FALSE,"Daryl Parkyn","Daryl Parkyn",2018-08-12,2018-08-12 03:50:00,2025-02-26,28.3955,-80.5054,"UFRA",FALSE,0,FALSE,0.0666666666666666,NA,"0101000000A3AF20CD582054C0B03DB32440653C40",TRUE,"568_-1611",2019-12-11 00:25:28,NA,FALSE,NA,28.3955,-80.5054,2018-08-12 03:46:00,"130787",NA,"Rachycentron canadum",NA,NA,NA,NA,NA,"UF17","568_-1610","A69-9001-19025",0.0666666666666666,NA,"14fe3d3e-84cf-419a-a5b9-ce52a31bc093",0,2018
"733",NA,"COBCRP-M5477_AT0177","Navy","A69-9001","COBCRP","cobia",FALSE,"Carter Watterson","Carter Waterson",2020-08-13,2020-08-13 08:14:28,2025-02-26,36.8339,-75.6131,"Navy",FALSE,0,FALSE,0.0313888888888888,NA,"01010000005E4BC8073DE752C03411363CBD6A4240",TRUE,"570_-1611",2021-03-25 13:49:20,NA,FALSE,NA,36.8339,-75.6131,2020-08-13 08:12:35,"0",NA,"Rachycentron canadum",NA,NA,NA,NA,NA,"SCL 5","737_-1512","A69-9001-7189",0.0313888888888888,NA,"14ff9c41-4bc9-4d75-ab91-96591155f8fe",0,2020
"734",NA,"COBCRP-102-20171019","UFRA","A69-9001","COBCRP","cobia",FALSE,"Daryl Parkyn","Daryl Parkyn",2018-10-19,2018-10-19 21:18:00,2025-02-26,28.3889,-80.4672,"UFRA",FALSE,0,FALSE,0.0166666666666666,NA,"0101000000F57F0EF3E51D54C04165FCFB8C633C40",TRUE,"568_-1611",2019-12-11 00:25:28,NA,FALSE,NA,28.3889,-80.4672,2018-10-19 21:17:00,"130788",NA,"Rachycentron canadum",NA,NA,NA,NA,NA,"UF16","568_-1609","A69-9001-19025",0.0166666666666666,NA,"1501edda-1ffc-4e51-9451-573a21658432",0,2018
"735",NA,"COBCRP-0-20171020_redeployments","UFRA","A69-1601","COBCRP","cobia",FALSE,"Daryl Parkyn","Daryl Parkyn",2018-02-28,2018-02-28 03:01:00,2025-02-26,28.533,-80.4052,"UFRA",FALSE,0,FALSE,0.0166666666666666,NA,"0101000000A4AA09A2EE1954C02A1DACFF73883C40",TRUE,"564_-1612",2019-04-07 12:51:34,NA,FALSE,NA,28.533,-80.4052,2018-02-28 03:00:00,"130805",NA,"Rachycentron canadum",NA,NA,NA,NA,NA,"UF07","571_-1608","A69-1601-54494",0.0166666666666666,NA,"1506da98-ea17-40f2-acfb-369b8b37bd9b",0,2018
"736",NA,"COBCRP-M5310_AT0012","UFRA","A69-9002","COBCRP","cobia",FALSE,"Daryl Parkyn","Daryl Parkyn",2019-12-04,2019-12-04 19:50:00,2025-02-26,28.4847,-80.4216,"UFRA",FALSE,19.7192869209579,TRUE,716.35,NA,"0101000000F0164850FC1A54C079060DFD137C3C40",TRUE,"587_-1604",2022-05-09 03:35:30,NA,FALSE,NA,28.3101,-80.4569,2019-11-04 23:29:00,"130805",NA,"Rachycentron canadum",NA,NA,NA,"ADC",157,"UF09","570_-1608","A69-9002-11156",224.623055555556,NA,"150810ec-bdf7-43a5-ba85-a419021a15b7",0.087788347781961,2019
"737",NA,"COBCRP-0-20171020_redeployments","UFRA","A69-1601","COBCRP","cobia",FALSE,"Daryl Parkyn","Daryl Parkyn",2018-10-17,2018-10-17 06:36:00,2025-02-26,28.4674,-80.4225,"UFRA",FALSE,0,FALSE,0.0230555555555555,NA,"010100000090F7AA95091B54C0AC21718FA5773C40",TRUE,"564_-1612",2019-04-07 12:51:34,NA,FALSE,NA,28.4674,-80.4225,2018-10-17 06:34:37,"130776",NA,"Rachycentron canadum",NA,NA,NA,NA,NA,"UF21","569_-1608","A69-1601-54494",0.0230555555555555,NA,"150f0a80-8ce6-47bc-989b-cc89ea891af6",0,2018
"738",NA,"COBCRP-102-20171019","UFRA","A69-9001","COBCRP","cobia",FALSE,"Daryl Parkyn","Daryl Parkyn",2018-10-17,2018-10-17 21:57:00,2025-02-26,28.447,-80.4177,"UFRA",FALSE,0.0242932118866669,FALSE,0.0244444444444444,NA,"0101000000B8239C16BC1A54C0DF4F8D976E723C40",TRUE,"568_-1611",2019-12-11 00:25:28,NA,FALSE,NA,28.4472,-80.4178,2018-10-17 21:55:32,"130781",NA,"Rachycentron canadum",NA,NA,NA,NA,NA,"UF23","569_-1608","A69-9001-19025",0.0244444444444444,NA,"15120b3f-cb2a-4043-bb9c-2906e64c633b",0.993813213545467,2018
"739",NA,"COBCRP-M5463_AT0163-2018-05-24","Navy","A69-9002","COBCRP","cobia",FALSE,"Carter Watterson","Carter Waterson",2019-09-24,2019-09-24 10:10:34,2025-02-26,36.713,-75.818,"Navy",FALSE,0,FALSE,0.0475,NA,"01010000003108AC1C5AF452C025068195435B4240",TRUE,"669_-1571",2020-04-27 08:01:20,NA,FALSE,NA,36.713,-75.818,2019-09-24 10:07:43,"0",NA,"Rachycentron canadum",NA,NA,NA,NA,NA,"SBA 6","734_-1516","A69-9002-11158",0.0475,NA,"15169714-894b-4161-bdcc-c48c67177e91",0,2019
"740",NA,"COBCRP-M5310_AT0012","UFRA","A69-9002","COBCRP","cobia",FALSE,"Daryl Parkyn","Daryl Parkyn",2019-07-04,2019-07-04 09:18:00,2025-02-26,28.5582,-80.4369,"UFRA",FALSE,0,FALSE,0.133333333333333,NA,"01010000001D9430D3F61B54C01EF98381E78E3C40",TRUE,"587_-1604",2022-05-09 03:35:30,NA,FALSE,NA,28.5582,-80.4369,2019-07-04 09:10:00,"130785",NA,"Rachycentron canadum",NA,NA,NA,"ADC",146,"UF04","571_-1609","A69-9002-11156",0.133333333333333,NA,"152bc5fc-ee80-4bf9-b8f5-78a4d4131c99",0,2019
"741",NA,"COBCRP-71-20171019","UNK","A69-9001","COBCRP","cobia",FALSE,NA,NA,2017-05-26,2017-05-26 10:59:00,2020-06-03,32.7867,-79.9112,"UNK",FALSE,8.08368798181461,TRUE,55.7366666666667,NA,NA,TRUE,"651_-1590",2018-07-18 18:21:27,NA,FALSE,NA,32.7382,-79.8468,2017-05-24 03:14:48,"121598",NA,"Rachycentron canadum",NA,NA,NA,NA,NA,"Breakwater @ Marina","656_-1598","A69-9001-19063",54.0536111111111,NA,"1531e8da-df01-439b-a29b-d6c3108d0f42",0.149549453138256,2017
"742",NA,"COBCRP-102-20171019","UFRA","A69-9001","COBCRP","cobia",FALSE,"Daryl Parkyn","Daryl Parkyn",2018-10-17,2018-10-17 11:09:00,2025-02-26,28.3815,-80.4798,"UFRA",FALSE,0,FALSE,0.0333333333333333,NA,"010100000002D4D4B2B51E54C06FBBD05CA7613C40",TRUE,"568_-1611",2019-12-11 00:25:28,NA,FALSE,NA,28.3815,-80.4798,2018-10-17 11:07:00,"130777",NA,"Rachycentron canadum",NA,NA,NA,NA,NA,"UF15","568_-1610","A69-9001-19025",0.0333333333333333,NA,"1545af2a-9181-46ea-9f4a-5d0d870974e8",0,2018
"743",NA,"COBCRP-102-20171019","UFRA","A69-9001","COBCRP","cobia",FALSE,"Daryl Parkyn","Daryl Parkyn",2018-10-18,2018-10-18 15:29:00,2025-02-26,28.4977,-80.4168,"UFRA",FALSE,0.0222389853292549,FALSE,0.0047222222222222,NA,"010100000031D3F6AFAC1A54C08195438B6C7F3C40",TRUE,"568_-1611",2019-12-11 00:25:28,NA,FALSE,NA,28.4979,-80.4168,2018-10-18 15:28:43,"130805",NA,"Rachycentron canadum",NA,NA,NA,NA,NA,"UF08","570_-1608","A69-9001-19025",0.0047222222222222,NA,"155b33eb-7bd4-4d39-818e-1ea573d50c3b",4.70943218737164,2018
"744",NA,"COBCRP-85-20171019","Kessel","A69-9001","COBCRP","cobia",FALSE,NA,NA,2016-11-10,2016-11-10 14:27:00,2020-05-29,26.9636,-80.0068,"Kessel",FALSE,0,FALSE,0.0166666666666666,NA,NA,TRUE,"541_-1601",2017-11-01 16:02:00,NA,FALSE,NA,26.9636,-80.0068,2016-11-10 14:26:00,"112609",NA,"Rachycentron canadum",NA,NA,NA,NA,NA,"BBEB","539_-1600","A69-9001-19013",0.0166666666666666,NA,"15618e54-adfd-4629-a827-ab22ba5eabc3",0,2016
"745",NA,"COBCRP-M5310_AT0012","UFRA","A69-9002","COBCRP","cobia",FALSE,"Daryl Parkyn","Daryl Parkyn",2019-07-04,2019-07-04 15:45:00,2025-02-26,28.5763,-80.4805,"UFRA",FALSE,0,FALSE,0.0333333333333333,NA,"0101000000F085C954C11E54C07AAA436E86933C40",TRUE,"587_-1604",2022-05-09 03:35:30,NA,FALSE,NA,28.5763,-80.4805,2019-07-04 15:43:00,"130792",NA,"Rachycentron canadum",NA,NA,NA,"ADC",144,"UF02","572_-1610","A69-9002-11156",0.0333333333333333,NA,"1567f757-d7be-466e-9bd6-48a1971b8fac",0,2019
"746",NA,"COBCRP-102-20171019","UFRA","A69-9001","COBCRP","cobia",FALSE,"Daryl Parkyn","Daryl Parkyn",2018-10-17,2018-10-17 02:39:00,2025-02-26,28.3987,-80.5495,"UFRA",FALSE,0,FALSE,0.05,NA,"0101000000CCB4FD2B2B2354C0033E3F8C10663C40",TRUE,"568_-1611",2019-12-11 00:25:28,NA,TRUE,NA,28.3987,-80.5495,2018-10-17 02:36:00,"130801",NA,"Rachycentron canadum",NA,NA,NA,NA,NA,"UF19","568_-1611","A69-9001-19025",0.05,NA,"156a2950-1be8-4ab4-9479-d50f124d7593",0,2018
"747",NA,"COBCRP-97-20171019","UFRA","A69-9001","COBCRP","cobia",FALSE,"Daryl Parkyn","Daryl Parkyn",2018-03-20,2018-03-20 19:01:00,2025-02-26,28.533,-80.4052,"UFRA",FALSE,0.0111194926644299,FALSE,0.0055555555555555,NA,"0101000000A4AA09A2EE1954C02A1DACFF73883C40",TRUE,"571_-1607",2018-06-06 07:33:01,NA,FALSE,NA,28.5331,-80.4052,2018-03-20 19:00:40,"130805",NA,"Rachycentron canadum",NA,NA,NA,NA,NA,"UF07","571_-1608","A69-9001-19011",0.0055555555555555,NA,"15761591-4ba6-4586-b919-a86b6a6be918",2.00150867959739,2018
"748",NA,"COBCRP-117-20170426","UFRA","A69-9001","COBCRP","cobia",FALSE,"Daryl Parkyn","Daryl Parkyn",2017-12-17,2017-12-17 06:05:21,2025-02-26,28.5578,-80.4206,"UFRA",FALSE,0,FALSE,0.0197222222222222,NA,"010100000070EB6E9EEA1A54C074B515FBCB8E3C40",TRUE,"622_-1624",2018-05-11 16:04:03,NA,FALSE,NA,28.5578,-80.4206,2017-12-17 06:04:10,"130788",NA,"Rachycentron canadum",NA,NA,NA,NA,NA,"UF05","571_-1608","A69-9001-19112",0.0197222222222222,NA,"157f1e57-cfd1-44d7-b664-564b77ba2a48",0,2017
"749",NA,"COBCRP-102-20171019","UFRA","A69-9001","COBCRP","cobia",FALSE,"Daryl Parkyn","Daryl Parkyn",2018-03-19,2018-03-19 03:48:00,2025-02-26,28.3955,-80.5054,"UFRA",FALSE,0,FALSE,0.0166666666666666,NA,"0101000000A3AF20CD582054C0B03DB32440653C40",TRUE,"568_-1611",2019-12-11 00:25:28,NA,FALSE,NA,28.3955,-80.5054,2018-03-19 03:47:00,"130776",NA,"Rachycentron canadum",NA,NA,NA,NA,NA,"UF17","568_-1610","A69-9001-19025",0.0166666666666666,NA,"158fbbe1-e907-4c3a-be47-4b2c14740c6f",0,2018
"750",NA,"COBCRP-130-20171019","UFRA","A69-9001","COBCRP","cobia",FALSE,"Daryl Parkyn","Daryl Parkyn",2018-08-18,2018-08-18 08:57:00,2025-02-26,28.4674,-80.4225,"UFRA",FALSE,0,FALSE,0.0280555555555555,NA,"010100000090F7AA95091B54C0AC21718FA5773C40",TRUE,"574_-1609",2019-05-22 18:31:53,NA,FALSE,NA,28.4674,-80.4225,2018-08-18 08:55:19,"130776",NA,"Rachycentron canadum",NA,NA,NA,NA,NA,"UF21","569_-1608","A69-9001-23438",0.0280555555555555,NA,"15915e25-c194-4047-aa9f-3e1664f84816",0,2018
"751",NA,"COBCRP-59-20171019","UFRA","A69-1601","COBCRP","cobia",FALSE,"Daryl Parkyn","Daryl Parkyn",2019-02-01,2019-02-01 16:30:00,2025-02-26,28.4554,-80.4308,"UFRA",FALSE,0,FALSE,0.0333333333333333,NA,"010100000021B07268911B54C0A3409FC893743C40",TRUE,"532_-1601",2019-05-02 16:41:44,NA,FALSE,NA,28.4554,-80.4308,2019-02-01 16:28:00,"130801",NA,"Rachycentron canadum",NA,NA,NA,NA,NA,"UF22","569_-1609","A69-1601-54504",0.0333333333333333,NA,"1596dbd1-5934-4e1a-afff-9148afda30ea",0,2019
"752",NA,"COBCRP-102-20171019","UFRA","A69-9001","COBCRP","cobia",FALSE,"Daryl Parkyn","Daryl Parkyn",2018-02-13,2018-02-13 01:11:00,2025-02-26,28.4674,-80.4225,"UFRA",FALSE,0,FALSE,0.0211111111111111,NA,"010100000090F7AA95091B54C0AC21718FA5773C40",TRUE,"568_-1611",2019-12-11 00:25:28,NA,FALSE,NA,28.4674,-80.4225,2018-02-13 01:09:44,"130800",NA,"Rachycentron canadum",NA,NA,NA,NA,NA,"UF21","569_-1608","A69-9001-19025",0.0211111111111111,NA,"159c2c42-1605-4eb6-b426-dd9c7e6e2a2c",0,2018
"753",NA,"COBCRP-TT1297","Navy","A69-9001","COBCRP","cobia",FALSE,"Carter Watterson","Carter Waterson",2019-08-18,2019-08-18 17:59:04,2025-02-26,36.72,-75.846,"Navy",FALSE,0,FALSE,0.0191666666666666,NA,"0101000000A01A2FDD24F652C05C8FC2F5285C4240",TRUE,"740_-1522",2021-06-26 11:52:28,NA,FALSE,NA,36.72,-75.846,2019-08-18 17:57:55,"0",NA,"Rachycentron canadum",NA,NA,NA,NA,NA,"SBA 1","734_-1517","A69-9001-7096",0.0191666666666666,NA,"159f1f28-49e7-4390-bf67-5d87ad2d8e88",0,2019
"754",NA,"COBCRP-102-20171019","UFRA","A69-9001","COBCRP","cobia",FALSE,"Daryl Parkyn","Daryl Parkyn",2017-11-23,2017-11-23 11:32:19,2025-02-26,28.5759,-80.4805,"UFRA",FALSE,0,FALSE,0.015,NA,"0101000000BB44F5D6C01E54C07A7077D66E933C40",TRUE,"568_-1611",2019-12-11 00:25:28,NA,FALSE,NA,28.5759,-80.4805,2017-11-23 11:31:25,"130800",NA,"Rachycentron canadum",NA,NA,NA,NA,NA,"UF02","572_-1610","A69-9001-19025",0.015,NA,"15a424bb-38f7-4cae-a329-a7de3c68458a",0,2017
"755",NA,"COBCRP-102-20171019","UFRA","A69-9001","COBCRP","cobia",FALSE,"Daryl Parkyn","Daryl Parkyn",2019-11-01,2019-11-01 00:18:00,2025-02-26,28.3955,-80.5054,"UFRA",FALSE,2.79762978968136,TRUE,524.024722222222,NA,"0101000000A3AF20CD582054C0B03DB32440653C40",TRUE,"568_-1611",2019-12-11 00:25:28,NA,FALSE,NA,28.3997,-80.5336,2019-10-10 04:16:31,"130777",NA,"Rachycentron canadum",NA,NA,NA,NA,NA,"UF17","568_-1610","A69-9001-19025",20.1883333333333,NA,"15b7dd87-8c93-4ae7-8fe2-baf81ee6eea0",0.138576560208769,2019
"756",NA,"COBCRP-85-20171019","Kessel","A69-9001","COBCRP","cobia",FALSE,NA,NA,2016-11-07,2016-11-07 16:32:00,2020-05-29,27.0506,-80.0426,"Kessel",FALSE,0,FALSE,0.0166666666666666,NA,NA,TRUE,"541_-1601",2017-11-01 16:02:00,NA,FALSE,NA,27.0506,-80.0426,2016-11-07 16:31:00,"100288",NA,"Rachycentron canadum",NA,NA,NA,NA,NA,"BBHS","541_-1601","A69-9001-19013",0.0166666666666666,NA,"15bdeae3-6716-4428-9912-daa24f800020",0,2016
"757",NA,"COBCRP-102-20171019","UFRA","A69-9001","COBCRP","cobia",FALSE,"Daryl Parkyn","Daryl Parkyn",2018-10-18,2018-10-18 20:07:00,2025-02-26,28.4977,-80.4168,"UFRA",FALSE,0.0222389853292549,FALSE,0.0244444444444444,NA,"010100000031D3F6AFAC1A54C08195438B6C7F3C40",TRUE,"568_-1611",2019-12-11 00:25:28,NA,FALSE,NA,28.4979,-80.4168,2018-10-18 20:05:32,"130805",NA,"Rachycentron canadum",NA,NA,NA,NA,NA,"UF08","570_-1608","A69-9001-19025",0.0244444444444444,NA,"15c0b995-ae50-4c68-b719-6288cd3c1816",0.90977667256043,2018
"758",NA,"COBCRP-TT1297","Navy","A69-9001","COBCRP","cobia",FALSE,"Carter Watterson","Carter Waterson",2019-06-26,2019-06-26 00:59:45,2025-02-26,36.984,-76.2135,"Navy",FALSE,0,TRUE,23.0033333333333,NA,"01010000008B6CE7FBA90D53C0CBA145B6F37D4240",TRUE,"740_-1522",2021-06-26 11:52:28,NA,FALSE,NA,36.984,-76.2135,2019-06-25 01:59:33,"0",NA,"Rachycentron canadum",NA,NA,NA,NA,NA,"ST13","740_-1524","A69-9001-7096",23.0033333333333,NA,"15cb15b4-ad4a-4c3f-8ba1-06eee532d685",0,2019
"759",NA,"COBCRP-106-20171019","UFRA","A69-9001","COBCRP","cobia",FALSE,"Daryl Parkyn","Daryl Parkyn",2017-05-07,2017-05-07 11:41:00,2025-02-26,28.4847,-80.4216,"UFRA",FALSE,0,FALSE,0.0166666666666666,NA,"0101000000F0164850FC1A54C079060DFD137C3C40",TRUE,"574_-1609",2017-07-21 20:08:19,NA,FALSE,NA,28.4847,-80.4216,2017-05-07 11:40:00,"130783",NA,"Rachycentron canadum",NA,NA,NA,NA,NA,"UF09","570_-1608","A69-9001-19016",0.0166666666666666,NA,"15d4916d-738d-46bf-9769-4f953d49ca17",0,2017
"760",NA,"COBCRP-135-20171019","UFRA","A69-9001","COBCRP","cobia",FALSE,"Daryl Parkyn","Daryl Parkyn",2017-04-06,2017-04-06 10:03:00,2025-02-26,28.447,-80.4177,"UFRA",FALSE,0,FALSE,0.0666666666666666,NA,"0101000000B8239C16BC1A54C0DF4F8D976E723C40",TRUE,"569_-1608",2017-06-05 18:16:00,NA,FALSE,NA,28.447,-80.4177,2017-04-06 09:59:00,"130797",NA,"Rachycentron canadum",NA,NA,NA,NA,NA,"UF23","569_-1608","A69-9001-20111",0.0666666666666666,NA,"15d54076-1119-40e2-bbc3-c901c41e27af",0,2017
"761",NA,"COBCRP-102-20171019","UFRA","A69-9001","COBCRP","cobia",FALSE,"Daryl Parkyn","Daryl Parkyn",2017-10-16,2017-10-16 17:14:25,2025-02-26,28.4848,-80.4218,"UFRA",FALSE,0,FALSE,0.015,NA,"0101000000C51B9947FE1A54C040C1C58A1A7C3C40",TRUE,"568_-1611",2019-12-11 00:25:28,NA,FALSE,NA,28.4848,-80.4218,2017-10-16 17:13:31,"130777",NA,"Rachycentron canadum",NA,NA,NA,NA,NA,"UF09","570_-1608","A69-9001-19025",0.015,NA,"15d7c606-f060-4fa7-9931-a5c36565a972",0,2017
"762",NA,"COBCRP-102-20171019","UFRA","A69-9001","COBCRP","cobia",FALSE,"Daryl Parkyn","Daryl Parkyn",2018-10-17,2018-10-17 21:18:00,2025-02-26,28.447,-80.4177,"UFRA",FALSE,0.0242932118866669,FALSE,0.0244444444444444,NA,"0101000000B8239C16BC1A54C0DF4F8D976E723C40",TRUE,"568_-1611",2019-12-11 00:25:28,NA,FALSE,NA,28.4472,-80.4178,2018-10-17 21:16:32,"130781",NA,"Rachycentron canadum",NA,NA,NA,NA,NA,"UF23","569_-1608","A69-9001-19025",0.0244444444444444,NA,"15e07f59-66b8-4ce3-b668-c33065d033f0",0.993813213545467,2018
"763",NA,"COBCRP-102-20171019","UFRA","A69-9001","COBCRP","cobia",FALSE,"Daryl Parkyn","Daryl Parkyn",2018-10-16,2018-10-16 05:05:00,2025-02-26,28.3911,-80.5206,"UFRA",FALSE,0.0111194926644299,FALSE,0.0205555555555555,NA,"01010000001DFE9AAC512154C0077C7E1821643C40",TRUE,"568_-1611",2019-12-11 00:25:28,NA,FALSE,NA,28.3912,-80.5206,2018-10-16 05:03:46,"130799",NA,"Rachycentron canadum",NA,NA,NA,NA,NA,"UF18","568_-1610","A69-9001-19025",0.0205555555555555,NA,"15eba5d4-269a-4899-bb5b-bff9986d5089",0.540948291783079,2018
"764",NA,"COBCRP-135-20171019","UFRA","A69-9001","COBCRP","cobia",FALSE,"Daryl Parkyn","Daryl Parkyn",2017-05-30,2017-05-30 04:09:00,2025-02-26,28.4554,-80.4308,"UFRA",FALSE,0,FALSE,0.0066666666666666,NA,"010100000021B07268911B54C0A3409FC893743C40",TRUE,"569_-1608",2017-06-05 18:16:00,NA,FALSE,NA,28.4554,-80.4308,2017-05-30 04:08:36,"130796",NA,"Rachycentron canadum",NA,NA,NA,NA,NA,"UF22","569_-1609","A69-9001-20111",0.0066666666666666,NA,"15ef988f-0769-43aa-9b57-1d5a0ab3209f",0,2017
"765",NA,"COBCRP-117-20170426","UFRA","A69-9001","COBCRP","cobia",FALSE,"Daryl Parkyn","Daryl Parkyn",2017-10-28,2017-10-28 17:47:21,2025-02-26,28.5331,-80.4052,"UFRA",FALSE,0,FALSE,0.0188888888888888,NA,"01010000005DFE43FAED1954C08D7A884677883C40",TRUE,"622_-1624",2018-05-11 16:04:03,NA,FALSE,NA,28.5331,-80.4052,2017-10-28 17:46:13,"130778",NA,"Rachycentron canadum",NA,NA,NA,NA,NA,"UF07","571_-1608","A69-9001-19112",0.0188888888888888,NA,"15f009a7-3afe-40d6-b0f9-8226a554feda",0,2017
"766",NA,"COBCRP-130-20171019","UFRA","A69-9001","COBCRP","cobia",FALSE,"Daryl Parkyn","Daryl Parkyn",2018-08-18,2018-08-18 09:58:00,2025-02-26,28.4847,-80.4216,"UFRA",FALSE,0.0224882517802513,FALSE,0.01,NA,"0101000000F0164850FC1A54C079060DFD137C3C40",TRUE,"574_-1609",2019-05-22 18:31:53,NA,FALSE,NA,28.4848,-80.4218,2018-08-18 09:57:24,"130803",NA,"Rachycentron canadum",NA,NA,NA,NA,NA,"UF09","570_-1608","A69-9001-23438",0.01,NA,"15f396f1-ee5f-4e6a-9ca0-11353622403f",2.24882517802514,2018
"767",NA,"COBCRP-NASA1564","Navy","A69-9001","COBCRP","cobia",FALSE,"Carter Watterson","Carter Waterson",2019-08-10,2019-08-10 01:26:49,2025-02-26,36.9551,-75.9728,"Navy",FALSE,0,FALSE,0.0236111111111111,NA,"0101000000D8B628B341FE52C0E0DBF4673F7A4240",TRUE,"685_-1531",2022-11-23 02:05:00,NA,FALSE,NA,36.9551,-75.9728,2019-08-10 01:25:24,"0",NA,"Rachycentron canadum",NA,NA,NA,NA,NA,"2c off cape henry","739_-1519","A69-9001-13161",0.0236111111111111,NA,"15f58c96-6cba-438d-b21e-df7915f006d2",0,2019
"768",NA,"COBCRP-102-20171019","UFRA","A69-9001","COBCRP","cobia",FALSE,"Daryl Parkyn","Daryl Parkyn",2018-10-29,2018-10-29 14:32:00,2025-02-26,28.4199,-80.4285,"UFRA",FALSE,0.0195588167793594,FALSE,0.0227777777777777,NA,"01010000004B546F0D6C1B54C0DDEA39E97D6B3C40",TRUE,"568_-1611",2019-12-11 00:25:28,NA,FALSE,NA,28.4199,-80.4283,2018-10-29 14:30:38,"130786",NA,"Rachycentron canadum",NA,NA,NA,NA,NA,"UF10","568_-1609","A69-9001-19025",0.0227777777777777,NA,"15f866fa-22b2-484a-831a-a43b8e5d93fd",0.858679761045047,2018
"769",NA,"COBCRP-117-20170426","UFRA","A69-9001","COBCRP","cobia",FALSE,"Daryl Parkyn","Daryl Parkyn",2017-12-12,2017-12-12 21:17:07,2025-02-26,28.4554,-80.4308,"UFRA",FALSE,0,FALSE,0.0197222222222222,NA,"0101000000448655BC911B54C0BFF1B56796743C40",TRUE,"622_-1624",2018-05-11 16:04:03,NA,FALSE,NA,28.4554,-80.4308,2017-12-12 21:15:56,"130776",NA,"Rachycentron canadum",NA,NA,NA,NA,NA,"UF22","569_-1609","A69-9001-19112",0.0197222222222222,NA,"16022b01-fb5e-4ee6-afed-fe8fa0f96ad1",0,2017
"770",NA,"COBCRP-1253674-2017-06-24","UFRA","A69-9002","COBCRP","cobia",FALSE,"Daryl Parkyn","Daryl Parkyn",2017-07-29,2017-07-29 09:04:34,2025-02-26,28.5221,-80.4156,"UFRA",FALSE,0,FALSE,0.0272222222222222,NA,"0101000000B8CCE9B2981A54C0D93D7958A8853C40",TRUE,"570_-1608",2017-11-07 21:55:00,NA,FALSE,NA,28.5221,-80.4156,2017-07-29 09:02:56,"130787",NA,"Rachycentron canadum",NA,NA,NA,"°C",25.104,"UF06","570_-1608","A69-9002-11154",0.0272222222222222,NA,"16026f82-8ffa-4519-b4c9-7b99ef9a2e35",0,2017
"771",NA,"COBCRP-97-20171019","UFRA","A69-9001","COBCRP","cobia",FALSE,"Daryl Parkyn","Daryl Parkyn",2017-10-28,2017-10-28 18:45:51,2025-02-26,28.5331,-80.4052,"UFRA",FALSE,0,FALSE,0.0213888888888888,NA,"01010000005DFE43FAED1954C08D7A884677883C40",TRUE,"571_-1607",2018-06-06 07:33:01,NA,FALSE,NA,28.5331,-80.4052,2017-10-28 18:44:34,"130778",NA,"Rachycentron canadum",NA,NA,NA,NA,NA,"UF07","571_-1608","A69-9001-19011",0.0213888888888888,NA,"16033f79-d602-437b-89bf-45d79ef6e320",0,2017
"772",NA,"COBCRP-102-20171019","UFRA","A69-9001","COBCRP","cobia",FALSE,"Daryl Parkyn","Daryl Parkyn",2018-02-21,2018-02-21 04:26:00,2025-02-26,28.3912,-80.5206,"UFRA",FALSE,9.46874164988734,TRUE,1177.06666666667,NA,"01010000002F698CD6512154C0F931E6AE25643C40",TRUE,"568_-1611",2019-12-11 00:25:28,NA,FALSE,NA,28.3979,-80.4241,2018-01-03 03:22:00,"130804",NA,"Rachycentron canadum",NA,NA,NA,NA,NA,"UF18","568_-1610","A69-9001-19025",4.79277777777778,NA,"160c8b4a-2f6c-499b-b79c-c4f9bfd8b2d4",1.97562709746114,2018
"773",NA,"COBCRP-TT1297","Navy","A69-9001","COBCRP","cobia",FALSE,"Carter Watterson","Carter Waterson",2019-06-27,2019-06-27 11:36:31,2025-02-26,36.9678,-76.1676,"Navy",FALSE,0,FALSE,0.239166666666667,NA,"01010000008907944DB90A53C016359886E17B4240",TRUE,"740_-1522",2021-06-26 11:52:28,NA,FALSE,NA,36.9678,-76.1676,2019-06-27 11:22:10,"0",NA,"Rachycentron canadum",NA,NA,NA,NA,NA,"LC1","739_-1523","A69-9001-7096",0.239166666666667,NA,"160e28f8-dcda-4075-b264-2d926af3513a",0,2019
"774",NA,"COBCRP-130-20171019","UFRA","A69-9001","COBCRP","cobia",FALSE,"Daryl Parkyn","Daryl Parkyn",2018-08-18,2018-08-18 06:32:00,2025-02-26,28.429,-80.4164,"UFRA",FALSE,0,FALSE,0.0333333333333333,NA,"010100000046425BCEA51A54C0A04FE449D26D3C40",TRUE,"574_-1609",2019-05-22 18:31:53,NA,FALSE,NA,28.429,-80.4164,2018-08-18 06:30:00,"130791",NA,"Rachycentron canadum",NA,NA,NA,NA,NA,"UF11","569_-1608","A69-9001-23438",0.0333333333333333,NA,"1618bd43-7df7-4f81-956d-dc8eb0748738",0,2018
"775",NA,"COBCRP-102-20171019","UFRA","A69-9001","COBCRP","cobia",FALSE,"Daryl Parkyn","Daryl Parkyn",2018-10-19,2018-10-19 21:47:00,2025-02-26,28.3889,-80.4672,"UFRA",FALSE,0,FALSE,0.0166666666666666,NA,"0101000000F57F0EF3E51D54C04165FCFB8C633C40",TRUE,"568_-1611",2019-12-11 00:25:28,NA,FALSE,NA,28.3889,-80.4672,2018-10-19 21:46:00,"130788",NA,"Rachycentron canadum",NA,NA,NA,NA,NA,"UF16","568_-1609","A69-9001-19025",0.0166666666666666,NA,"16195cfe-b2b7-4022-b458-5d59a134ee92",0,2018
"776",NA,"COBCRP-TT1297","Navy","A69-9001","COBCRP","cobia",FALSE,"Carter Watterson","Carter Waterson",2019-06-26,2019-06-26 21:04:02,2025-02-26,36.9414,-76.1798,"Navy",FALSE,0,FALSE,0.0861111111111111,NA,"0101000000651EF983810B53C04D10751F80784240",TRUE,"740_-1522",2021-06-26 11:52:28,NA,FALSE,NA,36.9414,-76.1798,2019-06-26 20:58:52,"0",NA,"Rachycentron canadum",NA,NA,NA,NA,NA,"LC2","739_-1524","A69-9001-7096",0.0861111111111111,NA,"161a06d2-1224-4abc-926b-e4c757ef37c8",0,2019
"777",NA,"COBCRP-102-20171019","UFRA","A69-9001","COBCRP","cobia",FALSE,"Daryl Parkyn","Daryl Parkyn",2018-10-19,2018-10-19 20:36:00,2025-02-26,28.3889,-80.4672,"UFRA",FALSE,0,FALSE,0.0166666666666666,NA,"0101000000F57F0EF3E51D54C04165FCFB8C633C40",TRUE,"568_-1611",2019-12-11 00:25:28,NA,FALSE,NA,28.3889,-80.4672,2018-10-19 20:35:00,"130788",NA,"Rachycentron canadum",NA,NA,NA,NA,NA,"UF16","568_-1609","A69-9001-19025",0.0166666666666666,NA,"161c5b1a-0af7-4c1e-bfcb-91b462e3875f",0,2018
"778",NA,"COBCRP-117-20170426","Glider","A69-9001","COBCRP","cobia",FALSE,NA,NA,2017-06-12,2017-06-12 02:16:00,2020-06-06,28.7812,-80.5961,"Glider",FALSE,0.0386356695350687,FALSE,0.0166666666666666,NA,NA,TRUE,"622_-1624",2018-05-11 16:04:03,NA,FALSE,NA,28.7809,-80.5959,2017-06-12 02:15:00,"450203",NA,"Rachycentron canadum",NA,NA,NA,NA,NA,"BOEM Wave Glider","576_-1612","A69-9001-19112",0.0166666666666666,NA,"16260eb3-49e4-4998-9dcc-8341fc85e652",2.31814017210413,2017
"779",NA,"COBCRP-24-20171019","Navy","A69-9001","COBCRP","cobia",FALSE,"Carter Watterson","Carter Waterson",2016-04-06,2016-04-06 14:01:05,2025-02-26,36.99,-76.0132,"Navy",FALSE,0,FALSE,0.0275,NA,"010100000074D2FBC6D70053C0425BCEA5B87E4240",TRUE,"742_-1520",2017-06-06 09:43:57,NA,FALSE,NA,36.99,-76.0132,2016-04-06 13:59:26,"0",NA,"Rachycentron canadum",NA,NA,NA,NA,NA,"B7","740_-1520","A69-9001-19032",0.0275,NA,"1628dc18-3fee-48ed-b74c-b145b381a7aa",0,2016
"780",NA,"COBCRP-1253674-2017-06-24","UFRA","A69-9002","COBCRP","cobia",FALSE,"Daryl Parkyn","Daryl Parkyn",2017-07-13,2017-07-13 06:06:16,2025-02-26,28.5759,-80.4805,"UFRA",FALSE,0,FALSE,0.0258333333333333,NA,"0101000000BB44F5D6C01E54C07A7077D66E933C40",TRUE,"570_-1608",2017-11-07 21:55:00,NA,FALSE,NA,28.5759,-80.4805,2017-07-13 06:04:43,"130800",NA,"Rachycentron canadum",NA,NA,NA,"°C",26.5161,"UF02","572_-1610","A69-9002-11154",0.0258333333333333,NA,"16298309-18ed-4365-b0f7-636827f0bf69",0,2017
"781",NA,"COBCRP-66-20171019","Elizabeth Miller","A69-9001","COBCRP","cobia",FALSE,NA,NA,2018-05-15,2018-05-15 11:28:00,2020-06-05,32.3861,-80.7813,"Elizabeth Miller",FALSE,0,FALSE,0.0666666666666666,NA,NA,TRUE,"648_-1616",2018-12-05 23:58:00,NA,FALSE,NA,32.3861,-80.7813,2018-05-15 11:24:00,"111679",NA,"Rachycentron canadum",NA,NA,NA,NA,NA,"Mid Broad","648_-1616","A69-9001-19091",0.0666666666666666,NA,"162eb0e5-78bf-4e27-b611-923c77924d23",0,2018
"782",NA,"COBCRP-102-20171019","UFRA","A69-9001","COBCRP","cobia",FALSE,"Daryl Parkyn","Daryl Parkyn",2018-10-16,2018-10-16 03:33:00,2025-02-26,28.3911,-80.5206,"UFRA",FALSE,0.0111194926644299,FALSE,0.0202777777777777,NA,"01010000001DFE9AAC512154C0077C7E1821643C40",TRUE,"568_-1611",2019-12-11 00:25:28,NA,FALSE,NA,28.3912,-80.5206,2018-10-16 03:31:47,"130799",NA,"Rachycentron canadum",NA,NA,NA,NA,NA,"UF18","568_-1610","A69-9001-19025",0.0202777777777777,NA,"162ebe25-fdab-4a09-b097-9d26d7cee9bf",0.54835854235545,2018
"783",NA,"COBCRP-130-20171019","UFRA","A69-9001","COBCRP","cobia",FALSE,"Daryl Parkyn","Daryl Parkyn",2018-08-18,2018-08-18 07:40:00,2025-02-26,28.447,-80.4177,"UFRA",FALSE,0.0242932118866669,FALSE,0.0033333333333333,NA,"0101000000B8239C16BC1A54C0DF4F8D976E723C40",TRUE,"574_-1609",2019-05-22 18:31:53,NA,FALSE,NA,28.4472,-80.4178,2018-08-18 07:39:48,"130781",NA,"Rachycentron canadum",NA,NA,NA,NA,NA,"UF23","569_-1608","A69-9001-23438",0.0033333333333333,NA,"163c33f3-563b-4148-88df-f5fa445427e2",7.28796356600009,2018
"784",NA,"COBCRP-0-20171020_redeployments","UFRA","A69-1601","COBCRP","cobia",FALSE,"Daryl Parkyn","Daryl Parkyn",2018-10-17,2018-10-17 15:21:00,2025-02-26,28.447,-80.4177,"UFRA",FALSE,0.0242932118866669,FALSE,0.0075,NA,"0101000000B8239C16BC1A54C0DF4F8D976E723C40",TRUE,"564_-1612",2019-04-07 12:51:34,NA,FALSE,NA,28.4472,-80.4178,2018-10-17 15:20:33,"130781",NA,"Rachycentron canadum",NA,NA,NA,NA,NA,"UF23","569_-1608","A69-1601-54494",0.0075,NA,"163c6d41-cb8f-45cd-a840-ebe572503c6d",3.23909491822226,2018
"785",NA,"COBCRP-0-20171020_redeployments","UFRA","A69-1601","COBCRP","cobia",FALSE,"Daryl Parkyn","Daryl Parkyn",2018-11-17,2018-11-17 11:02:00,2025-02-26,28.5221,-80.4155,"UFRA",FALSE,0.0097699531839141,FALSE,0.0130555555555555,NA,"0101000000E3C798BB961A54C076E09C11A5853C40",TRUE,"564_-1612",2019-04-07 12:51:34,NA,FALSE,NA,28.5221,-80.4156,2018-11-17 11:01:13,"130792",NA,"Rachycentron canadum",NA,NA,NA,NA,NA,"UF06","570_-1608","A69-1601-54494",0.0130555555555555,NA,"16406fce-b03c-4a2d-9502-d3cb218da377",0.748336839618958,2018
"786",NA,"COBCRP-66-20171019","Elizabeth Miller","A69-9001","COBCRP","cobia",FALSE,NA,NA,2018-05-18,2018-05-18 12:14:00,2020-06-05,32.3861,-80.7813,"Elizabeth Miller",FALSE,0,FALSE,0.0166666666666666,NA,NA,TRUE,"648_-1616",2018-12-05 23:58:00,NA,FALSE,NA,32.3861,-80.7813,2018-05-18 12:13:00,"111679",NA,"Rachycentron canadum",NA,NA,NA,NA,NA,"Mid Broad","648_-1616","A69-9001-19091",0.0166666666666666,NA,"164bb55f-72a5-40ec-a7e0-3fb432abad0a",0,2018
"787",NA,"COBCRP-66-20171019","Elizabeth Miller","A69-9001","COBCRP","cobia",FALSE,NA,NA,2018-05-15,2018-05-15 03:32:00,2020-06-05,32.3861,-80.7813,"Elizabeth Miller",FALSE,0,FALSE,0.0833333333333333,NA,NA,TRUE,"648_-1616",2018-12-05 23:58:00,NA,FALSE,NA,32.3861,-80.7813,2018-05-15 03:27:00,"111679",NA,"Rachycentron canadum",NA,NA,NA,NA,NA,"Mid Broad","648_-1616","A69-9001-19091",0.0833333333333333,NA,"16568f3f-3e6b-4a4c-86c6-d386aa68bd1f",0,2018
"788",NA,"COBCRP-102-20171019","UFRA","A69-9001","COBCRP","cobia",FALSE,"Daryl Parkyn","Daryl Parkyn",2017-10-11,2017-10-11 02:51:08,2025-02-26,28.5759,-80.4805,"UFRA",FALSE,0,FALSE,0.0269444444444444,NA,"0101000000BB44F5D6C01E54C07A7077D66E933C40",TRUE,"568_-1611",2019-12-11 00:25:28,NA,FALSE,NA,28.5759,-80.4805,2017-10-11 02:49:31,"130800",NA,"Rachycentron canadum",NA,NA,NA,NA,NA,"UF02","572_-1610","A69-9001-19025",0.0269444444444444,NA,"1661cbcd-e895-4e1b-871d-8707bb8ce589",0,2017
"789",NA,"COBCRP-TT1297","Navy","A69-9001","COBCRP","cobia",FALSE,"Carter Watterson","Carter Waterson",2019-07-07,2019-07-07 01:54:17,2025-02-26,36.9709,-76.1045,"Navy",FALSE,0,FALSE,0.0322222222222222,NA,"0101000000DCDC989EB00653C06A300DC3477C4240",TRUE,"740_-1522",2021-06-26 11:52:28,NA,FALSE,NA,36.9709,-76.1045,2019-07-07 01:52:21,"0",NA,"Rachycentron canadum",NA,NA,NA,NA,NA,"TS7","739_-1522","A69-9001-7096",0.0322222222222222,NA,"16620c69-0642-4501-be3c-1f6d325bc0f0",0,2019
"790",NA,"COBCRP-M5472_AT0172","Navy","A69-9001","COBCRP","cobia",FALSE,"Carter Watterson","Carter Waterson",2019-04-10,2019-04-10 10:28:37,2025-02-26,36.8338,-75.89,"Navy",FALSE,0,FALSE,0.0319444444444444,NA,"01010000000686AC6EF5F852C05F0CE544BB6A4240",TRUE,"752_-1527",2020-06-19 15:05:59,NA,FALSE,NA,36.8338,-75.89,2019-04-10 10:26:42,"0",NA,"Rachycentron canadum",NA,NA,NA,NA,NA,"RA","737_-1518","A69-9001-7176",0.0319444444444444,NA,"16621037-d585-4022-b8f1-1d1f76a5c810",0,2019
"791",NA,"COBCRP-0-20171020_redeployments","UFRA","A69-1601","COBCRP","cobia",FALSE,"Daryl Parkyn","Daryl Parkyn",2018-01-12,2018-01-12 12:47:00,2025-02-26,28.5704,-80.4447,"UFRA",FALSE,0,FALSE,0.0166666666666666,NA,"01010000005839B4C8761C54C0E04A766C04923C40",TRUE,"564_-1612",2019-04-07 12:51:34,NA,FALSE,NA,28.5704,-80.4447,2018-01-12 12:46:00,"130789",NA,"Rachycentron canadum",NA,NA,NA,NA,NA,"UF03","571_-1609","A69-1601-54494",0.0166666666666666,NA,"16666237-3669-43a5-8ef2-985a2df73e4c",0,2018
"792",NA,"COBCRP-1253674-2017-06-24","UFRA","A69-9002","COBCRP","cobia",FALSE,"Daryl Parkyn","Daryl Parkyn",2017-07-13,2017-07-13 07:24:25,2025-02-26,28.5884,-80.4894,"UFRA",FALSE,0,FALSE,0,NA,"01010000009AEB34D2521F54C082A8FB00A4963C40",TRUE,"570_-1608",2017-11-07 21:55:00,NA,FALSE,NA,28.5884,-80.4894,2017-07-13 07:24:25,"130802",NA,"Rachycentron canadum",NA,NA,NA,"°C",26.2023,"UF01","572_-1610","A69-9002-11154",0,NA,"16685044-483e-4043-8a89-f0f68504d6cc",NA,2017
"793",NA,"COBCRP-TT1297","Navy","A69-9001","COBCRP","cobia",FALSE,"Carter Watterson","Carter Waterson",2019-11-07,2019-11-07 04:46:53,2025-02-26,37.0157,-76.0474,"Navy",FALSE,0,FALSE,0.0205555555555555,NA,"01010000007E8CB96B090353C07CED992501824240",TRUE,"740_-1522",2021-06-26 11:52:28,NA,FALSE,NA,37.0157,-76.0474,2019-11-07 04:45:39,"0",NA,"Rachycentron canadum",NA,NA,NA,NA,NA,"B11","740_-1521","A69-9001-7096",0.0205555555555555,NA,"166d563e-c72c-43ab-b6ef-b7dca5f01913",0,2019
"794",NA,"COBCRP-66-20171019","Elizabeth Miller","A69-9001","COBCRP","cobia",FALSE,NA,NA,2018-12-05,2018-12-05 23:43:00,2020-06-05,32.3861,-80.7813,"Elizabeth Miller",FALSE,0,FALSE,0.1,NA,NA,TRUE,"648_-1616",2018-12-05 23:58:00,NA,FALSE,NA,32.3861,-80.7813,2018-12-05 23:37:00,"111679",NA,"Rachycentron canadum",NA,NA,NA,NA,NA,"Mid Broad","648_-1616","A69-9001-19091",0.1,NA,"166eedd4-e93b-4207-bb4c-13b28e03bc88",0,2018
"795",NA,"COBCRP-M5310_AT0012","UFRA","A69-9002","COBCRP","cobia",FALSE,"Daryl Parkyn","Daryl Parkyn",2019-07-04,2019-07-04 09:32:00,2025-02-26,28.5582,-80.4369,"UFRA",FALSE,0,FALSE,0.0333333333333333,NA,"01010000001D9430D3F61B54C01EF98381E78E3C40",TRUE,"587_-1604",2022-05-09 03:35:30,NA,FALSE,NA,28.5582,-80.4369,2019-07-04 09:30:00,"130785",NA,"Rachycentron canadum",NA,NA,NA,"ADC",146,"UF04","571_-1609","A69-9002-11156",0.0333333333333333,NA,"167049ed-2f79-4eab-84d3-6f276487d2a6",0,2019
"796",NA,"COBCRP-0-20171020_redeployments","UFRA","A69-1601","COBCRP","cobia",FALSE,"Daryl Parkyn","Daryl Parkyn",2018-10-17,2018-10-17 15:31:00,2025-02-26,28.447,-80.4177,"UFRA",FALSE,0,FALSE,0.0166666666666666,NA,"0101000000B8239C16BC1A54C0DF4F8D976E723C40",TRUE,"564_-1612",2019-04-07 12:51:34,NA,FALSE,NA,28.447,-80.4177,2018-10-17 15:30:00,"130781",NA,"Rachycentron canadum",NA,NA,NA,NA,NA,"UF23","569_-1608","A69-1601-54494",0.0166666666666666,NA,"1678a9f2-9d26-4c1e-91c0-1dec65373514",0,2018
"797",NA,"COBCRP-130-20171019","UFRA","A69-9001","COBCRP","cobia",FALSE,"Daryl Parkyn","Daryl Parkyn",2018-10-24,2018-10-24 18:26:00,2025-02-26,28.5221,-80.4155,"UFRA",FALSE,0.0097699531839141,FALSE,0.0133333333333333,NA,"0101000000E3C798BB961A54C076E09C11A5853C40",TRUE,"574_-1609",2019-05-22 18:31:53,NA,FALSE,NA,28.5221,-80.4156,2018-10-24 18:25:12,"130792",NA,"Rachycentron canadum",NA,NA,NA,NA,NA,"UF06","570_-1608","A69-9001-23438",0.0133333333333333,NA,"168321d8-51b2-4893-8087-b938cf8bcd02",0.732746488793563,2018
"798",NA,"COBCRP-102-20171019","UFRA","A69-9001","COBCRP","cobia",FALSE,"Daryl Parkyn","Daryl Parkyn",2017-10-16,2017-10-16 11:55:43,2025-02-26,28.4674,-80.4225,"UFRA",FALSE,0,FALSE,0.0036111111111111,NA,"0101000000D7A3703D0A1B54C0E4839ECDAA773C40",TRUE,"568_-1611",2019-12-11 00:25:28,NA,FALSE,NA,28.4674,-80.4225,2017-10-16 11:55:30,"130797",NA,"Rachycentron canadum",NA,NA,NA,NA,NA,"UF21","569_-1608","A69-9001-19025",0.0036111111111111,NA,"168f3c39-e4a8-4e6f-94bb-aec64c6b2244",0,2017
"799",NA,"COBCRP-0-20171020_redeployments","UFRA","A69-1601","COBCRP","cobia",FALSE,"Daryl Parkyn","Daryl Parkyn",2018-02-27,2018-02-27 05:56:00,2025-02-26,28.5763,-80.4805,"UFRA",FALSE,0,FALSE,0.0166666666666666,NA,"0101000000F085C954C11E54C07AAA436E86933C40",TRUE,"564_-1612",2019-04-07 12:51:34,NA,FALSE,NA,28.5763,-80.4805,2018-02-27 05:55:00,"130795",NA,"Rachycentron canadum",NA,NA,NA,NA,NA,"UF02","572_-1610","A69-1601-54494",0.0166666666666666,NA,"169044fa-c2af-43d4-884e-80a62b2a1ef4",0,2018
"800",NA,"COBCRP-117-20170426","UFRA","A69-9001","COBCRP","cobia",FALSE,"Daryl Parkyn","Daryl Parkyn",2017-12-17,2017-12-17 02:52:56,2025-02-26,28.5704,-80.4447,"UFRA",FALSE,0,FALSE,0.0041666666666666,NA,"01010000005839B4C8761C54C0E04A766C04923C40",TRUE,"622_-1624",2018-05-11 16:04:03,NA,FALSE,NA,28.5704,-80.4447,2017-12-17 02:52:41,"130801",NA,"Rachycentron canadum",NA,NA,NA,NA,NA,"UF03","571_-1609","A69-9001-19112",0.0041666666666666,NA,"169b7f53-d026-4bb1-bfdd-c7cda4acc6cd",0,2017
"801",NA,"COBCRP-59-20171019","UFRA","A69-1601","COBCRP","cobia",FALSE,"Daryl Parkyn","Daryl Parkyn",2019-02-01,2019-02-01 15:51:00,2025-02-26,28.4554,-80.4308,"UFRA",FALSE,0,FALSE,0.183333333333333,NA,"010100000021B07268911B54C0A3409FC893743C40",TRUE,"532_-1601",2019-05-02 16:41:44,NA,FALSE,NA,28.4554,-80.4308,2019-02-01 15:40:00,"130801",NA,"Rachycentron canadum",NA,NA,NA,NA,NA,"UF22","569_-1609","A69-1601-54504",0.183333333333333,NA,"169c9cf2-27bd-440e-94ab-c4cbf952f82c",0,2019
"802",NA,"COBCRP-102-20171019","UFRA","A69-9001","COBCRP","cobia",FALSE,"Daryl Parkyn","Daryl Parkyn",2017-10-16,2017-10-16 19:11:40,2025-02-26,28.4674,-80.4225,"UFRA",FALSE,0,FALSE,0.0036111111111111,NA,"0101000000D7A3703D0A1B54C0E4839ECDAA773C40",TRUE,"568_-1611",2019-12-11 00:25:28,NA,FALSE,NA,28.4674,-80.4225,2017-10-16 19:11:27,"130797",NA,"Rachycentron canadum",NA,NA,NA,NA,NA,"UF21","569_-1608","A69-9001-19025",0.0036111111111111,NA,"16a09bb3-d72f-4d65-a652-d6a10668d1df",0,2017
"803",NA,"COBCRP-M5477_AT0177","Navy","A69-9001","COBCRP","cobia",FALSE,"Carter Watterson","Carter Waterson",2020-08-13,2020-08-13 08:20:15,2025-02-26,36.8339,-75.6131,"Navy",FALSE,0,FALSE,0.0186111111111111,NA,"01010000005E4BC8073DE752C03411363CBD6A4240",TRUE,"570_-1611",2021-03-25 13:49:20,NA,FALSE,NA,36.8339,-75.6131,2020-08-13 08:19:08,"0",NA,"Rachycentron canadum",NA,NA,NA,NA,NA,"SCL 5","737_-1512","A69-9001-7189",0.0186111111111111,NA,"16a2b375-5776-4dfe-a6ff-490ceee58bef",0,2020
"804",NA,"COBCRP-130-20171019","UFRA","A69-9001","COBCRP","cobia",FALSE,"Daryl Parkyn","Daryl Parkyn",2018-09-27,2018-09-27 14:53:00,2025-02-26,28.4674,-80.4225,"UFRA",FALSE,0,FALSE,0.0244444444444444,NA,"010100000090F7AA95091B54C0AC21718FA5773C40",TRUE,"574_-1609",2019-05-22 18:31:53,NA,FALSE,NA,28.4674,-80.4225,2018-09-27 14:51:32,"130776",NA,"Rachycentron canadum",NA,NA,NA,NA,NA,"UF21","569_-1608","A69-9001-23438",0.0244444444444444,NA,"16a36d29-fa7d-41a0-b592-37892909d690",0,2018
"805",NA,"COBCRP-102-20171019","UFRA","A69-9001","COBCRP","cobia",FALSE,"Daryl Parkyn","Daryl Parkyn",2018-10-15,2018-10-15 04:04:00,2025-02-26,28.3987,-80.5495,"UFRA",FALSE,0,FALSE,0.0636111111111111,NA,"0101000000CCB4FD2B2B2354C0033E3F8C10663C40",TRUE,"568_-1611",2019-12-11 00:25:28,NA,TRUE,NA,28.3987,-80.5495,2018-10-15 04:00:11,"130801",NA,"Rachycentron canadum",NA,NA,NA,NA,NA,"UF19","568_-1611","A69-9001-19025",0.0636111111111111,NA,"16a3cd7d-622f-40b8-8340-e6ee30114c7d",0,2018
"806",NA,"COBCRP-1253674-2017-06-24","UFRA","A69-9002","COBCRP","cobia",FALSE,"Daryl Parkyn","Daryl Parkyn",2017-07-29,2017-07-29 08:05:57,2025-02-26,28.5221,-80.4156,"UFRA",FALSE,0,FALSE,0.0319444444444444,NA,"0101000000B8CCE9B2981A54C0D93D7958A8853C40",TRUE,"570_-1608",2017-11-07 21:55:00,NA,FALSE,NA,28.5221,-80.4156,2017-07-29 08:04:02,"130787",NA,"Rachycentron canadum",NA,NA,NA,"°C",24.6333,"UF06","570_-1608","A69-9002-11154",0.0319444444444444,NA,"16a68413-d21c-4b2b-846a-00bf9f055d4d",0,2017
"807",NA,"COBCRP-M5472_AT0172","Navy","A69-9001","COBCRP","cobia",FALSE,"Carter Watterson","Carter Waterson",2019-07-23,2019-07-23 14:37:52,2025-02-26,37.0887,-75.9878,"Navy",FALSE,0,FALSE,0.0238888888888888,NA,"0101000000906B43C538FF52C0481630815B8B4240",TRUE,"752_-1527",2020-06-19 15:05:59,NA,FALSE,NA,37.0887,-75.9878,2019-07-23 14:36:26,"0",NA,"Rachycentron canadum",NA,NA,NA,NA,NA,"CBBT1","742_-1520","A69-9001-7176",0.0238888888888888,NA,"16ab2b6c-3025-4f47-9dce-dc25e0c9708e",0,2019
"808",NA,"COBCRP-102-20171019","UFRA","A69-9001","COBCRP","cobia",FALSE,"Daryl Parkyn","Daryl Parkyn",2018-10-16,2018-10-16 23:26:00,2025-02-26,28.3987,-80.5495,"UFRA",FALSE,0,FALSE,0.0166666666666666,NA,"0101000000CCB4FD2B2B2354C0033E3F8C10663C40",TRUE,"568_-1611",2019-12-11 00:25:28,NA,TRUE,NA,28.3987,-80.5495,2018-10-16 23:25:00,"130801",NA,"Rachycentron canadum",NA,NA,NA,NA,NA,"UF19","568_-1611","A69-9001-19025",0.0166666666666666,NA,"16b0ff7a-ea48-4c0d-95fe-15dd7f37ebfc",0,2018
"809",NA,"COBCRP-102-20171019","UFRA","A69-9001","COBCRP","cobia",FALSE,"Daryl Parkyn","Daryl Parkyn",2017-10-24,2017-10-24 11:05:14,2025-02-26,28.5802,-80.4369,"UFRA",FALSE,0,FALSE,0.0022222222222222,NA,"01010000001D9430D3F61B54C0317C444C89943C40",TRUE,"568_-1611",2019-12-11 00:25:28,NA,FALSE,NA,28.5802,-80.4369,2017-10-24 11:05:06,"130804",NA,"Rachycentron canadum",NA,NA,NA,NA,NA,"UF04","572_-1609","A69-9001-19025",0.0022222222222222,NA,"16ceadfc-8024-428e-b5b7-374f8c82a148",0,2017
"810",NA,"COBCRP-130-20171019","UFRA","A69-9001","COBCRP","cobia",FALSE,"Daryl Parkyn","Daryl Parkyn",2018-10-24,2018-10-24 18:17:00,2025-02-26,28.5221,-80.4155,"UFRA",FALSE,0.0097699531839141,FALSE,0.0330555555555555,NA,"0101000000E3C798BB961A54C076E09C11A5853C40",TRUE,"574_-1609",2019-05-22 18:31:53,NA,FALSE,NA,28.5221,-80.4156,2018-10-24 18:15:01,"130792",NA,"Rachycentron canadum",NA,NA,NA,NA,NA,"UF06","570_-1608","A69-9001-23438",0.0330555555555555,NA,"16dab256-ca80-4947-bff7-01d368d0fa73",0.295561608925135,2018
"811",NA,"COBCRP-2-20171020_redeployments","Kessel","A69-9001","COBCRP","cobia",FALSE,NA,NA,2017-03-18,2017-03-18 10:21:00,2020-05-29,26.9901,-80.025,"Kessel",FALSE,0,TRUE,46.1672222222222,NA,NA,TRUE,"542_-1601",2017-05-26 04:51:37,NA,FALSE,NA,26.9901,-80.025,2017-03-16 12:10:58,"102608",NA,"Rachycentron canadum",NA,NA,NA,NA,NA,"BBPTR","540_-1600","A69-9001-19044",46.1672222222222,NA,"16e22a5e-195d-4bbf-be74-7739902c63bf",0,2017
"812",NA,"COBCRP-97-20171019","UFRA","A69-9001","COBCRP","cobia",FALSE,"Daryl Parkyn","Daryl Parkyn",2018-03-20,2018-03-20 17:29:00,2025-02-26,28.533,-80.4052,"UFRA",FALSE,0.0111194926644299,FALSE,0.0138888888888888,NA,"0101000000A4AA09A2EE1954C02A1DACFF73883C40",TRUE,"571_-1607",2018-06-06 07:33:01,NA,FALSE,NA,28.5331,-80.4052,2018-03-20 17:28:10,"130805",NA,"Rachycentron canadum",NA,NA,NA,NA,NA,"UF07","571_-1608","A69-9001-19011",0.0138888888888888,NA,"16e27459-8783-44ee-b8e7-7be342bd5235",0.800603471838957,2018
"813",NA,"COBCRP-0-20171020_redeployments","UFRA","A69-1601","COBCRP","cobia",FALSE,"Daryl Parkyn","Daryl Parkyn",2018-04-14,2018-04-14 12:29:00,2025-02-26,28.4977,-80.4168,"UFRA",FALSE,0,FALSE,0.0166666666666666,NA,"010100000031D3F6AFAC1A54C08195438B6C7F3C40",TRUE,"564_-1612",2019-04-07 12:51:34,NA,FALSE,NA,28.4977,-80.4168,2018-04-14 12:28:00,"130799",NA,"Rachycentron canadum",NA,NA,NA,NA,NA,"UF08","570_-1608","A69-1601-54494",0.0166666666666666,NA,"16e9f41d-1096-4af7-9b73-e60a6e915d61",0,2018
"814",NA,"COBCRP-117-20170426","UFRA","A69-9001","COBCRP","cobia",FALSE,"Daryl Parkyn","Daryl Parkyn",2017-12-14,2017-12-14 07:40:58,2025-02-26,28.5884,-80.4894,"UFRA",FALSE,0,FALSE,0.0625,NA,"01010000009AEB34D2521F54C082A8FB00A4963C40",TRUE,"622_-1624",2018-05-11 16:04:03,NA,FALSE,NA,28.5884,-80.4894,2017-12-14 07:37:13,"130802",NA,"Rachycentron canadum",NA,NA,NA,NA,NA,"UF01","572_-1610","A69-9001-19112",0.0625,NA,"16eb901a-5f5c-4017-b8fa-a8662c2e4383",0,2017
"815",NA,"COBCRP-TT1297","Navy","A69-9001","COBCRP","cobia",FALSE,"Carter Watterson","Carter Waterson",2019-07-07,2019-07-07 09:27:56,2025-02-26,36.984,-76.2135,"Navy",FALSE,0,FALSE,0.0211111111111111,NA,"01010000008B6CE7FBA90D53C0CBA145B6F37D4240",TRUE,"740_-1522",2021-06-26 11:52:28,NA,FALSE,NA,36.984,-76.2135,2019-07-07 09:26:40,"0",NA,"Rachycentron canadum",NA,NA,NA,NA,NA,"ST13","740_-1524","A69-9001-7096",0.0211111111111111,NA,"16f29b6e-ca2d-4731-aa99-9bd63373b155",0,2019
"816",NA,"COBCRP-TT1297","Navy","A69-9001","COBCRP","cobia",FALSE,"Carter Watterson","Carter Waterson",2019-08-19,2019-08-19 04:33:50,2025-02-26,36.713,-75.818,"Navy",FALSE,0,FALSE,0.0305555555555555,NA,"01010000003108AC1C5AF452C025068195435B4240",TRUE,"740_-1522",2021-06-26 11:52:28,NA,FALSE,NA,36.713,-75.818,2019-08-19 04:32:00,"0",NA,"Rachycentron canadum",NA,NA,NA,NA,NA,"SBA 6","734_-1516","A69-9001-7096",0.0305555555555555,NA,"16f6fb69-5a0a-4641-a902-e3217001543e",0,2019
"817",NA,"COBCRP-0-20171020_redeployments","UFRA","A69-1601","COBCRP","cobia",FALSE,"Daryl Parkyn","Daryl Parkyn",2018-10-18,2018-10-18 13:08:00,2025-02-26,28.429,-80.4164,"UFRA",FALSE,0,FALSE,0.0166666666666666,NA,"010100000046425BCEA51A54C0A04FE449D26D3C40",TRUE,"564_-1612",2019-04-07 12:51:34,NA,FALSE,NA,28.429,-80.4164,2018-10-18 13:07:00,"130791",NA,"Rachycentron canadum",NA,NA,NA,NA,NA,"UF11","569_-1608","A69-1601-54494",0.0166666666666666,NA,"16fac199-92eb-4112-989e-b33cd5d58209",0,2018
"818",NA,"COBCRP-3-20171019","UFRA","A69-9001","COBCRP","cobia",FALSE,"Daryl Parkyn","Daryl Parkyn",2017-11-10,2017-11-10 08:05:53,2025-02-26,28.5802,-80.4369,"UFRA",FALSE,0,FALSE,0.03,NA,"01010000001D9430D3F61B54C0317C444C89943C40",TRUE,"544_-1601",2020-01-20 05:12:45,NA,FALSE,NA,28.5802,-80.4369,2017-11-10 08:04:05,"130804",NA,"Rachycentron canadum",NA,NA,NA,NA,NA,"UF04","572_-1609","A69-9001-23378",0.03,NA,"17081fdc-7d22-4d59-aa23-76da499e693b",0,2017
"819",NA,"COBCRP-NASA1564","Navy","A69-9001","COBCRP","cobia",FALSE,"Carter Watterson","Carter Waterson",2019-08-10,2019-08-10 01:29:57,2025-02-26,36.9551,-75.9728,"Navy",FALSE,0,FALSE,0.0233333333333333,NA,"0101000000D8B628B341FE52C0E0DBF4673F7A4240",TRUE,"685_-1531",2022-11-23 02:05:00,NA,FALSE,NA,36.9551,-75.9728,2019-08-10 01:28:33,"0",NA,"Rachycentron canadum",NA,NA,NA,NA,NA,"2c off cape henry","739_-1519","A69-9001-13161",0.0233333333333333,NA,"170fa45c-bd36-4448-96ae-3ff4822ee473",0,2019
"820",NA,"COBCRP-66-20171019","Elizabeth Miller","A69-9001","COBCRP","cobia",FALSE,NA,NA,2018-11-05,2018-11-05 20:06:00,2020-06-05,32.3861,-80.7813,"Elizabeth Miller",FALSE,0,FALSE,0.0166666666666666,NA,NA,TRUE,"648_-1616",2018-12-05 23:58:00,NA,FALSE,NA,32.3861,-80.7813,2018-11-05 20:05:00,"111679",NA,"Rachycentron canadum",NA,NA,NA,NA,NA,"Mid Broad","648_-1616","A69-9001-19091",0.0166666666666666,NA,"171b34bb-1ae1-40af-b50c-22fec514040a",0,2018
"821",NA,"COBCRP-10-20171019","UFRA","A69-1601","COBCRP","cobia",FALSE,"Daryl Parkyn","Daryl Parkyn",2017-07-09,2017-07-09 09:48:08,2025-02-26,28.3888,-80.4672,"UFRA",FALSE,0,FALSE,0.0683333333333333,NA,"0101000000E4141DC9E51D54C0C156091687633C40",TRUE,"570_-1607",2017-12-01 19:19:07,NA,FALSE,NA,28.3888,-80.4672,2017-07-09 09:44:02,"130784",NA,"Rachycentron canadum",NA,NA,NA,NA,NA,"UF16","568_-1609","A69-1601-54488",0.0683333333333333,NA,"1723908d-3c9f-42ef-a8c7-1a620a06b4cd",0,2017
"822",NA,"COBCRP-TT1297","Navy","A69-9001","COBCRP","cobia",FALSE,"Carter Watterson","Carter Waterson",2019-07-07,2019-07-07 01:52:21,2025-02-26,36.9709,-76.1045,"Navy",FALSE,0,FALSE,0.0252777777777777,NA,"0101000000DCDC989EB00653C06A300DC3477C4240",TRUE,"740_-1522",2021-06-26 11:52:28,NA,FALSE,NA,36.9709,-76.1045,2019-07-07 01:50:50,"0",NA,"Rachycentron canadum",NA,NA,NA,NA,NA,"TS7","739_-1522","A69-9001-7096",0.0252777777777777,NA,"1727111b-3458-42a9-9193-65eaf8eef3a8",0,2019
"823",NA,"COBCRP-102-20171019","UFRA","A69-9001","COBCRP","cobia",FALSE,"Daryl Parkyn","Daryl Parkyn",2018-10-19,2018-10-19 20:01:00,2025-02-26,28.3889,-80.4672,"UFRA",FALSE,0.0111194926644299,FALSE,0.0130555555555555,NA,"0101000000F57F0EF3E51D54C04165FCFB8C633C40",TRUE,"568_-1611",2019-12-11 00:25:28,NA,FALSE,NA,28.3888,-80.4672,2018-10-19 20:00:13,"130788",NA,"Rachycentron canadum",NA,NA,NA,NA,NA,"UF16","568_-1609","A69-9001-19025",0.0130555555555555,NA,"1728f34f-384c-451b-96d8-06432efc2fda",0.851705821105273,2018
"824",NA,"COBCRP-102-20171019","UFRA","A69-9001","COBCRP","cobia",FALSE,"Daryl Parkyn","Daryl Parkyn",2017-12-12,2017-12-12 01:35:46,2025-02-26,28.4554,-80.4308,"UFRA",FALSE,0,FALSE,0.0091666666666666,NA,"0101000000448655BC911B54C0BFF1B56796743C40",TRUE,"568_-1611",2019-12-11 00:25:28,NA,FALSE,NA,28.4554,-80.4308,2017-12-12 01:35:13,"130776",NA,"Rachycentron canadum",NA,NA,NA,NA,NA,"UF22","569_-1609","A69-9001-19025",0.0091666666666666,NA,"17358fec-a13b-4fca-86ff-a90aa899a750",0,2017
"825",NA,"COBCRP-130-20171019","UFRA","A69-9001","COBCRP","cobia",FALSE,"Daryl Parkyn","Daryl Parkyn",2018-10-24,2018-10-24 19:34:00,2025-02-26,28.5221,-80.4155,"UFRA",FALSE,0.0097699531839141,FALSE,0.0413888888888888,NA,"0101000000E3C798BB961A54C076E09C11A5853C40",TRUE,"574_-1609",2019-05-22 18:31:53,NA,FALSE,NA,28.5221,-80.4156,2018-10-24 19:31:31,"130792",NA,"Rachycentron canadum",NA,NA,NA,NA,NA,"UF06","570_-1608","A69-9001-23438",0.0413888888888888,NA,"174c9823-e497-4b49-aadc-608509d6639a",0.236052560148262,2018
"826",NA,"COBCRP-66-20171019","Elizabeth Miller","A69-9001","COBCRP","cobia",FALSE,NA,NA,2018-11-05,2018-11-05 23:42:00,2020-06-05,32.3861,-80.7813,"Elizabeth Miller",FALSE,0,FALSE,0.0833333333333333,NA,NA,TRUE,"648_-1616",2018-12-05 23:58:00,NA,FALSE,NA,32.3861,-80.7813,2018-11-05 23:37:00,"111679",NA,"Rachycentron canadum",NA,NA,NA,NA,NA,"Mid Broad","648_-1616","A69-9001-19091",0.0833333333333333,NA,"1754ac79-4d18-42d4-af89-ea7009216586",0,2018
"827",NA,"COBCRP-51-20171019","Kessel","A69-1601","COBCRP","cobia",FALSE,NA,NA,2016-05-29,2016-05-29 01:08:00,2020-05-29,26.9901,-80.025,"Kessel",FALSE,0,FALSE,0.0130555555555555,NA,NA,TRUE,"549_-1603",2017-03-29 23:58:59,NA,FALSE,NA,26.9901,-80.025,2016-05-29 01:07:13,"102608",NA,"Rachycentron canadum",NA,NA,NA,NA,NA,"BBPTR","540_-1600","A69-1601-54503",0.0130555555555555,NA,"1755fbf0-e0a6-4f88-8682-a36b3088393c",0,2016
"828",NA,"COBCRP-M5472_AT0172","Navy","A69-9001","COBCRP","cobia",FALSE,"Carter Watterson","Carter Waterson",2019-09-23,2019-09-23 01:55:30,2025-02-26,36.8072,-75.7432,"Navy",FALSE,0,FALSE,0.0219444444444444,NA,"0101000000C898BB9690EF52C065AA605452674240",TRUE,"752_-1527",2020-06-19 15:05:59,NA,FALSE,NA,36.8072,-75.7432,2019-09-23 01:54:11,"0",NA,"Rachycentron canadum",NA,NA,NA,NA,NA,"SCL 1","736_-1515","A69-9001-7176",0.0219444444444444,NA,"1772ac15-4bee-4934-af5f-fff62001b589",0,2019
"829",NA,"COBCRP-102-20171019","UFRA","A69-9001","COBCRP","cobia",FALSE,"Daryl Parkyn","Daryl Parkyn",2018-02-26,2018-02-26 04:40:00,2025-02-26,28.3987,-80.5495,"UFRA",FALSE,0,FALSE,0.140555555555555,NA,"0101000000CCB4FD2B2B2354C0033E3F8C10663C40",TRUE,"568_-1611",2019-12-11 00:25:28,NA,TRUE,NA,28.3987,-80.5495,2018-02-26 04:31:34,"130797",NA,"Rachycentron canadum",NA,NA,NA,NA,NA,"UF19","568_-1611","A69-9001-19025",0.140555555555555,NA,"177a722a-be39-42fa-b9c8-e5bc78bba3b8",0,2018
"830",NA,"COBCRP-102-20171019","UFRA","A69-9001","COBCRP","cobia",FALSE,"Daryl Parkyn","Daryl Parkyn",2019-12-01,2019-12-01 09:25:00,2025-02-26,28.3987,-80.5495,"UFRA",FALSE,0,FALSE,0.0333333333333333,NA,"0101000000CCB4FD2B2B2354C0033E3F8C10663C40",TRUE,"568_-1611",2019-12-11 00:25:28,NA,TRUE,NA,28.3987,-80.5495,2019-12-01 09:23:00,"130799",NA,"Rachycentron canadum",NA,NA,NA,NA,NA,"UF19","568_-1611","A69-9001-19025",0.0333333333333333,NA,"177c97bd-3727-48d9-aeb4-feebe30e6f84",0,2019
"831",NA,"COBCRP-M5472_AT0172","Navy","A69-9001","COBCRP","cobia",FALSE,"Carter Watterson","Carter Waterson",2019-06-25,2019-06-25 09:37:17,2025-02-26,36.9551,-75.9728,"Navy",FALSE,0,FALSE,1.02833333333333,NA,"0101000000D8B628B341FE52C0E0DBF4673F7A4240",TRUE,"752_-1527",2020-06-19 15:05:59,NA,FALSE,NA,36.9551,-75.9728,2019-06-25 08:35:35,"0",NA,"Rachycentron canadum",NA,NA,NA,NA,NA,"2c off cape henry","739_-1519","A69-9001-7176",0.0508333333333333,NA,"1789cc78-3cf3-466f-a946-4aeb2ec684d2",0,2019
"832",NA,"COBCRP-66-20171019","Elizabeth Miller","A69-9001","COBCRP","cobia",FALSE,NA,NA,2018-05-15,2018-05-15 22:46:00,2020-06-05,32.3861,-80.7813,"Elizabeth Miller",FALSE,0,FALSE,0.0333333333333333,NA,NA,TRUE,"648_-1616",2018-12-05 23:58:00,NA,FALSE,NA,32.3861,-80.7813,2018-05-15 22:44:00,"111679",NA,"Rachycentron canadum",NA,NA,NA,NA,NA,"Mid Broad","648_-1616","A69-9001-19091",0.0333333333333333,NA,"178efe76-aad3-4e2d-addb-b394dfde8261",0,2018
"833",NA,"COBCRP-102-20171019","UFRA","A69-9001","COBCRP","cobia",FALSE,"Daryl Parkyn","Daryl Parkyn",2018-01-03,2018-01-03 03:00:00,2025-02-26,28.3955,-80.5054,"UFRA",FALSE,0,FALSE,0.0333333333333333,NA,"0101000000A3AF20CD582054C0B03DB32440653C40",TRUE,"568_-1611",2019-12-11 00:25:28,NA,FALSE,NA,28.3955,-80.5054,2018-01-03 02:58:00,"130776",NA,"Rachycentron canadum",NA,NA,NA,NA,NA,"UF17","568_-1610","A69-9001-19025",0.0333333333333333,NA,"17910c2b-6129-44fd-9dcc-ac38a418350b",0,2018
"834",NA,"COBCRP-59-20171019","UFRA","A69-1601","COBCRP","cobia",FALSE,"Daryl Parkyn","Daryl Parkyn",2019-02-01,2019-02-01 06:10:00,2025-02-26,28.4977,-80.4168,"UFRA",FALSE,0,FALSE,0.0333333333333333,NA,"010100000031D3F6AFAC1A54C08195438B6C7F3C40",TRUE,"532_-1601",2019-05-02 16:41:44,NA,FALSE,NA,28.4977,-80.4168,2019-02-01 06:08:00,"130793",NA,"Rachycentron canadum",NA,NA,NA,NA,NA,"UF08","570_-1608","A69-1601-54504",0.0333333333333333,NA,"17919538-3db3-4e5c-a679-af3bd0006a37",0,2019
"835",NA,"COBCRP-TT1297","Navy","A69-9001","COBCRP","cobia",FALSE,"Carter Watterson","Carter Waterson",2019-08-18,2019-08-18 17:48:20,2025-02-26,36.725,-75.836,"Navy",FALSE,1.05046418982944,FALSE,0.0027777777777777,NA,"01010000002FDD240681F552C0CDCCCCCCCC5C4240",TRUE,"740_-1522",2021-06-26 11:52:28,NA,FALSE,NA,36.72,-75.846,2019-08-18 17:48:10,"0",NA,"Rachycentron canadum",NA,NA,NA,NA,NA,"SBA 2","734_-1517","A69-9001-7096",0.0027777777777777,NA,"17981f47-deaa-4fab-8256-8a3a539266ee",378.167108338599,2019
"836",NA,"COBCRP-106-20171019","UFRA","A69-9001","COBCRP","cobia",FALSE,"Daryl Parkyn","Daryl Parkyn",2017-05-07,2017-05-07 11:38:00,2025-02-26,28.4847,-80.4216,"UFRA",FALSE,0,FALSE,0.0333333333333333,NA,"0101000000F0164850FC1A54C079060DFD137C3C40",TRUE,"574_-1609",2017-07-21 20:08:19,NA,FALSE,NA,28.4847,-80.4216,2017-05-07 11:36:00,"130783",NA,"Rachycentron canadum",NA,NA,NA,NA,NA,"UF09","570_-1608","A69-9001-19016",0.0333333333333333,NA,"179b9bc0-bed8-4eb8-910d-921a0d9a6463",0,2017
"837",NA,"COBCRP-102-20171019","UFRA","A69-9001","COBCRP","cobia",FALSE,"Daryl Parkyn","Daryl Parkyn",2018-10-30,2018-10-30 04:29:00,2025-02-26,28.429,-80.4164,"UFRA",FALSE,0,FALSE,0.0333333333333333,NA,"010100000046425BCEA51A54C0A04FE449D26D3C40",TRUE,"568_-1611",2019-12-11 00:25:28,NA,FALSE,NA,28.429,-80.4164,2018-10-30 04:27:00,"130791",NA,"Rachycentron canadum",NA,NA,NA,NA,NA,"UF11","569_-1608","A69-9001-19025",0.0333333333333333,NA,"17a3eedb-f943-48a6-8142-69834d4bdf1c",0,2018
"838",NA,"COBCRP-TT1297","Navy","A69-9001","COBCRP","cobia",FALSE,"Carter Watterson","Carter Waterson",2019-06-28,2019-06-28 22:12:34,2025-02-26,36.9414,-76.1798,"Navy",FALSE,0.708989683482306,FALSE,0.332777777777778,NA,"0101000000651EF983810B53C04D10751F80784240",TRUE,"740_-1522",2021-06-26 11:52:28,NA,FALSE,NA,36.9382,-76.1729,2019-06-28 21:52:36,"0",NA,"Rachycentron canadum",NA,NA,NA,NA,NA,"LC2","739_-1524","A69-9001-7096",0.0558333333333333,NA,"17aa425f-fbad-4fdd-b37e-cd8b3e61cd0c",12.6983226892353,2019
"839",NA,"COBCRP-66-20171019","Elizabeth Miller","A69-9001","COBCRP","cobia",FALSE,NA,NA,2018-05-22,2018-05-22 18:25:00,2020-06-05,32.3861,-80.7813,"Elizabeth Miller",FALSE,0,FALSE,0.0333333333333333,NA,NA,TRUE,"648_-1616",2018-12-05 23:58:00,NA,FALSE,NA,32.3861,-80.7813,2018-05-22 18:23:00,"111679",NA,"Rachycentron canadum",NA,NA,NA,NA,NA,"Mid Broad","648_-1616","A69-9001-19091",0.0333333333333333,NA,"17ac7f29-f1cf-4504-954a-2924546cbc30",0,2018
"840",NA,"COBCRP-66-20171019","Elizabeth Miller","A69-9001","COBCRP","cobia",FALSE,NA,NA,2018-05-21,2018-05-21 18:19:00,2020-06-05,32.3861,-80.7813,"Elizabeth Miller",FALSE,0,TRUE,8.7,NA,NA,TRUE,"648_-1616",2018-12-05 23:58:00,NA,FALSE,NA,32.3861,-80.7813,2018-05-21 09:37:00,"111679",NA,"Rachycentron canadum",NA,NA,NA,NA,NA,"Mid Broad","648_-1616","A69-9001-19091",8.7,NA,"17bd49d7-3d2a-473c-bb03-c434f3a7465b",0,2018
"841",NA,"COBCRP-59-20171019","UFRA","A69-1601","COBCRP","cobia",FALSE,"Daryl Parkyn","Daryl Parkyn",2019-02-01,2019-02-01 16:49:00,2025-02-26,28.4554,-80.4308,"UFRA",FALSE,0,FALSE,0.0833333333333333,NA,"010100000021B07268911B54C0A3409FC893743C40",TRUE,"532_-1601",2019-05-02 16:41:44,NA,FALSE,NA,28.4554,-80.4308,2019-02-01 16:44:00,"130801",NA,"Rachycentron canadum",NA,NA,NA,NA,NA,"UF22","569_-1609","A69-1601-54504",0.0833333333333333,NA,"17bd7642-dc15-4e40-ae7a-d7d6d2a33f5f",0,2019
"842",NA,"COBCRP-71-20171019","UNK","A69-9001","COBCRP","cobia",FALSE,NA,NA,2017-05-22,2017-05-22 23:04:00,2020-06-03,32.8602,-79.8937,"UNK",FALSE,0,TRUE,7.98694444444444,NA,NA,TRUE,"651_-1590",2018-07-18 18:21:27,NA,FALSE,NA,32.8602,-79.8937,2017-05-22 15:04:47,"121654",NA,"Rachycentron canadum",NA,NA,NA,NA,NA,"Coastal- Wando RM 3.5","657_-1598","A69-9001-19063",7.98694444444444,NA,"17c41d88-d7a6-4526-b6c4-24a2dd81e7a7",0,2017
"843",NA,"COBCRP-66-20171019","Elizabeth Miller","A69-9001","COBCRP","cobia",FALSE,NA,NA,2018-05-23,2018-05-23 09:47:00,2020-06-05,32.3861,-80.7813,"Elizabeth Miller",FALSE,0,FALSE,0.0333333333333333,NA,NA,TRUE,"648_-1616",2018-12-05 23:58:00,NA,FALSE,NA,32.3861,-80.7813,2018-05-23 09:45:00,"111679",NA,"Rachycentron canadum",NA,NA,NA,NA,NA,"Mid Broad","648_-1616","A69-9001-19091",0.0333333333333333,NA,"17c971a2-1e73-452d-affc-a6cec779e70e",0,2018
"844",NA,"COBCRP-71-20171019","UNK","A69-9001","COBCRP","cobia",FALSE,NA,NA,2017-05-18,2017-05-18 16:28:00,2020-06-03,32.8602,-79.8937,"UNK",FALSE,0,FALSE,4.30722222222222,NA,NA,TRUE,"651_-1590",2018-07-18 18:21:27,NA,FALSE,NA,32.8602,-79.8937,2017-05-18 12:09:34,"121654",NA,"Rachycentron canadum",NA,NA,NA,NA,NA,"Coastal- Wando RM 3.5","657_-1598","A69-9001-19063",4.30722222222222,NA,"17d18232-5bf8-4363-93bd-d872ba057458",0,2017
"845",NA,"COBCRP-M5463_AT0163-2018-05-24","Carter Watterson","A69-9002","COBCRP","cobia",FALSE,"Carter Watterson","Carter Waterson",2019-06-06,2019-06-06 19:44:10,2020-06-06,37.0874,-76.0008,"Carter Watterson",FALSE,0,FALSE,0.0580555555555555,NA,"01010000007D0A80F10C0053C0892991442F8B4240",TRUE,"669_-1571",2020-04-27 08:01:20,NA,FALSE,NA,37.0874,-76.0008,2019-06-06 19:40:41,"0",NA,"Rachycentron canadum",NA,NA,NA,NA,NA,"CBBT7","742_-1520","A69-9002-11158",0.0580555555555555,NA,"17d4ad1e-4033-4950-b468-d5ccc497745b",0,2019
"846",NA,"COBCRP-85-20171019","Kessel","A69-9001","COBCRP","cobia",FALSE,NA,NA,2016-10-13,2016-10-13 06:03:00,2020-05-29,26.9901,-80.025,"Kessel",FALSE,0,FALSE,0.0125,NA,NA,TRUE,"541_-1601",2017-11-01 16:02:00,NA,FALSE,NA,26.9901,-80.025,2016-10-13 06:02:15,"102608",NA,"Rachycentron canadum",NA,NA,NA,NA,NA,"BBPTR","540_-1600","A69-9001-19013",0.0125,NA,"17d98199-c713-4521-bd7c-4cd0ec2dd242",0,2016
"847",NA,"COBCRP-102-20171019","UFRA","A69-9001","COBCRP","cobia",FALSE,"Daryl Parkyn","Daryl Parkyn",2018-10-18,2018-10-18 17:36:00,2025-02-26,28.4977,-80.4168,"UFRA",FALSE,0.0222389853292549,FALSE,0.0058333333333333,NA,"010100000031D3F6AFAC1A54C08195438B6C7F3C40",TRUE,"568_-1611",2019-12-11 00:25:28,NA,FALSE,NA,28.4979,-80.4168,2018-10-18 17:35:39,"130805",NA,"Rachycentron canadum",NA,NA,NA,NA,NA,"UF08","570_-1608","A69-9001-19025",0.0058333333333333,NA,"17dab69b-122e-40d6-bb05-f0ad2e6c0a6d",3.81239748501514,2018
"848",NA,"COBCRP-85-20171019","Kessel","A69-9001","COBCRP","cobia",FALSE,NA,NA,2016-08-19,2016-08-19 17:39:00,2020-05-29,27.0506,-80.0426,"Kessel",FALSE,0,FALSE,2.05361111111111,NA,NA,TRUE,"541_-1601",2017-11-01 16:02:00,NA,FALSE,NA,27.0506,-80.0426,2016-08-19 15:35:47,"100288",NA,"Rachycentron canadum",NA,NA,NA,NA,NA,"BBHS","541_-1601","A69-9001-19013",2.05361111111111,NA,"17f00e33-31a0-426f-a096-70fb733466d1",0,2016
"849",NA,"COBCRP-M5477_AT0177","Navy","A69-9001","COBCRP","cobia",FALSE,"Carter Watterson","Carter Waterson",2020-08-28,2020-08-28 21:23:36,2025-02-26,36.8135,-75.7014,"Navy",FALSE,0,FALSE,0.0258333333333333,NA,"0101000000865AD3BCE3EC52C0E3A59BC420684240",TRUE,"570_-1611",2021-03-25 13:49:20,NA,FALSE,NA,36.8135,-75.7014,2020-08-28 21:22:03,"0",NA,"Rachycentron canadum",NA,NA,NA,NA,NA,"SCL 2","736_-1514","A69-9001-7189",0.0258333333333333,NA,"17fb6e25-9c95-4cea-979e-aa35372ad73f",0,2020
"850",NA,"COBCRP-NASA1564","Navy","A69-9001","COBCRP","cobia",FALSE,"Carter Watterson","Carter Waterson",2020-08-28,2020-08-28 22:18:38,2025-02-26,36.8135,-75.7014,"Navy",FALSE,0,FALSE,0.585277777777778,NA,"0101000000865AD3BCE3EC52C0E3A59BC420684240",TRUE,"685_-1531",2022-11-23 02:05:00,NA,FALSE,NA,36.8135,-75.7014,2020-08-28 21:43:31,"0",NA,"Rachycentron canadum",NA,NA,NA,NA,NA,"SCL 2","736_-1514","A69-9001-13161",0.0311111111111111,NA,"180a865b-69e5-49ad-91ce-a87a42bc3823",0,2020
"851",NA,"COBCRP-66-20171019","Elizabeth Miller","A69-9001","COBCRP","cobia",FALSE,NA,NA,2018-05-22,2018-05-22 18:31:00,2020-06-05,32.3861,-80.7813,"Elizabeth Miller",FALSE,0,FALSE,0.0166666666666666,NA,NA,TRUE,"648_-1616",2018-12-05 23:58:00,NA,FALSE,NA,32.3861,-80.7813,2018-05-22 18:30:00,"111679",NA,"Rachycentron canadum",NA,NA,NA,NA,NA,"Mid Broad","648_-1616","A69-9001-19091",0.0166666666666666,NA,"180f51c5-9610-4c89-8b7a-d95bc57aa940",0,2018
"852",NA,"COBCRP-102-20171019","UFRA","A69-9001","COBCRP","cobia",FALSE,"Daryl Parkyn","Daryl Parkyn",2018-10-24,2018-10-24 14:13:00,2025-02-26,28.4554,-80.4308,"UFRA",FALSE,0,FALSE,0.0069444444444444,NA,"010100000021B07268911B54C0A3409FC893743C40",TRUE,"568_-1611",2019-12-11 00:25:28,NA,FALSE,NA,28.4554,-80.4308,2018-10-24 14:12:35,"130804",NA,"Rachycentron canadum",NA,NA,NA,NA,NA,"UF22","569_-1609","A69-9001-19025",0.0069444444444444,NA,"181047b9-c8a9-444e-ae00-b0ae1742a3a0",0,2018
"853",NA,"COBCRP-106-20171019","UFRA","A69-9001","COBCRP","cobia",FALSE,"Daryl Parkyn","Daryl Parkyn",2017-02-06,2017-02-06 00:56:00,2025-02-26,28.5575,-80.4208,"UFRA",FALSE,0,FALSE,0.0166666666666666,NA,"0101000000F71E2E39EE1A54C01F85EB51B88E3C40",TRUE,"574_-1609",2017-07-21 20:08:19,NA,FALSE,NA,28.5575,-80.4208,2017-02-06 00:55:00,"130779",NA,"Rachycentron canadum",NA,NA,NA,NA,NA,"UF05","571_-1608","A69-9001-19016",0.0166666666666666,NA,"1812a2ad-0a49-4eca-b5af-9e8c6c6a15e6",0,2017
"854",NA,"COBCRP-TT1297","Navy","A69-9001","COBCRP","cobia",FALSE,"Carter Watterson","Carter Waterson",2019-06-29,2019-06-29 04:22:16,2025-02-26,36.9414,-76.1798,"Navy",FALSE,0,TRUE,6.16166666666667,NA,"0101000000651EF983810B53C04D10751F80784240",TRUE,"740_-1522",2021-06-26 11:52:28,NA,FALSE,NA,36.9414,-76.1798,2019-06-28 22:12:34,"0",NA,"Rachycentron canadum",NA,NA,NA,NA,NA,"LC2","739_-1524","A69-9001-7096",6.16166666666667,NA,"18192e41-06d8-481c-848e-7c6d2cc29262",0,2019
"855",NA,"COBCRP-102-20171019","UFRA","A69-9001","COBCRP","cobia",FALSE,"Daryl Parkyn","Daryl Parkyn",2017-11-22,2017-11-22 22:45:49,2025-02-26,28.5331,-80.4052,"UFRA",FALSE,0,FALSE,0.0122222222222222,NA,"01010000005DFE43FAED1954C08D7A884677883C40",TRUE,"568_-1611",2019-12-11 00:25:28,NA,FALSE,NA,28.5331,-80.4052,2017-11-22 22:45:05,"130778",NA,"Rachycentron canadum",NA,NA,NA,NA,NA,"UF07","571_-1608","A69-9001-19025",0.0122222222222222,NA,"181ae758-e3aa-4626-b740-92cbe0318eb0",0,2017
"856",NA,"COBCRP-M5310_AT0012","UFRA","A69-9002","COBCRP","cobia",FALSE,"Daryl Parkyn","Daryl Parkyn",2019-07-04,2019-07-04 15:58:00,2025-02-26,28.5763,-80.4805,"UFRA",FALSE,0,FALSE,0.0166666666666666,NA,"0101000000F085C954C11E54C07AAA436E86933C40",TRUE,"587_-1604",2022-05-09 03:35:30,NA,FALSE,NA,28.5763,-80.4805,2019-07-04 15:57:00,"130792",NA,"Rachycentron canadum",NA,NA,NA,"ADC",145,"UF02","572_-1610","A69-9002-11156",0.0166666666666666,NA,"182189ca-fb84-4fb9-b074-ae8e2e308100",0,2019
"857",NA,"COBCRP-97-20171019","UFRA","A69-9001","COBCRP","cobia",FALSE,"Daryl Parkyn","Daryl Parkyn",2017-09-11,2017-09-11 20:20:58,2025-02-26,28.4674,-80.4225,"UFRA",FALSE,0,FALSE,0.0661111111111111,NA,"0101000000D7A3703D0A1B54C0E4839ECDAA773C40",TRUE,"571_-1607",2018-06-06 07:33:01,NA,FALSE,NA,28.4674,-80.4225,2017-09-11 20:17:00,"130797",NA,"Rachycentron canadum",NA,NA,NA,NA,NA,"UF21","569_-1608","A69-9001-19011",0.0661111111111111,NA,"1828768d-a73c-4daf-b14e-a6ba4ddbec06",0,2017
"858",NA,"COBCRP-102-20171019","UFRA","A69-9001","COBCRP","cobia",FALSE,"Daryl Parkyn","Daryl Parkyn",2018-08-12,2018-08-12 09:34:00,2025-02-26,28.3955,-80.5054,"UFRA",FALSE,0,FALSE,0.0166666666666666,NA,"0101000000A3AF20CD582054C0B03DB32440653C40",TRUE,"568_-1611",2019-12-11 00:25:28,NA,FALSE,NA,28.3955,-80.5054,2018-08-12 09:33:00,"130787",NA,"Rachycentron canadum",NA,NA,NA,NA,NA,"UF17","568_-1610","A69-9001-19025",0.0166666666666666,NA,"18356640-954b-4232-a12f-cf8d134f7a91",0,2018
"859",NA,"COBCRP-102-20171019","UFRA","A69-9001","COBCRP","cobia",FALSE,"Daryl Parkyn","Daryl Parkyn",2018-02-20,2018-02-20 20:41:00,2025-02-26,28.4472,-80.4178,"UFRA",FALSE,0,FALSE,0.0022222222222222,NA,"01010000006A520ABABD1A54C00A68226C78723C40",TRUE,"568_-1611",2019-12-11 00:25:28,NA,FALSE,NA,28.4472,-80.4178,2018-02-20 20:40:52,"130786",NA,"Rachycentron canadum",NA,NA,NA,NA,NA,"UF23","569_-1608","A69-9001-19025",0.0022222222222222,NA,"183ba260-9c82-4e6d-ae06-966d47d5335f",0,2018
"860",NA,"COBCRP-3-20171019","UFRA","A69-9001","COBCRP","cobia",FALSE,"Daryl Parkyn","Daryl Parkyn",2017-11-10,2017-11-10 07:49:15,2025-02-26,28.5802,-80.4369,"UFRA",FALSE,1.32951567850573,TRUE,719.562222222222,NA,"01010000001D9430D3F61B54C0317C444C89943C40",TRUE,"544_-1601",2020-01-20 05:12:45,NA,FALSE,NA,28.5704,-80.4447,2017-10-11 08:15:31,"130804",NA,"Rachycentron canadum",NA,NA,NA,NA,NA,"UF04","572_-1609","A69-9001-23378",0.699166666666667,NA,"183bf422-a5b5-47a6-b7fc-712bfa8948e0",1.90157188820844,2017
"861",NA,"COBCRP-85-20171019","Kessel","A69-9001","COBCRP","cobia",FALSE,NA,NA,2016-10-13,2016-10-13 06:59:00,2020-05-29,26.9901,-80.025,"Kessel",FALSE,0,FALSE,0.0333333333333333,NA,NA,TRUE,"541_-1601",2017-11-01 16:02:00,NA,FALSE,NA,26.9901,-80.025,2016-10-13 06:57:00,"102608",NA,"Rachycentron canadum",NA,NA,NA,NA,NA,"BBPTR","540_-1600","A69-9001-19013",0.0333333333333333,NA,"1843d044-26ac-471f-b388-7d56d3a00f49",0,2016
"862",NA,"COBCRP-96-20171019","UFRA","A69-9001","COBCRP","cobia",FALSE,"Daryl Parkyn","Daryl Parkyn",2017-08-06,2017-08-06 12:18:00,2025-02-26,28.533,-80.4052,"UFRA",FALSE,0,FALSE,0.0166666666666666,NA,"0101000000A4AA09A2EE1954C02A1DACFF73883C40",TRUE,"570_-1608",2017-08-06 13:34:00,NA,FALSE,NA,28.533,-80.4052,2017-08-06 12:17:00,"130781",NA,"Rachycentron canadum",NA,NA,NA,NA,NA,"UF07","571_-1608","A69-9001-19009",0.0166666666666666,NA,"18440c63-1adc-43bc-8d06-15a0f9b7db6f",0,2017
"863",NA,"COBCRP-135-20171019","UFRA","A69-9001","COBCRP","cobia",FALSE,"Daryl Parkyn","Daryl Parkyn",2017-04-06,2017-04-06 02:36:00,2025-02-26,28.4847,-80.4216,"UFRA",FALSE,0,FALSE,0.05,NA,"0101000000F0164850FC1A54C079060DFD137C3C40",TRUE,"569_-1608",2017-06-05 18:16:00,NA,FALSE,NA,28.4847,-80.4216,2017-04-06 02:33:00,"130783",NA,"Rachycentron canadum",NA,NA,NA,NA,NA,"UF09","570_-1608","A69-9001-20111",0.05,NA,"1848d2ff-2d81-4d68-81c1-a90738b0d826",0,2017
"864",NA,"COBCRP-0-20171020_redeployments","UFRA","A69-1601","COBCRP","cobia",FALSE,"Daryl Parkyn","Daryl Parkyn",2018-11-19,2018-11-19 08:05:00,2025-02-26,28.4847,-80.4216,"UFRA",FALSE,0.0224882517802513,FALSE,0.0119444444444444,NA,"0101000000F0164850FC1A54C079060DFD137C3C40",TRUE,"564_-1612",2019-04-07 12:51:34,NA,FALSE,NA,28.4848,-80.4218,2018-11-19 08:04:17,"130805",NA,"Rachycentron canadum",NA,NA,NA,NA,NA,"UF09","570_-1608","A69-1601-54494",0.0119444444444444,NA,"1853fddc-5753-4c2c-86a3-b666a908720d",1.88273735834663,2018
"865",NA,"COBCRP-102-20171019","Glider","A69-9001","COBCRP","cobia",FALSE,NA,NA,2018-03-20,2018-03-20 17:16:00,2020-05-29,28.3493,-80.4097,"Glider",FALSE,0.0347642430088211,FALSE,0,NA,NA,TRUE,"568_-1611",2019-12-11 00:25:28,NA,FALSE,NA,28.349,-80.4096,2018-03-20 17:16:00,"1196241",NA,"Rachycentron canadum",NA,NA,NA,NA,NA,"BOEM Wave Glider","567_-1608","A69-9001-19025",0,NA,"185ebdf1-b6f4-4599-b2b3-8b40c4931400",Inf,2018
"866",NA,"COBCRP-0-20171020_redeployments","UFRA","A69-1601","COBCRP","cobia",FALSE,"Daryl Parkyn","Daryl Parkyn",2018-10-17,2018-10-17 18:02:00,2025-02-26,28.447,-80.4177,"UFRA",FALSE,0.0242932118866669,FALSE,0.0186111111111111,NA,"0101000000B8239C16BC1A54C0DF4F8D976E723C40",TRUE,"564_-1612",2019-04-07 12:51:34,NA,FALSE,NA,28.4472,-80.4178,2018-10-17 18:00:53,"130781",NA,"Rachycentron canadum",NA,NA,NA,NA,NA,"UF23","569_-1608","A69-1601-54494",0.0186111111111111,NA,"185fa3c1-ffa8-4440-b5d7-d3e3956ad868",1.3053069073433,2018
"867",NA,"COBCRP-0-20171020_redeployments","UFRA","A69-1601","COBCRP","cobia",FALSE,"Daryl Parkyn","Daryl Parkyn",2018-10-17,2018-10-17 19:55:00,2025-02-26,28.447,-80.4177,"UFRA",FALSE,0.0242932118866669,FALSE,0.0341666666666666,NA,"0101000000B8239C16BC1A54C0DF4F8D976E723C40",TRUE,"564_-1612",2019-04-07 12:51:34,NA,FALSE,NA,28.4472,-80.4178,2018-10-17 19:52:57,"130781",NA,"Rachycentron canadum",NA,NA,NA,NA,NA,"UF23","569_-1608","A69-1601-54494",0.0341666666666666,NA,"18622cce-410e-4146-8d4d-5f697eed495b",0.711020835707326,2018
"868",NA,"COBCRP-M5472_AT0172","Navy","A69-9001","COBCRP","cobia",FALSE,"Carter Watterson","Carter Waterson",2019-09-24,2019-09-24 11:15:02,2025-02-26,36.99,-76.0132,"Navy",FALSE,0,FALSE,0.0277777777777777,NA,"010100000074D2FBC6D70053C0425BCEA5B87E4240",TRUE,"752_-1527",2020-06-19 15:05:59,NA,FALSE,NA,36.99,-76.0132,2019-09-24 11:13:22,"0",NA,"Rachycentron canadum",NA,NA,NA,NA,NA,"B7","740_-1520","A69-9001-7176",0.0277777777777777,NA,"186d9a5f-4c46-42c9-8480-0d24c3f0a974",0,2019
"869",NA,"COBCRP-M5472_AT0172","Navy","A69-9001","COBCRP","cobia",FALSE,"Carter Watterson","Carter Waterson",2019-06-25,2019-06-25 15:28:27,2025-02-26,37.0157,-76.0474,"Navy",FALSE,0,FALSE,0.0186111111111111,NA,"01010000007E8CB96B090353C07CED992501824240",TRUE,"752_-1527",2020-06-19 15:05:59,NA,FALSE,NA,37.0157,-76.0474,2019-06-25 15:27:20,"0",NA,"Rachycentron canadum",NA,NA,NA,NA,NA,"B11","740_-1521","A69-9001-7176",0.0186111111111111,NA,"18738ed9-c068-4d54-88b4-ed6468b5572c",0,2019
"870",NA,"COBCRP-135-20171019","UFRA","A69-9001","COBCRP","cobia",FALSE,"Daryl Parkyn","Daryl Parkyn",2017-04-06,2017-04-06 03:30:00,2025-02-26,28.4847,-80.4216,"UFRA",FALSE,0,FALSE,0.0166666666666666,NA,"0101000000F0164850FC1A54C079060DFD137C3C40",TRUE,"569_-1608",2017-06-05 18:16:00,NA,FALSE,NA,28.4847,-80.4216,2017-04-06 03:29:00,"130783",NA,"Rachycentron canadum",NA,NA,NA,NA,NA,"UF09","570_-1608","A69-9001-20111",0.0166666666666666,NA,"187fe35a-4b81-43ce-a193-f56bdb1ac6a7",0,2017
"871",NA,"COBCRP-3-20171019","Kessel","A69-9001","COBCRP","cobia",FALSE,NA,NA,2017-01-15,2017-01-15 02:16:00,2020-05-29,26.7525,-80.0092,"Kessel",FALSE,0,FALSE,0.0111111111111111,NA,NA,TRUE,"544_-1601",2020-01-20 05:12:45,NA,FALSE,NA,26.7525,-80.0092,2017-01-15 02:15:20,"126399",NA,"Rachycentron canadum",NA,NA,NA,NA,NA,"BBSN","535_-1600","A69-9001-23378",0.0111111111111111,NA,"18836fec-a10f-40f8-9985-42280a1277c4",0,2017
"872",NA,"COBCRP-66-20171019","Elizabeth Miller","A69-9001","COBCRP","cobia",FALSE,NA,NA,2018-05-14,2018-05-14 04:22:00,2020-06-05,32.3861,-80.7813,"Elizabeth Miller",FALSE,0,FALSE,0.0333333333333333,NA,NA,TRUE,"648_-1616",2018-12-05 23:58:00,NA,FALSE,NA,32.3861,-80.7813,2018-05-14 04:20:00,"111679",NA,"Rachycentron canadum",NA,NA,NA,NA,NA,"Mid Broad","648_-1616","A69-9001-19091",0.0333333333333333,NA,"188715aa-2fb6-4519-9bce-11e0eeceb0b5",0,2018
"873",NA,"COBCRP-TT1297","Navy","A69-9001","COBCRP","cobia",FALSE,"Carter Watterson","Carter Waterson",2019-08-19,2019-08-19 05:46:57,2025-02-26,36.7175,-75.834,"Navy",FALSE,0,FALSE,0.0322222222222222,NA,"01010000004C37894160F552C0A4703D0AD75B4240",TRUE,"740_-1522",2021-06-26 11:52:28,NA,FALSE,NA,36.7175,-75.834,2019-08-19 05:45:01,"0",NA,"Rachycentron canadum",NA,NA,NA,NA,NA,"SBA 3","734_-1517","A69-9001-7096",0.0322222222222222,NA,"18947b4c-c927-49c9-906b-e30d64a7111c",0,2019
"874",NA,"COBCRP-102-20171019","UFRA","A69-9001","COBCRP","cobia",FALSE,"Daryl Parkyn","Daryl Parkyn",2018-08-12,2018-08-12 14:00:00,2025-02-26,28.3815,-80.4798,"UFRA",FALSE,0,FALSE,0.0166666666666666,NA,"010100000002D4D4B2B51E54C06FBBD05CA7613C40",TRUE,"568_-1611",2019-12-11 00:25:28,NA,FALSE,NA,28.3815,-80.4798,2018-08-12 13:59:00,"130777",NA,"Rachycentron canadum",NA,NA,NA,NA,NA,"UF15","568_-1610","A69-9001-19025",0.0166666666666666,NA,"18ab8085-b67e-40a4-83ae-c03246e7ad92",0,2018
"875",NA,"COBCRP-117-20170426","UFRA","A69-9001","COBCRP","cobia",FALSE,"Daryl Parkyn","Daryl Parkyn",2017-12-17,2017-12-17 02:59:57,2025-02-26,28.5704,-80.4447,"UFRA",FALSE,0,FALSE,0.0088888888888888,NA,"01010000005839B4C8761C54C0E04A766C04923C40",TRUE,"622_-1624",2018-05-11 16:04:03,NA,FALSE,NA,28.5704,-80.4447,2017-12-17 02:59:25,"130801",NA,"Rachycentron canadum",NA,NA,NA,NA,NA,"UF03","571_-1609","A69-9001-19112",0.0088888888888888,NA,"18ae9328-abd5-4dd0-ab45-0240b4fc27c5",0,2017
"876",NA,"COBCRP-71-20171019","UNK","A69-9001","COBCRP","cobia",FALSE,NA,NA,2017-05-19,2017-05-19 08:28:00,2020-06-03,32.7912,-79.925,"UNK",FALSE,0,FALSE,0.0030555555555555,NA,NA,TRUE,"651_-1590",2018-07-18 18:21:27,NA,FALSE,NA,32.7912,-79.925,2017-05-19 08:27:49,"111297",NA,"Rachycentron canadum",NA,NA,NA,NA,NA,"Cooper RM 0 Aquarium","656_-1598","A69-9001-19063",0.0030555555555555,NA,"18c0d051-df41-4ed5-9390-41392bcc553a",0,2017
"877",NA,"COBCRP-TT1297","Navy","A69-9001","COBCRP","cobia",FALSE,"Carter Watterson","Carter Waterson",2019-08-07,2019-08-07 03:59:37,2025-02-26,36.9781,-76.1319,"Navy",FALSE,0,FALSE,0.0538888888888888,NA,"0101000000EA95B20C710853C0936FB6B9317D4240",TRUE,"740_-1522",2021-06-26 11:52:28,NA,FALSE,NA,36.9781,-76.1319,2019-08-07 03:56:23,"0",NA,"Rachycentron canadum",NA,NA,NA,NA,NA,"Ts9","740_-1523","A69-9001-7096",0.0538888888888888,NA,"18ca4617-24ce-4618-b8cf-1ba8d82f730c",0,2019
"878",NA,"COBCRP-102-20171019","UFRA","A69-9001","COBCRP","cobia",FALSE,"Daryl Parkyn","Daryl Parkyn",2019-10-01,2019-10-01 13:31:00,2025-02-26,28.3955,-80.5054,"UFRA",FALSE,0,FALSE,0.0166666666666666,NA,"0101000000A3AF20CD582054C0B03DB32440653C40",TRUE,"568_-1611",2019-12-11 00:25:28,NA,FALSE,NA,28.3955,-80.5054,2019-10-01 13:30:00,"130777",NA,"Rachycentron canadum",NA,NA,NA,NA,NA,"UF17","568_-1610","A69-9001-19025",0.0166666666666666,NA,"18d1188d-359f-4d20-8dd7-5769160abcd4",0,2019
"879",NA,"COBCRP-TT1297","Navy","A69-9001","COBCRP","cobia",FALSE,"Carter Watterson","Carter Waterson",2019-06-07,2019-06-07 03:07:08,2025-02-26,36.9851,-76.159,"Navy",FALSE,0,FALSE,0.0247222222222222,NA,"0101000000E3C281902C0A53C0CBF8F719177E4240",TRUE,"740_-1522",2021-06-26 11:52:28,NA,FALSE,NA,36.9851,-76.159,2019-06-07 03:05:39,"0",NA,"Rachycentron canadum",NA,NA,NA,NA,NA,"TS11","740_-1523","A69-9001-7096",0.0247222222222222,NA,"18d1865a-02bf-4a3b-919c-7e9ab5f1f50f",0,2019
"880",NA,"COBCRP-TT1297","Navy","A69-9001","COBCRP","cobia",FALSE,"Carter Watterson","Carter Waterson",2019-06-29,2019-06-29 05:18:41,2025-02-26,36.9382,-76.1729,"Navy",FALSE,0,FALSE,0.0330555555555555,NA,"01010000009E5E29CB100B53C04E0B5EF415784240",TRUE,"740_-1522",2021-06-26 11:52:28,NA,FALSE,NA,36.9382,-76.1729,2019-06-29 05:16:42,"0",NA,"Rachycentron canadum",NA,NA,NA,NA,NA,"ELCAS 9","739_-1523","A69-9001-7096",0.0330555555555555,NA,"18e902cd-e03f-42a9-93d5-0c328c430f41",0,2019
"881",NA,"COBCRP-0-20171020_redeployments","UFRA","A69-1601","COBCRP","cobia",FALSE,"Daryl Parkyn","Daryl Parkyn",2018-10-17,2018-10-17 16:17:00,2025-02-26,28.447,-80.4177,"UFRA",FALSE,0.0242932118866669,FALSE,0.0283333333333333,NA,"0101000000B8239C16BC1A54C0DF4F8D976E723C40",TRUE,"564_-1612",2019-04-07 12:51:34,NA,FALSE,NA,28.4472,-80.4178,2018-10-17 16:15:18,"130781",NA,"Rachycentron canadum",NA,NA,NA,NA,NA,"UF23","569_-1608","A69-1601-54494",0.0283333333333333,NA,"18ec3b8b-0622-4e1a-ba86-787f572a4c06",0.857407478352952,2018
"882",NA,"COBCRP-102-20171019","UFRA","A69-9001","COBCRP","cobia",FALSE,"Daryl Parkyn","Daryl Parkyn",2018-10-30,2018-10-30 04:51:00,2025-02-26,28.429,-80.4164,"UFRA",FALSE,0,FALSE,0.0333333333333333,NA,"010100000046425BCEA51A54C0A04FE449D26D3C40",TRUE,"568_-1611",2019-12-11 00:25:28,NA,FALSE,NA,28.429,-80.4164,2018-10-30 04:49:00,"130791",NA,"Rachycentron canadum",NA,NA,NA,NA,NA,"UF11","569_-1608","A69-9001-19025",0.0333333333333333,NA,"18ec8e18-5c90-4494-8158-8e540eec80e2",0,2018
"883",NA,"COBCRP-0-20171020_redeployments","UFRA","A69-1601","COBCRP","cobia",FALSE,"Daryl Parkyn","Daryl Parkyn",2018-02-28,2018-02-28 06:35:00,2025-02-26,28.5221,-80.4155,"UFRA",FALSE,0,FALSE,0.0166666666666666,NA,"0101000000E3C798BB961A54C076E09C11A5853C40",TRUE,"564_-1612",2019-04-07 12:51:34,NA,FALSE,NA,28.5221,-80.4155,2018-02-28 06:34:00,"130803",NA,"Rachycentron canadum",NA,NA,NA,NA,NA,"UF06","570_-1608","A69-1601-54494",0.0166666666666666,NA,"18f4a388-903e-4981-ac4d-3a0265fe327d",0,2018
"884",NA,"COBCRP-97-20171019","UFRA","A69-9001","COBCRP","cobia",FALSE,"Daryl Parkyn","Daryl Parkyn",2018-03-20,2018-03-20 17:16:00,2025-02-26,28.533,-80.4052,"UFRA",FALSE,1.58155170491326,TRUE,3421.31694444444,NA,"0101000000A4AA09A2EE1954C02A1DACFF73883C40",TRUE,"571_-1607",2018-06-06 07:33:01,NA,FALSE,NA,28.5221,-80.4156,2017-10-29 03:56:59,"130805",NA,"Rachycentron canadum",NA,NA,NA,NA,NA,"UF07","571_-1608","A69-9001-19011",0.594166666666667,NA,"18f73fec-336d-4995-8de2-413ccbacaed4",2.66179810083578,2018
"885",NA,"COBCRP-66-20171019","Elizabeth Miller","A69-9001","COBCRP","cobia",FALSE,NA,NA,2018-05-18,2018-05-18 12:13:00,2020-06-05,32.3861,-80.7813,"Elizabeth Miller",FALSE,0,FALSE,0.0333333333333333,NA,NA,TRUE,"648_-1616",2018-12-05 23:58:00,NA,FALSE,NA,32.3861,-80.7813,2018-05-18 12:11:00,"111679",NA,"Rachycentron canadum",NA,NA,NA,NA,NA,"Mid Broad","648_-1616","A69-9001-19091",0.0333333333333333,NA,"18ffed92-4c77-436d-8eba-b60f520e67f6",0,2018
"886",NA,"COBCRP-106-20171019","UFRA","A69-9001","COBCRP","cobia",FALSE,"Daryl Parkyn","Daryl Parkyn",2017-02-06,2017-02-06 05:14:00,2025-02-26,28.4977,-80.4168,"UFRA",FALSE,0,FALSE,0.0333333333333333,NA,"010100000031D3F6AFAC1A54C08195438B6C7F3C40",TRUE,"574_-1609",2017-07-21 20:08:19,NA,FALSE,NA,28.4977,-80.4168,2017-02-06 05:12:00,"130782",NA,"Rachycentron canadum",NA,NA,NA,NA,NA,"UF08","570_-1608","A69-9001-19016",0.0333333333333333,NA,"19050259-c9ae-434a-a81f-ab0b456e6eab",0,2017
"887",NA,"COBCRP-117-20170426","UFRA","A69-9001","COBCRP","cobia",FALSE,"Daryl Parkyn","Daryl Parkyn",2017-12-18,2017-12-18 11:48:08,2025-02-26,28.5704,-80.4447,"UFRA",FALSE,0,FALSE,0.0327777777777777,NA,"01010000005839B4C8761C54C0E04A766C04923C40",TRUE,"622_-1624",2018-05-11 16:04:03,NA,FALSE,NA,28.5704,-80.4447,2017-12-18 11:46:10,"130801",NA,"Rachycentron canadum",NA,NA,NA,NA,NA,"UF03","571_-1609","A69-9001-19112",0.0327777777777777,NA,"190ce32c-9751-4b9d-a103-01d0168e6cb9",0,2017
"888",NA,"COBCRP-M5472_AT0172","Navy","A69-9001","COBCRP","cobia",FALSE,"Carter Watterson","Carter Waterson",2019-09-24,2019-09-24 12:40:38,2025-02-26,36.99,-76.0132,"Navy",FALSE,0,FALSE,0.0308333333333333,NA,"010100000074D2FBC6D70053C0425BCEA5B87E4240",TRUE,"752_-1527",2020-06-19 15:05:59,NA,FALSE,NA,36.99,-76.0132,2019-09-24 12:38:47,"0",NA,"Rachycentron canadum",NA,NA,NA,NA,NA,"B7","740_-1520","A69-9001-7176",0.0308333333333333,NA,"1913a945-9229-4812-b57c-fc21d814fef9",0,2019
"889",NA,"COBCRP-102-20171019","UFRA","A69-9001","COBCRP","cobia",FALSE,"Daryl Parkyn","Daryl Parkyn",2019-01-15,2019-01-15 10:03:00,2025-02-26,28.3987,-80.5495,"UFRA",FALSE,0,FALSE,0.0166666666666666,NA,"0101000000CCB4FD2B2B2354C0033E3F8C10663C40",TRUE,"568_-1611",2019-12-11 00:25:28,NA,TRUE,NA,28.3987,-80.5495,2019-01-15 10:02:00,"130799",NA,"Rachycentron canadum",NA,NA,NA,NA,NA,"UF19","568_-1611","A69-9001-19025",0.0166666666666666,NA,"1924896b-31b4-41ba-8cc2-3fb1aab2a34e",0,2019
"890",NA,"COBCRP-24-20171019","Navy","A69-9001","COBCRP","cobia",FALSE,"Carter Watterson","Carter Waterson",2016-04-09,2016-04-09 18:55:32,2025-02-26,36.9571,-76.0512,"Navy",FALSE,0,FALSE,NA,NA,"010100000077F86BB2460353C0C3D84290837A4240",TRUE,"742_-1520",2017-06-06 09:43:57,NA,FALSE,NA,36.9571,-76.0512,NA,"0",NA,"Rachycentron canadum",NA,NA,NA,NA,NA,"TS3","739_-1521","A69-9001-19032",0.0333333333333333,NA,"1926335e-94f1-4edc-87db-18870f5788ae",0,2016
"891",NA,"COBCRP-NASA1564","Navy","A69-9001","COBCRP","cobia",FALSE,"Carter Watterson","Carter Waterson",2020-08-26,2020-08-26 13:11:35,2025-02-26,36.8339,-75.6131,"Navy",FALSE,0,FALSE,0.0222222222222222,NA,"01010000005E4BC8073DE752C03411363CBD6A4240",TRUE,"685_-1531",2022-11-23 02:05:00,NA,FALSE,NA,36.8339,-75.6131,2020-08-26 13:10:15,"0",NA,"Rachycentron canadum",NA,NA,NA,NA,NA,"SCL 5","737_-1512","A69-9001-13161",0.0222222222222222,NA,"193539eb-9fda-4006-be9d-04a9a4ccd6e1",0,2020
"892",NA,"COBCRP-M5477_AT0177","Navy","A69-9001","COBCRP","cobia",FALSE,"Carter Watterson","Carter Waterson",2020-08-28,2020-08-28 19:43:47,2025-02-26,36.8135,-75.7014,"Navy",FALSE,0,FALSE,0.0222222222222222,NA,"0101000000865AD3BCE3EC52C0E3A59BC420684240",TRUE,"570_-1611",2021-03-25 13:49:20,NA,FALSE,NA,36.8135,-75.7014,2020-08-28 19:42:27,"0",NA,"Rachycentron canadum",NA,NA,NA,NA,NA,"SCL 2","736_-1514","A69-9001-7189",0.0222222222222222,NA,"194633d6-c508-404c-a86f-a046855fb0f8",0,2020
"893",NA,"COBCRP-0-20171020_redeployments","UFRA","A69-1601","COBCRP","cobia",FALSE,"Daryl Parkyn","Daryl Parkyn",2018-02-28,2018-02-28 06:36:00,2025-02-26,28.5221,-80.4155,"UFRA",FALSE,0.0097699531839141,FALSE,0.0091666666666666,NA,"0101000000E3C798BB961A54C076E09C11A5853C40",TRUE,"564_-1612",2019-04-07 12:51:34,NA,FALSE,NA,28.5221,-80.4156,2018-02-28 06:35:27,"130803",NA,"Rachycentron canadum",NA,NA,NA,NA,NA,"UF06","570_-1608","A69-1601-54494",0.0091666666666666,NA,"19478b35-54af-4898-9045-2ce19c72f5d4",1.06581307460882,2018
"894",NA,"COBCRP-66-20171019","Elizabeth Miller","A69-9001","COBCRP","cobia",FALSE,NA,NA,2018-05-15,2018-05-15 23:30:00,2020-06-05,32.3861,-80.7813,"Elizabeth Miller",FALSE,0,FALSE,0.0166666666666666,NA,NA,TRUE,"648_-1616",2018-12-05 23:58:00,NA,FALSE,NA,32.3861,-80.7813,2018-05-15 23:29:00,"111679",NA,"Rachycentron canadum",NA,NA,NA,NA,NA,"Mid Broad","648_-1616","A69-9001-19091",0.0166666666666666,NA,"194caa81-41e4-4b9e-8c87-961d11ab1bc6",0,2018
"895",NA,"COBCRP-51-20171019","Kessel","A69-1601","COBCRP","cobia",FALSE,NA,NA,2016-10-06,2016-10-06 01:08:00,2020-05-29,26.928,-80.0216,"Kessel",FALSE,0,FALSE,0.0333333333333333,NA,NA,TRUE,"549_-1603",2017-03-29 23:58:59,NA,FALSE,NA,26.928,-80.0216,2016-10-06 01:06:00,"101117",NA,"Rachycentron canadum",NA,NA,NA,NA,NA,"BBCK","539_-1600","A69-1601-54503",0.0333333333333333,NA,"195c6dd4-5a25-4eec-837a-b265e07c6f3c",0,2016
"896",NA,"COBCRP-10-20171019","UFRA","A69-1601","COBCRP","cobia",FALSE,"Daryl Parkyn","Daryl Parkyn",2017-09-22,2017-09-22 06:27:47,2025-02-26,28.5331,-80.4052,"UFRA",FALSE,0,FALSE,0.0127777777777777,NA,"01010000005DFE43FAED1954C08D7A884677883C40",TRUE,"570_-1607",2017-12-01 19:19:07,NA,FALSE,NA,28.5331,-80.4052,2017-09-22 06:27:01,"130778",NA,"Rachycentron canadum",NA,NA,NA,NA,NA,"UF07","571_-1608","A69-1601-54488",0.0127777777777777,NA,"196958ee-f08a-475c-b44b-f99dbbaacbd7",0,2017
"897",NA,"COBCRP-97-20171019","UFRA","A69-9001","COBCRP","cobia",FALSE,"Daryl Parkyn","Daryl Parkyn",2017-07-16,2017-07-16 22:17:00,2025-02-26,28.5575,-80.4208,"UFRA",FALSE,0.0386566734749517,FALSE,0.0188888888888888,NA,"0101000000F71E2E39EE1A54C01F85EB51B88E3C40",TRUE,"571_-1607",2018-06-06 07:33:01,NA,FALSE,NA,28.5578,-80.4206,2017-07-16 22:15:52,"130779",NA,"Rachycentron canadum",NA,NA,NA,NA,NA,"UF05","571_-1608","A69-9001-19011",0.0188888888888888,NA,"196dfce6-778d-4800-adfc-9fd151801fca",2.04652977220333,2017
"898",NA,"COBCRP-102-20171019","UFRA","A69-9001","COBCRP","cobia",FALSE,"Daryl Parkyn","Daryl Parkyn",2017-10-16,2017-10-16 07:06:49,2025-02-26,28.4554,-80.4308,"UFRA",FALSE,0,FALSE,0.0261111111111111,NA,"0101000000448655BC911B54C0BFF1B56796743C40",TRUE,"568_-1611",2019-12-11 00:25:28,NA,FALSE,NA,28.4554,-80.4308,2017-10-16 07:05:15,"130776",NA,"Rachycentron canadum",NA,NA,NA,NA,NA,"UF22","569_-1609","A69-9001-19025",0.0261111111111111,NA,"1983a660-da4c-4610-a572-017780c2ec0e",0,2017
"899",NA,"COBCRP-0-20171020_redeployments","UFRA","A69-1601","COBCRP","cobia",FALSE,"Daryl Parkyn","Daryl Parkyn",2018-11-17,2018-11-17 10:55:00,2025-02-26,28.5221,-80.4155,"UFRA",FALSE,0.0097699531839141,FALSE,0.0147222222222222,NA,"0101000000E3C798BB961A54C076E09C11A5853C40",TRUE,"564_-1612",2019-04-07 12:51:34,NA,FALSE,NA,28.5221,-80.4156,2018-11-17 10:54:07,"130792",NA,"Rachycentron canadum",NA,NA,NA,NA,NA,"UF06","570_-1608","A69-1601-54494",0.0147222222222222,NA,"198c3758-a0cf-44e1-adce-c083bc9cd4af",0.663619461548887,2018
"900",NA,"COBCRP-66-20171019","Elizabeth Miller","A69-9001","COBCRP","cobia",FALSE,NA,NA,2018-12-05,2018-12-05 22:32:00,2020-06-05,32.3861,-80.7813,"Elizabeth Miller",FALSE,0,TRUE,20.15,NA,NA,TRUE,"648_-1616",2018-12-05 23:58:00,NA,FALSE,NA,32.3861,-80.7813,2018-12-05 02:23:00,"111679",NA,"Rachycentron canadum",NA,NA,NA,NA,NA,"Mid Broad","648_-1616","A69-9001-19091",20.15,NA,"198d54cb-ace4-4b40-969a-60406f33a668",0,2018
"901",NA,"COBCRP-102-20171019","UFRA","A69-9001","COBCRP","cobia",FALSE,"Daryl Parkyn","Daryl Parkyn",2018-08-12,2018-08-12 09:23:00,2025-02-26,28.3955,-80.5054,"UFRA",FALSE,0,FALSE,0.0833333333333333,NA,"0101000000A3AF20CD582054C0B03DB32440653C40",TRUE,"568_-1611",2019-12-11 00:25:28,NA,FALSE,NA,28.3955,-80.5054,2018-08-12 09:18:00,"130787",NA,"Rachycentron canadum",NA,NA,NA,NA,NA,"UF17","568_-1610","A69-9001-19025",0.0833333333333333,NA,"198ead37-a45f-4312-bf1d-cc288475e031",0,2018
"902",NA,"COBCRP-0-20171020_redeployments","UFRA","A69-1601","COBCRP","cobia",FALSE,"Daryl Parkyn","Daryl Parkyn",2018-11-13,2018-11-13 14:54:00,2025-02-26,28.5221,-80.4155,"UFRA",FALSE,0.0097699531839141,FALSE,0.0311111111111111,NA,"0101000000E3C798BB961A54C076E09C11A5853C40",TRUE,"564_-1612",2019-04-07 12:51:34,NA,FALSE,NA,28.5221,-80.4156,2018-11-13 14:52:08,"130792",NA,"Rachycentron canadum",NA,NA,NA,NA,NA,"UF06","570_-1608","A69-1601-54494",0.0311111111111111,NA,"199b85fc-6a90-4649-a4fc-224e7d4aabbe",0.314034209482956,2018
"903",NA,"COBCRP-M5312_AT0013","Navy","A69-9001","COBCRP","cobia",FALSE,"Carter Watterson","Carter Waterson",2019-05-21,2019-05-21 19:49:22,2025-02-26,36.9295,-76.1586,"Navy",FALSE,0.315745897283107,FALSE,0.0011111111111111,NA,"0101000000AA605452270A53C02C7DE882FA764240",TRUE,"736_-1514",2020-12-07 21:32:24,NA,FALSE,NA,36.9322,-76.1575,2019-05-21 19:49:18,"0",NA,"Rachycentron canadum",NA,NA,NA,NA,NA,"ELCAS 30","739_-1523","A69-9001-19008",0.0011111111111111,NA,"199f5bec-85b1-49e4-a88e-e756c8d1a6fb",284.171307554796,2019
"904",NA,"COBCRP-AT0071","UFRA","A69-9002","COBCRP","cobia",FALSE,"Daryl Parkyn","Daryl Parkyn",2019-05-26,2019-05-26 10:59:00,2025-02-26,28.5221,-80.4155,"UFRA",FALSE,0.0097699531839141,FALSE,0.0363888888888888,NA,"0101000000E3C798BB961A54C076E09C11A5853C40",TRUE,"569_-1609",2020-02-14 06:03:34,NA,FALSE,NA,28.5221,-80.4156,2019-05-26 10:56:49,"130804",NA,"Rachycentron canadum",NA,NA,NA,"ADC",179,"UF06","570_-1608","A69-9002-5757",0.0363888888888888,NA,"19a06670-2ccd-4346-aeff-90d6ed1e9ff9",0.268487263069397,2019
"905",NA,"COBCRP-1253674-2017-06-24","UFRA","A69-9002","COBCRP","cobia",FALSE,"Daryl Parkyn","Daryl Parkyn",2017-07-13,2017-07-13 07:06:52,2025-02-26,28.5884,-80.4894,"UFRA",FALSE,0,FALSE,0,NA,"01010000009AEB34D2521F54C082A8FB00A4963C40",TRUE,"570_-1608",2017-11-07 21:55:00,NA,FALSE,NA,28.5884,-80.4894,2017-07-13 07:06:52,"130802",NA,"Rachycentron canadum",NA,NA,NA,"°C",26.2023,"UF01","572_-1610","A69-9002-11154",0,NA,"19a30f2b-35f6-4455-9e99-a60adec41298",NA,2017
"906",NA,"COBCRP-59-20171019","Kessel","A69-1601","COBCRP","cobia",FALSE,NA,NA,2016-09-06,2016-09-06 22:16:00,2020-05-29,26.9791,-80.0243,"Kessel",FALSE,0,FALSE,0.05,NA,NA,TRUE,"532_-1601",2019-05-02 16:41:44,NA,FALSE,NA,26.9791,-80.0243,2016-09-06 22:13:00,"102308",NA,"Rachycentron canadum",NA,NA,NA,NA,NA,"BBMGE","540_-1600","A69-1601-54504",0.05,NA,"19a36036-4e49-4fe2-bc8d-e202ae92de83",0,2016
"907",NA,"COBCRP-97-20171019","UFRA","A69-9001","COBCRP","cobia",FALSE,"Daryl Parkyn","Daryl Parkyn",2017-07-18,2017-07-18 08:19:00,2025-02-26,28.447,-80.4177,"UFRA",FALSE,0.0242932118866669,FALSE,0.0108333333333333,NA,"0101000000B8239C16BC1A54C0DF4F8D976E723C40",TRUE,"571_-1607",2018-06-06 07:33:01,NA,FALSE,NA,28.4472,-80.4178,2017-07-18 08:18:21,"130797",NA,"Rachycentron canadum",NA,NA,NA,NA,NA,"UF23","569_-1608","A69-9001-19011",0.0108333333333333,NA,"19aa7487-63aa-4d0b-a5b9-1801adbec9de",2.24245032800003,2017
"908",NA,"COBCRP-102-20171019","UFRA","A69-9001","COBCRP","cobia",FALSE,"Daryl Parkyn","Daryl Parkyn",2018-02-26,2018-02-26 03:59:00,2025-02-26,28.3987,-80.5495,"UFRA",FALSE,0,FALSE,0.0161111111111111,NA,"0101000000CCB4FD2B2B2354C0033E3F8C10663C40",TRUE,"568_-1611",2019-12-11 00:25:28,NA,TRUE,NA,28.3987,-80.5495,2018-02-26 03:58:02,"130797",NA,"Rachycentron canadum",NA,NA,NA,NA,NA,"UF19","568_-1611","A69-9001-19025",0.0161111111111111,NA,"19ab8568-0b10-4c36-9bc4-7538a1ce475e",0,2018
"909",NA,"COBCRP-0-20171020_redeployments","UFRA","A69-1601","COBCRP","cobia",FALSE,"Daryl Parkyn","Daryl Parkyn",2018-04-04,2018-04-04 13:40:00,2025-02-26,28.4554,-80.4308,"UFRA",FALSE,1.56418659741695,FALSE,NA,NA,"010100000021B07268911B54C0A3409FC893743C40",TRUE,"564_-1612",2019-04-07 12:51:34,NA,FALSE,NA,28.4472,-80.4178,NA,"130801",NA,"Rachycentron canadum",NA,NA,NA,NA,NA,"UF22","569_-1609","A69-1601-54494",0.0777777777777777,NA,"19b44a6d-bf32-4c5c-8187-4de92983e6d3",20.1109705382179,2018
"910",NA,"COBCRP-0-20171020_redeployments","UFRA","A69-1601","COBCRP","cobia",FALSE,"Daryl Parkyn","Daryl Parkyn",2018-10-17,2018-10-17 17:34:00,2025-02-26,28.447,-80.4177,"UFRA",FALSE,0.0242932118866669,FALSE,0.0152777777777777,NA,"0101000000B8239C16BC1A54C0DF4F8D976E723C40",TRUE,"564_-1612",2019-04-07 12:51:34,NA,FALSE,NA,28.4472,-80.4178,2018-10-17 17:33:05,"130781",NA,"Rachycentron canadum",NA,NA,NA,NA,NA,"UF23","569_-1608","A69-1601-54494",0.0152777777777777,NA,"19b7f6a1-8f34-4d1f-a364-49494c6d14a8",1.59010114167275,2018
"911",NA,"COBCRP-97-20171019","UFRA","A69-9001","COBCRP","cobia",FALSE,"Daryl Parkyn","Daryl Parkyn",2017-07-17,2017-07-17 23:15:00,2025-02-26,28.5221,-80.4155,"UFRA",FALSE,0.0097699531839141,FALSE,0,NA,"0101000000E3C798BB961A54C076E09C11A5853C40",TRUE,"571_-1607",2018-06-06 07:33:01,NA,FALSE,NA,28.5221,-80.4156,2017-07-17 23:15:00,"130780",NA,"Rachycentron canadum",NA,NA,NA,NA,NA,"UF06","570_-1608","A69-9001-19011",0,NA,"19b98820-ce69-4844-93ba-d66db6f8b53e",Inf,2017
"912",NA,"COBCRP-24-20171019","Navy","A69-9001","COBCRP","cobia",FALSE,"Carter Watterson","Carter Waterson",2017-06-06,2017-06-06 09:38:02,2025-02-26,37.0874,-76.0008,"Navy",FALSE,0,FALSE,0.0261111111111111,NA,"01010000007D0A80F10C0053C0892991442F8B4240",TRUE,"742_-1520",2017-06-06 09:43:57,NA,FALSE,NA,37.0874,-76.0008,2017-06-06 09:36:28,"0",NA,"Rachycentron canadum",NA,NA,NA,NA,NA,"CBBT7","742_-1520","A69-9001-19032",0.0261111111111111,NA,"19bfe88f-d2b9-47f8-931a-0268feb2b4d4",0,2017
"913",NA,"COBCRP-NASA1564","Navy","A69-9001","COBCRP","cobia",FALSE,"Carter Watterson","Carter Waterson",2020-08-26,2020-08-26 14:11:21,2025-02-26,36.8469,-75.5832,"Navy",FALSE,0,FALSE,0.0288888888888888,NA,"0101000000BEC1172653E552C0BF7D1D38676C4240",TRUE,"685_-1531",2022-11-23 02:05:00,NA,FALSE,NA,36.8469,-75.5832,2020-08-26 14:09:37,"0",NA,"Rachycentron canadum",NA,NA,NA,NA,NA,"SCL 6","737_-1512","A69-9001-13161",0.0288888888888888,NA,"19c84088-c495-4036-bda3-813b05a3f1ba",0,2020
"914",NA,"COBCRP-66-20171019","Elizabeth Miller","A69-9001","COBCRP","cobia",FALSE,NA,NA,2018-05-21,2018-05-21 19:51:00,2020-06-05,32.3861,-80.7813,"Elizabeth Miller",FALSE,0,FALSE,0.0333333333333333,NA,NA,TRUE,"648_-1616",2018-12-05 23:58:00,NA,FALSE,NA,32.3861,-80.7813,2018-05-21 19:49:00,"111679",NA,"Rachycentron canadum",NA,NA,NA,NA,NA,"Mid Broad","648_-1616","A69-9001-19091",0.0333333333333333,NA,"19c940b7-496c-4b55-a031-46cb2bdd1807",0,2018
"915",NA,"COBCRP-NASA1564","Navy","A69-9001","COBCRP","cobia",FALSE,"Carter Watterson","Carter Waterson",2019-09-27,2019-09-27 04:08:37,2025-02-26,36.8697,-75.871,"Navy",FALSE,11.538301813221,FALSE,NA,NA,"010100000081608E1EBFF752C0FA27B858516F4240",TRUE,"685_-1531",2022-11-23 02:05:00,NA,FALSE,NA,36.8162,-75.7599,NA,"0",NA,"Rachycentron canadum",NA,NA,NA,NA,NA,"CB 9","737_-1517","A69-9001-13161",46.6897222222222,NA,"19c9d764-681a-4cd9-b603-2ec8919ad296",0.247127231948475,2019
"916",NA,"COBCRP-102-20171019","UFRA","A69-9001","COBCRP","cobia",FALSE,"Daryl Parkyn","Daryl Parkyn",2018-02-20,2018-02-20 19:44:00,2025-02-26,28.4554,-80.4308,"UFRA",FALSE,0,TRUE,7.68333333333333,NA,"010100000021B07268911B54C0A3409FC893743C40",TRUE,"568_-1611",2019-12-11 00:25:28,NA,FALSE,NA,28.4554,-80.4308,2018-02-20 12:03:00,"130801",NA,"Rachycentron canadum",NA,NA,NA,NA,NA,"UF22","569_-1609","A69-9001-19025",7.68333333333333,NA,"19d00867-8f17-46aa-b122-4f7225efffa3",0,2018
"917",NA,"COBCRP-M5310_AT0012","UFRA","A69-9002","COBCRP","cobia",FALSE,"Daryl Parkyn","Daryl Parkyn",2019-09-04,2019-09-04 07:24:00,2025-02-26,28.5884,-80.4894,"UFRA",FALSE,0,FALSE,0.2,NA,"01010000009AEB34D2521F54C082A8FB00A4963C40",TRUE,"587_-1604",2022-05-09 03:35:30,NA,FALSE,NA,28.5884,-80.4894,2019-09-04 07:12:00,"130798",NA,"Rachycentron canadum",NA,NA,NA,"ADC",149,"UF01","572_-1610","A69-9002-11156",0.2,NA,"19d5cc07-d230-47a2-bbf9-bb64cc5f6d00",0,2019
"918",NA,"COBCRP-71-20171019","UNK","A69-9001","COBCRP","cobia",FALSE,NA,NA,2017-05-22,2017-05-22 14:36:00,2020-06-03,32.8602,-79.8937,"UNK",FALSE,0,FALSE,0.0119444444444444,NA,NA,TRUE,"651_-1590",2018-07-18 18:21:27,NA,FALSE,NA,32.8602,-79.8937,2017-05-22 14:35:17,"121654",NA,"Rachycentron canadum",NA,NA,NA,NA,NA,"Coastal- Wando RM 3.5","657_-1598","A69-9001-19063",0.0119444444444444,NA,"19d5e891-1664-4133-a466-59261a152e88",0,2017
"919",NA,"COBCRP-102-20171019","UFRA","A69-9001","COBCRP","cobia",FALSE,"Daryl Parkyn","Daryl Parkyn",2017-12-12,2017-12-12 20:10:44,2025-02-26,28.581,-80.5438,"UFRA",FALSE,0,FALSE,0.0305555555555555,NA,"0101000000DD37BEF6CC2254C022A64412BD943C40",TRUE,"568_-1611",2019-12-11 00:25:28,NA,FALSE,NA,28.581,-80.5438,2017-12-12 20:08:54,"130805",NA,"Rachycentron canadum",NA,NA,NA,NA,NA,"UF14","572_-1611","A69-9001-19025",0.0305555555555555,NA,"19e4dc12-bee8-48fa-a2b9-0050cb63c14a",0,2017
"920",NA,"COBCRP-97-20171019","UFRA","A69-9001","COBCRP","cobia",FALSE,"Daryl Parkyn","Daryl Parkyn",2017-05-07,2017-05-07 12:06:00,2025-02-26,28.5575,-80.4208,"UFRA",FALSE,0,FALSE,0.0166666666666666,NA,"0101000000F71E2E39EE1A54C01F85EB51B88E3C40",TRUE,"571_-1607",2018-06-06 07:33:01,NA,FALSE,NA,28.5575,-80.4208,2017-05-07 12:05:00,"130779",NA,"Rachycentron canadum",NA,NA,NA,NA,NA,"UF05","571_-1608","A69-9001-19011",0.0166666666666666,NA,"19ed9e78-4659-4e15-b9a0-fb9b740691ce",0,2017
"921",NA,"COBCRP-66-20171019","Elizabeth Miller","A69-9001","COBCRP","cobia",FALSE,NA,NA,2018-09-05,2018-09-05 05:09:00,2020-06-05,32.3861,-80.7813,"Elizabeth Miller",FALSE,0,FALSE,0.0166666666666666,NA,NA,TRUE,"648_-1616",2018-12-05 23:58:00,NA,FALSE,NA,32.3861,-80.7813,2018-09-05 05:08:00,"111679",NA,"Rachycentron canadum",NA,NA,NA,NA,NA,"Mid Broad","648_-1616","A69-9001-19091",0.0166666666666666,NA,"19f5b102-141f-4c42-a015-11eed1a042a7",0,2018
"922",NA,"COBCRP-M5463_AT0163-2018-05-24","Navy","A69-9002","COBCRP","cobia",FALSE,"Carter Watterson","Carter Waterson",2019-09-24,2019-09-24 11:09:24,2025-02-26,36.713,-75.818,"Navy",FALSE,0,FALSE,0.0530555555555555,NA,"01010000003108AC1C5AF452C025068195435B4240",TRUE,"669_-1571",2020-04-27 08:01:20,NA,FALSE,NA,36.713,-75.818,2019-09-24 11:06:13,"0",NA,"Rachycentron canadum",NA,NA,NA,NA,NA,"SBA 6","734_-1516","A69-9002-11158",0.0530555555555555,NA,"19f868b8-2449-428b-a319-c0b1a6eb4ffe",0,2019
"923",NA,"COBCRP-135-20171019","UFRA","A69-9001","COBCRP","cobia",FALSE,"Daryl Parkyn","Daryl Parkyn",2017-04-06,2017-04-06 02:28:00,2025-02-26,28.4847,-80.4216,"UFRA",FALSE,0,FALSE,0.0333333333333333,NA,"0101000000F0164850FC1A54C079060DFD137C3C40",TRUE,"569_-1608",2017-06-05 18:16:00,NA,FALSE,NA,28.4847,-80.4216,2017-04-06 02:26:00,"130783",NA,"Rachycentron canadum",NA,NA,NA,NA,NA,"UF09","570_-1608","A69-9001-20111",0.0333333333333333,NA,"19f9ee24-00e4-4992-82e1-1435e9ebbf25",0,2017
"924",NA,"COBCRP-102-20171019","UFRA","A69-9001","COBCRP","cobia",FALSE,"Daryl Parkyn","Daryl Parkyn",2017-12-13,2017-12-13 12:19:14,2025-02-26,28.4979,-80.4168,"UFRA",FALSE,0,FALSE,0.0016666666666666,NA,"01010000000DFD135CAC1A54C0C95EEFFE787F3C40",TRUE,"568_-1611",2019-12-11 00:25:28,NA,FALSE,NA,28.4979,-80.4168,2017-12-13 12:19:08,"130775",NA,"Rachycentron canadum",NA,NA,NA,NA,NA,"UF08","570_-1608","A69-9001-19025",0.0016666666666666,NA,"19ffa044-b254-4a8b-ae35-0b3e599a8e3f",0,2017
"925",NA,"COBCRP-M5477_AT0177","Navy","A69-9001","COBCRP","cobia",FALSE,"Carter Watterson","Carter Waterson",2020-08-28,2020-08-28 19:55:18,2025-02-26,36.8135,-75.7014,"Navy",FALSE,0,FALSE,0.0305555555555555,NA,"0101000000865AD3BCE3EC52C0E3A59BC420684240",TRUE,"570_-1611",2021-03-25 13:49:20,NA,FALSE,NA,36.8135,-75.7014,2020-08-28 19:53:28,"0",NA,"Rachycentron canadum",NA,NA,NA,NA,NA,"SCL 2","736_-1514","A69-9001-7189",0.0305555555555555,NA,"1a0340f7-9396-4b3e-814a-e386a7e2824d",0,2020
"926",NA,"COBCRP-102-20171019","UFRA","A69-9001","COBCRP","cobia",FALSE,"Daryl Parkyn","Daryl Parkyn",2017-10-16,2017-10-16 14:01:29,2025-02-26,28.4848,-80.4218,"UFRA",FALSE,0,FALSE,0.104722222222222,NA,"0101000000C51B9947FE1A54C040C1C58A1A7C3C40",TRUE,"568_-1611",2019-12-11 00:25:28,NA,FALSE,NA,28.4848,-80.4218,2017-10-16 13:55:12,"130777",NA,"Rachycentron canadum",NA,NA,NA,NA,NA,"UF09","570_-1608","A69-9001-19025",0.104722222222222,NA,"1a107548-1167-46bd-824d-14dd9236c933",0,2017
"927",NA,"COBCRP-0-20171020_redeployments","UFRA","A69-1601","COBCRP","cobia",FALSE,"Daryl Parkyn","Daryl Parkyn",2018-02-12,2018-02-12 06:45:00,2025-02-26,28.5578,-80.4206,"UFRA",FALSE,0,FALSE,0.0333333333333333,NA,"010100000070EB6E9EEA1A54C074B515FBCB8E3C40",TRUE,"564_-1612",2019-04-07 12:51:34,NA,FALSE,NA,28.5578,-80.4206,2018-02-12 06:43:00,"130797",NA,"Rachycentron canadum",NA,NA,NA,NA,NA,"UF05","571_-1608","A69-1601-54494",0.0333333333333333,NA,"1a125420-0bda-4aef-8819-d17474477960",0,2018
"928",NA,"COBCRP-102-20171019","UFRA","A69-9001","COBCRP","cobia",FALSE,"Daryl Parkyn","Daryl Parkyn",2018-08-12,2018-08-12 10:15:00,2025-02-26,28.3955,-80.5054,"UFRA",FALSE,0,FALSE,0.0166666666666666,NA,"0101000000A3AF20CD582054C0B03DB32440653C40",TRUE,"568_-1611",2019-12-11 00:25:28,NA,FALSE,NA,28.3955,-80.5054,2018-08-12 10:14:00,"130787",NA,"Rachycentron canadum",NA,NA,NA,NA,NA,"UF17","568_-1610","A69-9001-19025",0.0166666666666666,NA,"1a1ed9a1-690b-4f43-8765-98d53ccc822f",0,2018
"929",NA,"COBCRP-0-20171020_redeployments","UFRA","A69-1601","COBCRP","cobia",FALSE,"Daryl Parkyn","Daryl Parkyn",2018-10-18,2018-10-18 12:54:00,2025-02-26,28.429,-80.4164,"UFRA",FALSE,0,FALSE,0.0166666666666666,NA,"010100000046425BCEA51A54C0A04FE449D26D3C40",TRUE,"564_-1612",2019-04-07 12:51:34,NA,FALSE,NA,28.429,-80.4164,2018-10-18 12:53:00,"130791",NA,"Rachycentron canadum",NA,NA,NA,NA,NA,"UF11","569_-1608","A69-1601-54494",0.0166666666666666,NA,"1a23e9a6-d931-45ae-80b7-9383fd3b90ff",0,2018
"930",NA,"COBCRP-85-20171019","Kessel","A69-9001","COBCRP","cobia",FALSE,NA,NA,2016-09-22,2016-09-22 07:24:00,2020-05-29,26.9901,-80.025,"Kessel",FALSE,0,FALSE,0.0055555555555555,NA,NA,TRUE,"541_-1601",2017-11-01 16:02:00,NA,FALSE,NA,26.9901,-80.025,2016-09-22 07:23:40,"102608",NA,"Rachycentron canadum",NA,NA,NA,NA,NA,"BBPTR","540_-1600","A69-9001-19013",0.0055555555555555,NA,"1a2e18ad-5e1f-4da3-8da2-99b9d1f7a272",0,2016
"931",NA,"COBCRP-117-20170426","UFRA","A69-9001","COBCRP","cobia",FALSE,"Daryl Parkyn","Daryl Parkyn",2017-10-28,2017-10-28 16:40:09,2025-02-26,28.5331,-80.4052,"UFRA",FALSE,0,FALSE,0.0213888888888888,NA,"01010000005DFE43FAED1954C08D7A884677883C40",TRUE,"622_-1624",2018-05-11 16:04:03,NA,FALSE,NA,28.5331,-80.4052,2017-10-28 16:38:52,"130778",NA,"Rachycentron canadum",NA,NA,NA,NA,NA,"UF07","571_-1608","A69-9001-19112",0.0213888888888888,NA,"1a2ef134-d600-4763-a376-ab486ba9d53f",0,2017
"932",NA,"COBCRP-106-20171019","UFRA","A69-9001","COBCRP","cobia",FALSE,"Daryl Parkyn","Daryl Parkyn",2017-02-06,2017-02-06 02:33:00,2025-02-26,28.533,-80.4052,"UFRA",FALSE,0,FALSE,0.0166666666666666,NA,"0101000000A4AA09A2EE1954C02A1DACFF73883C40",TRUE,"574_-1609",2017-07-21 20:08:19,NA,FALSE,NA,28.533,-80.4052,2017-02-06 02:32:00,"130781",NA,"Rachycentron canadum",NA,NA,NA,NA,NA,"UF07","571_-1608","A69-9001-19016",0.0166666666666666,NA,"1a3a15bd-83a1-4574-acec-769c94a36dcf",0,2017
"933",NA,"COBCRP-66-20171019","Elizabeth Miller","A69-9001","COBCRP","cobia",FALSE,NA,NA,2018-05-14,2018-05-14 12:35:00,2020-06-05,32.3861,-80.7813,"Elizabeth Miller",FALSE,0,FALSE,0.883333333333333,NA,NA,TRUE,"648_-1616",2018-12-05 23:58:00,NA,FALSE,NA,32.3861,-80.7813,2018-05-14 11:42:00,"111679",NA,"Rachycentron canadum",NA,NA,NA,NA,NA,"Mid Broad","648_-1616","A69-9001-19091",0.883333333333333,NA,"1a3a5a60-2d5e-4e0a-b39e-9a890c1705c3",0,2018
"934",NA,"COBCRP-0-20171020_redeployments","UFRA","A69-1601","COBCRP","cobia",FALSE,"Daryl Parkyn","Daryl Parkyn",2018-10-18,2018-10-18 15:40:00,2025-02-26,28.447,-80.4177,"UFRA",FALSE,0.0242932118866669,FALSE,0.0186111111111111,NA,"0101000000B8239C16BC1A54C0DF4F8D976E723C40",TRUE,"564_-1612",2019-04-07 12:51:34,NA,FALSE,NA,28.4472,-80.4178,2018-10-18 15:38:53,"130781",NA,"Rachycentron canadum",NA,NA,NA,NA,NA,"UF23","569_-1608","A69-1601-54494",0.0186111111111111,NA,"1a4d60e4-ec04-457a-87d1-5033c955cdb6",1.3053069073433,2018
"935",NA,"COBCRP-0-20171020_redeployments","UFRA","A69-1601","COBCRP","cobia",FALSE,"Daryl Parkyn","Daryl Parkyn",2019-04-01,2019-04-01 04:59:00,2025-02-26,28.3955,-80.5054,"UFRA",FALSE,0,FALSE,0.05,NA,"0101000000A3AF20CD582054C0B03DB32440653C40",TRUE,"564_-1612",2019-04-07 12:51:34,NA,FALSE,NA,28.3955,-80.5054,2019-04-01 04:56:00,"130777",NA,"Rachycentron canadum",NA,NA,NA,NA,NA,"UF17","568_-1610","A69-1601-54494",0.0333333333333333,NA,"1a6ef28c-42f1-4d7a-b63b-2a2a18a1602c",0,2019
"936",NA,"COBCRP-0-20171020_redeployments","UFRA","A69-1601","COBCRP","cobia",FALSE,"Daryl Parkyn","Daryl Parkyn",2018-02-27,2018-02-27 00:41:00,2025-02-26,28.5884,-80.4894,"UFRA",FALSE,0,FALSE,0.0113888888888888,NA,"01010000009AEB34D2521F54C082A8FB00A4963C40",TRUE,"564_-1612",2019-04-07 12:51:34,NA,FALSE,NA,28.5884,-80.4894,2018-02-27 00:40:19,"130798",NA,"Rachycentron canadum",NA,NA,NA,NA,NA,"UF01","572_-1610","A69-1601-54494",0.0113888888888888,NA,"1a79810d-65b5-4545-b650-bf7d9cf8e414",0,2018
"937",NA,"COBCRP-102-20171019","UFRA","A69-9001","COBCRP","cobia",FALSE,"Daryl Parkyn","Daryl Parkyn",2017-11-11,2017-11-11 12:54:42,2025-02-26,28.4848,-80.4218,"UFRA",FALSE,0,FALSE,0.0202777777777777,NA,"0101000000C51B9947FE1A54C040C1C58A1A7C3C40",TRUE,"568_-1611",2019-12-11 00:25:28,NA,FALSE,NA,28.4848,-80.4218,2017-11-11 12:53:29,"130777",NA,"Rachycentron canadum",NA,NA,NA,NA,NA,"UF09","570_-1608","A69-9001-19025",0.0202777777777777,NA,"1a7ca0ae-513a-4d7f-861d-1cef134c8378",0,2017
"938",NA,"COBCRP-2-20171020_redeployments","Kessel","A69-9001","COBCRP","cobia",FALSE,NA,NA,2017-03-20,2017-03-20 18:30:00,2020-05-29,27.0506,-80.0426,"Kessel",FALSE,11.8091846260271,TRUE,167.776944444444,NA,NA,TRUE,"542_-1601",2017-05-26 04:51:37,NA,FALSE,NA,27.1561,-80.0563,2017-03-13 18:43:23,"100288",NA,"Rachycentron canadum",NA,NA,NA,NA,NA,"BBHS","541_-1601","A69-9001-19044",6.3475,NA,"1a802ebe-cf66-475f-8e45-2908ea5647d0",1.86044657361593,2017
"939",NA,"COBCRP-M5477_AT0177","Navy","A69-9001","COBCRP","cobia",FALSE,"Carter Watterson","Carter Waterson",2020-08-28,2020-08-28 19:51:30,2025-02-26,36.8135,-75.7014,"Navy",FALSE,0,FALSE,0.0336111111111111,NA,"0101000000865AD3BCE3EC52C0E3A59BC420684240",TRUE,"570_-1611",2021-03-25 13:49:20,NA,FALSE,NA,36.8135,-75.7014,2020-08-28 19:49:29,"0",NA,"Rachycentron canadum",NA,NA,NA,NA,NA,"SCL 2","736_-1514","A69-9001-7189",0.0336111111111111,NA,"1a859606-58a7-4284-9f28-a5396cb68932",0,2020
"940",NA,"COBCRP-102-20171019","UFRA","A69-9001","COBCRP","cobia",FALSE,"Daryl Parkyn","Daryl Parkyn",2019-01-15,2019-01-15 09:58:00,2025-02-26,28.3987,-80.5495,"UFRA",FALSE,2.48487496474989,FALSE,1.77527777777778,NA,"0101000000CCB4FD2B2B2354C0033E3F8C10663C40",TRUE,"568_-1611",2019-12-11 00:25:28,NA,TRUE,NA,28.4119,-80.57,2019-01-15 08:11:29,"130799",NA,"Rachycentron canadum",NA,NA,NA,NA,NA,"UF19","568_-1611","A69-9001-19025",1.77527777777778,NA,"1a8af931-715a-4b96-8aad-bbeccebcb576",1.39971051057731,2019
"941",NA,"COBCRP-M5472_AT0172","Navy","A69-9001","COBCRP","cobia",FALSE,"Carter Watterson","Carter Waterson",2019-12-09,2019-12-09 21:00:31,2025-02-26,37.0887,-75.9878,"Navy",FALSE,0,FALSE,0.0225,NA,"0101000000906B43C538FF52C0481630815B8B4240",TRUE,"752_-1527",2020-06-19 15:05:59,NA,FALSE,NA,37.0887,-75.9878,2019-12-09 20:59:10,"0",NA,"Rachycentron canadum",NA,NA,NA,NA,NA,"CBBT1","742_-1520","A69-9001-7176",0.0225,NA,"1a9ebebd-91ad-45b3-bf51-4e48cc5184e4",0,2019
"942",NA,"COBCRP-102-20171019","UFRA","A69-9001","COBCRP","cobia",FALSE,"Daryl Parkyn","Daryl Parkyn",2017-12-12,2017-12-12 01:32:33,2025-02-26,28.4554,-80.4308,"UFRA",FALSE,0,FALSE,0.0291666666666666,NA,"0101000000448655BC911B54C0BFF1B56796743C40",TRUE,"568_-1611",2019-12-11 00:25:28,NA,FALSE,NA,28.4554,-80.4308,2017-12-12 01:30:48,"130776",NA,"Rachycentron canadum",NA,NA,NA,NA,NA,"UF22","569_-1609","A69-9001-19025",0.0291666666666666,NA,"1aa32ace-f867-4e1f-a258-d21aa484a447",0,2017
"943",NA,"COBCRP-71-20171019","UNK","A69-9001","COBCRP","cobia",FALSE,NA,NA,2017-05-21,2017-05-21 03:17:00,2020-06-03,32.8602,-79.8937,"UNK",FALSE,0,FALSE,0.0244444444444444,NA,NA,TRUE,"651_-1590",2018-07-18 18:21:27,NA,FALSE,NA,32.8602,-79.8937,2017-05-21 03:15:32,"121654",NA,"Rachycentron canadum",NA,NA,NA,NA,NA,"Coastal- Wando RM 3.5","657_-1598","A69-9001-19063",0.0244444444444444,NA,"1aa7dfe3-46bf-4339-9db0-e830dae9374f",0,2017
"944",NA,"COBCRP-M5310_AT0012","UFRA","A69-9002","COBCRP","cobia",FALSE,"Daryl Parkyn","Daryl Parkyn",2019-11-04,2019-11-04 08:20:00,2025-02-26,28.5763,-80.4805,"UFRA",FALSE,0,FALSE,0.0166666666666666,NA,"0101000000F085C954C11E54C07AAA436E86933C40",TRUE,"587_-1604",2022-05-09 03:35:30,NA,FALSE,NA,28.5763,-80.4805,2019-11-04 08:19:00,"130792",NA,"Rachycentron canadum",NA,NA,NA,"ADC",152,"UF02","572_-1610","A69-9002-11156",0.0166666666666666,NA,"1aaba07f-6582-4e3b-a716-d2904c9a8798",0,2019
"945",NA,"COBCRP-102-20171019","UFRA","A69-9001","COBCRP","cobia",FALSE,"Daryl Parkyn","Daryl Parkyn",2018-02-20,2018-02-20 20:45:00,2025-02-26,28.4472,-80.4178,"UFRA",FALSE,0,FALSE,0.0022222222222222,NA,"01010000006A520ABABD1A54C00A68226C78723C40",TRUE,"568_-1611",2019-12-11 00:25:28,NA,FALSE,NA,28.4472,-80.4178,2018-02-20 20:44:52,"130786",NA,"Rachycentron canadum",NA,NA,NA,NA,NA,"UF23","569_-1608","A69-9001-19025",0.0022222222222222,NA,"1ab026f1-f114-4f09-b5e3-699380fdcbb0",0,2018
"946",NA,"COBCRP-102-20171019","UFRA","A69-9001","COBCRP","cobia",FALSE,"Daryl Parkyn","Daryl Parkyn",2017-12-25,2017-12-25 14:47:00,2025-02-26,28.3912,-80.5206,"UFRA",FALSE,0,FALSE,0.0136111111111111,NA,"01010000002F698CD6512154C0F931E6AE25643C40",TRUE,"568_-1611",2019-12-11 00:25:28,NA,FALSE,NA,28.3912,-80.5206,2017-12-25 14:46:11,"130804",NA,"Rachycentron canadum",NA,NA,NA,NA,NA,"UF18","568_-1610","A69-9001-19025",0.0136111111111111,NA,"1abc975e-146f-42ac-9b6d-d2d9644c4bbb",0,2017
"947",NA,"COBCRP-M5472_AT0172","Navy","A69-9001","COBCRP","cobia",FALSE,"Carter Watterson","Carter Waterson",2019-06-25,2019-06-25 14:31:07,2025-02-26,37.0157,-76.0474,"Navy",FALSE,0,FALSE,NA,NA,"01010000007E8CB96B090353C07CED992501824240",TRUE,"752_-1527",2020-06-19 15:05:59,NA,FALSE,NA,37.0157,-76.0474,NA,"0",NA,"Rachycentron canadum",NA,NA,NA,NA,NA,"B11","740_-1521","A69-9001-7176",0.294722222222222,NA,"1ac5f6ce-9650-449c-ba2d-4393ce99fdc0",0,2019
"948",NA,"COBCRP-TT1297","Navy","A69-9001","COBCRP","cobia",FALSE,"Carter Watterson","Carter Waterson",2019-08-29,2019-08-29 09:39:32,2025-02-26,37.0076,-76.0955,"Navy",FALSE,0,FALSE,2.04722222222222,NA,"0101000000273108AC1C0653C08CB96B09F9804240",TRUE,"740_-1522",2021-06-26 11:52:28,NA,FALSE,NA,37.0076,-76.0955,2019-08-29 07:36:42,"0",NA,"Rachycentron canadum",NA,NA,NA,NA,NA,"CBBT3","740_-1522","A69-9001-7096",2.04722222222222,NA,"1ad24f8f-e083-4988-8870-f711aa9de49d",0,2019
"949",NA,"COBCRP-M5310_AT0012","UFRA","A69-9002","COBCRP","cobia",FALSE,"Daryl Parkyn","Daryl Parkyn",2019-11-04,2019-11-04 08:25:00,2025-02-26,28.5763,-80.4805,"UFRA",FALSE,0,FALSE,0.0166666666666666,NA,"0101000000F085C954C11E54C07AAA436E86933C40",TRUE,"587_-1604",2022-05-09 03:35:30,NA,FALSE,NA,28.5763,-80.4805,2019-11-04 08:24:00,"130792",NA,"Rachycentron canadum",NA,NA,NA,"ADC",152,"UF02","572_-1610","A69-9002-11156",0.0166666666666666,NA,"1ad26110-5c53-4833-996b-25b93e6c25ac",0,2019
"950",NA,"COBCRP-10-20171019","UFRA","A69-1601","COBCRP","cobia",FALSE,"Daryl Parkyn","Daryl Parkyn",2017-04-30,2017-04-30 22:34:00,2025-02-26,28.447,-80.4177,"UFRA",FALSE,0.0242932118866669,FALSE,0.0161111111111111,NA,"0101000000B8239C16BC1A54C0DF4F8D976E723C40",TRUE,"570_-1607",2017-12-01 19:19:07,NA,FALSE,NA,28.4472,-80.4178,2017-04-30 22:33:02,"130797",NA,"Rachycentron canadum",NA,NA,NA,NA,NA,"UF23","569_-1608","A69-1601-54488",0.0161111111111111,NA,"1ad7f681-ce92-4740-8828-c6a02e02d3ae",1.50785453089657,2017
"951",NA,"COBCRP-97-20171019","UFRA","A69-9001","COBCRP","cobia",FALSE,"Daryl Parkyn","Daryl Parkyn",2017-07-18,2017-07-18 08:18:00,2025-02-26,28.447,-80.4177,"UFRA",FALSE,0.0242932118866669,FALSE,0.0141666666666666,NA,"0101000000B8239C16BC1A54C0DF4F8D976E723C40",TRUE,"571_-1607",2018-06-06 07:33:01,NA,FALSE,NA,28.4472,-80.4178,2017-07-18 08:17:09,"130797",NA,"Rachycentron canadum",NA,NA,NA,NA,NA,"UF23","569_-1608","A69-9001-19011",0.0141666666666666,NA,"1ae69ee2-48a4-467e-8fde-6bfb2a9ede2f",1.7148149567059,2017
"952",NA,"COBCRP-1253674-2017-06-24","UFRA","A69-9002","COBCRP","cobia",FALSE,"Daryl Parkyn","Daryl Parkyn",2017-07-29,2017-07-29 08:02:17,2025-02-26,28.5221,-80.4156,"UFRA",FALSE,0,FALSE,0.0277777777777777,NA,"0101000000B8CCE9B2981A54C0D93D7958A8853C40",TRUE,"570_-1608",2017-11-07 21:55:00,NA,FALSE,NA,28.5221,-80.4156,2017-07-29 08:00:37,"130787",NA,"Rachycentron canadum",NA,NA,NA,"°C",25.7316,"UF06","570_-1608","A69-9002-11154",0.0277777777777777,NA,"1ae93b0a-1243-468e-95de-aa903ee580c8",0,2017
"953",NA,"COBCRP-102-20171019","UFRA","A69-9001","COBCRP","cobia",FALSE,"Daryl Parkyn","Daryl Parkyn",2018-10-11,2018-10-11 23:33:00,2025-02-26,28.4554,-80.4308,"UFRA",FALSE,1.56166138146761,FALSE,5.16666666666667,NA,"010100000021B07268911B54C0A3409FC893743C40",TRUE,"568_-1611",2019-12-11 00:25:28,NA,FALSE,NA,28.4674,-80.4225,2018-10-11 18:23:00,"130804",NA,"Rachycentron canadum",NA,NA,NA,NA,NA,"UF22","569_-1609","A69-9001-19025",2.45,NA,"1ae95f61-6b1e-4003-b3af-65884ab3f885",0.637412808762289,2018
"954",NA,"COBCRP-51-20171019","Kessel","A69-1601","COBCRP","cobia",FALSE,NA,NA,2016-10-06,2016-10-06 16:29:00,2020-05-29,26.9901,-80.025,"Kessel",FALSE,0,FALSE,0.0666666666666666,NA,NA,TRUE,"549_-1603",2017-03-29 23:58:59,NA,FALSE,NA,26.9901,-80.025,2016-10-06 16:25:00,"102608",NA,"Rachycentron canadum",NA,NA,NA,NA,NA,"BBPTR","540_-1600","A69-1601-54503",0.0666666666666666,NA,"1af98bae-9361-48a1-b838-1abda4d736c2",0,2016
"955",NA,"COBCRP-85-20171019","Kessel","A69-9001","COBCRP","cobia",FALSE,NA,NA,2016-10-13,2016-10-13 07:29:00,2020-05-29,26.9901,-80.025,"Kessel",FALSE,0,FALSE,0.0225,NA,NA,TRUE,"541_-1601",2017-11-01 16:02:00,NA,FALSE,NA,26.9901,-80.025,2016-10-13 07:27:39,"102608",NA,"Rachycentron canadum",NA,NA,NA,NA,NA,"BBPTR","540_-1600","A69-9001-19013",0.0225,NA,"1afc0ed2-a48d-4ad3-bde6-965c8043ba17",0,2016
"956",NA,"COBCRP-102-20171019","UFRA","A69-9001","COBCRP","cobia",FALSE,"Daryl Parkyn","Daryl Parkyn",2018-02-13,2018-02-13 01:02:00,2025-02-26,28.4674,-80.4225,"UFRA",FALSE,0,FALSE,0.0055555555555555,NA,"010100000090F7AA95091B54C0AC21718FA5773C40",TRUE,"568_-1611",2019-12-11 00:25:28,NA,FALSE,NA,28.4674,-80.4225,2018-02-13 01:01:40,"130800",NA,"Rachycentron canadum",NA,NA,NA,NA,NA,"UF21","569_-1608","A69-9001-19025",0.0055555555555555,NA,"1b0e189d-f43d-4907-9173-0b1b813e16f1",0,2018
"957",NA,"COBCRP-33-20171019","Marens","A69-9001","COBCRP","cobia",FALSE,NA,NA,2016-09-25,2016-09-25 13:04:00,2020-06-05,33.9586,-77.5575,"Marens",FALSE,0,FALSE,0.0333333333333333,NA,NA,TRUE,"699_-1518",2020-07-30 08:07:17,NA,FALSE,NA,33.9586,-77.5575,2016-09-25 13:02:00,"0",NA,"Rachycentron canadum",NA,NA,NA,NA,NA,"AR-386","679_-1551","A69-9001-19040",0.0333333333333333,NA,"1b1599a9-7bb1-42b7-bbb6-fca5be741a74",0,2016
"958",NA,"COBCRP-85-20171019","Kessel","A69-9001","COBCRP","cobia",FALSE,NA,NA,2016-10-13,2016-10-13 07:12:00,2020-05-29,26.9901,-80.025,"Kessel",FALSE,0,FALSE,0.0333333333333333,NA,NA,TRUE,"541_-1601",2017-11-01 16:02:00,NA,FALSE,NA,26.9901,-80.025,2016-10-13 07:10:00,"102608",NA,"Rachycentron canadum",NA,NA,NA,NA,NA,"BBPTR","540_-1600","A69-9001-19013",0.0333333333333333,NA,"1b161c4d-ead1-4cdc-88c7-09ed1dfa6206",0,2016
"959",NA,"COBCRP-96-20171019","UFRA","A69-9001","COBCRP","cobia",FALSE,"Daryl Parkyn","Daryl Parkyn",2017-08-06,2017-08-06 13:26:00,2025-02-26,28.5221,-80.4155,"UFRA",FALSE,0,FALSE,0.0166666666666666,NA,"0101000000E3C798BB961A54C076E09C11A5853C40",TRUE,"570_-1608",2017-08-06 13:34:00,NA,FALSE,NA,28.5221,-80.4155,2017-08-06 13:25:00,"130780",NA,"Rachycentron canadum",NA,NA,NA,NA,NA,"UF06","570_-1608","A69-9001-19009",0.0166666666666666,NA,"1b17cdca-37a9-49a4-b6c9-8d6c707e14d1",0,2017
"960",NA,"COBCRP-NASA1564","Navy","A69-9001","COBCRP","cobia",FALSE,"Carter Watterson","Carter Waterson",2019-09-30,2019-09-30 04:58:26,2025-02-26,36.99,-76.0132,"Navy",FALSE,0,FALSE,0.0330555555555555,NA,"010100000074D2FBC6D70053C0425BCEA5B87E4240",TRUE,"685_-1531",2022-11-23 02:05:00,NA,FALSE,NA,36.99,-76.0132,2019-09-30 04:56:27,"0",NA,"Rachycentron canadum",NA,NA,NA,NA,NA,"B7","740_-1520","A69-9001-13161",0.0330555555555555,NA,"1b31915b-b33c-4f88-8e5b-831cd09dafa8",0,2019
"961",NA,"COBCRP-0-20171020_redeployments","UFRA","A69-1601","COBCRP","cobia",FALSE,"Daryl Parkyn","Daryl Parkyn",2018-04-14,2018-04-14 12:23:00,2025-02-26,28.4977,-80.4168,"UFRA",FALSE,1.51535958687939,FALSE,0.131944444444444,NA,"010100000031D3F6AFAC1A54C08195438B6C7F3C40",TRUE,"564_-1612",2019-04-07 12:51:34,NA,FALSE,NA,28.4848,-80.4218,2018-04-14 12:15:05,"130799",NA,"Rachycentron canadum",NA,NA,NA,NA,NA,"UF08","570_-1608","A69-1601-54494",0.131944444444444,NA,"1b396ba1-a063-4d1d-8404-373b61eb16f7",11.4848305531911,2018
"962",NA,"COBCRP-NASA1564","Navy","A69-9001","COBCRP","cobia",FALSE,"Carter Watterson","Carter Waterson",2019-09-25,2019-09-25 05:27:14,2025-02-26,36.8162,-75.7599,"Navy",FALSE,0,FALSE,0.0233333333333333,NA,"010100000006BB61DBA2F052C03FA9F6E978684240",TRUE,"685_-1531",2022-11-23 02:05:00,NA,FALSE,NA,36.8162,-75.7599,2019-09-25 05:25:50,"0",NA,"Rachycentron canadum",NA,NA,NA,NA,NA,"CB","736_-1515","A69-9001-13161",0.0233333333333333,NA,"1b3f9af8-e64f-4b35-aaaa-2f4665b08f7d",0,2019
"963",NA,"COBCRP-TT1297","navy_windfarm","A69-9001","COBCRP","cobia",FALSE,"Christian Hager","Christian Hager",2019-11-08,2019-11-08 06:25:00,2025-02-26,36.709,-75.8344,"Navy",FALSE,0.0111194926640349,FALSE,0.0191666666666666,NA,"010100000013F241CF66F552C0986E1283C05A4240",TRUE,"740_-1522",2021-06-26 11:52:28,NA,FALSE,NA,36.7091,-75.8344,2019-11-08 06:23:51,"547044",NA,"Rachycentron canadum",NA,NA,NA,NA,NA,"Boem 10","734_-1517","A69-9001-7096",0.0191666666666666,NA,"1b407845-390f-4f15-9932-a1033053a9dd",0.580147443340952,2019
"964",NA,"COBCRP-117-20170426","UFRA","A69-9001","COBCRP","cobia",FALSE,"Daryl Parkyn","Daryl Parkyn",2017-12-12,2017-12-12 21:14:47,2025-02-26,28.4554,-80.4308,"UFRA",FALSE,0,FALSE,0.0127777777777777,NA,"0101000000448655BC911B54C0BFF1B56796743C40",TRUE,"622_-1624",2018-05-11 16:04:03,NA,FALSE,NA,28.4554,-80.4308,2017-12-12 21:14:01,"130776",NA,"Rachycentron canadum",NA,NA,NA,NA,NA,"UF22","569_-1609","A69-9001-19112",0.0127777777777777,NA,"1b42eda5-7d1a-420a-bfd6-260d785de92a",0,2017
"965",NA,"COBCRP-102-20171019","UFRA","A69-9001","COBCRP","cobia",FALSE,"Daryl Parkyn","Daryl Parkyn",2018-02-13,2018-02-13 00:52:00,2025-02-26,28.4674,-80.4225,"UFRA",FALSE,0,FALSE,0.0127777777777777,NA,"010100000090F7AA95091B54C0AC21718FA5773C40",TRUE,"568_-1611",2019-12-11 00:25:28,NA,FALSE,NA,28.4674,-80.4225,2018-02-13 00:51:14,"130800",NA,"Rachycentron canadum",NA,NA,NA,NA,NA,"UF21","569_-1608","A69-9001-19025",0.0127777777777777,NA,"1b48368c-a72e-4493-b8e2-27d502c23c23",0,2018
"966",NA,"COBCRP-10-20171019","UFRA","A69-1601","COBCRP","cobia",FALSE,"Daryl Parkyn","Daryl Parkyn",2017-07-09,2017-07-09 10:02:30,2025-02-26,28.3888,-80.4672,"UFRA",FALSE,0,FALSE,0.0288888888888888,NA,"0101000000E4141DC9E51D54C0C156091687633C40",TRUE,"570_-1607",2017-12-01 19:19:07,NA,FALSE,NA,28.3888,-80.4672,2017-07-09 10:00:46,"130784",NA,"Rachycentron canadum",NA,NA,NA,NA,NA,"UF16","568_-1609","A69-1601-54488",0.0288888888888888,NA,"1b4d3a81-636c-4a16-bbbd-e0ffd9a3047f",0,2017
"967",NA,"COBCRP-66-20171019","Elizabeth Miller","A69-9001","COBCRP","cobia",FALSE,NA,NA,2018-05-21,2018-05-21 20:20:00,2020-06-05,32.3861,-80.7813,"Elizabeth Miller",FALSE,0,FALSE,0.0166666666666666,NA,NA,TRUE,"648_-1616",2018-12-05 23:58:00,NA,FALSE,NA,32.3861,-80.7813,2018-05-21 20:19:00,"111679",NA,"Rachycentron canadum",NA,NA,NA,NA,NA,"Mid Broad","648_-1616","A69-9001-19091",0.0166666666666666,NA,"1b51b3ea-252c-4036-bcf9-2fb836602979",0,2018
"968",NA,"COBCRP-66-20171019","Elizabeth Miller","A69-9001","COBCRP","cobia",FALSE,NA,NA,2018-11-05,2018-11-05 19:41:00,2020-06-05,32.3861,-80.7813,"Elizabeth Miller",FALSE,0,TRUE,10.6666666666667,NA,NA,TRUE,"648_-1616",2018-12-05 23:58:00,NA,FALSE,NA,32.3861,-80.7813,2018-11-05 09:01:00,"111679",NA,"Rachycentron canadum",NA,NA,NA,NA,NA,"Mid Broad","648_-1616","A69-9001-19091",10.6666666666667,NA,"1b5ec4a0-498d-4ba8-8583-036e39a40aa1",0,2018
"969",NA,"COBCRP-97-20171019","UFRA","A69-9001","COBCRP","cobia",FALSE,"Daryl Parkyn","Daryl Parkyn",2017-10-28,2017-10-28 13:39:16,2025-02-26,28.5221,-80.4156,"UFRA",FALSE,0,FALSE,0.0116666666666666,NA,"0101000000B8CCE9B2981A54C0D93D7958A8853C40",TRUE,"571_-1607",2018-06-06 07:33:01,NA,FALSE,NA,28.5221,-80.4156,2017-10-28 13:38:34,"130787",NA,"Rachycentron canadum",NA,NA,NA,NA,NA,"UF06","570_-1608","A69-9001-19011",0.0116666666666666,NA,"1b677856-62ff-4db8-96ae-d009a4881eea",0,2017
"970",NA,"COBCRP-TT1297","Navy","A69-9001","COBCRP","cobia",FALSE,"Carter Watterson","Carter Waterson",2020-02-07,2020-02-07 22:05:01,2025-02-26,36.8259,-75.8504,"Navy",FALSE,0,FALSE,0.0311111111111111,NA,"010100000075CDE49B6DF652C068B3EA73B5694240",TRUE,"740_-1522",2021-06-26 11:52:28,NA,FALSE,NA,36.8259,-75.8504,2020-02-07 22:03:09,"0",NA,"Rachycentron canadum",NA,NA,NA,NA,NA,"RAOutside","737_-1517","A69-9001-7096",0.0311111111111111,NA,"1b69a803-eaaa-4356-8f5d-a48be560938e",0,2020
"971",NA,"COBCRP-102-20171019","UFRA","A69-9001","COBCRP","cobia",FALSE,"Daryl Parkyn","Daryl Parkyn",2017-12-23,2017-12-23 01:41:00,2025-02-26,28.3888,-80.4672,"UFRA",FALSE,0,FALSE,0.0352777777777777,NA,"0101000000E4141DC9E51D54C0C156091687633C40",TRUE,"568_-1611",2019-12-11 00:25:28,NA,FALSE,NA,28.3888,-80.4672,2017-12-23 01:38:53,"130787",NA,"Rachycentron canadum",NA,NA,NA,NA,NA,"UF16","568_-1609","A69-9001-19025",0.0352777777777777,NA,"1b7b735c-e5db-4e42-99f8-1cbe567e2915",0,2017
"972",NA,"COBCRP-102-20171019","UFRA","A69-9001","COBCRP","cobia",FALSE,"Daryl Parkyn","Daryl Parkyn",2019-12-01,2019-12-01 09:14:00,2025-02-26,28.3987,-80.5495,"UFRA",FALSE,0,FALSE,0.0333333333333333,NA,"0101000000CCB4FD2B2B2354C0033E3F8C10663C40",TRUE,"568_-1611",2019-12-11 00:25:28,NA,TRUE,NA,28.3987,-80.5495,2019-12-01 09:12:00,"130799",NA,"Rachycentron canadum",NA,NA,NA,NA,NA,"UF19","568_-1611","A69-9001-19025",0.0333333333333333,NA,"1b7d2cae-ddaa-440d-80b5-a5ec9e40e11a",0,2019
"973",NA,"COBCRP-117-20170426","UFRA","A69-9001","COBCRP","cobia",FALSE,"Daryl Parkyn","Daryl Parkyn",2017-12-13,2017-12-13 00:49:39,2025-02-26,28.4674,-80.4225,"UFRA",FALSE,0,FALSE,0.0061111111111111,NA,"0101000000D7A3703D0A1B54C0E4839ECDAA773C40",TRUE,"622_-1624",2018-05-11 16:04:03,NA,FALSE,NA,28.4674,-80.4225,2017-12-13 00:49:17,"130797",NA,"Rachycentron canadum",NA,NA,NA,NA,NA,"UF21","569_-1608","A69-9001-19112",0.0061111111111111,NA,"1b84b9ee-d18a-4183-91fc-1fc838672cae",0,2017
"974",NA,"COBCRP-66-20171019","Elizabeth Miller","A69-9001","COBCRP","cobia",FALSE,NA,NA,2018-05-22,2018-05-22 18:28:00,2020-06-05,32.3861,-80.7813,"Elizabeth Miller",FALSE,0,FALSE,0.0333333333333333,NA,NA,TRUE,"648_-1616",2018-12-05 23:58:00,NA,FALSE,NA,32.3861,-80.7813,2018-05-22 18:26:00,"111679",NA,"Rachycentron canadum",NA,NA,NA,NA,NA,"Mid Broad","648_-1616","A69-9001-19091",0.0333333333333333,NA,"1b97e310-36f0-4790-87de-5b4836ee1bd0",0,2018
"975",NA,"COBCRP-102-20171019","UFRA","A69-9001","COBCRP","cobia",FALSE,"Daryl Parkyn","Daryl Parkyn",2018-10-18,2018-10-18 17:01:00,2025-02-26,28.4977,-80.4168,"UFRA",FALSE,0.0222389853292549,FALSE,0.0136111111111111,NA,"010100000031D3F6AFAC1A54C08195438B6C7F3C40",TRUE,"568_-1611",2019-12-11 00:25:28,NA,FALSE,NA,28.4979,-80.4168,2018-10-18 17:00:11,"130805",NA,"Rachycentron canadum",NA,NA,NA,NA,NA,"UF08","570_-1608","A69-9001-19025",0.0136111111111111,NA,"1ba50740-754b-444b-aca2-24018509787b",1.63388463643506,2018
"976",NA,"COBCRP-TT1297","Navy","A69-9001","COBCRP","cobia",FALSE,"Carter Watterson","Carter Waterson",2019-06-29,2019-06-29 04:59:20,2025-02-26,36.9414,-76.1798,"Navy",FALSE,0.708989683482306,FALSE,0.493333333333333,NA,"0101000000651EF983810B53C04D10751F80784240",TRUE,"740_-1522",2021-06-26 11:52:28,NA,FALSE,NA,36.9382,-76.1729,2019-06-29 04:29:44,"0",NA,"Rachycentron canadum",NA,NA,NA,NA,NA,"LC2","739_-1524","A69-9001-7096",0.174722222222222,NA,"1bbdc287-68e3-457c-86fc-0683772ff0f7",4.05781058908792,2019
"977",NA,"COBCRP-102-20171019","UFRA","A69-9001","COBCRP","cobia",FALSE,"Daryl Parkyn","Daryl Parkyn",2017-10-16,2017-10-16 20:41:08,2025-02-26,28.4674,-80.4225,"UFRA",FALSE,0,FALSE,0.0036111111111111,NA,"0101000000D7A3703D0A1B54C0E4839ECDAA773C40",TRUE,"568_-1611",2019-12-11 00:25:28,NA,FALSE,NA,28.4674,-80.4225,2017-10-16 20:40:55,"130797",NA,"Rachycentron canadum",NA,NA,NA,NA,NA,"UF21","569_-1608","A69-9001-19025",0.0036111111111111,NA,"1bc11578-5b0f-43ce-a0a4-60658d9f6165",0,2017
"978",NA,"COBCRP-85-20171019","Kessel","A69-9001","COBCRP","cobia",FALSE,NA,NA,2016-10-13,2016-10-13 08:02:00,2020-05-29,26.9901,-80.025,"Kessel",FALSE,0,FALSE,0.0777777777777777,NA,NA,TRUE,"541_-1601",2017-11-01 16:02:00,NA,FALSE,NA,26.9901,-80.025,2016-10-13 07:57:20,"102608",NA,"Rachycentron canadum",NA,NA,NA,NA,NA,"BBPTR","540_-1600","A69-9001-19013",0.0777777777777777,NA,"1bcd133d-e0e6-4e00-b08e-30a40831dea6",0,2016
"979",NA,"COBCRP-102-20171019","UFRA","A69-9001","COBCRP","cobia",FALSE,"Daryl Parkyn","Daryl Parkyn",2018-08-12,2018-08-12 06:48:00,2025-02-26,28.3955,-80.5054,"UFRA",FALSE,0,FALSE,0.0333333333333333,NA,"0101000000A3AF20CD582054C0B03DB32440653C40",TRUE,"568_-1611",2019-12-11 00:25:28,NA,FALSE,NA,28.3955,-80.5054,2018-08-12 06:46:00,"130787",NA,"Rachycentron canadum",NA,NA,NA,NA,NA,"UF17","568_-1610","A69-9001-19025",0.0333333333333333,NA,"1bcd4cdb-cd0d-4a9a-8155-f87c0e5aea8e",0,2018
"980",NA,"COBCRP-0-20171020_redeployments","UFRA","A69-1601","COBCRP","cobia",FALSE,"Daryl Parkyn","Daryl Parkyn",2018-01-12,2018-01-12 11:57:00,2025-02-26,28.5704,-80.4447,"UFRA",FALSE,0,FALSE,0.0166666666666666,NA,"01010000005839B4C8761C54C0E04A766C04923C40",TRUE,"564_-1612",2019-04-07 12:51:34,NA,FALSE,NA,28.5704,-80.4447,2018-01-12 11:56:00,"130789",NA,"Rachycentron canadum",NA,NA,NA,NA,NA,"UF03","571_-1609","A69-1601-54494",0.0166666666666666,NA,"1bd0e51c-6bc8-4473-9b6a-5b6256f16e22",0,2018
"981",NA,"COBCRP-M5310_AT0012","UFRA","A69-9002","COBCRP","cobia",FALSE,"Daryl Parkyn","Daryl Parkyn",2019-09-04,2019-09-04 04:56:00,2025-02-26,28.5884,-80.4894,"UFRA",FALSE,0,FALSE,0.0166666666666666,NA,"01010000009AEB34D2521F54C082A8FB00A4963C40",TRUE,"587_-1604",2022-05-09 03:35:30,NA,FALSE,NA,28.5884,-80.4894,2019-09-04 04:55:00,"130798",NA,"Rachycentron canadum",NA,NA,NA,"ADC",149,"UF01","572_-1610","A69-9002-11156",0.0166666666666666,NA,"1bd0f18d-2f2b-4021-8003-ec75498a1f79",0,2019
"982",NA,"COBCRP-102-20171019","UFRA","A69-9001","COBCRP","cobia",FALSE,"Daryl Parkyn","Daryl Parkyn",2018-10-18,2018-10-18 17:23:00,2025-02-26,28.4977,-80.4168,"UFRA",FALSE,0.0222389853292549,FALSE,0.0130555555555555,NA,"010100000031D3F6AFAC1A54C08195438B6C7F3C40",TRUE,"568_-1611",2019-12-11 00:25:28,NA,FALSE,NA,28.4979,-80.4168,2018-10-18 17:22:13,"130805",NA,"Rachycentron canadum",NA,NA,NA,NA,NA,"UF08","570_-1608","A69-9001-19025",0.0130555555555555,NA,"1bd4a0b9-e3f6-47ee-a972-10a925e3c041",1.70341164224081,2018
"983",NA,"COBCRP-0-20171020_redeployments","UFRA","A69-1601","COBCRP","cobia",FALSE,"Daryl Parkyn","Daryl Parkyn",2018-04-14,2018-04-14 13:21:00,2025-02-26,28.5221,-80.4155,"UFRA",FALSE,0,FALSE,0.0333333333333333,NA,"0101000000E3C798BB961A54C076E09C11A5853C40",TRUE,"564_-1612",2019-04-07 12:51:34,NA,FALSE,NA,28.5221,-80.4155,2018-04-14 13:19:00,"130803",NA,"Rachycentron canadum",NA,NA,NA,NA,NA,"UF06","570_-1608","A69-1601-54494",0.0333333333333333,NA,"1bd7c562-927d-4537-891c-851080ce1ccd",0,2018
"984",NA,"COBCRP-M5310_AT0012","UFRA","A69-9002","COBCRP","cobia",FALSE,"Daryl Parkyn","Daryl Parkyn",2019-07-04,2019-07-04 15:26:00,2025-02-26,28.5763,-80.4805,"UFRA",FALSE,0,FALSE,0.0333333333333333,NA,"0101000000F085C954C11E54C07AAA436E86933C40",TRUE,"587_-1604",2022-05-09 03:35:30,NA,FALSE,NA,28.5763,-80.4805,2019-07-04 15:24:00,"130792",NA,"Rachycentron canadum",NA,NA,NA,"ADC",145,"UF02","572_-1610","A69-9002-11156",0.0333333333333333,NA,"1bdaec25-1b0f-4c46-ba41-f6104d44ee55",0,2019
"985",NA,"COBCRP-130-20171019","UFRA","A69-9001","COBCRP","cobia",FALSE,"Daryl Parkyn","Daryl Parkyn",2018-09-27,2018-09-27 14:29:00,2025-02-26,28.4674,-80.4225,"UFRA",FALSE,0,FALSE,0.0194444444444444,NA,"010100000090F7AA95091B54C0AC21718FA5773C40",TRUE,"574_-1609",2019-05-22 18:31:53,NA,FALSE,NA,28.4674,-80.4225,2018-09-27 14:27:50,"130776",NA,"Rachycentron canadum",NA,NA,NA,NA,NA,"UF21","569_-1608","A69-9001-23438",0.0194444444444444,NA,"1bdf5bb0-d6df-4434-8521-3fc91302d2dc",0,2018
"986",NA,"COBCRP-135-20171019","UFRA","A69-9001","COBCRP","cobia",FALSE,"Daryl Parkyn","Daryl Parkyn",2017-04-06,2017-04-06 04:44:00,2025-02-26,28.4847,-80.4216,"UFRA",FALSE,0,FALSE,0.0333333333333333,NA,"0101000000F0164850FC1A54C079060DFD137C3C40",TRUE,"569_-1608",2017-06-05 18:16:00,NA,FALSE,NA,28.4847,-80.4216,2017-04-06 04:42:00,"130783",NA,"Rachycentron canadum",NA,NA,NA,NA,NA,"UF09","570_-1608","A69-9001-20111",0.0333333333333333,NA,"1be9769c-4cf1-4776-b17e-072e2cabe7e3",0,2017
"987",NA,"COBCRP-97-20171019","UFRA","A69-9001","COBCRP","cobia",FALSE,"Daryl Parkyn","Daryl Parkyn",2017-10-28,2017-10-28 13:07:40,2025-02-26,28.5221,-80.4156,"UFRA",FALSE,0,FALSE,0.0255555555555555,NA,"0101000000B8CCE9B2981A54C0D93D7958A8853C40",TRUE,"571_-1607",2018-06-06 07:33:01,NA,FALSE,NA,28.5221,-80.4156,2017-10-28 13:06:08,"130787",NA,"Rachycentron canadum",NA,NA,NA,NA,NA,"UF06","570_-1608","A69-9001-19011",0.0255555555555555,NA,"1bee8702-09f4-4a07-9d0d-25cd69b85912",0,2017
"988",NA,"COBCRP-66-20171019","Elizabeth Miller","A69-9001","COBCRP","cobia",FALSE,NA,NA,2018-05-23,2018-05-23 10:36:00,2020-06-05,32.3861,-80.7813,"Elizabeth Miller",FALSE,0,FALSE,0.0333333333333333,NA,NA,TRUE,"648_-1616",2018-12-05 23:58:00,NA,FALSE,NA,32.3861,-80.7813,2018-05-23 10:34:00,"111679",NA,"Rachycentron canadum",NA,NA,NA,NA,NA,"Mid Broad","648_-1616","A69-9001-19091",0.0333333333333333,NA,"1bef929a-8619-404b-a406-edeaf464e989",0,2018
"989",NA,"COBCRP-71-20171019","UNK","A69-9001","COBCRP","cobia",FALSE,NA,NA,2017-10-05,2017-10-05 04:31:00,2020-06-03,32.8602,-79.8937,"UNK",FALSE,0,FALSE,0.0333333333333333,NA,NA,TRUE,"651_-1590",2018-07-18 18:21:27,NA,FALSE,NA,32.8602,-79.8937,2017-10-05 04:29:00,"121654",NA,"Rachycentron canadum",NA,NA,NA,NA,NA,"Coastal- Wando RM 3.5","657_-1598","A69-9001-19063",0.0333333333333333,NA,"1befb1d8-fa10-4e95-ab59-8e542acf15f1",0,2017
"990",NA,"COBCRP-10-20171019","UFRA","A69-1601","COBCRP","cobia",FALSE,"Daryl Parkyn","Daryl Parkyn",2017-04-30,2017-04-30 22:33:00,2025-02-26,28.447,-80.4177,"UFRA",FALSE,0.0242932118866669,FALSE,0.0758333333333333,NA,"0101000000B8239C16BC1A54C0DF4F8D976E723C40",TRUE,"570_-1607",2017-12-01 19:19:07,NA,FALSE,NA,28.4472,-80.4178,2017-04-30 22:28:27,"130797",NA,"Rachycentron canadum",NA,NA,NA,NA,NA,"UF23","569_-1608","A69-1601-54488",0.0758333333333333,NA,"1c07409a-bf03-46e4-9ee1-177d698f9c98",0.320350046857147,2017
"991",NA,"COBCRP-M5477_AT0177","Navy","A69-9001","COBCRP","cobia",FALSE,"Carter Watterson","Carter Waterson",2020-08-28,2020-08-28 20:31:23,2025-02-26,36.8135,-75.7014,"Navy",FALSE,0,FALSE,0.0233333333333333,NA,"0101000000865AD3BCE3EC52C0E3A59BC420684240",TRUE,"570_-1611",2021-03-25 13:49:20,NA,FALSE,NA,36.8135,-75.7014,2020-08-28 20:29:59,"0",NA,"Rachycentron canadum",NA,NA,NA,NA,NA,"SCL 2","736_-1514","A69-9001-7189",0.0233333333333333,NA,"1c0b7a87-af02-499b-a07b-bb158ecfa64c",0,2020
"992",NA,"COBCRP-AT0071","UFRA","A69-9002","COBCRP","cobia",FALSE,"Daryl Parkyn","Daryl Parkyn",2019-05-26,2019-05-26 11:05:00,2025-02-26,28.5221,-80.4155,"UFRA",FALSE,0.0097699531839141,FALSE,0.0752777777777777,NA,"0101000000E3C798BB961A54C076E09C11A5853C40",TRUE,"569_-1609",2020-02-14 06:03:34,NA,FALSE,NA,28.5221,-80.4156,2019-05-26 11:00:29,"130804",NA,"Rachycentron canadum",NA,NA,NA,"ADC",180,"UF06","570_-1608","A69-9002-5757",0.0752777777777777,NA,"1c228a43-4116-495b-ae3d-ac28660d334c",0.129785355948675,2019
"993",NA,"COBCRP-0-20171020_redeployments","UFRA","A69-1601","COBCRP","cobia",FALSE,"Daryl Parkyn","Daryl Parkyn",2018-10-17,2018-10-17 19:49:00,2025-02-26,28.447,-80.4177,"UFRA",FALSE,0.0242932118866669,FALSE,0.0175,NA,"0101000000B8239C16BC1A54C0DF4F8D976E723C40",TRUE,"564_-1612",2019-04-07 12:51:34,NA,FALSE,NA,28.4472,-80.4178,2018-10-17 19:47:57,"130781",NA,"Rachycentron canadum",NA,NA,NA,NA,NA,"UF23","569_-1608","A69-1601-54494",0.0175,NA,"1c2623f2-1dc4-4626-82d9-dcebf1678c05",1.38818353638097,2018
"994",NA,"COBCRP-TT1297","Navy","A69-9001","COBCRP","cobia",FALSE,"Carter Watterson","Carter Waterson",2019-06-27,2019-06-27 04:36:04,2025-02-26,36.9414,-76.1798,"Navy",FALSE,0,FALSE,0.0897222222222222,NA,"0101000000651EF983810B53C04D10751F80784240",TRUE,"740_-1522",2021-06-26 11:52:28,NA,FALSE,NA,36.9414,-76.1798,2019-06-27 04:30:41,"0",NA,"Rachycentron canadum",NA,NA,NA,NA,NA,"LC2","739_-1524","A69-9001-7096",0.0897222222222222,NA,"1c34babf-e5bb-4ffd-822d-d054c2a56824",0,2019
"995",NA,"COBCRP-102-20171019","UFRA","A69-9001","COBCRP","cobia",FALSE,"Daryl Parkyn","Daryl Parkyn",2018-11-20,2018-11-20 14:01:00,2025-02-26,28.3815,-80.4798,"UFRA",FALSE,0.0111194926644299,FALSE,0.0547222222222222,NA,"010100000002D4D4B2B51E54C06FBBD05CA7613C40",TRUE,"568_-1611",2019-12-11 00:25:28,NA,FALSE,NA,28.3814,-80.4798,2018-11-20 13:57:43,"130777",NA,"Rachycentron canadum",NA,NA,NA,NA,NA,"UF15","568_-1610","A69-9001-19025",0.0547222222222222,NA,"1c36c356-4d8d-47bb-9b28-055a3dc98462",0.203198850720547,2018
"996",NA,"COBCRP-102-20171019","UFRA","A69-9001","COBCRP","cobia",FALSE,"Daryl Parkyn","Daryl Parkyn",2019-01-14,2019-01-14 22:18:00,2025-02-26,28.3987,-80.5495,"UFRA",FALSE,0,FALSE,0.0297222222222222,NA,"0101000000CCB4FD2B2B2354C0033E3F8C10663C40",TRUE,"568_-1611",2019-12-11 00:25:28,NA,TRUE,NA,28.3987,-80.5495,2019-01-14 22:16:13,"130799",NA,"Rachycentron canadum",NA,NA,NA,NA,NA,"UF19","568_-1611","A69-9001-19025",0.0297222222222222,NA,"1c396023-cdf6-419d-b387-aa15dadf34e9",0,2019
"997",NA,"COBCRP-1253674-2017-06-24","UFRA","A69-9002","COBCRP","cobia",FALSE,"Daryl Parkyn","Daryl Parkyn",2017-06-26,2017-06-26 17:21:00,2025-02-26,28.5575,-80.4208,"UFRA",FALSE,0.0386566734749517,FALSE,0.0122222222222222,NA,"0101000000F71E2E39EE1A54C01F85EB51B88E3C40",TRUE,"570_-1608",2017-11-07 21:55:00,NA,FALSE,NA,28.5578,-80.4206,2017-06-26 17:20:16,"130779",NA,"Rachycentron canadum",NA,NA,NA,"ADC",155,"UF05","571_-1608","A69-9002-11154",0.0122222222222222,NA,"1c3e4c9c-4f64-4999-8cc6-834ece14f751",3.16281873885969,2017
"998",NA,"COBCRP-33-20171019","Marens","A69-9001","COBCRP","cobia",FALSE,NA,NA,2016-09-25,2016-09-25 12:54:00,2020-06-05,33.9586,-77.5575,"Marens",FALSE,0,FALSE,0.0333333333333333,NA,NA,TRUE,"699_-1518",2020-07-30 08:07:17,NA,FALSE,NA,33.9586,-77.5575,2016-09-25 12:52:00,"0",NA,"Rachycentron canadum",NA,NA,NA,NA,NA,"AR-386","679_-1551","A69-9001-19040",0.0333333333333333,NA,"1c4aa460-3967-41b8-bc22-fa98dae24ecc",0,2016
"999",NA,"COBCRP-102-20171019","UFRA","A69-9001","COBCRP","cobia",FALSE,"Daryl Parkyn","Daryl Parkyn",2019-01-14,2019-01-14 12:30:00,2025-02-26,28.3987,-80.5495,"UFRA",FALSE,2.48487496474989,FALSE,3.43916666666667,NA,"0101000000CCB4FD2B2B2354C0033E3F8C10663C40",TRUE,"568_-1611",2019-12-11 00:25:28,NA,TRUE,NA,28.4119,-80.57,2019-01-14 09:03:39,"130799",NA,"Rachycentron canadum",NA,NA,NA,NA,NA,"UF19","568_-1611","A69-9001-19025",3.43916666666667,NA,"1c5bc5e6-351f-40f9-b1d3-a747c339c45e",0.722522403125724,2019
"1000",NA,"COBCRP-85-20171019","Kessel","A69-9001","COBCRP","cobia",FALSE,NA,NA,2016-09-22,2016-09-22 00:14:00,2020-05-29,26.9791,-80.0243,"Kessel",FALSE,0,FALSE,0.0108333333333333,NA,NA,TRUE,"541_-1601",2017-11-01 16:02:00,NA,FALSE,NA,26.9791,-80.0243,2016-09-22 00:13:21,"102308",NA,"Rachycentron canadum",NA,NA,NA,NA,NA,"BBMGE","540_-1600","A69-9001-19013",0.0108333333333333,NA,"1c69e96d-1acc-4224-b93c-a822700f7e08",0,2016
