"","project_shortcode","locality","latitude","longitude","length","observedweight","lengthtype","length2","length2type","datecollected","institutioncode","interaction_order","catalognumber...13","datelastmodified","timezone","yearcollected","monthcollected","daycollected","julianday","timeofday","sex","the_geom","catalognumber...23","cat_num","chlorophyll_mg_m3"
"1","CTCCOB",NA,24.58,-81.83,0.762,NA,"FL",NA,NA,1992-06-13,"SEFSC",1,"CTCCOB-228842",2026-05-05,"UTC",1992,6,13,165,00:00:00,NA,"POINT(-81.83 24.58)","CTCCOB-228842","CTCCOB-228842-1",NA
"2","CTCCOB",NA,28.41667,-80.5,0.8128,NA,"FL",NA,NA,1992-06-15,"SEFSC",2,"CTCCOB-56157",2026-05-05,"UTC",1992,6,15,167,00:00:00,NA,"POINT(-80.5 28.41667)","CTCCOB-56157","CTCCOB-56157-2",NA
"3","CTCCOB",NA,24.58333,-81.08333,0.8382,NA,"FL",NA,NA,1992-06-15,"SEFSC",2,"CTCCOB-194519",2026-05-05,"UTC",1992,6,15,167,00:00:00,NA,"POINT(-81.08333 24.58333)","CTCCOB-194519","CTCCOB-194519-2",NA
"4","CTCCOB",NA,30,-84,0.889,NA,"FL",NA,NA,1994-05-28,"SEFSC",2,"CTCCOB-55198",2026-05-05,"UTC",1994,5,28,148,00:00:00,NA,"POINT(-84.0 30.0)","CTCCOB-55198","CTCCOB-55198-2",NA
"5","CTCCOB",NA,24.66667,-81.83333,0.9398,NA,"FL",NA,NA,1992-10-10,"SEFSC",2,"CTCCOB-159910",2026-05-05,"UTC",1992,10,10,284,00:00:00,NA,"POINT(-81.83333 24.66667)","CTCCOB-159910","CTCCOB-159910-2",NA
"6","CTCCOB",NA,35.018,-76.014,0.9652,NA,"FL",NA,NA,2019-10-13,"SEFSC",2,"CTCCOB-443939",2026-05-05,"UTC",2019,10,13,286,00:00:00,NA,"POINT(-76.014 35.018)","CTCCOB-443939","CTCCOB-443939-2",2.28919291496277
"7","CTCCOB",NA,28.75,-95.33333,1.016,NA,"FL",NA,NA,1993-08-05,"SEFSC",2,"CTCCOB-205002",2026-05-05,"UTC",1993,8,5,217,00:00:00,NA,"POINT(-95.33333 28.75)","CTCCOB-205002","CTCCOB-205002-2",NA
"8","CTCCOB",NA,30.08333,-84.2,1.016,NA,"FL",NA,NA,1998-07-18,"SEFSC",2,"CTCCOB-339839",2026-05-05,"UTC",1998,7,18,199,00:00:00,NA,"POINT(-84.2 30.08333)","CTCCOB-339839","CTCCOB-339839-2",NA
"9","CTCCOB",NA,33.6905,-76.69733,1.0922,NA,"FL",NA,NA,1992-04-05,"SEFSC",2,"CTCCOB-178675",2026-05-05,"UTC",1992,4,5,96,00:00:00,NA,"POINT(-76.69733 33.6905)","CTCCOB-178675","CTCCOB-178675-2",NA
"10","CTCCOB",NA,24.33,-81.75,0.762,5.44310844,"FL",NA,NA,1991-03-29,"SEFSC",1,"CTCCOB-159910",2026-05-05,"UTC",1991,3,29,88,00:00:00,NA,"POINT(-81.75 24.33)","CTCCOB-159910","CTCCOB-159910-1",NA
"11","CTCCOB",NA,29,-95,0.6858,5.67,"FL",NA,NA,1995-08-12,"SEFSC",2,"CTCCOB-253161",2026-05-05,"UTC",1995,8,12,224,00:00:00,NA,"POINT(-95.0 29.0)","CTCCOB-253161","CTCCOB-253161-2",NA
"12","CTCCOB",NA,28.5,-80.33,0.8128,6.35029318,"FL",NA,NA,2001-03-24,"SEFSC",1,"CTCCOB-381742",2026-05-05,"UTC",2001,3,24,83,00:00:00,NA,"POINT(-80.33 28.5)","CTCCOB-381742","CTCCOB-381742-1",NA
"13","CTCCOB",NA,24.83333,-80.5,0.8128,6.3504,"FL",NA,NA,1992-03-15,"SEFSC",2,"CTCCOB-195545",2026-05-05,"UTC",1992,3,15,75,00:00:00,NA,"POINT(-80.5 24.83333)","CTCCOB-195545","CTCCOB-195545-2",NA
"14","CTCCOB",NA,28.5,-80.33,0.889,6.80388555,"FL",NA,NA,1990-11-29,"SEFSC",1,"CTCCOB-176014",2026-05-05,"UTC",1990,11,29,333,00:00:00,NA,"POINT(-80.33 28.5)","CTCCOB-176014","CTCCOB-176014-1",NA
"15","CTCCOB",NA,30,-86.5,0.8382,6.804,"FL",NA,NA,1992-09-10,"SEFSC",2,"CTCCOB-55752",2026-05-05,"UTC",1992,9,10,254,00:00:00,NA,"POINT(-86.5 30.0)","CTCCOB-55752","CTCCOB-55752-2",NA
"16","CTCCOB",NA,26,-82,0.8636,6.804,"FL",NA,NA,1994-05-21,"SEFSC",2,"CTCCOB-199284",2026-05-05,"UTC",1994,5,21,141,00:00:00,NA,"POINT(-82.0 26.0)","CTCCOB-199284","CTCCOB-199284-2",NA
"17","CTCCOB",NA,26.46667,-82,0.889,6.804,"FL",NA,NA,1992-10-30,"SEFSC",2,"CTCCOB-116423",2026-05-05,"UTC",1992,10,30,304,00:00:00,NA,"POINT(-82.0 26.46667)","CTCCOB-116423","CTCCOB-116423-2",NA
"18","CTCCOB",NA,30.33333,-81.16667,0.8382,7.2576,"FL",NA,NA,1993-05-25,"SEFSC",2,"CTCCOB-183198",2026-05-05,"UTC",1993,5,25,145,00:00:00,NA,"POINT(-81.16667 30.33333)","CTCCOB-183198","CTCCOB-183198-2",NA
"19","CTCCOB",NA,28.5,-80.33333,0.8382,7.2576,"FL",NA,NA,1993-07-18,"SEFSC",2,"CTCCOB-202998",2026-05-05,"UTC",1993,7,18,199,00:00:00,NA,"POINT(-80.33333 28.5)","CTCCOB-202998","CTCCOB-202998-2",NA
"20","CTCCOB",NA,30.41667,-86.58333,0.9144,7.2576,"FL",NA,NA,1992-06-16,"SEFSC",2,"CTCCOB-56217",2026-05-05,"UTC",1992,6,16,168,00:00:00,NA,"POINT(-86.58333 30.41667)","CTCCOB-56217","CTCCOB-56217-2",NA
"21","CTCCOB",NA,24.83333,-80.5,0.9652,7.7112,"FL",NA,NA,1991-02-25,"SEFSC",2,"CTCCOB-181945",2026-05-05,"UTC",1991,2,25,56,00:00:00,NA,"POINT(-80.5 24.83333)","CTCCOB-181945","CTCCOB-181945-2",NA
"22","CTCCOB",NA,28.5,-80.5,0.889,9.072,"FL",NA,NA,1993-06-22,"SEFSC",2,"CTCCOB-203000",2026-05-05,"UTC",1993,6,22,173,00:00:00,NA,"POINT(-80.5 28.5)","CTCCOB-203000","CTCCOB-203000-2",NA
"23","CTCCOB",NA,24.83333,-80.5,0.9398,10.4328,"FL",NA,NA,1994-01-30,"SEFSC",2,"CTCCOB-56346",2026-05-05,"UTC",1994,1,30,30,00:00:00,NA,"POINT(-80.5 24.83333)","CTCCOB-56346","CTCCOB-56346-2",NA
"24","CTCCOB",NA,29.83333,-88,1.0414,10.895472,"FL",NA,NA,1992-07-18,"SEFSC",2,"CTCCOB-177104",2026-05-05,"UTC",1992,7,18,200,00:00:00,NA,"POINT(-88.0 29.83333)","CTCCOB-177104","CTCCOB-177104-2",NA
"25","CTCCOB",NA,30.35583,-86.8605,1.016,11.5668,"FL",NA,NA,1996-05-05,"SEFSC",2,"CTCCOB-249914",2026-05-05,"UTC",1996,5,5,126,00:00:00,NA,"POINT(-86.8605 30.35583)","CTCCOB-249914","CTCCOB-249914-2",NA
"26","CTCCOB",NA,28.5,-80.33,0.889,13.6077711,"FL",NA,NA,1990-12-30,"SEFSC",1,"CTCCOB-176972",2026-05-05,"UTC",1990,12,30,364,00:00:00,NA,"POINT(-80.33 28.5)","CTCCOB-176972","CTCCOB-176972-1",NA
"27","CTCCOB",NA,27.44,-82.68,0.48,NA,"FL",NA,NA,1993-04-08,"SEFSC",1,"CTCCOB-23652",2026-05-05,"UTC",1993,4,8,98,00:00:00,NA,"POINT(-82.68 27.44)","CTCCOB-23652","CTCCOB-23652-1",NA
"28","CTCCOB",NA,30.08,-88,0.5842,NA,"FL",NA,NA,1991-05-01,"SEFSC",1,"CTCCOB-228840",2026-05-05,"UTC",1991,5,1,121,00:00:00,NA,"POINT(-88.0 30.08)","CTCCOB-228840","CTCCOB-228840-1",NA
"29","CTCCOB",NA,24.5,-81.83,0.6096,NA,"FL",NA,NA,1992-06-03,"SEFSC",1,"CTCCOB-228843",2026-05-05,"UTC",1992,6,3,155,00:00:00,NA,"POINT(-81.83 24.5)","CTCCOB-228843","CTCCOB-228843-1",NA
"30","CTCCOB",NA,29.58133,-88.81717,0.6604,NA,"FL",NA,NA,1992-05-23,"SEFSC",2,"CTCCOB-51968",2026-05-05,"UTC",1992,5,23,144,00:00:00,NA,"POINT(-88.81717 29.58133)","CTCCOB-51968","CTCCOB-51968-2",NA
"31","CTCCOB",NA,28.08517,-96.4895,0.6858,NA,"FL",NA,NA,1994-10-26,"SEFSC",2,"CTCCOB-230411",2026-05-05,"UTC",1994,10,26,299,00:00:00,NA,"POINT(-96.4895 28.08517)","CTCCOB-230411","CTCCOB-230411-2",NA
"32","CTCCOB",NA,27.33,-82.6,0.73,NA,"FL",NA,NA,1993-11-09,"SEFSC",1,"CTCCOB-23733",2026-05-05,"UTC",1993,11,9,313,00:00:00,NA,"POINT(-82.6 27.33)","CTCCOB-23733","CTCCOB-23733-1",NA
"33","CTCCOB",NA,37.18,-76.02,0.889,NA,"FL",NA,NA,2024-08-22,"SEFSC",1,"CTCCOB-449212",2026-05-05,"UTC",2024,8,22,235,00:00:00,NA,"POINT(-76.02 37.18)","CTCCOB-449212","CTCCOB-449212-1",NA
"34","CTCCOB",NA,27.41667,-82.91667,0.9398,NA,"FL",NA,NA,1993-09-19,"SEFSC",2,"CTCCOB-196433",2026-05-05,"UTC",1993,9,19,262,00:00:00,NA,"POINT(-82.91667 27.41667)","CTCCOB-196433","CTCCOB-196433-2",NA
"35","CTCCOB",NA,37.18,-76.02,0.9398,NA,"FL",NA,NA,2024-10-05,"SEFSC",2,"CTCCOB-449212",2026-05-05,"UTC",2024,10,5,279,00:00:00,NA,"POINT(-76.02 37.18)","CTCCOB-449212","CTCCOB-449212-2",NA
"36","CTCCOB",NA,37.09,-76.1,0.9652,NA,"FL",NA,NA,2024-08-14,"SEFSC",1,"CTCCOB-448871",2026-05-05,"UTC",2024,8,14,227,00:00:00,NA,"POINT(-76.1 37.09)","CTCCOB-448871","CTCCOB-448871-1",NA
"37","CTCCOB",NA,29.91667,-85.58333,0.971,NA,"FL",NA,NA,1992-12-29,"SEFSC",2,"CTCCOB-185652",2026-05-05,"UTC",1992,12,29,364,00:00:00,NA,"POINT(-85.58333 29.91667)","CTCCOB-185652","CTCCOB-185652-2",NA
"38","CTCCOB",NA,24.83333,-80.5,0.9906,NA,"FL",NA,NA,1992-01-20,"SEFSC",2,"CTCCOB-177144",2026-05-05,"UTC",1992,1,20,20,00:00:00,NA,"POINT(-80.5 24.83333)","CTCCOB-177144","CTCCOB-177144-2",NA
"39","CTCCOB",NA,29.118,-88.83467,1.0414,NA,"FL",NA,NA,1992-08-09,"SEFSC",2,"CTCCOB-174091",2026-05-05,"UTC",1992,8,9,222,00:00:00,NA,"POINT(-88.83467 29.118)","CTCCOB-174091","CTCCOB-174091-2",NA
"40","CTCCOB",NA,37.04,-76.07,1.1684,NA,"FL",NA,NA,2024-07-28,"SEFSC",1,"CTCCOB-449499",2026-05-05,"UTC",2024,7,28,210,00:00:00,NA,"POINT(-76.07 37.04)","CTCCOB-449499","CTCCOB-449499-1",NA
"41","CTCCOB",NA,37.07,-76.07,1.2192,NA,"FL",NA,NA,2024-08-24,"SEFSC",2,"CTCCOB-449499",2026-05-05,"UTC",2024,8,24,237,00:00:00,NA,"POINT(-76.07 37.07)","CTCCOB-449499","CTCCOB-449499-2",NA
"42","CTCCOB",NA,37.18,-76.02,1.2446,NA,"FL",NA,NA,2024-08-23,"SEFSC",1,"CTCCOB-449213",2026-05-05,"UTC",2024,8,23,236,00:00:00,NA,"POINT(-76.02 37.18)","CTCCOB-449213","CTCCOB-449213-1",NA
"43","CTCCOB",NA,31.98,-80.82,1.2446,NA,"FL",NA,NA,2024-10-31,"SEFSC",2,"CTCCOB-449213",2026-05-05,"UTC",2024,10,31,305,00:00:00,NA,"POINT(-80.82 31.98)","CTCCOB-449213","CTCCOB-449213-2",NA
"44","CTCCOB",NA,37.22,-76.15,1.397,NA,"FL",NA,NA,2024-08-27,"SEFSC",1,"CTCCOB-449219",2026-05-05,"UTC",2024,8,27,240,00:00:00,NA,"POINT(-76.15 37.22)","CTCCOB-449219","CTCCOB-449219-1",NA
"45","CTCCOB",NA,24.83333,-80.5,0.8128,4.0824,"FL",NA,NA,1992-12-31,"SEFSC",2,"CTCCOB-228841",2026-05-05,"UTC",1992,12,31,366,00:00:00,NA,"POINT(-80.5 24.83333)","CTCCOB-228841","CTCCOB-228841-2",NA
"46","CTCCOB",NA,24.83333,-80.5,0.9906,5.4432,"FL",NA,NA,1992-04-11,"SEFSC",2,"CTCCOB-194951",2026-05-05,"UTC",1992,4,11,102,00:00:00,NA,"POINT(-80.5 24.83333)","CTCCOB-194951","CTCCOB-194951-2",NA
"47","CTCCOB",NA,28.5,-80.41667,0.889,5.529384,"FL",NA,NA,1993-05-16,"SEFSC",2,"CTCCOB-202999",2026-05-05,"UTC",1993,5,16,136,00:00:00,NA,"POINT(-80.41667 28.5)","CTCCOB-202999","CTCCOB-202999-2",NA
"48","CTCCOB",NA,24.83333,-80.5,0.8382,5.8968,"FL",NA,NA,1992-12-31,"SEFSC",2,"CTCCOB-62604",2026-05-05,"UTC",1992,12,31,366,00:00:00,NA,"POINT(-80.5 24.83333)","CTCCOB-62604","CTCCOB-62604-2",NA
"49","CTCCOB",NA,24.83333,-80.5,0.8636,5.8968,"FL",NA,NA,1994-03-26,"SEFSC",2,"CTCCOB-118047",2026-05-05,"UTC",1994,3,26,85,00:00:00,NA,"POINT(-80.5 24.83333)","CTCCOB-118047","CTCCOB-118047-2",NA
"50","CTCCOB",NA,24.83333,-80.5,0.8636,7.2576,"FL",NA,NA,1992-12-31,"SEFSC",2,"CTCCOB-62902",2026-05-05,"UTC",1992,12,31,366,00:00:00,NA,"POINT(-80.5 24.83333)","CTCCOB-62902","CTCCOB-62902-2",NA
"51","CTCCOB",NA,24.83333,-80.5,0.8636,8.3916,"FL",NA,NA,1993-01-15,"SEFSC",2,"CTCCOB-198754",2026-05-05,"UTC",1993,1,15,15,00:00:00,NA,"POINT(-80.5 24.83333)","CTCCOB-198754","CTCCOB-198754-2",NA
"52","CTCCOB",NA,24.83333,-80.5,0.9144,9.7524,"FL",NA,NA,1992-12-21,"SEFSC",2,"CTCCOB-62606",2026-05-05,"UTC",1992,12,21,356,00:00:00,NA,"POINT(-80.5 24.83333)","CTCCOB-62606","CTCCOB-62606-2",NA
"53","CTCCOB",NA,32.45,-80.42,0.8636,10.4328,"FL",NA,NA,1996-05-27,"SEFSC",2,"CTCCOB-117824",2026-05-05,"UTC",1996,5,27,148,00:00:00,NA,"POINT(-80.42 32.45)","CTCCOB-117824","CTCCOB-117824-2",NA
"54","CTCCOB",NA,27.75,-82.5,1.1176,11.7936,"FL",NA,NA,1992-08-19,"SEFSC",2,"CTCCOB-194366",2026-05-05,"UTC",1992,8,19,232,00:00:00,NA,"POINT(-82.5 27.75)","CTCCOB-194366","CTCCOB-194366-2",NA
"55","CTCCOB",NA,28.5,-80.33333,0.9906,12.3606,"FL",NA,NA,1990-08-05,"SEFSC",2,"CTCCOB-175755",2026-05-05,"UTC",1990,8,5,217,00:00:00,NA,"POINT(-80.33333 28.5)","CTCCOB-175755","CTCCOB-175755-2",NA
"56","CTCCOB",NA,24.83333,-80.5,1.0668,15.4224,"FL",NA,NA,1994-03-26,"SEFSC",2,"CTCCOB-195631",2026-05-05,"UTC",1994,3,26,85,00:00:00,NA,"POINT(-80.5 24.83333)","CTCCOB-195631","CTCCOB-195631-2",NA
"57","CTCCOB",NA,30.67,-81.4,1.143,21.31884139,"FL",NA,NA,2004-05-07,"SEFSC",1,"CTCCOB-414628",2026-05-05,"UTC",2004,5,7,128,00:00:00,NA,"POINT(-81.4 30.67)","CTCCOB-414628","CTCCOB-414628-1",NA
"58","CTCCOB",NA,30,-87.83,0.7112,NA,"FL",NA,NA,1992-05-12,"SEFSC",1,"CTCCOB-228841",2026-05-05,"UTC",1992,5,12,133,00:00:00,NA,"POINT(-87.83 30.0)","CTCCOB-228841","CTCCOB-228841-1",NA
"59","CTCCOB",NA,24.75,-80.55,0.762,NA,"TL",NA,NA,1990-03-26,"SEFSC",2,"CTCCOB-169482",2026-05-05,"UTC",1990,3,26,85,00:00:00,NA,"POINT(-80.55 24.75)","CTCCOB-169482","CTCCOB-169482-2",NA
"60","CTCCOB",NA,28.5,-80.33,0.7874,NA,"TL",NA,NA,1992-03-15,"SEFSC",1,"CTCCOB-176418",2026-05-05,"UTC",1992,3,15,75,00:00:00,NA,"POINT(-80.33 28.5)","CTCCOB-176418","CTCCOB-176418-1",NA
"61","CTCCOB",NA,28.5,-80.33,0.8128,NA,"TL",NA,NA,1992-03-17,"SEFSC",1,"CTCCOB-176603",2026-05-05,"UTC",1992,3,17,77,00:00:00,NA,"POINT(-80.33 28.5)","CTCCOB-176603","CTCCOB-176603-1",NA
"62","CTCCOB",NA,28.5,-80.33,0.8128,NA,"TL",NA,NA,1992-03-02,"SEFSC",1,"CTCCOB-195631",2026-05-05,"UTC",1992,3,2,62,00:00:00,NA,"POINT(-80.33 28.5)","CTCCOB-195631","CTCCOB-195631-1",NA
"63","CTCCOB",NA,27.94167,-82.54833,0.838,NA,"TL",NA,NA,1994-04-23,"SEFSC",2,"CTCCOB-23733",2026-05-05,"UTC",1994,4,23,113,00:00:00,NA,"POINT(-82.54833 27.94167)","CTCCOB-23733","CTCCOB-23733-2",NA
"64","CTCCOB",NA,28.5,-80.33,0.8382,NA,"TL",NA,NA,1992-04-01,"SEFSC",1,"CTCCOB-56178",2026-05-05,"UTC",1992,4,1,92,00:00:00,NA,"POINT(-80.33 28.5)","CTCCOB-56178","CTCCOB-56178-1",NA
"65","CTCCOB",NA,28.5,-80.33,0.8382,NA,"TL",NA,NA,1992-03-09,"SEFSC",1,"CTCCOB-176016",2026-05-05,"UTC",1992,3,9,69,00:00:00,NA,"POINT(-80.33 28.5)","CTCCOB-176016","CTCCOB-176016-1",NA
"66","CTCCOB",NA,28.5,-80.33,0.8382,NA,"TL",NA,NA,1992-03-17,"SEFSC",1,"CTCCOB-176601",2026-05-05,"UTC",1992,3,17,77,00:00:00,NA,"POINT(-80.33 28.5)","CTCCOB-176601","CTCCOB-176601-1",NA
"67","CTCCOB",NA,28.5,-80.33,0.8382,NA,"TL",NA,NA,1992-03-09,"SEFSC",1,"CTCCOB-195628",2026-05-05,"UTC",1992,3,9,69,00:00:00,NA,"POINT(-80.33 28.5)","CTCCOB-195628","CTCCOB-195628-1",NA
"68","CTCCOB",NA,28.5,-80.5,0.8382,NA,"TL",NA,NA,1994-07-11,"SEFSC",1,"CTCCOB-232242",2026-05-05,"UTC",1994,7,11,192,00:00:00,NA,"POINT(-80.5 28.5)","CTCCOB-232242","CTCCOB-232242-1",NA
"69","CTCCOB",NA,29.5,-85.86667,0.8636,NA,"TL",NA,NA,1989-05-13,"SEFSC",2,"CTCCOB-167387",2026-05-05,"UTC",1989,5,13,133,00:00:00,NA,"POINT(-85.86667 29.5)","CTCCOB-167387","CTCCOB-167387-2",NA
"70","CTCCOB",NA,28.5,-80,0.9144,NA,"TL",NA,NA,1990-09-07,"SEFSC",2,"CTCCOB-175768",2026-05-05,"UTC",1990,9,7,250,00:00:00,NA,"POINT(-80.0 28.5)","CTCCOB-175768","CTCCOB-175768-2",NA
"71","CTCCOB",NA,37.49,-75.97,0.9398,NA,"TL",NA,NA,2024-06-29,"SEFSC",2,"CTCCOB-447304",2026-05-05,"UTC",2024,6,29,181,00:00:00,NA,"POINT(-75.97 37.49)","CTCCOB-447304","CTCCOB-447304-2",NA
"72","CTCCOB",NA,37.09,-76.07,0.9652,NA,"TL",NA,NA,2024-08-16,"SEFSC",2,"CTCCOB-448871",2026-05-05,"UTC",2024,8,16,229,00:00:00,NA,"POINT(-76.07 37.09)","CTCCOB-448871","CTCCOB-448871-2",NA
"73","CTCCOB",NA,28.5,-80,0.9906,NA,"TL",NA,NA,1990-03-27,"SEFSC",2,"CTCCOB-175654",2026-05-05,"UTC",1990,3,27,86,00:00:00,NA,"POINT(-80.0 28.5)","CTCCOB-175654","CTCCOB-175654-2",NA
"74","CTCCOB",NA,37,-76,0.9906,NA,"TL",NA,NA,1990-09-13,"SEFSC",2,"CTCCOB-175756",2026-05-05,"UTC",1990,9,13,256,00:00:00,NA,"POINT(-76.0 37.0)","CTCCOB-175756","CTCCOB-175756-2",NA
"75","CTCCOB",NA,29.16667,-80.66667,1.2192,NA,"TL",NA,NA,1991-05-14,"SEFSC",2,"CTCCOB-175870",2026-05-05,"UTC",1991,5,14,134,00:00:00,NA,"POINT(-80.66667 29.16667)","CTCCOB-175870","CTCCOB-175870-2",NA
"76","CTCCOB",NA,27.66667,-82.69167,0.711,NA,"TL",NA,NA,1994-08-20,"SEFSC",2,"CTCCOB-19634",2026-05-05,"UTC",1994,8,20,232,00:00:00,NA,"POINT(-82.69167 27.66667)","CTCCOB-19634","CTCCOB-19634-2",NA
"77","CTCCOB",NA,28,-94,0.5588,1.36077711,"TL",NA,NA,1989-06-17,"SEFSC",1,"CTCCOB-59275",2026-05-05,"UTC",1989,6,17,168,00:00:00,NA,"POINT(-94.0 28.0)","CTCCOB-59275","CTCCOB-59275-1",NA
"78","CTCCOB",NA,29.16,-90.33,0.6096,1.36077711,"TL",NA,NA,1990-07-10,"SEFSC",1,"CTCCOB-177425",2026-05-05,"UTC",1990,7,10,191,00:00:00,NA,"POINT(-90.33 29.16)","CTCCOB-177425","CTCCOB-177425-1",NA
"79","CTCCOB",NA,29,-87,0.381,1.81436948,"TL",NA,NA,1987-08-21,"SEFSC",1,"CTCCOB-73373",2026-05-05,"UTC",1987,8,21,233,00:00:00,NA,"POINT(-87.0 29.0)","CTCCOB-73373","CTCCOB-73373-1",NA
"80","CTCCOB",NA,29,-87,0.4064,1.81436948,"TL",NA,NA,1989-06-08,"SEFSC",1,"CTCCOB-150362",2026-05-05,"UTC",1989,6,8,159,00:00:00,NA,"POINT(-87.0 29.0)","CTCCOB-150362","CTCCOB-150362-1",NA
"81","CTCCOB",NA,29,-85,0.4572,1.81436948,"TL",NA,NA,1992-05-15,"SEFSC",1,"CTCCOB-64762",2026-05-05,"UTC",1992,5,15,136,00:00:00,NA,"POINT(-85.0 29.0)","CTCCOB-64762","CTCCOB-64762-1",NA
"82","CTCCOB",NA,29,-95,0.4572,1.81436948,"TL",NA,NA,1994-05-24,"SEFSC",1,"CTCCOB-230411",2026-05-05,"UTC",1994,5,24,144,00:00:00,NA,"POINT(-95.0 29.0)","CTCCOB-230411","CTCCOB-230411-1",NA
"83","CTCCOB",NA,30,-86,0.6096,1.81436948,"TL",NA,NA,1990-08-01,"SEFSC",1,"CTCCOB-61354",2026-05-05,"UTC",1990,8,1,213,00:00:00,NA,"POINT(-86.0 30.0)","CTCCOB-61354","CTCCOB-61354-1",NA
"84","CTCCOB",NA,24.83,-80.5,0.6096,1.81436948,"TL",NA,NA,1992-04-30,"SEFSC",1,"CTCCOB-62604",2026-05-05,"UTC",1992,4,30,121,00:00:00,NA,"POINT(-80.5 24.83)","CTCCOB-62604","CTCCOB-62604-1",NA
"85","CTCCOB",NA,29.16,-89.16,0.7112,1.81436948,"TL",NA,NA,1987-05-25,"SEFSC",1,"CTCCOB-52099",2026-05-05,"UTC",1987,5,25,145,00:00:00,NA,"POINT(-89.16 29.16)","CTCCOB-52099","CTCCOB-52099-1",NA
"86","CTCCOB",NA,29.5,-89,0.7366,1.81436948,"TL",NA,NA,1991-08-17,"SEFSC",1,"CTCCOB-51941",2026-05-05,"UTC",1991,8,17,229,00:00:00,NA,"POINT(-89.0 29.5)","CTCCOB-51941","CTCCOB-51941-1",NA
"87","CTCCOB",NA,24.75,-80.83,0.6096,2.26796185,"TL",NA,NA,1991-12-04,"SEFSC",1,"CTCCOB-62304",2026-05-05,"UTC",1991,12,4,338,00:00:00,NA,"POINT(-80.83 24.75)","CTCCOB-62304","CTCCOB-62304-1",NA
"88","CTCCOB",NA,24.83,-80.5,0.635,2.26796185,"TL",NA,NA,1991-02-10,"SEFSC",1,"CTCCOB-178706",2026-05-05,"UTC",1991,2,10,41,00:00:00,NA,"POINT(-80.5 24.83)","CTCCOB-178706","CTCCOB-178706-1",NA
"89","CTCCOB",NA,30,-86.5,0.762,2.26796185,"TL",NA,NA,1988-07-10,"SEFSC",1,"CTCCOB-57914",2026-05-05,"UTC",1988,7,10,192,00:00:00,NA,"POINT(-86.5 30.0)","CTCCOB-57914","CTCCOB-57914-1",NA
"90","CTCCOB",NA,24.83,-80.5,0.8128,2.26796185,"TL",NA,NA,1992-04-30,"SEFSC",1,"CTCCOB-62606",2026-05-05,"UTC",1992,4,30,121,00:00:00,NA,"POINT(-80.5 24.83)","CTCCOB-62606","CTCCOB-62606-1",NA
"91","CTCCOB",NA,29.5,-89,0.6096,2.72155422,"TL",NA,NA,1991-09-07,"SEFSC",1,"CTCCOB-51968",2026-05-05,"UTC",1991,9,7,250,00:00:00,NA,"POINT(-89.0 29.5)","CTCCOB-51968","CTCCOB-51968-1",NA
"92","CTCCOB",NA,24.83,-80.5,0.6604,2.72155422,"TL",NA,NA,1992-03-15,"SEFSC",1,"CTCCOB-194521",2026-05-05,"UTC",1992,3,15,75,00:00:00,NA,"POINT(-80.5 24.83)","CTCCOB-194521","CTCCOB-194521-1",NA
"93","CTCCOB",NA,24.83,-80.5,0.6604,2.72155422,"TL",NA,NA,1992-02-29,"SEFSC",1,"CTCCOB-195538",2026-05-05,"UTC",1992,2,29,60,00:00:00,NA,"POINT(-80.5 24.83)","CTCCOB-195538","CTCCOB-195538-1",NA
"94","CTCCOB",NA,28,-91,0.7112,2.72155422,"TL",NA,NA,1989-08-26,"SEFSC",1,"CTCCOB-59517",2026-05-05,"UTC",1989,8,26,238,00:00:00,NA,"POINT(-91.0 28.0)","CTCCOB-59517","CTCCOB-59517-1",NA
"95","CTCCOB",NA,29,-85,0.7112,2.72155422,"TL",NA,NA,1990-09-21,"SEFSC",1,"CTCCOB-61237",2026-05-05,"UTC",1990,9,21,264,00:00:00,NA,"POINT(-85.0 29.0)","CTCCOB-61237","CTCCOB-61237-1",NA
"96","CTCCOB",NA,24.83,-80.5,0.7112,2.72155422,"TL",NA,NA,1991-02-05,"SEFSC",1,"CTCCOB-62885",2026-05-05,"UTC",1991,2,5,36,00:00:00,NA,"POINT(-80.5 24.83)","CTCCOB-62885","CTCCOB-62885-1",NA
"97","CTCCOB",NA,30.26,-87.28,0.7112,3.17514659,"TL",NA,NA,1993-09-20,"SEFSC",1,"CTCCOB-54208",2026-05-05,"UTC",1993,9,20,263,00:00:00,NA,"POINT(-87.28 30.26)","CTCCOB-54208","CTCCOB-54208-1",NA
"98","CTCCOB",NA,29.75,-85.83,0.7112,3.17514659,"TL",NA,NA,1990-10-16,"SEFSC",1,"CTCCOB-61231",2026-05-05,"UTC",1990,10,16,289,00:00:00,NA,"POINT(-85.83 29.75)","CTCCOB-61231","CTCCOB-61231-1",NA
"99","CTCCOB",NA,24.83,-80.5,0.762,3.17514659,"TL",NA,NA,1989-12-26,"SEFSC",1,"CTCCOB-169482",2026-05-05,"UTC",1989,12,26,360,00:00:00,NA,"POINT(-80.5 24.83)","CTCCOB-169482","CTCCOB-169482-1",NA
"100","CTCCOB",NA,29,-87,0.8382,3.1752,"TL",NA,NA,1989-07-10,"SEFSC",2,"CTCCOB-150362",2026-05-05,"UTC",1989,7,10,191,00:00:00,NA,"POINT(-87.0 29.0)","CTCCOB-150362","CTCCOB-150362-2",NA
"101","CTCCOB",NA,24.83,-80.5,0.6096,3.62873896,"TL",NA,NA,1990-01-10,"SEFSC",1,"CTCCOB-169485",2026-05-05,"UTC",1990,1,10,10,00:00:00,NA,"POINT(-80.5 24.83)","CTCCOB-169485","CTCCOB-169485-1",NA
"102","CTCCOB",NA,30,-86.83,0.762,3.62873896,"TL",NA,NA,1990-09-10,"SEFSC",1,"CTCCOB-61356",2026-05-05,"UTC",1990,9,10,253,00:00:00,NA,"POINT(-86.83 30.0)","CTCCOB-61356","CTCCOB-61356-1",NA
"103","CTCCOB",NA,24.83,-80.5,0.762,3.62873896,"TL",NA,NA,1992-03-16,"SEFSC",1,"CTCCOB-194951",2026-05-05,"UTC",1992,3,16,76,00:00:00,NA,"POINT(-80.5 24.83)","CTCCOB-194951","CTCCOB-194951-1",NA
"104","CTCCOB",NA,29.66,-85.33,0.762,3.62873896,"TL",NA,NA,1992-05-10,"SEFSC",1,"CTCCOB-196433",2026-05-05,"UTC",1992,5,10,131,00:00:00,NA,"POINT(-85.33 29.66)","CTCCOB-196433","CTCCOB-196433-1",NA
"105","CTCCOB",NA,24.75,-80.83,0.8128,3.62873896,"TL",NA,NA,1992-11-07,"SEFSC",1,"CTCCOB-62296",2026-05-05,"UTC",1992,11,7,312,00:00:00,NA,"POINT(-80.83 24.75)","CTCCOB-62296","CTCCOB-62296-1",NA
"106","CTCCOB",NA,24.83,-80.5,0.889,3.62873896,"TL",NA,NA,1992-02-01,"SEFSC",1,"CTCCOB-62902",2026-05-05,"UTC",1992,2,1,32,00:00:00,NA,"POINT(-80.5 24.83)","CTCCOB-62902","CTCCOB-62902-1",NA
"107","CTCCOB",NA,24.83333,-80.5,0.7112,3.6288,"TL",NA,NA,1991-02-11,"SEFSC",2,"CTCCOB-184908",2026-05-05,"UTC",1991,2,11,42,00:00:00,NA,"POINT(-80.5 24.83333)","CTCCOB-184908","CTCCOB-184908-2",NA
"108","CTCCOB",NA,30,-86,0.508,4.08233133,"TL",NA,NA,1989-05-04,"SEFSC",1,"CTCCOB-167387",2026-05-05,"UTC",1989,5,4,124,00:00:00,NA,"POINT(-86.0 30.0)","CTCCOB-167387","CTCCOB-167387-1",NA
"109","CTCCOB",NA,24.83,-80.5,0.762,4.08233133,"TL",NA,NA,1991-02-03,"SEFSC",1,"CTCCOB-184908",2026-05-05,"UTC",1991,2,3,34,00:00:00,NA,"POINT(-80.5 24.83)","CTCCOB-184908","CTCCOB-184908-1",NA
"110","CTCCOB",NA,24.83,-80.5,0.762,4.08233133,"TL",NA,NA,1992-05-03,"SEFSC",1,"CTCCOB-198755",2026-05-05,"UTC",1992,5,3,124,00:00:00,NA,"POINT(-80.5 24.83)","CTCCOB-198755","CTCCOB-198755-1",NA
"111","CTCCOB",NA,29,-86,0.8128,4.0824,"TL",NA,NA,1986-09-07,"SEFSC",2,"CTCCOB-127912",2026-05-05,"UTC",1986,9,7,250,00:00:00,NA,"POINT(-86.0 29.0)","CTCCOB-127912","CTCCOB-127912-2",NA
"112","CTCCOB",NA,30,-86,0.508,4.5359237,"TL",NA,NA,1990-08-15,"SEFSC",1,"CTCCOB-170722",2026-05-05,"UTC",1990,8,15,227,00:00:00,NA,"POINT(-86.0 30.0)","CTCCOB-170722","CTCCOB-170722-1",NA
"113","CTCCOB",NA,37,-76,0.6096,4.5359237,"TL",NA,NA,1991-08-03,"SEFSC",1,"CTCCOB-185709",2026-05-05,"UTC",1991,8,3,215,00:00:00,NA,"POINT(-76.0 37.0)","CTCCOB-185709","CTCCOB-185709-1",NA
"114","CTCCOB",NA,29,-87,0.635,4.5359237,"TL",NA,NA,1986-08-21,"SEFSC",1,"CTCCOB-127912",2026-05-05,"UTC",1986,8,21,233,00:00:00,NA,"POINT(-87.0 29.0)","CTCCOB-127912","CTCCOB-127912-1",NA
"115","CTCCOB",NA,29.83,-86,0.6604,4.5359237,"TL",NA,NA,1990-10-06,"SEFSC",1,"CTCCOB-181945",2026-05-05,"UTC",1990,10,6,279,00:00:00,NA,"POINT(-86.0 29.83)","CTCCOB-181945","CTCCOB-181945-1",NA
"116","CTCCOB",NA,36.83,-75.83,0.762,4.5359237,"TL",NA,NA,1991-07-17,"SEFSC",1,"CTCCOB-143956",2026-05-05,"UTC",1991,7,17,198,00:00:00,NA,"POINT(-75.83 36.83)","CTCCOB-143956","CTCCOB-143956-1",NA
"117","CTCCOB",NA,36.83,-75.83,0.762,4.5359237,"TL",NA,NA,1991-07-17,"SEFSC",1,"CTCCOB-150373",2026-05-05,"UTC",1991,7,17,198,00:00:00,NA,"POINT(-75.83 36.83)","CTCCOB-150373","CTCCOB-150373-1",NA
"118","CTCCOB",NA,24.83,-80.5,0.762,4.5359237,"TL",NA,NA,1991-04-26,"SEFSC",1,"CTCCOB-185479",2026-05-05,"UTC",1991,4,26,116,00:00:00,NA,"POINT(-80.5 24.83)","CTCCOB-185479","CTCCOB-185479-1",NA
"119","CTCCOB",NA,24.83,-80.5,0.762,4.5359237,"TL",NA,NA,1992-01-17,"SEFSC",1,"CTCCOB-186351",2026-05-05,"UTC",1992,1,17,17,00:00:00,NA,"POINT(-80.5 24.83)","CTCCOB-186351","CTCCOB-186351-1",NA
"120","CTCCOB",NA,24.83,-80.5,0.7874,4.5359237,"TL",NA,NA,1991-02-03,"SEFSC",1,"CTCCOB-177104",2026-05-05,"UTC",1991,2,3,34,00:00:00,NA,"POINT(-80.5 24.83)","CTCCOB-177104","CTCCOB-177104-1",NA
"121","CTCCOB",NA,24.83,-80.5,0.7874,4.5359237,"TL",NA,NA,1992-03-15,"SEFSC",1,"CTCCOB-194519",2026-05-05,"UTC",1992,3,15,75,00:00:00,NA,"POINT(-80.5 24.83)","CTCCOB-194519","CTCCOB-194519-1",NA
"122","CTCCOB",NA,24.43,-82.94,0.8128,4.5359237,"TL",NA,NA,1992-03-15,"SEFSC",1,"CTCCOB-56217",2026-05-05,"UTC",1992,3,15,75,00:00:00,NA,"POINT(-82.94 24.43)","CTCCOB-56217","CTCCOB-56217-1",NA
"123","CTCCOB",NA,24.83,-80.5,0.8128,4.5359237,"TL",NA,NA,1990-01-29,"SEFSC",1,"CTCCOB-174091",2026-05-05,"UTC",1990,1,29,29,00:00:00,NA,"POINT(-80.5 24.83)","CTCCOB-174091","CTCCOB-174091-1",NA
"124","CTCCOB",NA,30,-86.5,0.8128,4.5359237,"TL",NA,NA,1990-11-03,"SEFSC",1,"CTCCOB-181353",2026-05-05,"UTC",1990,11,3,307,00:00:00,NA,"POINT(-86.5 30.0)","CTCCOB-181353","CTCCOB-181353-1",NA
"125","CTCCOB",NA,30.26,-87.25,0.8128,4.5359237,"TL",NA,NA,1994-06-07,"SEFSC",1,"CTCCOB-230659",2026-05-05,"UTC",1994,6,7,158,00:00:00,NA,"POINT(-87.25 30.26)","CTCCOB-230659","CTCCOB-230659-1",NA
"126","CTCCOB",NA,30.05,-88.25,0.6096,4.536,"TL",NA,NA,1990-10-07,"SEFSC",2,"CTCCOB-177425",2026-05-05,"UTC",1990,10,7,280,00:00:00,NA,"POINT(-88.25 30.05)","CTCCOB-177425","CTCCOB-177425-2",NA
"127","CTCCOB",NA,24.83333,-80.5,0.635,4.536,"TL",NA,NA,1992-02-29,"SEFSC",2,"CTCCOB-195538",2026-05-05,"UTC",1992,2,29,60,00:00:00,NA,"POINT(-80.5 24.83333)","CTCCOB-195538","CTCCOB-195538-2",NA
"128","CTCCOB",NA,30.08333,-88.28333,0.7874,4.536,"TL",NA,NA,1987-06-15,"SEFSC",2,"CTCCOB-52099",2026-05-05,"UTC",1987,6,15,166,00:00:00,NA,"POINT(-88.28333 30.08333)","CTCCOB-52099","CTCCOB-52099-2",NA
"129","CTCCOB",NA,24.83,-80.5,0.635,4.98951607,"TL",NA,NA,1992-02-21,"SEFSC",1,"CTCCOB-194361",2026-05-05,"UTC",1992,2,21,52,00:00:00,NA,"POINT(-80.5 24.83)","CTCCOB-194361","CTCCOB-194361-1",NA
"130","CTCCOB",NA,24.83,-80.5,0.7874,4.98951607,"TL",NA,NA,1992-02-21,"SEFSC",1,"CTCCOB-194364",2026-05-05,"UTC",1992,2,21,52,00:00:00,NA,"POINT(-80.5 24.83)","CTCCOB-194364","CTCCOB-194364-1",NA
"131","CTCCOB",NA,24.83,-80.5,0.7874,4.98951607,"TL",NA,NA,1992-05-03,"SEFSC",1,"CTCCOB-198754",2026-05-05,"UTC",1992,5,3,124,00:00:00,NA,"POINT(-80.5 24.83)","CTCCOB-198754","CTCCOB-198754-1",NA
"132","CTCCOB",NA,24.83,-80.5,0.8128,4.98951607,"TL",NA,NA,1991-02-12,"SEFSC",1,"CTCCOB-177144",2026-05-05,"UTC",1991,2,12,43,00:00:00,NA,"POINT(-80.5 24.83)","CTCCOB-177144","CTCCOB-177144-1",NA
"133","CTCCOB",NA,24.83333,-80.5,0.8382,4.9896,"TL",NA,NA,1991-04-28,"SEFSC",2,"CTCCOB-185479",2026-05-05,"UTC",1991,4,28,118,00:00:00,NA,"POINT(-80.5 24.83333)","CTCCOB-185479","CTCCOB-185479-2",NA
"134","CTCCOB",NA,36.83,-75.83,0.6096,5.44310844,"TL",NA,NA,1991-07-28,"SEFSC",1,"CTCCOB-186853",2026-05-05,"UTC",1991,7,28,209,00:00:00,NA,"POINT(-75.83 36.83)","CTCCOB-186853","CTCCOB-186853-1",NA
"135","CTCCOB",NA,37.086,-75.99883333,0.762,5.44310844,"TL",NA,NA,2021-08-28,"SEFSC",1,"CTCCOB-445902",2026-05-05,"UTC",2021,8,28,240,00:00:00,NA,"POINT(-75.99883333 37.086)","CTCCOB-445902","CTCCOB-445902-1",NA
"136","CTCCOB",NA,36.83,-75.83,0.8128,5.44310844,"TL",NA,NA,1991-07-17,"SEFSC",1,"CTCCOB-143954",2026-05-05,"UTC",1991,7,17,198,00:00:00,NA,"POINT(-75.83 36.83)","CTCCOB-143954","CTCCOB-143954-1",NA
"137","CTCCOB",NA,24.83,-80.5,0.8128,5.44310844,"TL",NA,NA,1992-02-29,"SEFSC",1,"CTCCOB-195539",2026-05-05,"UTC",1992,2,29,60,00:00:00,NA,"POINT(-80.5 24.83)","CTCCOB-195539","CTCCOB-195539-1",NA
"138","CTCCOB",NA,24.83,-80.5,0.8128,5.44310844,"TL",NA,NA,1992-03-02,"SEFSC",1,"CTCCOB-195545",2026-05-05,"UTC",1992,3,2,62,00:00:00,NA,"POINT(-80.5 24.83)","CTCCOB-195545","CTCCOB-195545-1",NA
"139","CTCCOB",NA,28.5,-80,0.8382,5.44310844,"TL",NA,NA,1990-03-19,"SEFSC",1,"CTCCOB-175870",2026-05-05,"UTC",1990,3,19,78,00:00:00,NA,"POINT(-80.0 28.5)","CTCCOB-175870","CTCCOB-175870-1",NA
"140","CTCCOB",NA,28.91,-90.08,0.9144,5.44310844,"TL",NA,NA,1999-08-28,"SEFSC",1,"CTCCOB-356811",2026-05-05,"UTC",1999,8,28,240,00:00:00,NA,"POINT(-90.08 28.91)","CTCCOB-356811","CTCCOB-356811-1",NA
"141","CTCCOB",NA,25.16667,-80.5,0.7112,5.4432,"TL",NA,NA,1992-07-12,"SEFSC",2,"CTCCOB-228842",2026-05-05,"UTC",1992,7,12,194,00:00:00,NA,"POINT(-80.5 25.16667)","CTCCOB-228842","CTCCOB-228842-2",NA
"142","CTCCOB",NA,24.83333,-80.66667,0.9652,5.53392,"TL",NA,NA,1992-03-01,"SEFSC",2,"CTCCOB-195539",2026-05-05,"UTC",1992,3,1,61,00:00:00,NA,"POINT(-80.66667 24.83333)","CTCCOB-195539","CTCCOB-195539-2",NA
"143","CTCCOB",NA,30,-87,0.7874,5.89670081,"TL",NA,NA,1989-04-08,"SEFSC",1,"CTCCOB-169507",2026-05-05,"UTC",1989,4,8,98,00:00:00,NA,"POINT(-87.0 30.0)","CTCCOB-169507","CTCCOB-169507-1",NA
"144","CTCCOB",NA,37.16566667,-76.29033333,0.8382,5.89670081,"TL",NA,NA,2023-06-18,"SEFSC",1,"CTCCOB-447194",2026-05-05,"UTC",2023,6,18,169,00:00:00,NA,"POINT(-76.29033333 37.16566667)","CTCCOB-447194","CTCCOB-447194-1",NA
"145","CTCCOB",NA,30.1,-85.7,0.9398,5.8968,"TL",NA,NA,1993-09-14,"SEFSC",2,"CTCCOB-54819",2026-05-05,"UTC",1993,9,14,257,00:00:00,NA,"POINT(-85.7 30.1)","CTCCOB-54819","CTCCOB-54819-2",NA
"146","CTCCOB",NA,24.83333,-80.66667,0.762,6.3504,"TL",NA,NA,1992-02-29,"SEFSC",2,"CTCCOB-194364",2026-05-05,"UTC",1992,2,29,60,00:00:00,NA,"POINT(-80.66667 24.83333)","CTCCOB-194364","CTCCOB-194364-2",NA
"147","CTCCOB",NA,37.4,-76.2,0.9652,6.3504,"TL",NA,NA,1990-07-17,"SEFSC",2,"CTCCOB-175661",2026-05-05,"UTC",1990,7,17,198,00:00:00,NA,"POINT(-76.2 37.4)","CTCCOB-175661","CTCCOB-175661-2",NA
"148","CTCCOB",NA,24.33,-81.66,0.7874,6.80388555,"TL",NA,NA,1990-02-17,"SEFSC",1,"CTCCOB-179542",2026-05-05,"UTC",1990,2,17,48,00:00:00,NA,"POINT(-81.66 24.33)","CTCCOB-179542","CTCCOB-179542-1",NA
"149","CTCCOB",NA,29,-85,0.8128,6.80388555,"TL",NA,NA,1990-04-25,"SEFSC",1,"CTCCOB-60849",2026-05-05,"UTC",1990,4,25,115,00:00:00,NA,"POINT(-85.0 29.0)","CTCCOB-60849","CTCCOB-60849-1",NA
"150","CTCCOB",NA,37.14,-76.13,0.8382,6.80388555,"TL",NA,NA,1997-08-17,"SEFSC",1,"CTCCOB-315017",2026-05-05,"UTC",1997,8,17,229,00:00:00,NA,"POINT(-76.13 37.14)","CTCCOB-315017","CTCCOB-315017-1",NA
"151","CTCCOB",NA,37.08691667,-75.9995,0.8382,6.80388555,"TL",NA,NA,2023-08-26,"SEFSC",1,"CTCCOB-447304",2026-05-05,"UTC",2023,8,26,238,00:00:00,NA,"POINT(-75.9995 37.08691667)","CTCCOB-447304","CTCCOB-447304-1",NA
"152","CTCCOB",NA,28.5,-80,0.8636,6.80388555,"TL",NA,NA,1990-03-12,"SEFSC",1,"CTCCOB-175661",2026-05-05,"UTC",1990,3,12,71,00:00:00,NA,"POINT(-80.0 28.5)","CTCCOB-175661","CTCCOB-175661-1",NA
"153","CTCCOB",NA,37,-75.83,0.8636,6.80388555,"TL",NA,NA,1992-08-26,"SEFSC",1,"CTCCOB-190594",2026-05-05,"UTC",1992,8,26,239,00:00:00,NA,"POINT(-75.83 37.0)","CTCCOB-190594","CTCCOB-190594-1",NA
"154","CTCCOB",NA,28.5,-80.33,0.9398,6.80388555,"TL",NA,NA,1991-04-07,"SEFSC",1,"CTCCOB-150294",2026-05-05,"UTC",1991,4,7,97,00:00:00,NA,"POINT(-80.33 28.5)","CTCCOB-150294","CTCCOB-150294-1",NA
"155","CTCCOB",NA,30,-84.38333,0.8382,6.804,"TL",NA,NA,1990-05-06,"SEFSC",2,"CTCCOB-169485",2026-05-05,"UTC",1990,5,6,126,00:00:00,NA,"POINT(-84.38333 30.0)","CTCCOB-169485","CTCCOB-169485-2",NA
"156","CTCCOB",NA,30.06667,-86.05,0.8636,6.804,"TL",NA,NA,1991-01-03,"SEFSC",2,"CTCCOB-61356",2026-05-05,"UTC",1991,1,3,3,00:00:00,NA,"POINT(-86.05 30.06667)","CTCCOB-61356","CTCCOB-61356-2",NA
"157","CTCCOB",NA,24.75,-80.83333,0.889,6.804,"TL",NA,NA,1991-07-15,"SEFSC",2,"CTCCOB-61354",2026-05-05,"UTC",1991,7,15,196,00:00:00,NA,"POINT(-80.83333 24.75)","CTCCOB-61354","CTCCOB-61354-2",NA
"158","CTCCOB",NA,28.5,-80,0.8382,7.25747792,"TL",NA,NA,1990-03-11,"SEFSC",1,"CTCCOB-175677",2026-05-05,"UTC",1990,3,11,70,00:00:00,NA,"POINT(-80.0 28.5)","CTCCOB-175677","CTCCOB-175677-1",NA
"159","CTCCOB",NA,24.83,-80.5,0.8382,7.25747792,"TL",NA,NA,1992-02-20,"SEFSC",1,"CTCCOB-194366",2026-05-05,"UTC",1992,2,20,51,00:00:00,NA,"POINT(-80.5 24.83)","CTCCOB-194366","CTCCOB-194366-1",NA
"160","CTCCOB",NA,37.08333333,-76.16666667,0.9906,7.25747792,"TL",NA,NA,2019-09-21,"SEFSC",1,"CTCCOB-443939",2026-05-05,"UTC",2019,9,21,264,00:00:00,NA,"POINT(-76.16666667 37.08333333)","CTCCOB-443939","CTCCOB-443939-1",NA
"161","CTCCOB",NA,24.66667,-82.91667,0.8636,7.7112,"TL",NA,NA,1993-11-06,"SEFSC",2,"CTCCOB-230107",2026-05-05,"UTC",1993,11,6,310,00:00:00,NA,"POINT(-82.91667 24.66667)","CTCCOB-230107","CTCCOB-230107-2",NA
"162","CTCCOB",NA,24.58333,-80.91667,1.016,7.98336,"TL",NA,NA,1991-12-09,"SEFSC",2,"CTCCOB-62885",2026-05-05,"UTC",1991,12,9,343,00:00:00,NA,"POINT(-80.91667 24.58333)","CTCCOB-62885","CTCCOB-62885-2",NA
"163","CTCCOB",NA,36.83,-75.83,0.7874,8.16466266,"TL",NA,NA,1991-08-28,"SEFSC",1,"CTCCOB-190561",2026-05-05,"UTC",1991,8,28,240,00:00:00,NA,"POINT(-75.83 36.83)","CTCCOB-190561","CTCCOB-190561-1",NA
"164","CTCCOB",NA,27.49167,-82.73333,0.965,8.1648,"TL",NA,NA,1994-04-26,"SEFSC",2,"CTCCOB-23652",2026-05-05,"UTC",1994,4,26,116,00:00:00,NA,"POINT(-82.73333 27.49167)","CTCCOB-23652","CTCCOB-23652-2",NA
"165","CTCCOB",NA,30.34667,-86.49267,0.8636,8.6184,"TL",NA,NA,1991-10-31,"SEFSC",2,"CTCCOB-181353",2026-05-05,"UTC",1991,10,31,304,00:00:00,NA,"POINT(-86.49267 30.34667)","CTCCOB-181353","CTCCOB-181353-2",NA
"166","CTCCOB",NA,24.5,-81,0.9652,8.6184,"TL",NA,NA,1990-08-09,"SEFSC",2,"CTCCOB-157377",2026-05-05,"UTC",1990,8,9,221,00:00:00,NA,"POINT(-81.0 24.5)","CTCCOB-157377","CTCCOB-157377-2",NA
"167","CTCCOB",NA,29.08333,-93.36667,0.9906,8.6184,"TL",NA,NA,1989-10-01,"SEFSC",2,"CTCCOB-59275",2026-05-05,"UTC",1989,10,1,274,00:00:00,NA,"POINT(-93.36667 29.08333)","CTCCOB-59275","CTCCOB-59275-2",NA
"168","CTCCOB",NA,24.75,-82,1.016,8.6184,"TL",NA,NA,1990-12-07,"SEFSC",2,"CTCCOB-179542",2026-05-05,"UTC",1990,12,7,341,00:00:00,NA,"POINT(-82.0 24.75)","CTCCOB-179542","CTCCOB-179542-2",NA
"169","CTCCOB",NA,28.5,-80,0.9144,9.0718474,"TL",NA,NA,1990-03-24,"SEFSC",1,"CTCCOB-175892",2026-05-05,"UTC",1990,3,24,83,00:00:00,NA,"POINT(-80.0 28.5)","CTCCOB-175892","CTCCOB-175892-1",NA
"170","CTCCOB",NA,24.83,-80.5,1.016,9.0718474,"TL",NA,NA,1989-11-22,"SEFSC",1,"CTCCOB-170602",2026-05-05,"UTC",1989,11,22,326,00:00:00,NA,"POINT(-80.5 24.83)","CTCCOB-170602","CTCCOB-170602-1",NA
"171","CTCCOB",NA,28.76667,-91.78333,0.9652,9.072,"TL",NA,NA,1990-05-23,"SEFSC",2,"CTCCOB-175867",2026-05-05,"UTC",1990,5,23,143,00:00:00,NA,"POINT(-91.78333 28.76667)","CTCCOB-175867","CTCCOB-175867-2",NA
"172","CTCCOB",NA,37,-76.08,1.0668,9.52543977,"TL",NA,NA,1990-09-07,"SEFSC",1,"CTCCOB-178678",2026-05-05,"UTC",1990,9,7,250,00:00:00,NA,"POINT(-76.08 37.0)","CTCCOB-178678","CTCCOB-178678-1",NA
"173","CTCCOB",NA,29.5,-89.5,1.0922,9.7524,"TL",NA,NA,1993-09-18,"SEFSC",2,"CTCCOB-176016",2026-05-05,"UTC",1993,9,18,261,00:00:00,NA,"POINT(-89.5 29.5)","CTCCOB-176016","CTCCOB-176016-2",NA
"174","CTCCOB",NA,28.5,-80,0.9144,9.97903214,"TL",NA,NA,1990-03-22,"SEFSC",1,"CTCCOB-175867",2026-05-05,"UTC",1990,3,22,81,00:00:00,NA,"POINT(-80.0 28.5)","CTCCOB-175867","CTCCOB-175867-1",NA
"175","CTCCOB",NA,28.5,-80,0.9652,9.97903214,"TL",NA,NA,1990-03-11,"SEFSC",1,"CTCCOB-175654",2026-05-05,"UTC",1990,3,11,70,00:00:00,NA,"POINT(-80.0 28.5)","CTCCOB-175654","CTCCOB-175654-1",NA
"176","CTCCOB",NA,36,-75,1.0668,9.97903214,"TL",NA,NA,1990-09-07,"SEFSC",1,"CTCCOB-178670",2026-05-05,"UTC",1990,9,7,250,00:00:00,NA,"POINT(-75.0 36.0)","CTCCOB-178670","CTCCOB-178670-1",NA
"177","CTCCOB",NA,24.83333,-80.5,0.9906,9.9792,"TL",NA,NA,1992-12-29,"SEFSC",2,"CTCCOB-198755",2026-05-05,"UTC",1992,12,29,364,00:00:00,NA,"POINT(-80.5 24.83333)","CTCCOB-198755","CTCCOB-198755-2",NA
"178","CTCCOB",NA,36,-75,0.9906,10.88621688,"TL",NA,NA,1990-09-05,"SEFSC",1,"CTCCOB-178675",2026-05-05,"UTC",1990,9,5,248,00:00:00,NA,"POINT(-75.0 36.0)","CTCCOB-178675","CTCCOB-178675-1",NA
"179","CTCCOB",NA,25.41667,-80.16667,1.016,10.8864,"TL",NA,NA,1993-03-22,"SEFSC",2,"CTCCOB-56178",2026-05-05,"UTC",1993,3,22,81,00:00:00,NA,"POINT(-80.16667 25.41667)","CTCCOB-56178","CTCCOB-56178-2",NA
"180","CTCCOB",NA,28.5,-80,0.9398,11.33980925,"TL",NA,NA,1990-03-10,"SEFSC",1,"CTCCOB-175756",2026-05-05,"UTC",1990,3,10,69,00:00:00,NA,"POINT(-80.0 28.5)","CTCCOB-175756","CTCCOB-175756-1",NA
"181","CTCCOB",NA,29.83333,-85.83333,0.9398,11.7936,"TL",NA,NA,1991-10-17,"SEFSC",2,"CTCCOB-61231",2026-05-05,"UTC",1991,10,17,290,00:00:00,NA,"POINT(-85.83333 29.83333)","CTCCOB-61231","CTCCOB-61231-2",NA
"182","CTCCOB",NA,30,-86,0.9652,11.7936,"TL",NA,NA,1990-07-15,"SEFSC",2,"CTCCOB-60849",2026-05-05,"UTC",1990,7,15,196,00:00:00,NA,"POINT(-86.0 30.0)","CTCCOB-60849","CTCCOB-60849-2",NA
"183","CTCCOB",NA,30,-86.5,0.9906,12.2472,"TL",NA,NA,1989-03-30,"SEFSC",2,"CTCCOB-57914",2026-05-05,"UTC",1989,3,30,89,00:00:00,NA,"POINT(-86.5 30.0)","CTCCOB-57914","CTCCOB-57914-2",NA
"184","CTCCOB",NA,28.5,-80,1.143,12.70058636,"TL",NA,NA,1990-07-22,"SEFSC",1,"CTCCOB-175768",2026-05-05,"UTC",1990,7,22,203,00:00:00,NA,"POINT(-80.0 28.5)","CTCCOB-175768","CTCCOB-175768-1",NA
"185","CTCCOB",NA,36.83,-75.83,1.0668,13.15417873,"TL",NA,NA,1991-06-22,"SEFSC",1,"CTCCOB-181984",2026-05-05,"UTC",1991,6,22,173,00:00:00,NA,"POINT(-75.83 36.83)","CTCCOB-181984","CTCCOB-181984-1",NA
"186","CTCCOB",NA,28.5,-80,0.9652,13.6077711,"TL",NA,NA,1990-03-11,"SEFSC",1,"CTCCOB-175759",2026-05-05,"UTC",1990,3,11,70,00:00:00,NA,"POINT(-80.0 28.5)","CTCCOB-175759","CTCCOB-175759-1",NA
"187","CTCCOB",NA,28.5,-80.33,0.9906,13.6077711,"TL",NA,NA,1991-12-22,"SEFSC",1,"CTCCOB-185652",2026-05-05,"UTC",1991,12,22,356,00:00:00,NA,"POINT(-80.33 28.5)","CTCCOB-185652","CTCCOB-185652-1",NA
"188","CTCCOB",NA,28.5,-80,1.0668,13.6077711,"TL",NA,NA,1990-03-13,"SEFSC",1,"CTCCOB-175755",2026-05-05,"UTC",1990,3,13,72,00:00:00,NA,"POINT(-80.0 28.5)","CTCCOB-175755","CTCCOB-175755-1",NA
"189","CTCCOB",NA,36,-75,1.143,13.6077711,"TL",NA,NA,1990-09-14,"SEFSC",1,"CTCCOB-178671",2026-05-05,"UTC",1990,9,14,257,00:00:00,NA,"POINT(-75.0 36.0)","CTCCOB-178671","CTCCOB-178671-1",NA
"190","CTCCOB",NA,28.35,-90.15,0.8636,13.608,"TL",NA,NA,1990-05-05,"SEFSC",2,"CTCCOB-169507",2026-05-05,"UTC",1990,5,5,125,00:00:00,NA,"POINT(-90.15 28.35)","CTCCOB-169507","CTCCOB-169507-2",NA
"191","CTCCOB",NA,29,-80.33333,1.0414,13.608,"TL",NA,NA,1992-01-06,"SEFSC",2,"CTCCOB-190561",2026-05-05,"UTC",1992,1,6,6,00:00:00,NA,"POINT(-80.33333 29.0)","CTCCOB-190561","CTCCOB-190561-2",NA
"192","CTCCOB",NA,37.2,-76,1.0922,13.608,"TL",NA,NA,1998-06-09,"SEFSC",2,"CTCCOB-253787",2026-05-05,"UTC",1998,6,9,160,00:00:00,NA,"POINT(-76.0 37.2)","CTCCOB-253787","CTCCOB-253787-2",NA
"193","CTCCOB",NA,36.83,-75.83,1.2446,15.87573295,"TL",NA,NA,1991-08-06,"SEFSC",1,"CTCCOB-190591",2026-05-05,"UTC",1991,8,6,218,00:00:00,NA,"POINT(-75.83 36.83)","CTCCOB-190591","CTCCOB-190591-1",NA
"194","CTCCOB",NA,28.86667,-92.78333,1.27,15.876,"TL",NA,NA,1991-06-13,"SEFSC",2,"CTCCOB-175677",2026-05-05,"UTC",1991,6,13,164,00:00:00,NA,"POINT(-92.78333 28.86667)","CTCCOB-175677","CTCCOB-175677-2",NA
"195","CTCCOB",NA,28.16667,-80.16667,1.1938,16.7832,"TL",NA,NA,1992-01-18,"SEFSC",2,"CTCCOB-150294",2026-05-05,"UTC",1992,1,18,18,00:00:00,NA,"POINT(-80.16667 28.16667)","CTCCOB-150294","CTCCOB-150294-2",NA
"196","CTCCOB",NA,28.41,-80.58,1.3716,17.23651006,"TL",NA,NA,1991-07-23,"SEFSC",1,"CTCCOB-150296",2026-05-05,"UTC",1991,7,23,204,00:00:00,NA,"POINT(-80.58 28.41)","CTCCOB-150296","CTCCOB-150296-1",NA
"197","CTCCOB",NA,30.16667,-87.33333,1.143,17.64504,"TL",NA,NA,1992-04-11,"SEFSC",2,"CTCCOB-150296",2026-05-05,"UTC",1992,4,11,102,00:00:00,NA,"POINT(-87.33333 30.16667)","CTCCOB-150296","CTCCOB-150296-2",NA
"198","CTCCOB",NA,37.1165,-76.12733333,1.27,20.41165665,"TL",NA,NA,2023-09-12,"SEFSC",1,"CTCCOB-447597",2026-05-05,"UTC",2023,9,12,255,00:00:00,NA,"POINT(-76.12733333 37.1165)","CTCCOB-447597","CTCCOB-447597-1",NA
"199","CTCCOB",NA,29.16667,-94.5,0.6604,NA,"TL",NA,NA,1993-09-05,"SEFSC",2,"CTCCOB-229819",2026-05-05,"UTC",1993,9,5,248,00:00:00,NA,"POINT(-94.5 29.16667)","CTCCOB-229819","CTCCOB-229819-2",NA
"200","CTCCOB",NA,26.83333,-79.83333,0.6858,NA,"TL",NA,NA,1993-12-18,"SEFSC",2,"CTCCOB-189356",2026-05-05,"UTC",1993,12,18,352,00:00:00,NA,"POINT(-79.83333 26.83333)","CTCCOB-189356","CTCCOB-189356-2",NA
"201","CTCCOB",NA,27.67,-82.66,0.745,NA,"TL",NA,NA,1994-08-08,"SEFSC",1,"CTCCOB-19634",2026-05-05,"UTC",1994,8,8,220,00:00:00,NA,"POINT(-82.66 27.67)","CTCCOB-19634","CTCCOB-19634-1",NA
"202","CTCCOB",NA,28.5,-80.33,0.762,NA,"TL",NA,NA,1992-04-09,"SEFSC",1,"CTCCOB-55752",2026-05-05,"UTC",1992,4,9,100,00:00:00,NA,"POINT(-80.33 28.5)","CTCCOB-55752","CTCCOB-55752-1",NA
"203","CTCCOB",NA,28.5,-80.33,0.762,NA,"TL",NA,NA,1992-04-08,"SEFSC",1,"CTCCOB-56157",2026-05-05,"UTC",1992,4,8,99,00:00:00,NA,"POINT(-80.33 28.5)","CTCCOB-56157","CTCCOB-56157-1",NA
"204","CTCCOB",NA,28.5,-80.33,0.762,NA,"TL",NA,NA,1992-04-09,"SEFSC",1,"CTCCOB-56170",2026-05-05,"UTC",1992,4,9,100,00:00:00,NA,"POINT(-80.33 28.5)","CTCCOB-56170","CTCCOB-56170-1",NA
"205","CTCCOB",NA,29,-88,0.8128,NA,"UNK",NA,NA,1994-04-27,"SEFSC",2,"CTCCOB-54208",2026-05-05,"UTC",1994,4,27,117,00:00:00,NA,"POINT(-88.0 29.0)","CTCCOB-54208","CTCCOB-54208-2",NA
"206","CTCCOB",NA,37.08,-75.96,0.8128,NA,"UNK",NA,NA,1995-06-10,"SEFSC",1,"CTCCOB-253162",2026-05-05,"UTC",1995,6,10,161,00:00:00,NA,"POINT(-75.96 37.08)","CTCCOB-253162","CTCCOB-253162-1",NA
"207","CTCCOB",NA,30.41667,-87.21667,0.8636,NA,"UNK",NA,NA,1993-03-27,"SEFSC",2,"CTCCOB-143954",2026-05-05,"UTC",1993,3,27,86,00:00:00,NA,"POINT(-87.21667 30.41667)","CTCCOB-143954","CTCCOB-143954-2",NA
"208","CTCCOB",NA,27.3,-82.62,0.8636,NA,"UNK",NA,NA,1995-12-03,"SEFSC",2,"CTCCOB-252781",2026-05-05,"UTC",1995,12,3,337,00:00:00,NA,"POINT(-82.62 27.3)","CTCCOB-252781","CTCCOB-252781-2",NA
"209","CTCCOB",NA,29,-88,0.9144,NA,"UNK",NA,NA,1994-06-29,"SEFSC",2,"CTCCOB-64268",2026-05-05,"UTC",1994,6,29,180,00:00:00,NA,"POINT(-88.0 29.0)","CTCCOB-64268","CTCCOB-64268-2",NA
"210","CTCCOB",NA,37.27,-76.12,0.9144,NA,"UNK",NA,NA,2024-08-10,"SEFSC",2,"CTCCOB-445902",2026-05-05,"UTC",2024,8,10,223,00:00:00,NA,"POINT(-76.12 37.27)","CTCCOB-445902","CTCCOB-445902-2",NA
"211","CTCCOB",NA,29.33,-83.18,0.9144,NA,"UNK",NA,NA,1996-10-26,"SEFSC",2,"CTCCOB-263993",2026-05-05,"UTC",1996,10,26,300,00:00:00,NA,"POINT(-83.18 29.33)","CTCCOB-263993","CTCCOB-263993-2",NA
"212","CTCCOB",NA,36.96766667,-76.11833333,0.9144,NA,"UNK",NA,NA,2023-08-15,"SEFSC",2,"CTCCOB-447194",2026-05-05,"UTC",2023,8,15,227,00:00:00,NA,"POINT(-76.11833333 36.96766667)","CTCCOB-447194","CTCCOB-447194-2",NA
"213","CTCCOB",NA,37.25833,-76.36833,0.9398,NA,"UNK",NA,NA,1992-07-16,"SEFSC",2,"CTCCOB-185709",2026-05-05,"UTC",1992,7,16,198,00:00:00,NA,"POINT(-76.36833 37.25833)","CTCCOB-185709","CTCCOB-185709-2",NA
"214","CTCCOB",NA,28.26667,-82.73333,0.9652,NA,"UNK",NA,NA,1996-08-26,"SEFSC",2,"CTCCOB-260139",2026-05-05,"UTC",1996,8,26,239,00:00:00,NA,"POINT(-82.73333 28.26667)","CTCCOB-260139","CTCCOB-260139-2",NA
"215","CTCCOB",NA,28.68333,-95.96667,0.9652,NA,"UNK",NA,NA,1994-09-18,"SEFSC",2,"CTCCOB-231780",2026-05-05,"UTC",1994,9,18,261,00:00:00,NA,"POINT(-95.96667 28.68333)","CTCCOB-231780","CTCCOB-231780-2",NA
"216","CTCCOB",NA,37,-76,1.016,NA,"UNK",NA,NA,1995-07-01,"SEFSC",2,"CTCCOB-253171",2026-05-05,"UTC",1995,7,1,182,00:00:00,NA,"POINT(-76.0 37.0)","CTCCOB-253171","CTCCOB-253171-2",NA
"217","CTCCOB",NA,28.5,-80.33333,1.0922,NA,"UNK",NA,NA,1994-03-12,"SEFSC",2,"CTCCOB-176603",2026-05-05,"UTC",1994,3,12,71,00:00:00,NA,"POINT(-80.33333 28.5)","CTCCOB-176603","CTCCOB-176603-2",NA
"218","CTCCOB",NA,30,-86.5,1.1176,NA,"UNK",NA,NA,1994-04-26,"SEFSC",2,"CTCCOB-186853",2026-05-05,"UTC",1994,4,26,116,00:00:00,NA,"POINT(-86.5 30.0)","CTCCOB-186853","CTCCOB-186853-2",NA
"219","CTCCOB",NA,37.05,-76.07,1.3208,NA,"UNK",NA,NA,2024-06-19,"SEFSC",2,"CTCCOB-447597",2026-05-05,"UTC",2024,6,19,171,00:00:00,NA,"POINT(-76.07 37.05)","CTCCOB-447597","CTCCOB-447597-2",NA
"220","CTCCOB",NA,30.11,-85.7,0.4572,0.90718474,"UNK",NA,NA,1992-08-14,"SEFSC",1,"CTCCOB-54819",2026-05-05,"UTC",1992,8,14,227,00:00:00,NA,"POINT(-85.7 30.11)","CTCCOB-54819","CTCCOB-54819-1",NA
"221","CTCCOB",NA,24.83,-80.5,0.4572,1.81436948,"UNK",NA,NA,1997-01-02,"SEFSC",1,"CTCCOB-266987",2026-05-05,"UTC",1997,1,2,2,00:00:00,NA,"POINT(-80.5 24.83)","CTCCOB-266987","CTCCOB-266987-1",NA
"222","CTCCOB",NA,28,-89.5,0.508,1.81436948,"UNK",NA,NA,1995-06-10,"SEFSC",1,"CTCCOB-253168",2026-05-05,"UTC",1995,6,10,161,00:00:00,NA,"POINT(-89.5 28.0)","CTCCOB-253168","CTCCOB-253168-1",NA
"223","CTCCOB",NA,30.15,-87.7,0.6096,1.81436948,"UNK",NA,NA,1994-07-25,"SEFSC",1,"CTCCOB-57723",2026-05-05,"UTC",1994,7,25,206,00:00:00,NA,"POINT(-87.7 30.15)","CTCCOB-57723","CTCCOB-57723-1",NA
"224","CTCCOB",NA,28.5,-80.33,0.7112,2.26796185,"UNK",NA,NA,1995-01-23,"SEFSC",1,"CTCCOB-117824",2026-05-05,"UTC",1995,1,23,23,00:00:00,NA,"POINT(-80.33 28.5)","CTCCOB-117824","CTCCOB-117824-1",NA
"225","CTCCOB",NA,24.91,-80.5,0.8128,2.26796185,"UNK",NA,NA,1996-01-16,"SEFSC",1,"CTCCOB-260139",2026-05-05,"UTC",1996,1,16,16,00:00:00,NA,"POINT(-80.5 24.91)","CTCCOB-260139","CTCCOB-260139-1",NA
"226","CTCCOB",NA,29.14,-91.84,0.5588,2.72155422,"UNK",NA,NA,1995-06-10,"SEFSC",1,"CTCCOB-253167",2026-05-05,"UTC",1995,6,10,161,00:00:00,NA,"POINT(-91.84 29.14)","CTCCOB-253167","CTCCOB-253167-1",NA
"227","CTCCOB",NA,26.16,-80,0.6858,2.72155422,"UNK",NA,NA,1993-12-18,"SEFSC",1,"CTCCOB-189356",2026-05-05,"UTC",1993,12,18,352,00:00:00,NA,"POINT(-80.0 26.16)","CTCCOB-189356","CTCCOB-189356-1",NA
"228","CTCCOB",NA,28.83,-90.66,0.7112,2.72155422,"UNK",NA,NA,1993-07-31,"SEFSC",1,"CTCCOB-183021",2026-05-05,"UTC",1993,7,31,212,00:00:00,NA,"POINT(-90.66 28.83)","CTCCOB-183021","CTCCOB-183021-1",NA
"229","CTCCOB",NA,24.83333,-80.5,0.762,2.7216,"UNK",NA,NA,1992-01-30,"SEFSC",2,"CTCCOB-186351",2026-05-05,"UTC",1992,1,30,30,00:00:00,NA,"POINT(-80.5 24.83333)","CTCCOB-186351","CTCCOB-186351-2",NA
"230","CTCCOB",NA,29.08333,-90.16667,0.6858,3.1752,"UNK",NA,NA,1993-09-11,"SEFSC",2,"CTCCOB-53030",2026-05-05,"UTC",1993,9,11,254,00:00:00,NA,"POINT(-90.16667 29.08333)","CTCCOB-53030","CTCCOB-53030-2",NA
"231","CTCCOB",NA,24.83,-80.5,0.6858,3.62873896,"UNK",NA,NA,1993-01-14,"SEFSC",1,"CTCCOB-56346",2026-05-05,"UTC",1993,1,14,14,00:00:00,NA,"POINT(-80.5 24.83)","CTCCOB-56346","CTCCOB-56346-1",NA
"232","CTCCOB",NA,30.05933,-87.83083,0.7112,3.6288,"UNK",NA,NA,1992-04-08,"SEFSC",2,"CTCCOB-228840",2026-05-05,"UTC",1992,4,8,99,00:00:00,NA,"POINT(-87.83083 30.05933)","CTCCOB-228840","CTCCOB-228840-2",NA
"233","CTCCOB",NA,24.83,-80.5,0.762,4.08233133,"UNK",NA,NA,1993-03-31,"SEFSC",1,"CTCCOB-118047",2026-05-05,"UTC",1993,3,31,90,00:00:00,NA,"POINT(-80.5 24.83)","CTCCOB-118047","CTCCOB-118047-1",NA
"234","CTCCOB",NA,28.5,-80.5,0.762,4.5359237,"UNK",NA,NA,1995-03-26,"SEFSC",1,"CTCCOB-249914",2026-05-05,"UTC",1995,3,26,85,00:00:00,NA,"POINT(-80.5 28.5)","CTCCOB-249914","CTCCOB-249914-1",NA
"235","CTCCOB",NA,29,-85,0.8128,4.5359237,"UNK",NA,NA,1992-05-16,"SEFSC",1,"CTCCOB-196435",2026-05-05,"UTC",1992,5,16,137,00:00:00,NA,"POINT(-85.0 29.0)","CTCCOB-196435","CTCCOB-196435-1",NA
"236","CTCCOB",NA,29,-87,0.7874,4.98951607,"UNK",NA,NA,1993-09-01,"SEFSC",1,"CTCCOB-230107",2026-05-05,"UTC",1993,9,1,244,00:00:00,NA,"POINT(-87.0 29.0)","CTCCOB-230107","CTCCOB-230107-1",NA
"237","CTCCOB",NA,30.08,-84.2,0.7874,4.98951607,"UNK",NA,NA,1996-08-17,"SEFSC",1,"CTCCOB-264680",2026-05-05,"UTC",1996,8,17,230,00:00:00,NA,"POINT(-84.2 30.08)","CTCCOB-264680","CTCCOB-264680-1",NA
"238","CTCCOB",NA,30.13,-87,0.4826,5.44310844,"UNK",NA,NA,1993-05-01,"SEFSC",1,"CTCCOB-53737",2026-05-05,"UTC",1993,5,1,121,00:00:00,NA,"POINT(-87.0 30.13)","CTCCOB-53737","CTCCOB-53737-1",NA
"239","CTCCOB",NA,30,-87,0.762,5.44310844,"UNK",NA,NA,1994-04-30,"SEFSC",1,"CTCCOB-209398",2026-05-05,"UTC",1994,4,30,120,00:00:00,NA,"POINT(-87.0 30.0)","CTCCOB-209398","CTCCOB-209398-1",NA
"240","CTCCOB",NA,30.08,-84.2,0.7874,5.44310844,"UNK",NA,NA,1993-08-11,"SEFSC",1,"CTCCOB-55198",2026-05-05,"UTC",1993,8,11,223,00:00:00,NA,"POINT(-84.2 30.08)","CTCCOB-55198","CTCCOB-55198-1",NA
"241","CTCCOB",NA,28.6,-94.82,0.8128,5.44310844,"UNK",NA,NA,1995-06-14,"SEFSC",1,"CTCCOB-253161",2026-05-05,"UTC",1995,6,14,165,00:00:00,NA,"POINT(-94.82 28.6)","CTCCOB-253161","CTCCOB-253161-1",NA
"242","CTCCOB",NA,26.46,-82,0.8382,5.44310844,"UNK",NA,NA,1992-07-11,"SEFSC",1,"CTCCOB-116423",2026-05-05,"UTC",1992,7,11,193,00:00:00,NA,"POINT(-82.0 26.46)","CTCCOB-116423","CTCCOB-116423-1",NA
"243","CTCCOB",NA,30.08,-84.2,0.889,5.44310844,"UNK",NA,NA,1995-07-15,"SEFSC",1,"CTCCOB-252781",2026-05-05,"UTC",1995,7,15,196,00:00:00,NA,"POINT(-84.2 30.08)","CTCCOB-252781","CTCCOB-252781-1",NA
"244","CTCCOB",NA,30.08,-84.2,0.889,5.44310844,"UNK",NA,NA,1996-07-10,"SEFSC",1,"CTCCOB-263993",2026-05-05,"UTC",1996,7,10,192,00:00:00,NA,"POINT(-84.2 30.08)","CTCCOB-263993","CTCCOB-263993-1",NA
"245","CTCCOB",NA,30.08,-84.2,0.889,5.44310844,"UNK",NA,NA,1996-07-04,"SEFSC",1,"CTCCOB-263994",2026-05-05,"UTC",1996,7,4,186,00:00:00,NA,"POINT(-84.2 30.08)","CTCCOB-263994","CTCCOB-263994-1",NA
"246","CTCCOB",NA,29,-90,0.9398,5.4432,"UNK",NA,NA,1999-11-13,"SEFSC",2,"CTCCOB-356811",2026-05-05,"UTC",1999,11,13,317,00:00:00,NA,"POINT(-90.0 29.0)","CTCCOB-356811","CTCCOB-356811-2",NA
"247","CTCCOB",NA,29.83333,-83.83333,0.9652,5.4432,"UNK",NA,NA,1995-09-30,"SEFSC",2,"CTCCOB-257867",2026-05-05,"UTC",1995,9,30,273,00:00:00,NA,"POINT(-83.83333 29.83333)","CTCCOB-257867","CTCCOB-257867-2",NA
"248","CTCCOB",NA,28.5,-80.33,0.7874,5.89670081,"UNK",NA,NA,1993-04-01,"SEFSC",1,"CTCCOB-203000",2026-05-05,"UTC",1993,4,1,91,00:00:00,NA,"POINT(-80.33 28.5)","CTCCOB-203000","CTCCOB-203000-1",NA
"249","CTCCOB",NA,30.25,-86,0.8128,5.89670081,"UNK",NA,NA,1995-04-17,"SEFSC",1,"CTCCOB-253557",2026-05-05,"UTC",1995,4,17,107,00:00:00,NA,"POINT(-86.0 30.25)","CTCCOB-253557","CTCCOB-253557-1",NA
"250","CTCCOB",NA,30.25,-86.5,0.762,5.8968,"UNK",NA,NA,1993-04-13,"SEFSC",2,"CTCCOB-228843",2026-05-05,"UTC",1993,4,13,103,00:00:00,NA,"POINT(-86.5 30.25)","CTCCOB-228843","CTCCOB-228843-2",NA
"251","CTCCOB",NA,26,-82,0.762,6.35029318,"UNK",NA,NA,1993-05-10,"SEFSC",1,"CTCCOB-199284",2026-05-05,"UTC",1993,5,10,130,00:00:00,NA,"POINT(-82.0 26.0)","CTCCOB-199284","CTCCOB-199284-1",NA
"252","CTCCOB",NA,28.5,-80.33,0.762,6.35029318,"UNK",NA,NA,1993-04-01,"SEFSC",1,"CTCCOB-202998",2026-05-05,"UTC",1993,4,1,91,00:00:00,NA,"POINT(-80.33 28.5)","CTCCOB-202998","CTCCOB-202998-1",NA
"253","CTCCOB",NA,30,-86,0.7112,6.80388555,"UNK",NA,NA,1996-04-27,"SEFSC",1,"CTCCOB-262458",2026-05-05,"UTC",1996,4,27,118,00:00:00,NA,"POINT(-86.0 30.0)","CTCCOB-262458","CTCCOB-262458-1",NA
"254","CTCCOB",NA,30,-86,0.7874,6.80388555,"UNK",NA,NA,1993-05-09,"SEFSC",1,"CTCCOB-205003",2026-05-05,"UTC",1993,5,9,129,00:00:00,NA,"POINT(-86.0 30.0)","CTCCOB-205003","CTCCOB-205003-1",NA
"255","CTCCOB",NA,30,-86,0.8382,6.80388555,"UNK",NA,NA,1993-05-09,"SEFSC",1,"CTCCOB-205002",2026-05-05,"UTC",1993,5,9,129,00:00:00,NA,"POINT(-86.0 30.0)","CTCCOB-205002","CTCCOB-205002-1",NA
"256","CTCCOB",NA,28.16,-96.5,0.889,6.80388555,"UNK",NA,NA,1994-09-04,"SEFSC",1,"CTCCOB-231780",2026-05-05,"UTC",1994,9,4,247,00:00:00,NA,"POINT(-96.5 28.16)","CTCCOB-231780","CTCCOB-231780-1",NA
"257","CTCCOB",NA,30.08,-84.2,0.889,6.80388555,"UNK",NA,NA,1997-07-01,"SEFSC",1,"CTCCOB-339839",2026-05-05,"UTC",1997,7,1,182,00:00:00,NA,"POINT(-84.2 30.08)","CTCCOB-339839","CTCCOB-339839-1",NA
"258","CTCCOB",NA,28.5,-80.33,0.9144,6.80388555,"UNK",NA,NA,1993-04-04,"SEFSC",1,"CTCCOB-183198",2026-05-05,"UTC",1993,4,4,94,00:00:00,NA,"POINT(-80.33 28.5)","CTCCOB-183198","CTCCOB-183198-1",NA
"259","CTCCOB",NA,30.08,-84.2,0.9144,6.80388555,"UNK",NA,NA,1995-07-29,"SEFSC",1,"CTCCOB-257867",2026-05-05,"UTC",1995,7,29,210,00:00:00,NA,"POINT(-84.2 30.08)","CTCCOB-257867","CTCCOB-257867-1",NA
"260","CTCCOB",NA,24.83333,-80.5,0.9906,7.2576,"UNK",NA,NA,1992-03-15,"SEFSC",2,"CTCCOB-178706",2026-05-05,"UTC",1992,3,15,75,00:00:00,NA,"POINT(-80.5 24.83333)","CTCCOB-178706","CTCCOB-178706-2",NA
"261","CTCCOB",NA,28.5,-80.33,0.8382,8.16466266,"UNK",NA,NA,1993-04-01,"SEFSC",1,"CTCCOB-202999",2026-05-05,"UTC",1993,4,1,91,00:00:00,NA,"POINT(-80.33 28.5)","CTCCOB-202999","CTCCOB-202999-1",NA
"262","CTCCOB",NA,36.83,-75.83,0.8636,9.0718474,"UNK",NA,NA,1995-06-28,"SEFSC",1,"CTCCOB-258276",2026-05-05,"UTC",1995,6,28,179,00:00:00,NA,"POINT(-75.83 36.83)","CTCCOB-258276","CTCCOB-258276-1",NA
"263","CTCCOB",NA,37,-76,0.9144,9.0718474,"UNK",NA,NA,1995-06-18,"SEFSC",1,"CTCCOB-253171",2026-05-05,"UTC",1995,6,18,169,00:00:00,NA,"POINT(-76.0 37.0)","CTCCOB-253171","CTCCOB-253171-1",NA
"264","CTCCOB",NA,37,-76,0.9144,9.0718474,"UNK",NA,NA,1996-06-29,"SEFSC",1,"CTCCOB-263986",2026-05-05,"UTC",1996,6,29,181,00:00:00,NA,"POINT(-76.0 37.0)","CTCCOB-263986","CTCCOB-263986-1",NA
"265","CTCCOB",NA,24.83333,-81.75,1.016,9.7524,"UNK",NA,NA,1993-10-09,"SEFSC",2,"CTCCOB-205003",2026-05-05,"UTC",1993,10,9,282,00:00:00,NA,"POINT(-81.75 24.83333)","CTCCOB-205003","CTCCOB-205003-2",NA
"266","CTCCOB",NA,37,-76,0.7112,9.97903214,"UNK",NA,NA,1996-07-07,"SEFSC",1,"CTCCOB-264203",2026-05-05,"UTC",1996,7,7,189,00:00:00,NA,"POINT(-76.0 37.0)","CTCCOB-264203","CTCCOB-264203-1",NA
"267","CTCCOB",NA,37,-76,0.9652,9.97903214,"UNK",NA,NA,1995-06-24,"SEFSC",1,"CTCCOB-253787",2026-05-05,"UTC",1995,6,24,175,00:00:00,NA,"POINT(-76.0 37.0)","CTCCOB-253787","CTCCOB-253787-1",NA
"268","CTCCOB",NA,36.83333,-75.83333,1.0414,9.9792,"UNK",NA,NA,1996-07-05,"SEFSC",2,"CTCCOB-253162",2026-05-05,"UTC",1996,7,5,187,00:00:00,NA,"POINT(-75.83333 36.83333)","CTCCOB-253162","CTCCOB-253162-2",NA
"269","CTCCOB",NA,30.13333,-87,1.0668,9.9792,"UNK",NA,NA,1996-09-04,"SEFSC",2,"CTCCOB-253557",2026-05-05,"UTC",1996,9,4,248,00:00:00,NA,"POINT(-87.0 30.13333)","CTCCOB-253557","CTCCOB-253557-2",NA
"270","CTCCOB",NA,37,-76,0.8128,10.43262451,"UNK",NA,NA,1996-06-29,"SEFSC",1,"CTCCOB-263555",2026-05-05,"UTC",1996,6,29,181,00:00:00,NA,"POINT(-76.0 37.0)","CTCCOB-263555","CTCCOB-263555-1",NA
"271","CTCCOB",NA,28.08333,-83.43333,0.9652,10.4328,"UNK",NA,NA,1997-05-13,"SEFSC",2,"CTCCOB-263994",2026-05-05,"UTC",1997,5,13,133,00:00:00,NA,"POINT(-83.43333 28.08333)","CTCCOB-263994","CTCCOB-263994-2",NA
"272","CTCCOB",NA,28.83333,-89.5,0.9906,10.8864,"UNK",NA,NA,1997-05-20,"SEFSC",2,"CTCCOB-262458",2026-05-05,"UTC",1997,5,20,140,00:00:00,NA,"POINT(-89.5 28.83333)","CTCCOB-262458","CTCCOB-262458-2",NA
"273","CTCCOB",NA,30,-87.5,1.016,11.34,"UNK",NA,NA,1994-09-22,"SEFSC",2,"CTCCOB-230659",2026-05-05,"UTC",1994,9,22,265,00:00:00,NA,"POINT(-87.5 30.0)","CTCCOB-230659","CTCCOB-230659-2",NA
"274","CTCCOB",NA,37,-75.83333,1.1176,11.34,"UNK",NA,NA,2002-05-30,"SEFSC",2,"CTCCOB-315017",2026-05-05,"UTC",2002,5,30,150,00:00:00,NA,"POINT(-75.83333 37.0)","CTCCOB-315017","CTCCOB-315017-2",NA
"275","CTCCOB",NA,26.25,-80,1.0668,12.56472,"UNK",NA,NA,1993-02-12,"SEFSC",2,"CTCCOB-195628",2026-05-05,"UTC",1993,2,12,43,00:00:00,NA,"POINT(-80.0 26.25)","CTCCOB-195628","CTCCOB-195628-2",NA
"276","CTCCOB",NA,28.5,-80.33333,0.9906,12.7008,"UNK",NA,NA,1998-08-06,"SEFSC",2,"CTCCOB-266987",2026-05-05,"UTC",1998,8,6,218,00:00:00,NA,"POINT(-80.33333 28.5)","CTCCOB-266987","CTCCOB-266987-2",NA
"277","CTCCOB",NA,36.91667,-75.66667,0.9906,13.608,"UNK",NA,NA,1998-09-04,"SEFSC",2,"CTCCOB-263986",2026-05-05,"UTC",1998,9,4,247,00:00:00,NA,"POINT(-75.66667 36.91667)","CTCCOB-263986","CTCCOB-263986-2",NA
"278","CTCCOB",NA,29.5,-80.5,1.0668,13.608,"UNK",NA,NA,1993-03-01,"SEFSC",2,"CTCCOB-181984",2026-05-05,"UTC",1993,3,1,60,00:00:00,NA,"POINT(-80.5 29.5)","CTCCOB-181984","CTCCOB-181984-2",NA
"279","CTCCOB",NA,37,-76,1.1176,13.608,"UNK",NA,NA,1996-06-15,"SEFSC",2,"CTCCOB-178670",2026-05-05,"UTC",1996,6,15,167,00:00:00,NA,"POINT(-76.0 37.0)","CTCCOB-178670","CTCCOB-178670-2",NA
"280","CTCCOB",NA,36.83333,-75.83333,1.1684,13.608,"UNK",NA,NA,1995-07-04,"SEFSC",2,"CTCCOB-253170",2026-05-05,"UTC",1995,7,4,185,00:00:00,NA,"POINT(-75.83333 36.83333)","CTCCOB-253170","CTCCOB-253170-2",NA
"281","CTCCOB",NA,30.25,-81.33333,1.0414,14.0616,"UNK",NA,NA,1995-04-15,"SEFSC",2,"CTCCOB-53737",2026-05-05,"UTC",1995,4,15,105,00:00:00,NA,"POINT(-81.33333 30.25)","CTCCOB-53737","CTCCOB-53737-2",NA
"282","CTCCOB",NA,28.5,-90,1.0668,14.0616,"UNK",NA,NA,1994-09-22,"SEFSC",2,"CTCCOB-183021",2026-05-05,"UTC",1994,9,22,265,00:00:00,NA,"POINT(-90.0 28.5)","CTCCOB-183021","CTCCOB-183021-2",NA
"283","CTCCOB",NA,29.91667,-85.83333,0.9652,14.5152,"UNK",NA,NA,1992-11-28,"SEFSC",2,"CTCCOB-194361",2026-05-05,"UTC",1992,11,28,333,00:00:00,NA,"POINT(-85.83333 29.91667)","CTCCOB-194361","CTCCOB-194361-2",NA
"284","CTCCOB",NA,28.83333,-94.83333,1.0668,14.5152,"UNK",NA,NA,1992-05-09,"SEFSC",2,"CTCCOB-176972",2026-05-05,"UTC",1992,5,9,130,00:00:00,NA,"POINT(-94.83333 28.83333)","CTCCOB-176972","CTCCOB-176972-2",NA
"285","CTCCOB",NA,37,-76,1.1938,14.9688,"UNK",NA,NA,1995-07-29,"SEFSC",2,"CTCCOB-190594",2026-05-05,"UTC",1995,7,29,210,00:00:00,NA,"POINT(-76.0 37.0)","CTCCOB-190594","CTCCOB-190594-2",NA
"286","CTCCOB",NA,37.16667,-76.08333,1.2192,15.1956,"UNK",NA,NA,1992-07-03,"SEFSC",2,"CTCCOB-190591",2026-05-05,"UTC",1992,7,3,185,00:00:00,NA,"POINT(-76.08333 37.16667)","CTCCOB-190591","CTCCOB-190591-2",NA
"287","CTCCOB",NA,24.84,-80.5,1.0668,15.87573295,"UNK",NA,NA,2024-03-03,"SEFSC",1,"CTCCOB-448375",2026-05-05,"UTC",2024,3,3,63,00:00:00,NA,"POINT(-80.5 24.84)","CTCCOB-448375","CTCCOB-448375-1",NA
"288","CTCCOB",NA,37.25,-76.66667,1.1938,15.876,"UNK",NA,NA,1997-07-27,"SEFSC",2,"CTCCOB-263555",2026-05-05,"UTC",1997,7,27,208,00:00:00,NA,"POINT(-76.66667 37.25)","CTCCOB-263555","CTCCOB-263555-2",NA
"289","CTCCOB",NA,26.16667,-80,1.0668,16.3296,"UNK",NA,NA,1993-12-27,"SEFSC",2,"CTCCOB-176014",2026-05-05,"UTC",1993,12,27,361,00:00:00,NA,"POINT(-80.0 26.16667)","CTCCOB-176014","CTCCOB-176014-2",NA
"290","CTCCOB",NA,37.03,-76.2,1.1176,16.3296,"UNK",NA,NA,1997-07-05,"SEFSC",2,"CTCCOB-264203",2026-05-05,"UTC",1997,7,5,186,00:00:00,NA,"POINT(-76.2 37.03)","CTCCOB-264203","CTCCOB-264203-2",NA
"291","CTCCOB",NA,37,-76,1.1176,16.78291769,"UNK",NA,NA,1995-06-18,"SEFSC",1,"CTCCOB-253170",2026-05-05,"UTC",1995,6,18,169,00:00:00,NA,"POINT(-76.0 37.0)","CTCCOB-253170","CTCCOB-253170-1",NA
"292","CTCCOB",NA,30,-88.16667,1.1684,16.7832,"UNK",NA,NA,1995-06-10,"SEFSC",2,"CTCCOB-56170",2026-05-05,"UTC",1995,6,10,161,00:00:00,NA,"POINT(-88.16667 30.0)","CTCCOB-56170","CTCCOB-56170-2",NA
"293","CTCCOB",NA,24.83333,-80.5,1.2446,21.3192,"UNK",NA,NA,1992-02-29,"SEFSC",2,"CTCCOB-170602",2026-05-05,"UTC",1992,2,29,60,00:00:00,NA,"POINT(-80.5 24.83333)","CTCCOB-170602","CTCCOB-170602-2",NA
"294","CTCCOB",NA,37.06,-76.04,1.4478,22.95216,"UNK",NA,NA,2024-09-09,"SEFSC",2,"CTCCOB-449219",2026-05-05,"UTC",2024,9,9,253,00:00:00,NA,"POINT(-76.04 37.06)","CTCCOB-449219","CTCCOB-449219-2",NA
"295","CTCCOB",NA,37,-76,1.397,25.4016,"UNK",NA,NA,1995-06-25,"SEFSC",2,"CTCCOB-175892",2026-05-05,"UTC",1995,6,25,176,00:00:00,NA,"POINT(-76.0 37.0)","CTCCOB-175892","CTCCOB-175892-2",NA
"296","CTCCOB",NA,29,-95,0.508,NA,"UNK",NA,NA,1993-06-27,"SEFSC",1,"CTCCOB-53030",2026-05-05,"UTC",1993,6,27,178,00:00:00,NA,"POINT(-95.0 29.0)","CTCCOB-53030","CTCCOB-53030-1",NA
"297","CTCCOB",NA,30.05,-87.8,0.508,NA,"UNK",NA,NA,1994-06-15,"SEFSC",1,"CTCCOB-64268",2026-05-05,"UTC",1994,6,15,166,00:00:00,NA,"POINT(-87.8 30.05)","CTCCOB-64268","CTCCOB-64268-1",NA
"298","CTCCOB",NA,29,-95,0.5842,NA,"UNK",NA,NA,1993-08-18,"SEFSC",1,"CTCCOB-229819",2026-05-05,"UTC",1993,8,18,230,00:00:00,NA,"POINT(-95.0 29.0)","CTCCOB-229819","CTCCOB-229819-1",NA
"299","CTCCOB",NA,28.9535,-89.875,0.6096,NA,"UNK",NA,NA,1996-03-23,"SEFSC",2,"CTCCOB-253168",2026-05-05,"UTC",1996,3,23,83,00:00:00,NA,"POINT(-89.875 28.9535)","CTCCOB-253168","CTCCOB-253168-2",NA
"300","CTCCOB",NA,28.33333,-80.66667,0.635,NA,"UNK",NA,NA,1993-05-25,"SEFSC",2,"CTCCOB-202990",2026-05-05,"UTC",1993,5,25,145,00:00:00,NA,"POINT(-80.66667 28.33333)","CTCCOB-202990","CTCCOB-202990-2",NA
"301","CTCCOB",NA,28.5,-80.33,0.6604,NA,"UNK",NA,NA,1993-04-01,"SEFSC",1,"CTCCOB-202990",2026-05-05,"UTC",1993,4,1,91,00:00:00,NA,"POINT(-80.33 28.5)","CTCCOB-202990","CTCCOB-202990-1",NA
"302","CTCCOB",NA,30.33333,-86.5,0.7366,NA,"UNK",NA,NA,1992-08-29,"SEFSC",2,"CTCCOB-64762",2026-05-05,"UTC",1992,8,29,242,00:00:00,NA,"POINT(-86.5 30.33333)","CTCCOB-64762","CTCCOB-64762-2",NA
"303","CTCCOB",NA,28.56667,-90.4,NA,NA,NA,NA,NA,1989-11-20,"SEFSC",2,"CTCCOB-59517",2026-05-05,"UTC",1989,11,20,324,00:00:00,NA,"POINT(-90.4 28.56667)","CTCCOB-59517","CTCCOB-59517-2",NA
"304","CTCCOB",NA,29.5,-93.33333,NA,NA,NA,NA,NA,1996-07-02,"SEFSC",2,"CTCCOB-176418",2026-05-05,"UTC",1996,7,2,184,00:00:00,NA,"POINT(-93.33333 29.5)","CTCCOB-176418","CTCCOB-176418-2",NA
"305","CTCCOB",NA,28.5,-80.5,NA,NA,NA,NA,NA,1994-10-01,"SEFSC",2,"CTCCOB-176601",2026-05-05,"UTC",1994,10,1,274,00:00:00,NA,"POINT(-80.5 28.5)","CTCCOB-176601","CTCCOB-176601-2",NA
"306","CTCCOB",NA,29,-89,NA,NA,NA,NA,NA,1996-06-22,"SEFSC",2,"CTCCOB-253167",2026-05-05,"UTC",1996,6,22,174,00:00:00,NA,"POINT(-89.0 29.0)","CTCCOB-253167","CTCCOB-253167-2",NA
"307","CTCCOB",NA,28.5,-80.33333,NA,NA,NA,NA,NA,2001-08-12,"SEFSC",2,"CTCCOB-381742",2026-05-05,"UTC",2001,8,12,224,00:00:00,NA,"POINT(-80.33333 28.5)","CTCCOB-381742","CTCCOB-381742-2",NA
"308","CTCCOB",NA,37.1,-75.98333,NA,NA,NA,NA,NA,1995-07-10,"SEFSC",2,"CTCCOB-258276",2026-05-05,"UTC",1995,7,10,191,00:00:00,NA,"POINT(-75.98333 37.1)","CTCCOB-258276","CTCCOB-258276-2",NA
"309","CTCCOB",NA,28.5,-80.66667,NA,1.8144,NA,NA,NA,1994-10-10,"SEFSC",2,"CTCCOB-57723",2026-05-05,"UTC",1994,10,10,283,00:00:00,NA,"POINT(-80.66667 28.5)","CTCCOB-57723","CTCCOB-57723-2",NA
"310","CTCCOB",NA,24.83,-80.5,NA,2.72155422,NA,NA,NA,1989-12-07,"SEFSC",1,"CTCCOB-157377",2026-05-05,"UTC",1989,12,7,341,00:00:00,NA,"POINT(-80.5 24.83)","CTCCOB-157377","CTCCOB-157377-1",NA
"311","CTCCOB",NA,37.25833,-76.33333,NA,3.6288,NA,NA,NA,1991-08-19,"SEFSC",2,"CTCCOB-143956",2026-05-05,"UTC",1991,8,19,231,00:00:00,NA,"POINT(-76.33333 37.25833)","CTCCOB-143956","CTCCOB-143956-2",NA
"312","CTCCOB",NA,36.83333,-75.83333,NA,3.6288,NA,NA,NA,1991-07-21,"SEFSC",2,"CTCCOB-150373",2026-05-05,"UTC",1991,7,21,202,00:00:00,NA,"POINT(-75.83333 36.83333)","CTCCOB-150373","CTCCOB-150373-2",NA
"313","CTCCOB",NA,24.83333,-80.5,NA,4.536,NA,NA,NA,1992-05-01,"SEFSC",2,"CTCCOB-194521",2026-05-05,"UTC",1992,5,1,122,00:00:00,NA,"POINT(-80.5 24.83333)","CTCCOB-194521","CTCCOB-194521-2",NA
"314","CTCCOB",NA,30.7,-81.41667,NA,6.3504,NA,NA,NA,1994-05-11,"SEFSC",2,"CTCCOB-209398",2026-05-05,"UTC",1994,5,11,131,00:00:00,NA,"POINT(-81.41667 30.7)","CTCCOB-209398","CTCCOB-209398-2",NA
"315","CTCCOB",NA,24.84,-80.48,NA,7.2576,NA,NA,NA,2024-03-08,"SEFSC",2,"CTCCOB-448375",2026-05-05,"UTC",2024,3,8,68,00:00:00,NA,"POINT(-80.48 24.84)","CTCCOB-448375","CTCCOB-448375-2",NA
"316","CTCCOB",NA,30.5,-80.5,NA,8.1648,NA,NA,NA,1993-04-01,"SEFSC",2,"CTCCOB-175759",2026-05-05,"UTC",1993,4,1,91,00:00:00,NA,"POINT(-80.5 30.5)","CTCCOB-175759","CTCCOB-175759-2",NA
"317","CTCCOB",NA,34.91667,-75.75,NA,11.34,NA,NA,NA,1991-04-27,"SEFSC",2,"CTCCOB-178678",2026-05-05,"UTC",1991,4,27,117,00:00:00,NA,"POINT(-75.75 34.91667)","CTCCOB-178678","CTCCOB-178678-2",NA
"318","CTCCOB",NA,29,-89,NA,11.34,NA,NA,NA,1993-03-10,"SEFSC",2,"CTCCOB-51941",2026-05-05,"UTC",1993,3,10,69,00:00:00,NA,"POINT(-89.0 29.0)","CTCCOB-51941","CTCCOB-51941-2",NA
"319","CTCCOB",NA,24.83333,-80.5,NA,11.34,NA,NA,NA,1992-03-02,"SEFSC",2,"CTCCOB-61237",2026-05-05,"UTC",1992,3,2,62,00:00:00,NA,"POINT(-80.5 24.83333)","CTCCOB-61237","CTCCOB-61237-2",NA
"320","CTCCOB",NA,30.25,-86,NA,11.34,NA,NA,NA,1994-04-23,"SEFSC",2,"CTCCOB-62304",2026-05-05,"UTC",1994,4,23,113,00:00:00,NA,"POINT(-86.0 30.25)","CTCCOB-62304","CTCCOB-62304-2",NA
"321","CTCCOB",NA,30.25,-87.63333,NA,11.88432,NA,NA,NA,1992-11-07,"SEFSC",2,"CTCCOB-62296",2026-05-05,"UTC",1992,11,7,312,00:00:00,NA,"POINT(-87.63333 30.25)","CTCCOB-62296","CTCCOB-62296-2",NA
"322","CTCCOB",NA,30.25,-86.5,NA,13.608,NA,NA,NA,1996-04-07,"SEFSC",2,"CTCCOB-232242",2026-05-05,"UTC",1996,4,7,98,00:00:00,NA,"POINT(-86.5 30.25)","CTCCOB-232242","CTCCOB-232242-2",NA
"323","CTCCOB",NA,29,-85,NA,14.5152,NA,NA,NA,1993-04-19,"SEFSC",2,"CTCCOB-170722",2026-05-05,"UTC",1993,4,19,109,00:00:00,NA,"POINT(-85.0 29.0)","CTCCOB-170722","CTCCOB-170722-2",NA
"324","CTCCOB",NA,26.58333,-80.03333,NA,15.876,NA,NA,NA,1993-08-19,"SEFSC",2,"CTCCOB-196435",2026-05-05,"UTC",1993,8,19,231,00:00:00,NA,"POINT(-80.03333 26.58333)","CTCCOB-196435","CTCCOB-196435-2",NA
"325","CTCCOB",NA,25.91667,-81.75,NA,15.876,NA,NA,NA,1998-04-01,"SEFSC",2,"CTCCOB-264680",2026-05-05,"UTC",1998,4,1,91,00:00:00,NA,"POINT(-81.75 25.91667)","CTCCOB-264680","CTCCOB-264680-2",NA
"326","CTCCOB",NA,29,-87,NA,16.7832,NA,NA,NA,1987-11-09,"SEFSC",2,"CTCCOB-73373",2026-05-05,"UTC",1987,11,9,313,00:00:00,NA,"POINT(-87.0 29.0)","CTCCOB-73373","CTCCOB-73373-2",NA
"327","CTCCOB",NA,32.2,-80.8,NA,16.7832,NA,NA,NA,2004-05-23,"SEFSC",2,"CTCCOB-414628",2026-05-05,"UTC",2004,5,23,144,00:00:00,NA,"POINT(-80.8 32.2)","CTCCOB-414628","CTCCOB-414628-2",NA
"328","CTCCOB",NA,37,-76,NA,20.6388,NA,NA,NA,1996-07-03,"SEFSC",2,"CTCCOB-178671",2026-05-05,"UTC",1996,7,3,185,00:00:00,NA,"POINT(-76.0 37.0)","CTCCOB-178671","CTCCOB-178671-2",NA
"329","TXCOB",NA,27.64455,-97.00898,0.945,NA,"FL",1.045,"TL",2020-06-17,"TAMUCC",1,"TXCOB-1714",2026-05-05,"UTC",2020,6,17,169,00:00:00,NA,"POINT(-97.00898 27.64455)","TXCOB-1714","TXCOB-1714-1",NA
"330","TXCOB",NA,27.825,-97.02,0.66,NA,"FL",0.724,"TL",2020-07-12,"TAMUCC",1,"TXCOB-0044",2026-05-05,"UTC",2020,7,12,194,00:00:00,NA,"POINT(-97.02 27.825)","TXCOB-0044","TXCOB-0044-1",NA
"331","TXCOB",NA,27.82178,-97.006,1.276,NA,"FL",1.391,"TL",2020-07-13,"TAMUCC",1,"TXCOB-0037",2026-05-05,"UTC",2020,7,13,195,00:00:00,NA,"POINT(-97.006 27.82178)","TXCOB-0037","TXCOB-0037-1",NA
"332","TXCOB",NA,27.65523,-96.97187,0.864,NA,"FL",0.965,"TL",2020-07-18,"TAMUCC",1,"TXCOB-0042",2026-05-05,"UTC",2020,7,18,200,00:00:00,NA,"POINT(-96.97187 27.65523)","TXCOB-0042","TXCOB-0042-1",NA
"333","TXCOB",NA,27.68069,-97.08809,0.865,NA,"FL",0.987,"TL",2020-08-04,"TAMUCC",1,"TXCOB-1717",2026-05-05,"UTC",2020,8,4,217,00:00:00,NA,"POINT(-97.08809 27.68069)","TXCOB-1717","TXCOB-1717-1",NA
"334","TXCOB",NA,27.82497,-96.98652,0.711,NA,"FL",0.787,"TL",2020-08-18,"TAMUCC",1,"TXCOB-0097",2026-05-05,"UTC",2020,8,18,231,00:00:00,NA,"POINT(-96.98652 27.82497)","TXCOB-0097","TXCOB-0097-1",NA
"335","TXCOB",NA,27.79219,-96.95614,0.695,NA,"FL",0.782,"TL",2020-10-01,"TAMUCC",1,"TXCOB-0134",2026-05-05,"UTC",2020,10,1,275,00:00:00,NA,"POINT(-96.95614 27.79219)","TXCOB-0134","TXCOB-0134-1",4.47434914112091
"336","TXCOB",NA,27.70767,-97.05113,1.09,NA,"FL",1.25,"TL",2020-10-14,"TAMUCC",1,"TXCOB-0138",2026-05-05,"UTC",2020,10,14,288,00:00:00,NA,"POINT(-97.05113 27.70767)","TXCOB-0138","TXCOB-0138-1",NA
"337","TXCOB",NA,27.70337,-97.09088,0.918,NA,"FL",1.086,"TL",2021-10-07,"TAMUCC",1,"TXCOB-0278",2026-05-05,"UTC",2021,10,7,280,00:00:00,NA,"POINT(-97.09088 27.70337)","TXCOB-0278","TXCOB-0278-1",7.75300633907318
"338","TXCOB",NA,27.62145,-97.13362,0.965,NA,"FL",1.071,"TL",2021-10-21,"TAMUCC",1,"TXCOB-0292",2026-05-05,"UTC",2021,10,21,294,00:00:00,NA,"POINT(-97.13362 27.62145)","TXCOB-0292","TXCOB-0292-1",NA
"339","TXCOB",NA,27.82578,-97.0177,NA,NA,NA,0.6985,"TL",2022-09-13,"TAMUCC",1,"TXCOB-0361",2026-05-05,"UTC",2022,9,13,256,00:00:00,NA,"POINT(-97.0177 27.82578)","TXCOB-0361","TXCOB-0361-1",NA
"340","TXCOB",NA,28.20275,-96.54848,0.6985,NA,"FL",0.79375,"TL",2024-10-01,"TAMUCC",1,"TXCOB-0502",2026-05-05,"UTC",2024,10,1,275,00:00:00,NA,"POINT(-96.54848 28.20275)","TXCOB-0502","TXCOB-0502-1",NA
"341","TXCOB",NA,29.07826,-89.34561,0.959,NA,"FL",1.092,"TL",2024-10-14,"TAMUCC",1,"TXCOB-RS12835",2026-05-05,"UTC",2024,10,14,288,00:00:00,NA,"POINT(-89.34561 29.07826)","TXCOB-RS12835","TXCOB-RS12835-1",NA
"342","TXCOB",NA,29.08747,-89.3433,0.826,NA,"FL",0.941,"TL",2024-10-14,"TAMUCC",1,"TXCOB-RS12837",2026-05-05,"UTC",2024,10,14,288,00:00:00,NA,"POINT(-89.3433 29.08747)","TXCOB-RS12837","TXCOB-RS12837-1",NA
"343","TXCOB",NA,29.08032,-89.3248,0.815,NA,"FL",0.944,"TL",2024-10-14,"TAMUCC",1,"TXCOB-RS12838",2026-05-05,"UTC",2024,10,14,288,00:00:00,NA,"POINT(-89.3248 29.08032)","TXCOB-RS12838","TXCOB-RS12838-1",NA
"344","TXCOB",NA,28.58571,-89.14553,0.831,NA,"FL",0.947,"TL",2024-10-15,"TAMUCC",1,"TXCOB-RS12827",2026-05-05,"UTC",2024,10,15,289,00:00:00,NA,"POINT(-89.14553 28.58571)","TXCOB-RS12827","TXCOB-RS12827-1",NA
"345","TXCOB",NA,27.70533,-97.1025,0.762,NA,"FL",0.8636,"TL",2025-04-08,"TAMUCC",1,"TXCOB-RS12886",2026-05-05,"UTC",2025,4,8,98,00:00:00,NA,"POINT(-97.1025 27.70533)","TXCOB-RS12886","TXCOB-RS12886-1",NA
"346","TXCOB",NA,27.70533,-97.1025,0.8128,NA,"FL",0.9144,"TL",2025-04-08,"TAMUCC",1,"TXCOB-RS12887",2026-05-05,"UTC",2025,4,8,98,00:00:00,NA,"POINT(-97.1025 27.70533)","TXCOB-RS12887","TXCOB-RS12887-1",NA
"347","TXCOB",NA,27.653,-97.12367,0.73,NA,"FL",0.822,"TL",2025-09-25,"TAMUCC",1,"TXCOB-0513",2026-05-05,"UTC",2025,9,25,268,00:00:00,NA,"POINT(-97.12367 27.653)","TXCOB-0513","TXCOB-0513-1",NA
"348","TXCOB",NA,28.04844,-96.72006,0.9906,NA,"FL",1.1176,"TL",2025-10-02,"TAMUCC",1,"TXCOB-0514",2026-05-05,"UTC",2025,10,2,275,00:00:00,NA,"POINT(-96.72006 28.04844)","TXCOB-0514","TXCOB-0514-1",NA
"349","TXCOB","Rig north of Packery Channel",27.66,-97.11,NA,NA,NA,1.397,"TL",2020-08-19,"TAMUCC",2,"TXCOB-0037",2026-05-05,"UTC",2020,8,19,232,00:00:00,NA,"POINT(-97.11 27.66)","TXCOB-0037","TXCOB-0037-2",NA
"350","TXCOB","Tip of Port A South Jetty",27.83,-97.03,NA,NA,NA,0.869,"TL",2020-09-07,"TAMUCC",2,"TXCOB-0044",2026-05-05,"UTC",2020,9,7,251,00:00:00,NA,"POINT(-97.03 27.83)","TXCOB-0044","TXCOB-0044-2",NA
"351","TXCOB","7-mile rig",27.6,-97.08,NA,NA,NA,0.9652,"TL",2020-09-12,"TAMUCC",2,"TXCOB-0042",2026-05-05,"UTC",2020,9,12,256,00:00:00,NA,"POINT(-97.08 27.6)","TXCOB-0042","TXCOB-0042-2",NA
"352","TXCOB","AP Buoy",27.79,-96.96,NA,NA,NA,0.782,"TL",2020-10-01,"TAMUCC",2,"TXCOB-0134",2026-05-05,"UTC",2020,10,1,275,00:00:00,NA,"POINT(-96.96 27.79)","TXCOB-0134","TXCOB-0134-2",4.47434914112091
"353","TXCOB","7-mile rig",27.6,-97.08,NA,NA,NA,1.25,"TL",2020-10-19,"TAMUCC",2,"TXCOB-0138",2026-05-05,"UTC",2020,10,19,293,00:00:00,NA,"POINT(-97.08 27.6)","TXCOB-0138","TXCOB-0138-2",NA
"354","TXCOB","Hunt rig",27.71,-97.05,NA,NA,NA,0.889,"TL",2020-10-20,"TAMUCC",2,"TXCOB-0097",2026-05-05,"UTC",2020,10,20,294,00:00:00,NA,"POINT(-97.05 27.71)","TXCOB-0097","TXCOB-0097-2",2.23890036344528
"355","TXCOB","Standpipes",27.74,-97.01,NA,NA,NA,1.0414,"TL",2020-10-20,"TAMUCC",2,"TXCOB-1717",2026-05-05,"UTC",2020,10,20,294,00:00:00,NA,"POINT(-97.01 27.74)","TXCOB-1717","TXCOB-1717-2",2.2336288690567
"356","TXCOB","MU-775",27.64,-97.01,NA,NA,NA,1.143,"TL",2021-06-14,"TAMUCC",2,"TXCOB-1714",2026-05-05,"UTC",2021,6,14,165,00:00:00,NA,"POINT(-97.01 27.64)","TXCOB-1714","TXCOB-1714-2",1.33802330493927
"357","TXCOB","MU-775",27.64,-97.01,NA,NA,NA,1.086,"TL",2021-10-08,"TAMUCC",2,"TXCOB-0278",2026-05-05,"UTC",2021,10,8,281,00:00:00,NA,"POINT(-97.01 27.64)","TXCOB-0278","TXCOB-0278-2",NA
"358","TXCOB","100 yds off Port A south jetty",27.83,-97.03,0.6985,NA,"FL",NA,NA,2022-10-06,"TAMUCC",2,"TXCOB-0361",2026-05-05,"UTC",2022,10,6,279,00:00:00,NA,"POINT(-97.03 27.83)","TXCOB-0361","TXCOB-0361-2",NA
"359","TXCOB","Jeff's Rig off Packery",27.62,-97.13,NA,NA,NA,1.07315,"TL",2022-10-08,"TAMUCC",2,"TXCOB-0292",2026-05-05,"UTC",2022,10,8,281,00:00:00,NA,"POINT(-97.13 27.62)","TXCOB-0292","TXCOB-0292-2",NA
"360","TXCOB","Standpipes out of Port A",27.45,-96.59,NA,NA,NA,1.0922,"TL",2025-10-23,"TAMUCC",2,"TXCOB-0514",2026-05-05,"UTC",2025,10,23,296,00:00:00,NA,"POINT(-96.59 27.45)","TXCOB-0514","TXCOB-0514-2",NA
"361","TXCOB","7 MM on PINS. Helipad rig.",27.32,-97.31,NA,NA,NA,0.889,"TL",2025-10-31,"TAMUCC",2,"TXCOB-0513",2026-05-05,"UTC",2025,10,31,304,00:00:00,NA,"POINT(-97.31 27.32)","TXCOB-0513","TXCOB-0513-2",NA
"362","USMCOB","Key West",24.563,-81.726,0.79,NA,"FL",0.86,"TL",1998-03-30,"USM",1,"USMCOB-CB18567",2026-05-05,"UTC",1998,3,30,89,00:00:00,NA,"POINT(-81.726 24.563)","USMCOB-CB18567","USMCOB-CB18567-1",NA
"363","USMCOB","10 mi. N of Key West",24.709,-81.787,0.91,NA,"TL",NA,NA,1998-07-31,"USM",2,"USMCOB-CB18567",2026-05-05,"UTC",1998,7,31,212,00:00:00,NA,"POINT(-81.787 24.709)","USMCOB-CB18567","USMCOB-CB18567-2",NA
"364","USMCOB","30 10.537 88 50.459",30.175617,-88.840983,0.76,NA,"FL",0.86,"TL",1998-04-15,"USM",1,"USMCOB-CB23359",2026-05-05,"UTC",1998,4,15,105,00:00:00,NA,"POINT(-88.840983 30.175617)","USMCOB-CB23359","USMCOB-CB23359-1",NA
"365","USMCOB","12600,47033 SSW Dauphin I",30.035,-88.29333,NA,NA,NA,NA,NA,1998-07-19,"USM",2,"USMCOB-CB23359",2026-05-05,"UTC",1998,7,19,200,00:00:00,NA,"POINT(-88.29333 30.035)","USMCOB-CB23359","USMCOB-CB23359-2",NA
"366","USMCOB","Pensacola Beach, FL",30.315,-87.203,0.89,NA,"FL",NA,NA,1998-04-19,"USM",1,"USMCOB-CB24975",2026-05-05,"UTC",1998,4,19,109,00:00:00,NA,"POINT(-87.203 30.315)","USMCOB-CB24975","USMCOB-CB24975-1",NA
"367","USMCOB","Destin, FL",30.38,-86.5,NA,NA,NA,NA,NA,2004-04-23,"USM",2,"USMCOB-CB24975",2026-05-05,"UTC",2004,4,23,114,00:00:00,NA,"POINT(-86.5 30.38)","USMCOB-CB24975","USMCOB-CB24975-2",NA
"368","USMCOB","Pensacola Beach, FL",30.315,-87.203,0.97,NA,"FL",NA,NA,1998-04-19,"USM",1,"USMCOB-CB24976",2026-05-05,"UTC",1998,4,19,109,00:00:00,NA,"POINT(-87.203 30.315)","USMCOB-CB24976","USMCOB-CB24976-1",NA
"369","USMCOB","Horseshoe Rigs    E",29.425,-88.615,1.27,NA,"FL",NA,NA,2004-06-19,"USM",2,"USMCOB-CB24976",2026-05-05,"UTC",2004,6,19,171,00:00:00,NA,"POINT(-88.615 29.425)","USMCOB-CB24976","USMCOB-CB24976-2",NA
"370","USMCOB","Port Canaveral-tip of""cap",28.395,-80.587,0.89,NA,"FL",0.94,"TL",1998-04-03,"USM",1,"USMCOB-CB25134",2026-05-05,"UTC",1998,4,3,93,00:00:00,NA,"POINT(-80.587 28.395)","USMCOB-CB25134","USMCOB-CB25134-1",NA
"371","USMCOB","E.Shore, Chesapeake Ba VA",37.57,-76.95,0.99,NA,"TL",NA,NA,1998-07-21,"USM",2,"USMCOB-CB25134",2026-05-05,"UTC",1998,7,21,202,00:00:00,NA,"POINT(-76.95 37.57)","USMCOB-CB25134","USMCOB-CB25134-2",NA
"372","USMCOB","8 mi N of Key West FL",24.680269,-81.770544,0.81,NA,"FL",0.89,"TL",1998-03-07,"USM",1,"USMCOB-CB25230",2026-05-05,"UTC",1998,3,7,66,00:00:00,NA,"POINT(-81.770544 24.680269)","USMCOB-CB25230","USMCOB-CB25230-1",NA
"373","USMCOB","off Venice, LA  TL????",29.274,-89.345,0.58,NA,"TL",NA,NA,1999-08-20,"USM",2,"USMCOB-CB25230",2026-05-05,"UTC",1999,8,20,232,00:00:00,NA,"POINT(-89.345 29.274)","USMCOB-CB25230","USMCOB-CB25230-2",NA
"374","USMCOB","Key West Harbor",24.563,-81.726,0.79,NA,"FL",0.89,"TL",1998-03-21,"USM",1,"USMCOB-CB25244",2026-05-05,"UTC",1998,3,21,80,00:00:00,NA,"POINT(-81.726 24.563)","USMCOB-CB25244","USMCOB-CB25244-1",NA
"375","USMCOB","Destin, FL",30.38,-86.5,1.12,NA,"FL",NA,NA,1999-04-26,"USM",2,"USMCOB-CB25244",2026-05-05,"UTC",1999,4,26,116,00:00:00,NA,"POINT(-86.5 30.38)","USMCOB-CB25244","USMCOB-CB25244-2",NA
"376","USMCOB","Pensacola Beach, FL",30.315,-87.203,0.89,NA,"FL",0.94,"TL",2000-04-29,"USM",1,"USMCOB-CB25334",2026-05-05,"UTC",2000,4,29,120,00:00:00,NA,"POINT(-87.203 30.315)","USMCOB-CB25334","USMCOB-CB25334-1",NA
"377","USMCOB","Curlew Rigs, S of MS",29.543,-88.668,1,NA,"TL",NA,NA,2000-05-20,"USM",2,"USMCOB-CB25334",2026-05-05,"UTC",2000,5,20,141,00:00:00,NA,"POINT(-88.668 29.543)","USMCOB-CB25334","USMCOB-CB25334-2",NA
"378","USMCOB","2 ml E of Destin",30.38,-86.463,0.76,NA,"FL",0.84,"TL",2000-04-01,"USM",1,"USMCOB-CB26337",2026-05-05,"UTC",2000,4,1,92,00:00:00,NA,"POINT(-86.463 30.38)","USMCOB-CB26337","USMCOB-CB26337-1",NA
"379","USMCOB","7 ml S of W Dauphin I.",30.144,-88.215,1.05,NA,"FL",1.14,"TL",2001-07-14,"USM",2,"USMCOB-CB26337",2026-05-05,"UTC",2001,7,14,195,00:00:00,NA,"POINT(-88.215 30.144)","USMCOB-CB26337","USMCOB-CB26337-2",NA
"380","USMCOB","28 40 20, 90 52 74blk 160",28.672222,-90.866667,0.81,NA,"FL",0.91,"TL",1998-05-16,"USM",1,"USMCOB-CB26469",2026-05-05,"UTC",1998,5,16,136,00:00:00,NA,"POINT(-90.866667 28.672222)","USMCOB-CB26469","USMCOB-CB26469-1",NA
"381","USMCOB","S. Timbalier 177",28.523,-90.362,NA,NA,NA,NA,NA,1999-07-30,"USM",2,"USMCOB-CB26469",2026-05-05,"UTC",1999,7,30,211,00:00:00,NA,"POINT(-90.362 28.523)","USMCOB-CB26469","USMCOB-CB26469-2",NA
"382","USMCOB","Chandeleur Bar, north end",30.043,-88.878,0.65,NA,"FL",0.74,"TL",1998-05-01,"USM",1,"USMCOB-CB26920",2026-05-05,"UTC",1998,5,1,121,00:00:00,NA,"POINT(-88.878 30.043)","USMCOB-CB26920","USMCOB-CB26920-1",NA
"383","USMCOB","Pensacola Beach",30.315,-87.203,1.12,NA,"FL",1.24,"TL",1998-04-14,"USM",1,"USMCOB-CB26935",2026-05-05,"UTC",1998,4,14,104,00:00:00,NA,"POINT(-87.203 30.315)","USMCOB-CB26935","USMCOB-CB26935-1",NA
"384","USMCOB","35m S Freeport jetty, TX",28.43,-95.298,1.22,NA,"TL",NA,NA,1999-05-15,"USM",2,"USMCOB-CB26935",2026-05-05,"UTC",1999,5,15,135,00:00:00,NA,"POINT(-95.298 28.43)","USMCOB-CB26935","USMCOB-CB26935-2",NA
"385","USMCOB","Chandeleur Light",30.046,-88.877,0.84,NA,"FL",0.91,"TL",1998-05-01,"USM",1,"USMCOB-CB27373",2026-05-05,"UTC",1998,5,1,121,00:00:00,NA,"POINT(-88.877 30.046)","USMCOB-CB27373","USMCOB-CB27373-1",NA
"386","USMCOB","Chandeleur I., north bar",30.043,-88.878,1.09,NA,"TL",NA,NA,1999-04-26,"USM",2,"USMCOB-CB27373",2026-05-05,"UTC",1999,4,26,116,00:00:00,NA,"POINT(-88.878 30.043)","USMCOB-CB27373","USMCOB-CB27373-2",NA
"387","USMCOB","Key West Harbor, FL",24.563,-81.726,0.86,NA,"FL",0.99,"TL",1998-03-28,"USM",1,"USMCOB-CB28073",2026-05-05,"UTC",1998,3,28,87,00:00:00,NA,"POINT(-81.726 24.563)","USMCOB-CB28073","USMCOB-CB28073-1",NA
"388","USMCOB","Key West Harbor, FL",24.563,-81.726,0.86,NA,"FL",NA,NA,1998-04-02,"USM",2,"USMCOB-CB28073",2026-05-05,"UTC",1998,4,2,92,00:00:00,NA,"POINT(-81.726 24.563)","USMCOB-CB28073","USMCOB-CB28073-2",NA
"389","USMCOB","off Cocodrie, LA",29.239,-90.66,NA,NA,NA,NA,NA,2000-07-28,"USM",2,"USMCOB-CB31017",2026-05-05,"UTC",2000,7,28,210,00:00:00,NA,"POINT(-90.66 29.239)","USMCOB-CB31017","USMCOB-CB31017-2",NA
"390","USMCOB","Green Tank, Navarre Bch",30.378,-86.862,0.97,NA,"FL",1.02,"TL",1998-04-15,"USM",1,"USMCOB-CB28364",2026-05-05,"UTC",1998,4,15,105,00:00:00,NA,"POINT(-86.862 30.378)","USMCOB-CB28364","USMCOB-CB28364-1",NA
"391","USMCOB","off Penscola Beach, FL",30.333,-87.15,1.47,NA,"FL",NA,NA,2004-04-17,"USM",2,"USMCOB-CB28364",2026-05-05,"UTC",2004,4,17,108,00:00:00,NA,"POINT(-87.15 30.333)","USMCOB-CB28364","USMCOB-CB28364-2",2.53954792022705
"392","USMCOB","E of Navarre Beach",30.378,-86.862,1.02,NA,"FL",1.09,"TL",1998-04-16,"USM",1,"USMCOB-CB28370",2026-05-05,"UTC",1998,4,16,106,00:00:00,NA,"POINT(-86.862 30.378)","USMCOB-CB28370","USMCOB-CB28370-1",NA
"393","USMCOB","22 mi. S Destin FL",30.062,-86.509,NA,NA,NA,NA,NA,1998-06-30,"USM",2,"USMCOB-CB28370",2026-05-05,"UTC",1998,6,30,181,00:00:00,NA,"POINT(-86.509 30.062)","USMCOB-CB28370","USMCOB-CB28370-2",NA
"394","USMCOB","Green Tank Navarre Beach",30.378,-86.862,0.89,NA,"FL",0.94,"TL",1998-04-20,"USM",1,"USMCOB-CB28371",2026-05-05,"UTC",1998,4,20,110,00:00:00,NA,"POINT(-86.862 30.378)","USMCOB-CB28371","USMCOB-CB28371-1",NA
"395","USMCOB","Navarre Beach",30.378,-86.862,0.91,NA,"FL",NA,NA,1998-04-22,"USM",2,"USMCOB-CB28371",2026-05-05,"UTC",1998,4,22,112,00:00:00,NA,"POINT(-86.862 30.378)","USMCOB-CB28371","USMCOB-CB28371-2",NA
"396","USMCOB","8 mi E. of Navarre Beach",30.378,-86.729,0.64,NA,"TL",NA,NA,1998-05-02,"USM",1,"USMCOB-CB28374",2026-05-05,"UTC",1998,5,2,122,00:00:00,NA,"POINT(-86.729 30.378)","USMCOB-CB28374","USMCOB-CB28374-1",NA
"397","USMCOB","Destin, FL",30.38,-86.5,1.09,NA,"TL",NA,NA,1999-04-30,"USM",2,"USMCOB-CB28374",2026-05-05,"UTC",1999,4,30,120,00:00:00,NA,"POINT(-86.5 30.38)","USMCOB-CB28374","USMCOB-CB28374-2",NA
"398","USMCOB","Pensacola Beach",30.315,-87.203,0.69,NA,"FL",0.76,"TL",1998-04-25,"USM",1,"USMCOB-CB28380",2026-05-05,"UTC",1998,4,25,115,00:00:00,NA,"POINT(-87.203 30.315)","USMCOB-CB28380","USMCOB-CB28380-1",NA
"399","USMCOB","15 ml off Canaveral, FL",28.406,-80.34,1.04,NA,"FL",NA,NA,1999-01-30,"USM",2,"USMCOB-CB28380",2026-05-05,"UTC",1999,1,30,30,00:00:00,NA,"POINT(-80.34 28.406)","USMCOB-CB28380","USMCOB-CB28380-2",NA
"400","USMCOB","W. Navarre Beach",30.378,-86.862,0.89,NA,"FL",0.94,"TL",1998-04-17,"USM",1,"USMCOB-CB28455",2026-05-05,"UTC",1998,4,17,107,00:00:00,NA,"POINT(-86.862 30.378)","USMCOB-CB28455","USMCOB-CB28455-1",NA
"401","USMCOB","Eugene Is. Blk 270 S.ofLA",28.434,-91.73,1.02,NA,"TL",NA,NA,1998-08-08,"USM",2,"USMCOB-CB28455",2026-05-05,"UTC",1998,8,8,220,00:00:00,NA,"POINT(-91.73 28.434)","USMCOB-CB28455","USMCOB-CB28455-2",NA
"402","USMCOB","Marathon, FL",24.726,-81.089,0.81,NA,"FL",0.91,"TL",1998-04-07,"USM",1,"USMCOB-CB28833",2026-05-05,"UTC",1998,4,7,97,00:00:00,NA,"POINT(-81.089 24.726)","USMCOB-CB28833","USMCOB-CB28833-1",NA
"403","USMCOB","1 ml N-Big Pine Key, FL",24.76,-81.395,0.89,NA,"FL",NA,NA,1998-11-14,"USM",2,"USMCOB-CB28833",2026-05-05,"UTC",1998,11,14,318,00:00:00,NA,"POINT(-81.395 24.76)","USMCOB-CB28833","USMCOB-CB28833-2",NA
"404","USMCOB","Marathon, FL",24.726,-81.089,0.74,NA,"FL",0.81,"TL",1998-04-09,"USM",1,"USMCOB-CB28836",2026-05-05,"UTC",1998,4,9,99,00:00:00,NA,"POINT(-81.089 24.726)","USMCOB-CB28836","USMCOB-CB28836-1",NA
"405","USMCOB","10 ml N of Big Pine Key",24.89,-81.395,0.99,NA,"FL",NA,NA,1999-11-21,"USM",2,"USMCOB-CB28836",2026-05-05,"UTC",1999,11,21,325,00:00:00,NA,"POINT(-81.395 24.89)","USMCOB-CB28836","USMCOB-CB28836-2",NA
"406","USMCOB","10 mls N of Key West",24.709,-81.787,0.71,NA,"FL",0.77,"TL",1999-12-05,"USM",1,"USMCOB-CB28841",2026-05-05,"UTC",1999,12,5,339,00:00:00,NA,"POINT(-81.787 24.709)","USMCOB-CB28841","USMCOB-CB28841-1",NA
"407","USMCOB","Key West, FL",24.563,-81.726,0.84,NA,"FL",NA,NA,2000-01-20,"USM",2,"USMCOB-CB28841",2026-05-05,"UTC",2000,1,20,20,00:00:00,NA,"POINT(-81.726 24.563)","USMCOB-CB28841","USMCOB-CB28841-2",NA
"408","USMCOB","10 mls N of Key West",24.709,-81.787,0.65,NA,"FL",0.71,"TL",1999-12-13,"USM",1,"USMCOB-CB28843",2026-05-05,"UTC",1999,12,13,347,00:00:00,NA,"POINT(-81.787 24.709)","USMCOB-CB28843","USMCOB-CB28843-1",NA
"409","USMCOB","Key West, FL            E",24.563,-81.726,0.94,NA,"TL",NA,NA,2000-11-09,"USM",2,"USMCOB-CB28843",2026-05-05,"UTC",2000,11,9,314,00:00:00,NA,"POINT(-81.726 24.563)","USMCOB-CB28843","USMCOB-CB28843-2",NA
"410","USMCOB","Pass Main, Blk 92 Rig #3",29.633,-88.846,0.85,NA,"TL",NA,NA,1998-05-30,"USM",2,"USMCOB-CB28921",2026-05-05,"UTC",1998,5,30,150,00:00:00,NA,"POINT(-88.846 29.633)","USMCOB-CB28921","USMCOB-CB28921-2",NA
"411","USMCOB","Destin, FL",30.38,-86.5,0.97,NA,"FL",1.09,"TL",1998-04-19,"USM",1,"USMCOB-CB29147",2026-05-05,"UTC",1998,4,19,109,00:00:00,NA,"POINT(-86.5 30.38)","USMCOB-CB29147","USMCOB-CB29147-1",NA
"412","USMCOB","off Navarre Beach, FL",30.378,-86.862,NA,NA,NA,NA,NA,1999-04-14,"USM",2,"USMCOB-CB29147",2026-05-05,"UTC",1999,4,14,104,00:00:00,NA,"POINT(-86.862 30.378)","USMCOB-CB29147","USMCOB-CB29147-2",NA
"413","USMCOB","Key West",24.563,-81.726,0.75,NA,"FL",0.84,"TL",2000-02-15,"USM",1,"USMCOB-CB30435",2026-05-05,"UTC",2000,2,15,46,00:00:00,NA,"POINT(-81.726 24.563)","USMCOB-CB30435","USMCOB-CB30435-1",NA
"414","USMCOB","Jewfish Basin, Key West",24.648,-81.716,0.91,NA,"FL",NA,NA,2000-09-28,"USM",2,"USMCOB-CB30435",2026-05-05,"UTC",2000,9,28,272,00:00:00,NA,"POINT(-81.716 24.648)","USMCOB-CB30435","USMCOB-CB30435-2",NA
"415","USMCOB","29.30.61N 88.41.99W",29.516944,-88.710833,0.79,NA,"FL",0.89,"TL",1999-11-11,"USM",1,"USMCOB-CB30763",2026-05-05,"UTC",1999,11,11,315,00:00:00,NA,"POINT(-88.710833 29.516944)","USMCOB-CB30763","USMCOB-CB30763-1",NA
"416","USMCOB","Grand Isle block 82",28.703,-89.985,0.97,NA,"TL",NA,NA,2000-08-05,"USM",2,"USMCOB-CB30763",2026-05-05,"UTC",2000,8,5,218,00:00:00,NA,"POINT(-89.985 28.703)","USMCOB-CB30763","USMCOB-CB30763-2",NA
"417","USMCOB","29.32.83N 88.41.38W",29.556389,-88.693889,0.74,NA,"FL",0.84,"TL",1999-11-11,"USM",1,"USMCOB-CB30765",2026-05-05,"UTC",1999,11,11,315,00:00:00,NA,"POINT(-88.693889 29.556389)","USMCOB-CB30765","USMCOB-CB30765-1",NA
"418","USMCOB","Breton Sound, Block 53",29.429,-89.135,0.99,NA,"TL",NA,NA,2000-07-07,"USM",2,"USMCOB-CB30765",2026-05-05,"UTC",2000,7,7,189,00:00:00,NA,"POINT(-89.135 29.429)","USMCOB-CB30765","USMCOB-CB30765-2",NA
"419","USMCOB","28.58.07N 90.50.53W",28.968611,-90.848056,0.97,NA,"FL",1.07,"TL",1999-09-13,"USM",1,"USMCOB-CB31013",2026-05-05,"UTC",1999,9,13,256,00:00:00,NA,"POINT(-90.848056 28.968611)","USMCOB-CB31013","USMCOB-CB31013-1",NA
"420","USMCOB","off Matagorda, TX in 90'",28.198,-95.766,1.23,NA,"TL",NA,NA,2000-08-20,"USM",2,"USMCOB-CB31013",2026-05-05,"UTC",2000,8,20,233,00:00:00,NA,"POINT(-95.766 28.198)","USMCOB-CB31013","USMCOB-CB31013-2",NA
"421","USMCOB","28.53.49N 90.48.69W",28.896944,-90.819167,0.89,NA,"FL",0.99,"TL",1999-10-28,"USM",1,"USMCOB-CB31017",2026-05-05,"UTC",1999,10,28,301,00:00:00,NA,"POINT(-90.819167 28.896944)","USMCOB-CB31017","USMCOB-CB31017-1",NA
"422","USMCOB","28.54.04N 90.41.45W",28.901111,-90.695833,0.81,NA,"FL",0.91,"TL",1999-10-28,"USM",1,"USMCOB-CB31050",2026-05-05,"UTC",1999,10,28,301,00:00:00,NA,"POINT(-90.695833 28.901111)","USMCOB-CB31050","USMCOB-CB31050-1",NA
"423","USMCOB","52 ml off Freeport, TX",28.353,-94.756,0.93,NA,"FL",1.07,"TL",2000-07-19,"USM",2,"USMCOB-CB31050",2026-05-05,"UTC",2000,7,19,201,00:00:00,NA,"POINT(-94.756 28.353)","USMCOB-CB31050","USMCOB-CB31050-2",NA
"424","USMCOB","St. Marks, FL",30.074,-84.185,0.79,NA,"FL",0.89,"TL",1999-05-15,"USM",1,"USMCOB-CB31909",2026-05-05,"UTC",1999,5,15,135,00:00:00,NA,"POINT(-84.185 30.074)","USMCOB-CB31909","USMCOB-CB31909-1",NA
"425","USMCOB","Rock I. off Perry, FL",29.971,-83.828,0.85,NA,"FL",NA,NA,2000-04-26,"USM",2,"USMCOB-CB31909",2026-05-05,"UTC",2000,4,26,117,00:00:00,NA,"POINT(-83.828 29.971)","USMCOB-CB31909","USMCOB-CB31909-2",NA
"426","USMCOB","Crystal River, FL",28.915,-82.698,1.04,NA,"FL",1.12,"TL",2000-05-04,"USM",1,"USMCOB-CB32237",2026-05-05,"UTC",2000,5,4,125,00:00:00,NA,"POINT(-82.698 28.915)","USMCOB-CB32237","USMCOB-CB32237-1",NA
"427","USMCOB","Key West",24.563,-81.726,0.8,NA,"FL",0.86,"TL",2000-03-18,"USM",1,"USMCOB-CB32299",2026-05-05,"UTC",2000,3,18,78,00:00:00,NA,"POINT(-81.726 24.563)","USMCOB-CB32299","USMCOB-CB32299-1",NA
"428","USMCOB","Smith Shoals, FL",24.687,-82.902,0.89,NA,"FL",0.97,"TL",2000-05-14,"USM",2,"USMCOB-CB32299",2026-05-05,"UTC",2000,5,14,135,00:00:00,NA,"POINT(-82.902 24.687)","USMCOB-CB32299","USMCOB-CB32299-2",NA
"429","USMCOB","1 mile off Pensacola",30.313,-87.275,0.84,NA,"FL",0.94,"TL",2000-03-28,"USM",1,"USMCOB-CB32351",2026-05-05,"UTC",2000,3,28,88,00:00:00,NA,"POINT(-87.275 30.313)","USMCOB-CB32351","USMCOB-CB32351-1",NA
"430","USMCOB","Navarre, FL",30.378,-86.862,0.84,NA,"FL",NA,NA,2000-05-06,"USM",2,"USMCOB-CB32351",2026-05-05,"UTC",2000,5,6,127,00:00:00,NA,"POINT(-86.862 30.378)","USMCOB-CB32351","USMCOB-CB32351-2",NA
"431","USMCOB","3 ml E of Sandestin     E",30.367,-86.331,0.91,NA,"FL",NA,NA,2000-04-29,"USM",1,"USMCOB-CB32531",2026-05-05,"UTC",2000,4,29,120,00:00:00,NA,"POINT(-86.331 30.367)","USMCOB-CB32531","USMCOB-CB32531-1",NA
"432","USMCOB","47030.0 / 12280.0",30.02667,-88.82167,0.57,NA,"FL",NA,NA,1988-07-31,"USM",1,"USMCOB-EA2012",2026-05-05,"UTC",1988,7,31,213,00:00:00,NA,"POINT(-88.82167 30.02667)","USMCOB-EA2012","USMCOB-EA2012-1",NA
"433","USMCOB","ISLAMORADA, FLA (ATL. OCEAN)",24.924,-80.625,NA,NA,NA,NA,NA,1989-03-15,"USM",2,"USMCOB-EA2012",2026-05-05,"UTC",1989,3,15,74,00:00:00,NA,"POINT(-80.625 24.924)","USMCOB-EA2012","USMCOB-EA2012-2",NA
"434","USMCOB","10 MI. SE. OF DAUPHIN IS.",30.140823,-87.981352,0.48,NA,"FL",0.52,"TL",1988-05-07,"USM",1,"USMCOB-EA2571",2026-05-05,"UTC",1988,5,7,128,00:00:00,NA,"POINT(-87.981352 30.140823)","USMCOB-EA2571","USMCOB-EA2571-1",NA
"435","USMCOB","7 MI. S. OF DAUPHIN IS., AL",30.144,-88.215,0.99,NA,"TL",NA,NA,1989-04-22,"USM",2,"USMCOB-EA2571",2026-05-05,"UTC",1989,4,22,112,00:00:00,NA,"POINT(-88.215 30.144)","USMCOB-EA2571","USMCOB-EA2571-2",NA
"436","USMCOB","10 MI. SE. OF DAUPHIN IS.",30.140823,-87.981352,0.67,NA,"FL",0.74,"TL",1988-05-07,"USM",1,"USMCOB-EA2592",2026-05-05,"UTC",1988,5,7,128,00:00:00,NA,"POINT(-87.981352 30.140823)","USMCOB-EA2592","USMCOB-EA2592-1",NA
"437","USMCOB","12 MI. S. OF FORT MORGAN, AL",30.049,-88.017,NA,NA,NA,NA,NA,1988-05-14,"USM",2,"USMCOB-EA2592",2026-05-05,"UTC",1988,5,14,135,00:00:00,NA,"POINT(-88.017 30.049)","USMCOB-EA2592","USMCOB-EA2592-2",NA
"438","USMCOB","10 MI. SE. OF DAUPHIN IS.",30.140823,-87.981352,0.51,NA,"FL",0.56,"TL",1988-05-07,"USM",1,"USMCOB-EA2593",2026-05-05,"UTC",1988,5,7,128,00:00:00,NA,"POINT(-87.981352 30.140823)","USMCOB-EA2593","USMCOB-EA2593-1",NA
"439","USMCOB","S. OF GULF SHORES, AL",30.245,-87.701,NA,NA,NA,NA,NA,1988-07-04,"USM",2,"USMCOB-EA2593",2026-05-05,"UTC",1988,7,4,186,00:00:00,NA,"POINT(-87.701 30.245)","USMCOB-EA2593","USMCOB-EA2593-2",NA
"440","USMCOB","10 MI. SE. OF DAUPHIN IS.",30.140823,-87.981352,0.69,NA,"FL",0.75,"TL",1988-05-07,"USM",1,"USMCOB-EA2594",2026-05-05,"UTC",1988,5,7,128,00:00:00,NA,"POINT(-87.981352 30.140823)","USMCOB-EA2594","USMCOB-EA2594-1",NA
"441","USMCOB","8 MI. SE OF SAND IS. LIGHT, AL",30.11,-87.951,0.86,NA,"FL",0.96,"TL",1988-05-28,"USM",2,"USMCOB-EA2594",2026-05-05,"UTC",1988,5,28,149,00:00:00,NA,"POINT(-87.951 30.11)","USMCOB-EA2594","USMCOB-EA2594-2",NA
"442","USMCOB","5 MI. S. OF HORN ISLAND, MS",30.157552,-88.670527,0.38,NA,"TL",NA,NA,1991-09-06,"USM",1,"USMCOB-RC10120",2026-05-05,"UTC",1991,9,6,249,00:00:00,NA,"POINT(-88.670527 30.157552)","USMCOB-RC10120","USMCOB-RC10120-1",NA
"443","USMCOB","12380.0 / 47010.0",29.94667,-90.54167,0.66,NA,"FL",0.71,"TL",1992-07-03,"USM",2,"USMCOB-RC10120",2026-05-05,"UTC",1992,7,3,185,00:00:00,NA,"POINT(-90.54167 29.94667)","USMCOB-RC10120","USMCOB-RC10120-2",NA
"444","USMCOB","FISH HAVEN 1,S.OF HORN ISL.,MS",30.059,-88.611,0.6,NA,"FL",0.69,"TL",1994-08-20,"USM",1,"USMCOB-RC10172",2026-05-05,"UTC",1994,8,20,232,00:00:00,NA,"POINT(-88.611 30.059)","USMCOB-RC10172","USMCOB-RC10172-1",NA
"445","USMCOB","10 MI. S. DAUPHIN ISL., AL",30.095,-88.215,0.61,NA,"FL",NA,NA,1994-08-28,"USM",2,"USMCOB-RC10172",2026-05-05,"UTC",1994,8,28,240,00:00:00,NA,"POINT(-88.215 30.095)","USMCOB-RC10172","USMCOB-RC10172-2",NA
"446","USMCOB","10. MI. S. HORN ISL., MS",30.084739,-88.671122,0.64,NA,"FL",0.69,"TL",1992-04-17,"USM",1,"USMCOB-RC10190",2026-05-05,"UTC",1992,4,17,108,00:00:00,NA,"POINT(-88.671122 30.084739)","USMCOB-RC10190","USMCOB-RC10190-1",NA
"447","USMCOB","OFF CHANDELEUR LIGHT(N. END)LA",30.046,-88.877,1.03,NA,"TL",NA,NA,1993-09-09,"USM",2,"USMCOB-RC10190",2026-05-05,"UTC",1993,9,9,252,00:00:00,NA,"POINT(-88.877 30.046)","USMCOB-RC10190","USMCOB-RC10190-2",NA
"448","USMCOB","WRECK 12269.1 / 47019.5",29.981667,-88.841667,0.61,NA,"FL",0.66,"TL",1992-07-31,"USM",1,"USMCOB-RC10252",2026-05-05,"UTC",1992,7,31,213,00:00:00,NA,"POINT(-88.841667 29.981667)","USMCOB-RC10252","USMCOB-RC10252-1",NA
"449","USMCOB","BUOY AT MS RIVER OUTLET (MRGO)",29.514,-89.155,NA,NA,NA,NA,NA,1992-08-22,"USM",2,"USMCOB-RC10252",2026-05-05,"UTC",1992,8,22,235,00:00:00,NA,"POINT(-89.155 29.514)","USMCOB-RC10252","USMCOB-RC10252-2",NA
"450","USMCOB","12262.2/46938.3 (MAIN PASS,LA)",29.65,-88.87833,0.58,NA,"FL",0.64,"TL",1992-08-09,"USM",1,"USMCOB-RC10269",2026-05-05,"UTC",1992,8,9,222,00:00:00,NA,"POINT(-88.87833 29.65)","USMCOB-RC10269","USMCOB-RC10269-1",NA
"451","USMCOB","14 MI. E. OF FORT MORGAN, AL",30.226,-87.785,0.97,NA,"TL",NA,NA,1994-05-29,"USM",2,"USMCOB-RC10269",2026-05-05,"UTC",1994,5,29,149,00:00:00,NA,"POINT(-87.785 30.226)","USMCOB-RC10269","USMCOB-RC10269-2",NA
"452","USMCOB","30MI NE OF KEY WEST, FL",24.91,-81.48,0.65,NA,"FL",0.74,"TL",1992-08-09,"USM",1,"USMCOB-RC10288",2026-05-05,"UTC",1992,8,9,222,00:00:00,NA,"POINT(-81.48 24.91)","USMCOB-RC10288","USMCOB-RC10288-1",NA
"453","USMCOB","OFF CRYSTAL RIVER, FL",28.915,-82.698,0.97,NA,"TL",NA,NA,1993-05-23,"USM",2,"USMCOB-RC10288",2026-05-05,"UTC",1993,5,23,143,00:00:00,NA,"POINT(-82.698 28.915)","USMCOB-RC10288","USMCOB-RC10288-2",NA
"454","USMCOB","KEY WEST, FL (GULFSIDE)",24.57,-81.79,0.79,NA,"FL",0.88,"TL",1993-01-06,"USM",1,"USMCOB-RC10293",2026-05-05,"UTC",1993,1,6,6,00:00:00,NA,"POINT(-81.79 24.57)","USMCOB-RC10293","USMCOB-RC10293-1",NA
"455","USMCOB","10MI. N. OF KEY WEST, FL",24.709,-81.787,0.81,NA,"FL",0.88,"TL",1993-03-12,"USM",2,"USMCOB-RC10293",2026-05-05,"UTC",1993,3,12,71,00:00:00,NA,"POINT(-81.787 24.709)","USMCOB-RC10293","USMCOB-RC10293-2",NA
"456","USMCOB","KEY WEST, FL (GULFSIDE)",24.57,-81.79,0.81,NA,"FL",0.91,"TL",1993-01-06,"USM",1,"USMCOB-RC10297",2026-05-05,"UTC",1993,1,6,6,00:00:00,NA,"POINT(-81.79 24.57)","USMCOB-RC10297","USMCOB-RC10297-1",NA
"457","USMCOB","10MI. N. OF KEY WEST, FL",24.709,-81.787,0.81,NA,"FL",0.91,"TL",1993-03-12,"USM",2,"USMCOB-RC10297",2026-05-05,"UTC",1993,3,12,71,00:00:00,NA,"POINT(-81.787 24.709)","USMCOB-RC10297","USMCOB-RC10297-2",NA
"458","USMCOB","25 MI. WEST OF DESTIN, FL",30.368,-86.915,0.58,NA,"FL",0.69,"TL",1992-04-15,"USM",1,"USMCOB-RC10309",2026-05-05,"UTC",1992,4,15,106,00:00:00,NA,"POINT(-86.915 30.368)","USMCOB-RC10309","USMCOB-RC10309-1",NA
"459","USMCOB","7MI SE OF FORT MORGAN, AL",30.157,-87.929,0.58,NA,"FL",0.69,"TL",1992-04-22,"USM",2,"USMCOB-RC10309",2026-05-05,"UTC",1992,4,22,113,00:00:00,NA,"POINT(-87.929 30.157)","USMCOB-RC10309","USMCOB-RC10309-2",NA
"460","USMCOB","DESTIN, FL",30.38,-86.5,0.89,NA,"FL",0.94,"TL",1992-04-21,"USM",1,"USMCOB-RC10322",2026-05-05,"UTC",1992,4,21,112,00:00:00,NA,"POINT(-86.5 30.38)","USMCOB-RC10322","USMCOB-RC10322-1",NA
"461","USMCOB","Orange Beach, AL",30.267,-87.585,NA,NA,NA,NA,NA,1995-04-01,"USM",2,"USMCOB-RC10322",2026-05-05,"UTC",1995,4,1,91,00:00:00,NA,"POINT(-87.585 30.267)","USMCOB-RC10322","USMCOB-RC10322-2",NA
"462","USMCOB","Horseshoe Rigs",29.425,-88.615,NA,NA,NA,NA,NA,2008-05-18,"USM",2,"USMCOB-RC47076",2026-05-05,"UTC",2008,5,18,139,00:00:00,NA,"POINT(-88.615 29.425)","USMCOB-RC47076","USMCOB-RC47076-2",3.80354523658752
"463","USMCOB","NAVARRE BEACH, FL",30.378,-86.862,0.76,NA,"FL",0.81,"TL",1992-04-18,"USM",1,"USMCOB-RC10421",2026-05-05,"UTC",1992,4,18,109,00:00:00,NA,"POINT(-86.862 30.378)","USMCOB-RC10421","USMCOB-RC10421-1",NA
"464","USMCOB","110MI. WNW OF TAMPA BAY, FL",28.981,-84.488,0.97,NA,"FL",1.02,"TL",1993-04-05,"USM",2,"USMCOB-RC10421",2026-05-05,"UTC",1993,4,5,95,00:00:00,NA,"POINT(-84.488 28.981)","USMCOB-RC10421","USMCOB-RC10421-2",NA
"465","USMCOB","10MI. SE OF DAUPHIN ISL., AL",30.140823,-87.981352,0.69,NA,"FL",0.76,"TL",1992-04-25,"USM",1,"USMCOB-RC10546",2026-05-05,"UTC",1992,4,25,116,00:00:00,NA,"POINT(-87.981352 30.140823)","USMCOB-RC10546","USMCOB-RC10546-1",NA
"466","USMCOB","APPROX. 18MI. SE OF DESTIN, FL",30.188,-86.296,0.84,NA,"FL",NA,NA,1993-02-22,"USM",2,"USMCOB-RC10546",2026-05-05,"UTC",1993,2,22,53,00:00:00,NA,"POINT(-86.296 30.188)","USMCOB-RC10546","USMCOB-RC10546-2",NA
"467","USMCOB","10MI. SE OF DAUPHIN ISL., AL",30.140823,-87.981352,0.67,NA,"FL",0.74,"TL",1992-04-25,"USM",1,"USMCOB-RC10548",2026-05-05,"UTC",1992,4,25,116,00:00:00,NA,"POINT(-87.981352 30.140823)","USMCOB-RC10548","USMCOB-RC10548-1",NA
"468","USMCOB","S OF DAUPHIN I.,AL 47045/12705",30.08,-88.12333,0.79,NA,"FL",0.81,"TL",1992-10-29,"USM",2,"USMCOB-RC10548",2026-05-05,"UTC",1992,10,29,303,00:00:00,NA,"POINT(-88.12333 30.08)","USMCOB-RC10548","USMCOB-RC10548-2",NA
"469","USMCOB","West Cameron 253A, LA",29.028,-93.12,1.24,NA,"TL",NA,NA,1997-05-16,"USM",2,"USMCOB-RC10766",2026-05-05,"UTC",1997,5,16,136,00:00:00,NA,"POINT(-93.12 29.028)","USMCOB-RC10766","USMCOB-RC10766-2",NA
"470","USMCOB","Grayton Beach, FL",30.327,-86.166,0.91,NA,"FL",NA,NA,1996-04-12,"USM",1,"USMCOB-RC10757",2026-05-05,"UTC",1996,4,12,103,00:00:00,NA,"POINT(-86.166 30.327)","USMCOB-RC10757","USMCOB-RC10757-1",NA
"471","USMCOB","Cay Costa, FL",26.669,-82.256,1.22,NA,"TL",NA,NA,1997-10-25,"USM",2,"USMCOB-RC10757",2026-05-05,"UTC",1997,10,25,298,00:00:00,NA,"POINT(-82.256 26.669)","USMCOB-RC10757","USMCOB-RC10757-2",NA
"472","USMCOB","Pensacola Beach, FL",30.315,-87.203,0.94,NA,"FL",1.04,"TL",1996-05-05,"USM",1,"USMCOB-RC10766",2026-05-05,"UTC",1996,5,5,126,00:00:00,NA,"POINT(-87.203 30.315)","USMCOB-RC10766","USMCOB-RC10766-1",NA
"473","USMCOB","off Pensacola (~tag data)",30.315,-87.203,NA,NA,NA,NA,NA,1996-04-15,"USM",1,"USMCOB-RC10768",2026-05-05,"UTC",1996,4,15,106,00:00:00,NA,"POINT(-87.203 30.315)","USMCOB-RC10768","USMCOB-RC10768-1",NA
"474","USMCOB","Ship Shoal Blk 239",28.42,-91.92,1.02,NA,"TL",NA,NA,1998-04-24,"USM",2,"USMCOB-RC10768",2026-05-05,"UTC",1998,4,24,114,00:00:00,NA,"POINT(-91.92 28.42)","USMCOB-RC10768","USMCOB-RC10768-2",NA
"475","USMCOB","CURLEW RIG 9212 (OFF LA)",29.543,-88.668,0.74,NA,"FL",0.79,"TL",1992-07-03,"USM",1,"USMCOB-RC10926",2026-05-05,"UTC",1992,7,3,185,00:00:00,NA,"POINT(-88.668 29.543)","USMCOB-RC10926","USMCOB-RC10926-1",NA
"476","USMCOB","OFF BRETON ISLAND, LA",29.48,-89.175,0.89,NA,"TL",NA,NA,1992-09-05,"USM",2,"USMCOB-RC10926",2026-05-05,"UTC",1992,9,5,249,00:00:00,NA,"POINT(-89.175 29.48)","USMCOB-RC10926","USMCOB-RC10926-2",NA
"477","USMCOB","MAIN PASS-92-16 (OFF LA)",29.632,-88.846,0.79,NA,"FL",0.84,"TL",1992-08-02,"USM",1,"USMCOB-RC10938",2026-05-05,"UTC",1992,8,2,215,00:00:00,NA,"POINT(-88.846 29.632)","USMCOB-RC10938","USMCOB-RC10938-1",NA
"478","USMCOB","CURLEW RIGS S. OF CHAN. IS.,LA",29.543,-88.668,0.79,NA,"FL",0.84,"TL",1992-08-05,"USM",2,"USMCOB-RC10938",2026-05-05,"UTC",1992,8,5,218,00:00:00,NA,"POINT(-88.668 29.543)","USMCOB-RC10938","USMCOB-RC10938-2",NA
"479","USMCOB","20 MI. S. HORN ISL. PASS, MS",29.922426,-88.6,0.74,NA,"FL",NA,NA,1992-07-03,"USM",1,"USMCOB-RC11002",2026-05-05,"UTC",1992,7,3,185,00:00:00,NA,"POINT(-88.6 29.922426)","USMCOB-RC11002","USMCOB-RC11002-1",NA
"480","USMCOB","CURLEW RIGS S. OF CHAN. IS.,LA",29.543,-88.668,0.86,NA,"FL",NA,NA,1992-08-05,"USM",2,"USMCOB-RC11002",2026-05-05,"UTC",1992,8,5,218,00:00:00,NA,"POINT(-88.668 29.543)","USMCOB-RC11002","USMCOB-RC11002-2",NA
"481","USMCOB","BUOY #34, GPT SHIP CHANNEL, MS",30.248,-89.002,0.81,NA,"FL",0.91,"TL",1993-07-29,"USM",1,"USMCOB-RC11209",2026-05-05,"UTC",1993,7,29,210,00:00:00,NA,"POINT(-89.002 30.248)","USMCOB-RC11209","USMCOB-RC11209-1",NA
"482","USMCOB","Horn Island Bar, MS",30.244,-88.777,1.06,NA,"FL",1.17,"TL",1995-04-27,"USM",2,"USMCOB-RC11209",2026-05-05,"UTC",1995,4,27,117,00:00:00,NA,"POINT(-88.777 30.244)","USMCOB-RC11209","USMCOB-RC11209-2",NA
"483","USMCOB","BUOY #33, GPT SHIP CHANNEL, MS",30.247,-89.004,0.97,NA,"FL",1.07,"TL",1993-07-29,"USM",1,"USMCOB-RC11210",2026-05-05,"UTC",1993,7,29,210,00:00:00,NA,"POINT(-89.004 30.247)","USMCOB-RC11210","USMCOB-RC11210-1",NA
"484","USMCOB","OFF E. LA (GETTY RIGS)",29.544,-88.677,0.99,NA,"FL",NA,NA,1993-08-11,"USM",2,"USMCOB-RC11210",2026-05-05,"UTC",1993,8,11,223,00:00:00,NA,"POINT(-88.677 29.544)","USMCOB-RC11210","USMCOB-RC11210-2",NA
"485","USMCOB","BUOY #44, SHIP ISLAND PASS, MS",30.284,-89.026,0.69,NA,"FL",0.76,"TL",1992-07-31,"USM",1,"USMCOB-RC11229",2026-05-05,"UTC",1992,7,31,213,00:00:00,NA,"POINT(-89.026 30.284)","USMCOB-RC11229","USMCOB-RC11229-1",NA
"486","USMCOB","NORTH OF MARATHON, FL",24.726,-81.089,0.94,NA,"TL",NA,NA,1993-03-11,"USM",2,"USMCOB-RC11229",2026-05-05,"UTC",1993,3,11,70,00:00:00,NA,"POINT(-81.089 24.726)","USMCOB-RC11229","USMCOB-RC11229-2",NA
"487","USMCOB","12MI. S.E. OF FORT MORGAN, AL",30.11,-87.883,0.72,NA,"FL",0.8,"TL",1992-05-10,"USM",1,"USMCOB-RC11268",2026-05-05,"UTC",1992,5,10,131,00:00:00,NA,"POINT(-87.883 30.11)","USMCOB-RC11268","USMCOB-RC11268-1",NA
"488","USMCOB","60 Mi. S of Dauphin Island, AL",29.377,-88.215,1.07,NA,"FL",1.24,"TL",1995-07-23,"USM",2,"USMCOB-RC11268",2026-05-05,"UTC",1995,7,23,204,00:00:00,NA,"POINT(-88.215 29.377)","USMCOB-RC11268","USMCOB-RC11268-2",NA
"489","USMCOB","8MI. SOUTH OF FORT MORGAN, AL",30.211125,-87.660774,0.64,NA,"FL",0.7,"TL",1992-05-11,"USM",1,"USMCOB-RC11275",2026-05-05,"UTC",1992,5,11,132,00:00:00,NA,"POINT(-87.660774 30.211125)","USMCOB-RC11275","USMCOB-RC11275-1",NA
"490","USMCOB","Destin, FL",30.38,-86.5,NA,NA,NA,NA,NA,1996-04-12,"USM",2,"USMCOB-RC11275",2026-05-05,"UTC",1996,4,12,103,00:00:00,NA,"POINT(-86.5 30.38)","USMCOB-RC11275","USMCOB-RC11275-2",NA
"491","USMCOB","8MI. SOUTH OF FORT MORGAN, AL",30.211125,-87.660774,0.69,NA,"FL",0.74,"TL",1992-05-11,"USM",1,"USMCOB-RC11276",2026-05-05,"UTC",1992,5,11,132,00:00:00,NA,"POINT(-87.660774 30.211125)","USMCOB-RC11276","USMCOB-RC11276-1",NA
"492","USMCOB","40MI. SE OF DESTIN, FL",29.975,-86.022,0.94,NA,"TL",NA,NA,1993-03-06,"USM",2,"USMCOB-RC11276",2026-05-05,"UTC",1993,3,6,65,00:00:00,NA,"POINT(-86.022 29.975)","USMCOB-RC11276","USMCOB-RC11276-2",NA
"493","USMCOB","20MI. S.E. OF FORT MORGAN, AL",30.027498,-87.772951,0.71,NA,"FL",0.76,"TL",1992-05-12,"USM",1,"USMCOB-RC11290",2026-05-05,"UTC",1992,5,12,133,00:00:00,NA,"POINT(-87.772951 30.027498)","USMCOB-RC11290","USMCOB-RC11290-1",NA
"494","USMCOB","ISLAMORADA, FL",24.924,-80.625,0.82,NA,"FL",NA,NA,1992-12-31,"USM",2,"USMCOB-RC11290",2026-05-05,"UTC",1992,12,31,366,00:00:00,NA,"POINT(-80.625 24.924)","USMCOB-RC11290","USMCOB-RC11290-2",NA
"495","USMCOB","20MI. S.E. OF FORT MORGAN, AL",30.027498,-87.772951,0.81,NA,"FL",0.91,"TL",1992-05-12,"USM",1,"USMCOB-RC11292",2026-05-05,"UTC",1992,5,12,133,00:00:00,NA,"POINT(-87.772951 30.027498)","USMCOB-RC11292","USMCOB-RC11292-1",NA
"496","USMCOB","STOCK ISLAND, KEY WEST, FL",24.566,-81.736,1.14,NA,"TL",NA,NA,1993-01-11,"USM",2,"USMCOB-RC11292",2026-05-05,"UTC",1993,1,11,11,00:00:00,NA,"POINT(-81.736 24.566)","USMCOB-RC11292","USMCOB-RC11292-2",NA
"497","USMCOB","6 MI. S. OF DESTIN, FL",30.293,-86.499,0.84,NA,"FL",NA,NA,1992-09-25,"USM",2,"USMCOB-RC11377",2026-05-05,"UTC",1992,9,25,269,00:00:00,NA,"POINT(-86.499 30.293)","USMCOB-RC11377","USMCOB-RC11377-2",NA
"498","USMCOB","PENSACOLA BEACH, FL",30.315,-87.203,0.89,NA,"FL",0.95,"TL",1992-05-11,"USM",1,"USMCOB-RC11434",2026-05-05,"UTC",1992,5,11,132,00:00:00,NA,"POINT(-87.203 30.315)","USMCOB-RC11434","USMCOB-RC11434-1",NA
"499","USMCOB","WRECK 3MI OFF PENSACOLA, FL",30.289,-87.153,0.89,NA,"FL",NA,NA,1992-05-14,"USM",2,"USMCOB-RC11434",2026-05-05,"UTC",1992,5,14,135,00:00:00,NA,"POINT(-87.153 30.289)","USMCOB-RC11434","USMCOB-RC11434-2",NA
"500","USMCOB","OFF PENSACOLA BEACH, FL",30.315,-87.203,0.94,NA,"FL",NA,NA,1993-04-13,"USM",1,"USMCOB-RC11436",2026-05-05,"UTC",1993,4,13,103,00:00:00,NA,"POINT(-87.203 30.315)","USMCOB-RC11436","USMCOB-RC11436-1",NA
"501","USMCOB","Pacific Light, Key Largo FL",25.089,-80.45,NA,NA,NA,NA,NA,1996-04-24,"USM",2,"USMCOB-RC11436",2026-05-05,"UTC",1996,4,24,115,00:00:00,NA,"POINT(-80.45 25.089)","USMCOB-RC11436","USMCOB-RC11436-2",NA
"502","USMCOB","FAREWELL BUOY, HORN IS., MS",30.215,-88.791,0.53,NA,"FL",0.58,"TL",1992-05-06,"USM",1,"USMCOB-RC11441",2026-05-05,"UTC",1992,5,6,127,00:00:00,NA,"POINT(-88.791 30.215)","USMCOB-RC11441","USMCOB-RC11441-1",NA
"503","USMCOB","20 MI. OFF FREEPORT, TX",28.726,-95.071,0.98,NA,"FL",NA,NA,1993-06-06,"USM",2,"USMCOB-RC11441",2026-05-05,"UTC",1993,6,6,157,00:00:00,NA,"POINT(-95.071 28.726)","USMCOB-RC11441","USMCOB-RC11441-2",NA
"504","USMCOB","13 MI. S. OF FORT MORGAN, AL",30.035459,-88.017569,0.68,NA,"FL",0.76,"TL",1992-04-30,"USM",1,"USMCOB-RC11670",2026-05-05,"UTC",1992,4,30,121,00:00:00,NA,"POINT(-88.017569 30.035459)","USMCOB-RC11670","USMCOB-RC11670-1",NA
"505","USMCOB","10 MI. SW OF DAUPHIN IS., AL",30.126,-88.439,NA,NA,NA,NA,NA,1993-07-24,"USM",2,"USMCOB-RC11670",2026-05-05,"UTC",1993,7,24,205,00:00:00,NA,"POINT(-88.439 30.126)","USMCOB-RC11670","USMCOB-RC11670-2",NA
"506","USMCOB","18 MI. S. OF FORT MORGAN, AL",29.960973,-88.019,0.81,NA,"FL",0.9,"TL",1992-04-30,"USM",1,"USMCOB-RC11672",2026-05-05,"UTC",1992,4,30,121,00:00:00,NA,"POINT(-88.019 29.960973)","USMCOB-RC11672","USMCOB-RC11672-1",NA
"507","USMCOB","OFF PANAMA CITY BEACH, FL",30.212,-85.88,1.18,NA,"FL",NA,NA,1993-08-03,"USM",2,"USMCOB-RC11672",2026-05-05,"UTC",1993,8,3,215,00:00:00,NA,"POINT(-85.88 30.212)","USMCOB-RC11672","USMCOB-RC11672-2",NA
"508","USMCOB",".5MI. OFF ORANGE BEACH, AL",30.267,-87.585,0.89,NA,"FL",0.98,"TL",1993-04-19,"USM",1,"USMCOB-RC11807",2026-05-05,"UTC",1993,4,19,109,00:00:00,NA,"POINT(-87.585 30.267)","USMCOB-RC11807","USMCOB-RC11807-1",NA
"509","USMCOB","OIL RIG  12633 / 47067",30.16833,-88.24333,0.74,NA,"FL",0.81,"TL",1992-05-05,"USM",1,"USMCOB-RC11850",2026-05-05,"UTC",1992,5,5,126,00:00:00,NA,"POINT(-88.24333 30.16833)","USMCOB-RC11850","USMCOB-RC11850-1",NA
"510","USMCOB","S TIMBALIER (BLOCK 177) OFF LA",28.525,-90.36,NA,NA,NA,NA,NA,1992-09-05,"USM",2,"USMCOB-RC11850",2026-05-05,"UTC",1992,9,5,249,00:00:00,NA,"POINT(-90.36 28.525)","USMCOB-RC11850","USMCOB-RC11850-2",NA
"511","USMCOB","5 MI. S OF SAND ISL. LT.,AL",30.114696,-88.050605,0.81,NA,"FL",0.93,"TL",1992-08-09,"USM",1,"USMCOB-RC11860",2026-05-05,"UTC",1992,8,9,222,00:00:00,NA,"POINT(-88.050605 30.114696)","USMCOB-RC11860","USMCOB-RC11860-1",NA
"512","USMCOB","Between Okaloosa Pier&Navarre",30.387,-86.75,0.94,NA,"TL",NA,NA,1995-04-12,"USM",2,"USMCOB-RC11860",2026-05-05,"UTC",1995,4,12,102,00:00:00,NA,"POINT(-86.75 30.387)","USMCOB-RC11860","USMCOB-RC11860-2",NA
"513","USMCOB","SHRIMP BOAT, OFF HORN ISL., MS",30.24,-88.703,0.64,NA,"FL",0.69,"TL",1992-05-24,"USM",1,"USMCOB-RC11892",2026-05-05,"UTC",1992,5,24,145,00:00:00,NA,"POINT(-88.703 30.24)","USMCOB-RC11892","USMCOB-RC11892-1",NA
"514","USMCOB","KEY WEST HARBOR, FL",24.563,-81.726,0.94,NA,"FL",1.03,"TL",1993-06-03,"USM",2,"USMCOB-RC11892",2026-05-05,"UTC",1993,6,3,154,00:00:00,NA,"POINT(-81.726 24.563)","USMCOB-RC11892","USMCOB-RC11892-2",NA
"515","USMCOB","KEY WEST, FL WRK OF THE CHRIS",24.5,-81.6,0.51,NA,"FL",0.55,"TL",1992-07-11,"USM",1,"USMCOB-RC11905",2026-05-05,"UTC",1992,7,11,193,00:00:00,NA,"POINT(-81.6 24.5)","USMCOB-RC11905","USMCOB-RC11905-1",NA
"516","USMCOB","OFF CAPE CANAVEREL, FL",28.391,-80.594,0.99,NA,"FL",1.07,"TL",1994-01-26,"USM",2,"USMCOB-RC11905",2026-05-05,"UTC",1994,1,26,26,00:00:00,NA,"POINT(-80.594 28.391)","USMCOB-RC11905","USMCOB-RC11905-2",NA
"517","USMCOB","KEY WEST, FL WRK OF THE CHRIS",24.5,-81.6,0.85,NA,"FL",0.91,"TL",1992-12-10,"USM",1,"USMCOB-RC11921",2026-05-05,"UTC",1992,12,10,345,00:00:00,NA,"POINT(-81.6 24.5)","USMCOB-RC11921","USMCOB-RC11921-1",NA
"518","USMCOB","15.5MI.SUGARLOAF KEY,FL (GULF)",24.778,-81.7,0.91,NA,"FL",0.98,"TL",1993-07-03,"USM",2,"USMCOB-RC11921",2026-05-05,"UTC",1993,7,3,184,00:00:00,NA,"POINT(-81.7 24.778)","USMCOB-RC11921","USMCOB-RC11921-2",NA
"519","USMCOB","KEY WEST, FL (GARDNER WRECK)",24.5,-81.6,0.75,NA,"FL",0.85,"TL",1992-12-05,"USM",1,"USMCOB-RC11928",2026-05-05,"UTC",1992,12,5,340,00:00:00,NA,"POINT(-81.6 24.5)","USMCOB-RC11928","USMCOB-RC11928-1",NA
"520","USMCOB","30MI. NW OF KEY WEST, FL",24.842,-82.165,0.91,NA,"TL",NA,NA,1993-02-27,"USM",2,"USMCOB-RC11928",2026-05-05,"UTC",1993,2,27,58,00:00:00,NA,"POINT(-82.165 24.842)","USMCOB-RC11928","USMCOB-RC11928-2",NA
"521","USMCOB","KEY WEST, FL (GARDNER WRECK)",24.5,-81.6,0.67,NA,"FL",0.76,"TL",1992-12-05,"USM",1,"USMCOB-RC11929",2026-05-05,"UTC",1992,12,5,340,00:00:00,NA,"POINT(-81.6 24.5)","USMCOB-RC11929","USMCOB-RC11929-1",NA
"522","USMCOB","20 MI.S. MOBILE BAY LIGHTHOUSE",30.146,-88.007,0.97,NA,"TL",NA,NA,1993-10-17,"USM",2,"USMCOB-RC11929",2026-05-05,"UTC",1993,10,17,290,00:00:00,NA,"POINT(-88.007 30.146)","USMCOB-RC11929","USMCOB-RC11929-2",NA
"523","USMCOB","KEY WEST, FL (GARDNER WRECK)",24.5,-81.6,0.74,NA,"FL",0.83,"TL",1992-12-05,"USM",1,"USMCOB-RC11934",2026-05-05,"UTC",1992,12,5,340,00:00:00,NA,"POINT(-81.6 24.5)","USMCOB-RC11934","USMCOB-RC11934-1",NA
"524","USMCOB","DRY TORTUGAS",24.654,-82.858,0.88,NA,"FL",NA,NA,1994-01-22,"USM",2,"USMCOB-RC11934",2026-05-05,"UTC",1994,1,22,22,00:00:00,NA,"POINT(-82.858 24.654)","USMCOB-RC11934","USMCOB-RC11934-2",NA
"525","USMCOB","KEY WEST, FL (M.S. WRECK)",24.5,-81.6,0.67,NA,"FL",0.76,"TL",1992-12-04,"USM",1,"USMCOB-RC11937",2026-05-05,"UTC",1992,12,4,339,00:00:00,NA,"POINT(-81.6 24.5)","USMCOB-RC11937","USMCOB-RC11937-1",NA
"526","USMCOB","OFF STUART, FL",27.165,-80.15,0.97,NA,"FL",NA,NA,1994-01-05,"USM",2,"USMCOB-RC11937",2026-05-05,"UTC",1994,1,5,5,00:00:00,NA,"POINT(-80.15 27.165)","USMCOB-RC11937","USMCOB-RC11937-2",NA
"527","USMCOB","KEY WEST, FL (MARY KAY WRECK)",24.5,-81.6,0.69,NA,"FL",0.77,"TL",1992-11-22,"USM",1,"USMCOB-RC11938",2026-05-05,"UTC",1992,11,22,327,00:00:00,NA,"POINT(-81.6 24.5)","USMCOB-RC11938","USMCOB-RC11938-1",NA
"528","USMCOB","WEST END OF DAUPHIN ISL., AL",30.208,-88.306,0.88,NA,"TL",NA,NA,1993-08-16,"USM",2,"USMCOB-RC11938",2026-05-05,"UTC",1993,8,16,228,00:00:00,NA,"POINT(-88.306 30.208)","USMCOB-RC11938","USMCOB-RC11938-2",NA
"529","USMCOB","WR OF THE MARY KAY,KEY WEST,FL",24.5,-81.6,0.76,NA,"FL",0.86,"TL",1992-06-13,"USM",1,"USMCOB-RC11944",2026-05-05,"UTC",1992,6,13,165,00:00:00,NA,"POINT(-81.6 24.5)","USMCOB-RC11944","USMCOB-RC11944-1",NA
"530","USMCOB","20MI N OF SAWYER KEY, FL(GULF)",25.05,-81.567,NA,NA,NA,NA,NA,1992-07-12,"USM",2,"USMCOB-RC11944",2026-05-05,"UTC",1992,7,12,194,00:00:00,NA,"POINT(-81.567 25.05)","USMCOB-RC11944","USMCOB-RC11944-2",NA
"531","USMCOB","KEY WEST, FL, WRK OF THE CHRIS",24.5,-81.6,0.64,NA,"FL",0.67,"TL",1992-06-03,"USM",1,"USMCOB-RC11951",2026-05-05,"UTC",1992,6,3,155,00:00:00,NA,"POINT(-81.6 24.5)","USMCOB-RC11951","USMCOB-RC11951-1",NA
"532","USMCOB","OFF FT. LAUDERDALE, FL",26.12,-80.1,0.89,NA,"FL",NA,NA,1993-01-06,"USM",2,"USMCOB-RC11951",2026-05-05,"UTC",1993,1,6,6,00:00:00,NA,"POINT(-80.1 26.12)","USMCOB-RC11951","USMCOB-RC11951-2",NA
"533","USMCOB","KEY WEST, FL, WRK OF THE CHRIS",24.5,-81.6,0.61,NA,"FL",0.67,"TL",1992-06-03,"USM",1,"USMCOB-RC11956",2026-05-05,"UTC",1992,6,3,155,00:00:00,NA,"POINT(-81.6 24.5)","USMCOB-RC11956","USMCOB-RC11956-1",NA
"534","USMCOB","KEY WEST, FL, WRK OF THE CHRIS",24.5,-81.6,0.61,NA,"FL",0.69,"TL",1992-06-03,"USM",1,"USMCOB-RC11957",2026-05-05,"UTC",1992,6,3,155,00:00:00,NA,"POINT(-81.6 24.5)","USMCOB-RC11957","USMCOB-RC11957-1",NA
"535","USMCOB","OFF DESTIN, FL",30.38,-86.5,0.76,NA,"FL",NA,NA,1993-04-13,"USM",2,"USMCOB-RC11957",2026-05-05,"UTC",1993,4,13,103,00:00:00,NA,"POINT(-86.5 30.38)","USMCOB-RC11957","USMCOB-RC11957-2",NA
"536","USMCOB","KEY WEST, FL, WRK OF THE CHRIS",24.5,-81.6,0.48,NA,"FL",0.55,"TL",1992-06-03,"USM",1,"USMCOB-RC11958",2026-05-05,"UTC",1992,6,3,155,00:00:00,NA,"POINT(-81.6 24.5)","USMCOB-RC11958","USMCOB-RC11958-1",NA
"537","USMCOB","OFF PANAMA CITY, FL",30.212,-85.88,NA,NA,NA,NA,NA,1993-05-05,"USM",2,"USMCOB-RC11958",2026-05-05,"UTC",1993,5,5,125,00:00:00,NA,"POINT(-85.88 30.212)","USMCOB-RC11958","USMCOB-RC11958-2",NA
"538","USMCOB","KEY WEST, FL  (HARBOR)",24.563,-81.726,0.74,NA,"FL",0.81,"TL",1992-05-08,"USM",1,"USMCOB-RC11963",2026-05-05,"UTC",1992,5,8,129,00:00:00,NA,"POINT(-81.726 24.563)","USMCOB-RC11963","USMCOB-RC11963-1",NA
"539","USMCOB","STUART,FL(ST.LUCY INLET), ATL.",27.165,-80.15,0.91,NA,"FL",NA,NA,1993-07-14,"USM",2,"USMCOB-RC11963",2026-05-05,"UTC",1993,7,14,195,00:00:00,NA,"POINT(-80.15 27.165)","USMCOB-RC11963","USMCOB-RC11963-2",NA
"540","USMCOB","KEY WEST, FL  (HARBOR)",24.563,-81.726,0.83,NA,"FL",0.9,"TL",1992-05-04,"USM",1,"USMCOB-RC11964",2026-05-05,"UTC",1992,5,4,125,00:00:00,NA,"POINT(-81.726 24.563)","USMCOB-RC11964","USMCOB-RC11964-1",NA
"541","USMCOB","OFF SUGARLOAF KEY, FL(IN GULF)",24.63,-81.524,0.95,NA,"TL",NA,NA,1992-07-29,"USM",2,"USMCOB-RC11964",2026-05-05,"UTC",1992,7,29,211,00:00:00,NA,"POINT(-81.524 24.63)","USMCOB-RC11964","USMCOB-RC11964-2",NA
"542","USMCOB","KEY WEST,FL WRK OF THE GARDNER",24.5,-81.6,0.74,NA,"FL",0.84,"TL",1992-04-12,"USM",1,"USMCOB-RC11968",2026-05-05,"UTC",1992,4,12,103,00:00:00,NA,"POINT(-81.6 24.5)","USMCOB-RC11968","USMCOB-RC11968-1",NA
"543","USMCOB","OFF STUART, FL (WRK DAVID T.)",27.203817,-80.036433,0.9,NA,"FL",1.03,"TL",1992-10-13,"USM",2,"USMCOB-RC11968",2026-05-05,"UTC",1992,10,13,287,00:00:00,NA,"POINT(-80.036433 27.203817)","USMCOB-RC11968","USMCOB-RC11968-2",NA
"544","USMCOB","CAPE SAN BLAS, FL",29.6632,-85.3556,0.56,NA,"FL",0.61,"TL",1992-06-10,"USM",1,"USMCOB-RC11983",2026-05-05,"UTC",1992,6,10,162,00:00:00,NA,"POINT(-85.3556 29.6632)","USMCOB-RC11983","USMCOB-RC11983-1",NA
"545","USMCOB","OFF NAPLES, FL",26.14,-81.81,1.45,NA,"TL",NA,NA,1995-04-08,"USM",2,"USMCOB-RC11983",2026-05-05,"UTC",1995,4,8,98,00:00:00,NA,"POINT(-81.81 26.14)","USMCOB-RC11983","USMCOB-RC11983-2",NA
"546","USMCOB","WEST END OF SHIP ISLAND, MS",30.21,-88.964,0.79,NA,"FL",0.86,"TL",1992-05-26,"USM",1,"USMCOB-RC12026",2026-05-05,"UTC",1992,5,26,147,00:00:00,NA,"POINT(-88.964 30.21)","USMCOB-RC12026","USMCOB-RC12026-1",NA
"547","USMCOB","CHAND. SOUND (29252.0/46949.0)",29.688,-88.988,0.79,NA,"FL",NA,NA,1992-06-07,"USM",2,"USMCOB-RC12026",2026-05-05,"UTC",1992,6,7,159,00:00:00,NA,"POINT(-88.988 29.688)","USMCOB-RC12026","USMCOB-RC12026-2",NA
"548","USMCOB","WEST END OF SHIP ISLAND, MS",30.21,-88.964,0.76,NA,"FL",0.84,"TL",1992-06-10,"USM",1,"USMCOB-RC12029",2026-05-05,"UTC",1992,6,10,162,00:00:00,NA,"POINT(-88.964 30.21)","USMCOB-RC12029","USMCOB-RC12029-1",NA
"549","USMCOB","SHIP ISLAND PASS, MS",30.228,-89.019,NA,NA,NA,NA,NA,1992-07-05,"USM",2,"USMCOB-RC12029",2026-05-05,"UTC",1992,7,5,187,00:00:00,NA,"POINT(-89.019 30.228)","USMCOB-RC12029","USMCOB-RC12029-2",NA
"550","USMCOB","WEST END OF SHIP ISLAND, MS",30.21,-88.964,0.76,NA,"FL",0.85,"TL",1992-06-15,"USM",1,"USMCOB-RC12031",2026-05-05,"UTC",1992,6,15,167,00:00:00,NA,"POINT(-88.964 30.21)","USMCOB-RC12031","USMCOB-RC12031-1",NA
"551","USMCOB","NORTH OF SHIP ISLAND, MS",30.213,-88.966,NA,NA,NA,NA,NA,1992-08-25,"USM",2,"USMCOB-RC12031",2026-05-05,"UTC",1992,8,25,238,00:00:00,NA,"POINT(-88.966 30.213)","USMCOB-RC12031","USMCOB-RC12031-2",NA
"552","USMCOB","S. OF HORN ISLAND, MS",30.239,-88.749,0.64,NA,"FL",0.69,"TL",1992-05-01,"USM",1,"USMCOB-RC12076",2026-05-05,"UTC",1992,5,1,122,00:00:00,NA,"POINT(-88.749 30.239)","USMCOB-RC12076","USMCOB-RC12076-1",NA
"553","USMCOB","S. OF W. END DAUPHIN ISL., LA",30.208,-88.306,0.69,NA,"FL",0.76,"TL",1992-06-17,"USM",2,"USMCOB-RC12076",2026-05-05,"UTC",1992,6,17,169,00:00:00,NA,"POINT(-88.306 30.208)","USMCOB-RC12076","USMCOB-RC12076-2",NA
"554","USMCOB","HORN ISLAND BUOY, MS",30.2,-88.7,0.58,NA,"FL",0.65,"TL",1993-07-10,"USM",1,"USMCOB-RC12094",2026-05-05,"UTC",1993,7,10,191,00:00:00,NA,"POINT(-88.7 30.2)","USMCOB-RC12094","USMCOB-RC12094-1",NA
"555","USMCOB","HORN ISL., MS (FAREWELL BUOY)",30.215,-88.791,0.61,NA,"FL",0.68,"TL",1993-07-22,"USM",2,"USMCOB-RC12094",2026-05-05,"UTC",1993,7,22,203,00:00:00,NA,"POINT(-88.791 30.215)","USMCOB-RC12094","USMCOB-RC12094-2",NA
"556","USMCOB","OFF HORN ISLAND, MS",30.239,-88.749,0.81,NA,"FL",0.89,"TL",1993-04-29,"USM",1,"USMCOB-RC12095",2026-05-05,"UTC",1993,4,29,119,00:00:00,NA,"POINT(-88.749 30.239)","USMCOB-RC12095","USMCOB-RC12095-1",NA
"557","USMCOB","Pensacola Pier, FL",30.333,-87.15,NA,NA,NA,NA,NA,1995-04-22,"USM",2,"USMCOB-RC12095",2026-05-05,"UTC",1995,4,22,112,00:00:00,NA,"POINT(-87.15 30.333)","USMCOB-RC12095","USMCOB-RC12095-2",NA
"558","USMCOB","1.5 Mi E Pensacola Pass FL",30.313,-87.275,0.86,NA,"FL",0.94,"TL",1996-05-01,"USM",1,"USMCOB-RC12202",2026-05-05,"UTC",1996,5,1,122,00:00:00,NA,"POINT(-87.275 30.313)","USMCOB-RC12202","USMCOB-RC12202-1",NA
"559","USMCOB","30 Mi S Dauphin Island, AL",29.807,-88.215,0.86,NA,"FL",0.94,"TL",1996-05-19,"USM",2,"USMCOB-RC12202",2026-05-05,"UTC",1996,5,19,140,00:00:00,NA,"POINT(-88.215 29.807)","USMCOB-RC12202","USMCOB-RC12202-2",NA
"560","USMCOB","1.5 Mi E Pensacola Pass FL",30.313,-87.275,0.89,NA,"FL",0.97,"TL",1996-05-01,"USM",1,"USMCOB-RC12204",2026-05-05,"UTC",1996,5,1,122,00:00:00,NA,"POINT(-87.275 30.313)","USMCOB-RC12204","USMCOB-RC12204-1",NA
"561","USMCOB","Pensacola Beach, 47 Miles Offs",29.651,-87.051,0.99,NA,"FL",NA,NA,1997-06-22,"USM",2,"USMCOB-RC12204",2026-05-05,"UTC",1997,6,22,173,00:00:00,NA,"POINT(-87.051 29.651)","USMCOB-RC12204","USMCOB-RC12204-2",NA
"562","USMCOB","#6 BUOY, HORN ISL. PASS, MS",30.319,-88.775,0.64,NA,"FL",0.69,"TL",1992-08-16,"USM",1,"USMCOB-RC12217",2026-05-05,"UTC",1992,8,16,229,00:00:00,NA,"POINT(-88.775 30.319)","USMCOB-RC12217","USMCOB-RC12217-1",NA
"563","USMCOB","OFF FOUCHON, LA, BLOCK 226",28.402,-90.268,NA,NA,NA,NA,NA,1994-04-26,"USM",2,"USMCOB-RC12217",2026-05-05,"UTC",1994,4,26,116,00:00:00,NA,"POINT(-90.268 28.402)","USMCOB-RC12217","USMCOB-RC12217-2",NA
"564","USMCOB","off Pensacola",30.315,-87.203,0.64,NA,"FL",NA,NA,2000-07-04,"USM",1,"USMCOB-RC12239",2026-05-05,"UTC",2000,7,4,186,00:00:00,NA,"POINT(-87.203 30.315)","USMCOB-RC12239","USMCOB-RC12239-1",NA
"565","USMCOB","27 ml NE of Pt. Canaveral",28.658,-80.244,1.07,NA,"TL",NA,NA,2002-08-31,"USM",2,"USMCOB-RC12239",2026-05-05,"UTC",2002,8,31,243,00:00:00,NA,"POINT(-80.244 28.658)","USMCOB-RC12239","USMCOB-RC12239-2",NA
"566","USMCOB","MAIN PASS 7, LA",29.639,-88.881,0.77,NA,"FL",0.84,"TL",1993-07-16,"USM",1,"USMCOB-RC12256",2026-05-05,"UTC",1993,7,16,197,00:00:00,NA,"POINT(-88.881 29.639)","USMCOB-RC12256","USMCOB-RC12256-1",NA
"567","USMCOB","80 Mi SW of Terrebonne Bay LA",28.276,-91.521,1.09,NA,"FL",1.19,"TL",1996-07-08,"USM",2,"USMCOB-RC12256",2026-05-05,"UTC",1996,7,8,190,00:00:00,NA,"POINT(-91.521 28.276)","USMCOB-RC12256","USMCOB-RC12256-2",NA
"568","USMCOB","MAIN PASS 92  2937.9 / 8850.7",29.632,-88.846,0.76,NA,"FL",0.84,"TL",1993-08-17,"USM",1,"USMCOB-RC12265",2026-05-05,"UTC",1993,8,17,229,00:00:00,NA,"POINT(-88.846 29.632)","USMCOB-RC12265","USMCOB-RC12265-1",NA
"569","USMCOB","CURLEW RIGS, S. OF CHAND., LA",29.543,-88.668,0.79,NA,"FL",0.89,"TL",1994-07-01,"USM",2,"USMCOB-RC12265",2026-05-05,"UTC",1994,7,1,182,00:00:00,NA,"POINT(-88.668 29.543)","USMCOB-RC12265","USMCOB-RC12265-2",NA
"570","USMCOB","S. OF HORN ISLAND, MS",30.239,-88.749,0.58,NA,"FL",NA,NA,1992-05-01,"USM",1,"USMCOB-RC12354",2026-05-05,"UTC",1992,5,1,122,00:00:00,NA,"POINT(-88.749 30.239)","USMCOB-RC12354","USMCOB-RC12354-1",NA
"571","USMCOB","MAIN P. AREA (12249.5/46935.7)",29.63833,-88.90167,0.71,NA,"FL",0.76,"TL",1992-08-09,"USM",2,"USMCOB-RC12354",2026-05-05,"UTC",1992,8,9,222,00:00:00,NA,"POINT(-88.90167 29.63833)","USMCOB-RC12354","USMCOB-RC12354-2",NA
"572","USMCOB","PIER OFF KILL DEVIL HILLS, NC",35.911,-75.6,0.58,NA,"FL",0.65,"TL",1994-09-16,"USM",1,"USMCOB-RC12408",2026-05-05,"UTC",1994,9,16,259,00:00:00,NA,"POINT(-75.6 35.911)","USMCOB-RC12408","USMCOB-RC12408-1",NA
"573","USMCOB","Near Cape Charles, VA",37.265,-76.025,1.12,NA,"TL",NA,NA,1996-09-16,"USM",2,"USMCOB-RC12408",2026-05-05,"UTC",1996,9,16,260,00:00:00,NA,"POINT(-76.025 37.265)","USMCOB-RC12408","USMCOB-RC12408-2",NA
"574","USMCOB","7MI WSW PERDIDO PASS BUOY, AL",30.211125,-87.660774,0.64,NA,"FL",0.72,"TL",1992-08-06,"USM",1,"USMCOB-RC12476",2026-05-05,"UTC",1992,8,6,219,00:00:00,NA,"POINT(-87.660774 30.211125)","USMCOB-RC12476","USMCOB-RC12476-1",NA
"575","USMCOB","MEXICO BEACH, FL",29.946,-85.419,0.71,NA,"FL",0.76,"TL",1992-07-06,"USM",1,"USMCOB-RC12505",2026-05-05,"UTC",1992,7,6,188,00:00:00,NA,"POINT(-85.419 29.946)","USMCOB-RC12505","USMCOB-RC12505-1",NA
"576","USMCOB","WEST OF PENSACOLA PIER",30.327,-87.144,1.19,NA,"TL",NA,NA,1994-04-16,"USM",2,"USMCOB-RC12505",2026-05-05,"UTC",1994,4,16,106,00:00:00,NA,"POINT(-87.144 30.327)","USMCOB-RC12505","USMCOB-RC12505-2",NA
"577","USMCOB","OFF MEXICO BEACH, FL",29.946,-85.419,0.61,NA,"FL",0.64,"TL",1992-09-01,"USM",1,"USMCOB-RC12516",2026-05-05,"UTC",1992,9,1,245,00:00:00,NA,"POINT(-85.419 29.946)","USMCOB-RC12516","USMCOB-RC12516-1",NA
"578","USMCOB","OFF MEXICO BEACH, FL",29.946,-85.419,0.64,NA,"TL",NA,NA,1992-09-09,"USM",2,"USMCOB-RC12516",2026-05-05,"UTC",1992,9,9,253,00:00:00,NA,"POINT(-85.419 29.946)","USMCOB-RC12516","USMCOB-RC12516-2",NA
"579","USMCOB","FH-2 (OFF MS)",30.085,-88.56,0.67,NA,"FL",0.74,"TL",1992-09-01,"USM",1,"USMCOB-RC12558",2026-05-05,"UTC",1992,9,1,245,00:00:00,NA,"POINT(-88.56 30.085)","USMCOB-RC12558","USMCOB-RC12558-1",NA
"580","USMCOB","Lantana, FL South of Palm Bch",26.584,-80.036,1.19,NA,"TL",NA,NA,1996-01-30,"USM",2,"USMCOB-RC12558",2026-05-05,"UTC",1996,1,30,30,00:00:00,NA,"POINT(-80.036 26.584)","USMCOB-RC12558","USMCOB-RC12558-2",NA
"581","USMCOB","3 MILES S. SQUASH CHANNEL, MS",30.245,-88.829,0.27,NA,"FL",0.28,"TL",1992-08-10,"USM",1,"USMCOB-RC12580",2026-05-05,"UTC",1992,8,10,223,00:00:00,NA,"POINT(-88.829 30.245)","USMCOB-RC12580","USMCOB-RC12580-1",NA
"582","USMCOB","OFF HIGH ISLAND, TEXAS",29.55,-94.385,0.86,NA,"TL",NA,NA,1993-05-29,"USM",2,"USMCOB-RC12580",2026-05-05,"UTC",1993,5,29,149,00:00:00,NA,"POINT(-94.385 29.55)","USMCOB-RC12580","USMCOB-RC12580-2",NA
"583","USMCOB","WEST END OF SHIP ISLAND, MS",30.21,-88.964,0.66,NA,"FL",0.74,"TL",1993-07-28,"USM",1,"USMCOB-RC12586",2026-05-05,"UTC",1993,7,28,209,00:00:00,NA,"POINT(-88.964 30.21)","USMCOB-RC12586","USMCOB-RC12586-1",NA
"584","USMCOB","ANCLOTE KEY, FL(NEAR TARPON SP",28.188,-82.846,0.75,NA,"FL",NA,NA,1993-10-17,"USM",2,"USMCOB-RC12586",2026-05-05,"UTC",1993,10,17,290,00:00:00,NA,"POINT(-82.846 28.188)","USMCOB-RC12586","USMCOB-RC12586-2",NA
"585","USMCOB","WEST END OF SHIP ISLAND, MS",30.21,-88.964,0.56,NA,"FL",0.61,"TL",1993-07-19,"USM",1,"USMCOB-RC12592",2026-05-05,"UTC",1993,7,19,200,00:00:00,NA,"POINT(-88.964 30.21)","USMCOB-RC12592","USMCOB-RC12592-1",NA
"586","USMCOB","N. OF BIG PINE KEY, FL (KEYS)",24.659,-81.356,0.91,NA,"FL",NA,NA,1994-06-01,"USM",2,"USMCOB-RC12592",2026-05-05,"UTC",1994,6,1,152,00:00:00,NA,"POINT(-81.356 24.659)","USMCOB-RC12592","USMCOB-RC12592-2",NA
"587","USMCOB","WEST END OF SHIP ISLAND, MS",30.21,-88.964,0.53,NA,"FL",0.58,"TL",1993-07-19,"USM",1,"USMCOB-RC12593",2026-05-05,"UTC",1993,7,19,200,00:00:00,NA,"POINT(-88.964 30.21)","USMCOB-RC12593","USMCOB-RC12593-1",NA
"588","USMCOB","SHIP IS PASS, MS (GULF)",30.228,-89.019,0.64,NA,"FL",NA,NA,1993-09-24,"USM",2,"USMCOB-RC12593",2026-05-05,"UTC",1993,9,24,267,00:00:00,NA,"POINT(-89.019 30.228)","USMCOB-RC12593","USMCOB-RC12593-2",NA
"589","USMCOB","WEST END OF SHIP ISLAND, MS",30.21,-88.964,NA,NA,NA,NA,NA,1992-08-08,"USM",1,"USMCOB-RC12597",2026-05-05,"UTC",1992,8,8,221,00:00:00,NA,"POINT(-88.964 30.21)","USMCOB-RC12597","USMCOB-RC12597-1",NA
"590","USMCOB","SE BARATARIA BAY, LA (MP 299)",29.266,-88.762,0.95,NA,"TL",NA,NA,1993-02-28,"USM",2,"USMCOB-RC12597",2026-05-05,"UTC",1993,2,28,59,00:00:00,NA,"POINT(-88.762 29.266)","USMCOB-RC12597","USMCOB-RC12597-2",NA
"591","USMCOB","NW OF JOHNSTON KEY, FL (GULF)",24.725,-81.597,0.81,NA,"FL",0.89,"TL",1992-10-25,"USM",1,"USMCOB-RC12651",2026-05-05,"UTC",1992,10,25,299,00:00:00,NA,"POINT(-81.597 24.725)","USMCOB-RC12651","USMCOB-RC12651-1",NA
"592","USMCOB","10MI. N. OF KEY WEST, FL--GULF",24.709,-81.787,0.86,NA,"FL",0.91,"TL",1993-01-14,"USM",2,"USMCOB-RC12651",2026-05-05,"UTC",1993,1,14,14,00:00:00,NA,"POINT(-81.787 24.709)","USMCOB-RC12651","USMCOB-RC12651-2",NA
"593","USMCOB","OFF SUGARLOAF KEY,FL -GULFSIDE",24.658,-81.579,0.76,NA,"FL",0.84,"TL",1993-12-20,"USM",1,"USMCOB-RC12665",2026-05-05,"UTC",1993,12,20,354,00:00:00,NA,"POINT(-81.579 24.658)","USMCOB-RC12665","USMCOB-RC12665-1",NA
"594","USMCOB","CROOKED ISLAND,PANAMA CITY,FL",29.955,-85.456,0.84,NA,"TL",NA,NA,1994-04-25,"USM",2,"USMCOB-RC12665",2026-05-05,"UTC",1994,4,25,115,00:00:00,NA,"POINT(-85.456 29.955)","USMCOB-RC12665","USMCOB-RC12665-2",NA
"595","USMCOB","MP BLOCK 102, OFF LA",29.607,-88.797,0.6,NA,"FL",0.69,"TL",1993-07-03,"USM",1,"USMCOB-RC12693",2026-05-05,"UTC",1993,7,3,184,00:00:00,NA,"POINT(-88.797 29.607)","USMCOB-RC12693","USMCOB-RC12693-1",NA
"596","USMCOB","Off Venice, LA",29.274,-89.345,0.94,NA,"FL",NA,NA,1995-06-30,"USM",2,"USMCOB-RC12693",2026-05-05,"UTC",1995,6,30,181,00:00:00,NA,"POINT(-89.345 29.274)","USMCOB-RC12693","USMCOB-RC12693-2",NA
"597","USMCOB","MEXICO BEACH, FL",29.946,-85.419,0.71,NA,"FL",0.81,"TL",1992-10-16,"USM",1,"USMCOB-RC12741",2026-05-05,"UTC",1992,10,16,290,00:00:00,NA,"POINT(-85.419 29.946)","USMCOB-RC12741","USMCOB-RC12741-1",NA
"598","USMCOB","OFF JUPITER, FL",26.944,-80.07,0.9,NA,"TL",NA,NA,1993-01-17,"USM",2,"USMCOB-RC12741",2026-05-05,"UTC",1993,1,17,17,00:00:00,NA,"POINT(-80.07 26.944)","USMCOB-RC12741","USMCOB-RC12741-2",NA
"599","USMCOB","12255.5 / 46917.3, MP RIG",29.56667,-88.89833,0.64,NA,"FL",0.7,"TL",1993-08-29,"USM",1,"USMCOB-RC12767",2026-05-05,"UTC",1993,8,29,241,00:00:00,NA,"POINT(-88.89833 29.56667)","USMCOB-RC12767","USMCOB-RC12767-1",NA
"600","USMCOB","Buoy 19 Breton Sound, LA",29.514,-89.154,0.99,NA,"FL",NA,NA,1995-07-31,"USM",2,"USMCOB-RC12767",2026-05-05,"UTC",1995,7,31,212,00:00:00,NA,"POINT(-89.154 29.514)","USMCOB-RC12767","USMCOB-RC12767-2",NA
"601","USMCOB","CHANDELEUR ISLANDS, OFF LA",29.819,-88.836,NA,NA,NA,NA,NA,1992-07-01,"USM",1,"USMCOB-RC12850",2026-05-05,"UTC",1992,7,1,183,00:00:00,NA,"POINT(-88.836 29.819)","USMCOB-RC12850","USMCOB-RC12850-1",NA
"602","USMCOB","SOUTH OF HORN ISLAND, MS",30.239,-88.749,0.97,NA,"FL",1.08,"TL",1993-08-21,"USM",2,"USMCOB-RC12850",2026-05-05,"UTC",1993,8,21,233,00:00:00,NA,"POINT(-88.749 30.239)","USMCOB-RC12850","USMCOB-RC12850-2",NA
"603","USMCOB","28 40 05 / 90 14 79",28.668056,-90.255278,0.76,NA,"FL",0.81,"TL",1992-08-13,"USM",1,"USMCOB-RC12856",2026-05-05,"UTC",1992,8,13,226,00:00:00,NA,"POINT(-90.255278 28.668056)","USMCOB-RC12856","USMCOB-RC12856-1",NA
"604","USMCOB","MAIN PASS 107",29.55,-88.71,0.88,NA,"FL",0.98,"TL",1994-09-22,"USM",2,"USMCOB-RC12856",2026-05-05,"UTC",1994,9,22,265,00:00:00,NA,"POINT(-88.71 29.55)","USMCOB-RC12856","USMCOB-RC12856-2",NA
"605","USMCOB","12600 / 46850",29.21167,-88.29,1.09,NA,"TL",NA,NA,1992-05-01,"USM",1,"USMCOB-RC12900",2026-05-05,"UTC",1992,5,1,122,00:00:00,NA,"POINT(-88.29 29.21167)","USMCOB-RC12900","USMCOB-RC12900-1",NA
"606","USMCOB","NEAR 12600/46850",29.38,-88.288,1.02,NA,"FL",1.14,"TL",1992-05-02,"USM",2,"USMCOB-RC12900",2026-05-05,"UTC",1992,5,2,123,00:00:00,NA,"POINT(-88.288 29.38)","USMCOB-RC12900","USMCOB-RC12900-2",NA
"607","USMCOB","OFF MOBILE, AL",30.638,-88.025,0.66,NA,"TL",NA,NA,1992-05-04,"USM",1,"USMCOB-RC12907",2026-05-05,"UTC",1992,5,4,125,00:00:00,NA,"POINT(-88.025 30.638)","USMCOB-RC12907","USMCOB-RC12907-1",NA
"608","USMCOB","Ship Shoal Block 208, LA?",28.537,-90.92,1.02,NA,"TL",NA,NA,1994-05-04,"USM",2,"USMCOB-RC12907",2026-05-05,"UTC",1994,5,4,124,00:00:00,NA,"POINT(-90.92 28.537)","USMCOB-RC12907","USMCOB-RC12907-2",NA
"609","USMCOB","South of MOBILE, AL",30.428,-88.015,0.84,NA,"TL",NA,NA,1992-04-07,"USM",1,"USMCOB-RC12915",2026-05-05,"UTC",1992,4,7,98,00:00:00,NA,"POINT(-88.015 30.428)","USMCOB-RC12915","USMCOB-RC12915-1",NA
"610","USMCOB","50 Mi S Horn Island, MS",29.499,-88.672,NA,NA,NA,NA,NA,1997-06-08,"USM",2,"USMCOB-RC12915",2026-05-05,"UTC",1997,6,8,159,00:00:00,NA,"POINT(-88.672 29.499)","USMCOB-RC12915","USMCOB-RC12915-2",NA
"611","USMCOB","OFF MOBILE, AL",30.638,-88.025,0.84,NA,"TL",NA,NA,1992-04-07,"USM",1,"USMCOB-RC12917",2026-05-05,"UTC",1992,4,7,98,00:00:00,NA,"POINT(-88.025 30.638)","USMCOB-RC12917","USMCOB-RC12917-1",NA
"612","USMCOB","5-10MI S OF FORT MORGAN, AL",30.112,-88.025,1.02,NA,"TL",NA,NA,1992-05-05,"USM",2,"USMCOB-RC12917",2026-05-05,"UTC",1992,5,5,126,00:00:00,NA,"POINT(-88.025 30.112)","USMCOB-RC12917","USMCOB-RC12917-2",NA
"613","USMCOB","MOBILE, AL",30.428,-88.015,0.71,NA,"TL",NA,NA,1992-05-07,"USM",1,"USMCOB-RC12918",2026-05-05,"UTC",1992,5,7,128,00:00:00,NA,"POINT(-88.015 30.428)","USMCOB-RC12918","USMCOB-RC12918-1",NA
"614","USMCOB","8MI S OF ORANGE BEACH, AL",30.15,-87.585,0.84,NA,"FL",NA,NA,1992-10-10,"USM",2,"USMCOB-RC12918",2026-05-05,"UTC",1992,10,10,284,00:00:00,NA,"POINT(-87.585 30.15)","USMCOB-RC12918","USMCOB-RC12918-2",NA
"615","USMCOB","Orange Beach, AL",30.267,-87.585,0.64,NA,"TL",NA,NA,1995-04-16,"USM",1,"USMCOB-RC12933",2026-05-05,"UTC",1995,4,16,106,00:00:00,NA,"POINT(-87.585 30.267)","USMCOB-RC12933","USMCOB-RC12933-1",NA
"616","USMCOB","5 Mi South Dauphin Island AL",30.174,-88.215,0.91,NA,"TL",NA,NA,1996-07-07,"USM",2,"USMCOB-RC12933",2026-05-05,"UTC",1996,7,7,189,00:00:00,NA,"POINT(-88.215 30.174)","USMCOB-RC12933","USMCOB-RC12933-2",NA
"617","USMCOB","Orange Beach, AL",30.267,-87.585,0.41,NA,"TL",NA,NA,1995-04-12,"USM",1,"USMCOB-RC12934",2026-05-05,"UTC",1995,4,12,102,00:00:00,NA,"POINT(-87.585 30.267)","USMCOB-RC12934","USMCOB-RC12934-1",NA
"618","USMCOB","3Mi off Calda Channel,Key West",24.663,-81.85,0.9,NA,"FL",NA,NA,1996-02-14,"USM",2,"USMCOB-RC12934",2026-05-05,"UTC",1996,2,14,45,00:00:00,NA,"POINT(-81.85 24.663)","USMCOB-RC12934","USMCOB-RC12934-2",NA
"619","USMCOB","Orange Beach, AL",30.267,-87.585,1.14,NA,"TL",NA,NA,1995-05-05,"USM",1,"USMCOB-RC12946",2026-05-05,"UTC",1995,5,5,125,00:00:00,NA,"POINT(-87.585 30.267)","USMCOB-RC12946","USMCOB-RC12946-1",NA
"620","USMCOB","Destin, FL (East Pass)",30.383,-86.51,1.37,NA,"FL",1.52,"TL",1998-04-22,"USM",2,"USMCOB-RC12946",2026-05-05,"UTC",1998,4,22,112,00:00:00,NA,"POINT(-86.51 30.383)","USMCOB-RC12946","USMCOB-RC12946-2",NA
"621","USMCOB","Ship Island Channel",30.24,-89,0.46,NA,"TL",NA,NA,1996-08-09,"USM",1,"USMCOB-RC12961",2026-05-05,"UTC",1996,8,9,222,00:00:00,NA,"POINT(-89.0 30.24)","USMCOB-RC12961","USMCOB-RC12961-1",NA
"622","USMCOB","Main Pass rig 41, off MS R.,LA",29.478,-88.99,0.96,NA,"FL",1.06,"TL",1997-09-14,"USM",2,"USMCOB-RC12961",2026-05-05,"UTC",1997,9,14,257,00:00:00,NA,"POINT(-88.99 29.478)","USMCOB-RC12961","USMCOB-RC12961-2",NA
"623","USMCOB","ORANGE BEACH, AL",30.267,-87.585,0.94,NA,"TL",NA,NA,1992-06-10,"USM",1,"USMCOB-RC12984",2026-05-05,"UTC",1992,6,10,162,00:00:00,NA,"POINT(-87.585 30.267)","USMCOB-RC12984","USMCOB-RC12984-1",NA
"624","USMCOB","BLK 301, S. TIMBALIER, LA RIG",28.153,-90.683,NA,NA,NA,NA,NA,1993-05-18,"USM",2,"USMCOB-RC12984",2026-05-05,"UTC",1993,5,18,138,00:00:00,NA,"POINT(-90.683 28.153)","USMCOB-RC12984","USMCOB-RC12984-2",NA
"625","USMCOB","Navarre, FL",30.378,-86.862,0.81,NA,"TL",NA,NA,1995-04-09,"USM",1,"USMCOB-RC12987",2026-05-05,"UTC",1995,4,9,99,00:00:00,NA,"POINT(-86.862 30.378)","USMCOB-RC12987","USMCOB-RC12987-1",NA
"626","USMCOB","45 Mi S. Ocean Springs, MS",29.75,-88.829,1.03,NA,"TL",NA,NA,1995-06-03,"USM",2,"USMCOB-RC12987",2026-05-05,"UTC",1995,6,3,154,00:00:00,NA,"POINT(-88.829 29.75)","USMCOB-RC12987","USMCOB-RC12987-2",NA
"627","USMCOB","Navarre/Ft. Walton Beach FL",30.385,-86.745,1.02,NA,"TL",NA,NA,1995-04-07,"USM",1,"USMCOB-RC12991",2026-05-05,"UTC",1995,4,7,97,00:00:00,NA,"POINT(-86.745 30.385)","USMCOB-RC12991","USMCOB-RC12991-1",NA
"628","USMCOB","1 ml W of Ft Walton Beach",30.394,-86.634,1.38,NA,"FL",NA,NA,2000-04-26,"USM",2,"USMCOB-RC12991",2026-05-05,"UTC",2000,4,26,117,00:00:00,NA,"POINT(-86.634 30.394)","USMCOB-RC12991","USMCOB-RC12991-2",NA
"629","USMCOB","Ft. Walton Beach FL",30.39,-86.6,0.86,NA,"TL",NA,NA,1995-04-08,"USM",1,"USMCOB-RC12994",2026-05-05,"UTC",1995,4,8,98,00:00:00,NA,"POINT(-86.6 30.39)","USMCOB-RC12994","USMCOB-RC12994-1",NA
"630","USMCOB","4Mi ESt.Lucie Inlet, Stuart FL",27.164,-80.084,1.07,NA,"TL",NA,NA,1996-02-27,"USM",2,"USMCOB-RC12994",2026-05-05,"UTC",1996,2,27,58,00:00:00,NA,"POINT(-80.084 27.164)","USMCOB-RC12994","USMCOB-RC12994-2",NA
"631","USMCOB","BRETON SOUND, OFF LA",29.5,-89.25,0.74,NA,"FL",0.81,"TL",1993-08-20,"USM",1,"USMCOB-RC13001",2026-05-05,"UTC",1993,8,20,232,00:00:00,NA,"POINT(-89.25 29.5)","USMCOB-RC13001","USMCOB-RC13001-1",NA
"632","USMCOB","Near Curlew Rigs, LA",29.543,-88.668,0.94,NA,"FL",1.04,"TL",1995-09-16,"USM",2,"USMCOB-RC13001",2026-05-05,"UTC",1995,9,16,259,00:00:00,NA,"POINT(-88.668 29.543)","USMCOB-RC13001","USMCOB-RC13001-2",NA
"633","USMCOB","18MI. S OF FREEPORT, TX",28.672129,-95.306383,0.58,NA,"FL",NA,NA,1994-07-09,"USM",1,"USMCOB-RC13152",2026-05-05,"UTC",1994,7,9,190,00:00:00,NA,"POINT(-95.306383 28.672129)","USMCOB-RC13152","USMCOB-RC13152-1",NA
"634","USMCOB","Sargent Texas",28.752,-95.657,0.66,NA,"TL",NA,NA,1995-04-15,"USM",2,"USMCOB-RC13152",2026-05-05,"UTC",1995,4,15,105,00:00:00,NA,"POINT(-95.657 28.752)","USMCOB-RC13152","USMCOB-RC13152-2",NA
"635","USMCOB","W OF SHIP ISL. AT GAS PIPE, MS",30.228,-89.012,0.76,NA,"FL",NA,NA,1993-07-29,"USM",1,"USMCOB-RC13177",2026-05-05,"UTC",1993,7,29,210,00:00:00,NA,"POINT(-89.012 30.228)","USMCOB-RC13177","USMCOB-RC13177-1",NA
"636","USMCOB","LOWER MATECUMBE KEY, FL",24.862,-80.718,0.89,NA,"FL",0.99,"TL",1993-12-29,"USM",2,"USMCOB-RC13177",2026-05-05,"UTC",1993,12,29,363,00:00:00,NA,"POINT(-80.718 24.862)","USMCOB-RC13177","USMCOB-RC13177-2",NA
"637","USMCOB","BRETON ISLAND, LA",29.464,-89.199,0.64,NA,"FL",0.69,"TL",1992-08-13,"USM",1,"USMCOB-RC13206",2026-05-05,"UTC",1992,8,13,226,00:00:00,NA,"POINT(-89.199 29.464)","USMCOB-RC13206","USMCOB-RC13206-1",NA
"638","USMCOB","OFF BOYNTON INLET, E. COAST,FL",26.545,-80.04,NA,NA,NA,NA,NA,1993-05-21,"USM",2,"USMCOB-RC13206",2026-05-05,"UTC",1993,5,21,141,00:00:00,NA,"POINT(-80.04 26.545)","USMCOB-RC13206","USMCOB-RC13206-2",NA
"639","USMCOB","BRETON ISL. RIGS 29.27N/89.02W",29.45,-89.03,0.53,NA,"FL",0.58,"TL",1992-08-13,"USM",1,"USMCOB-RC13211",2026-05-05,"UTC",1992,8,13,226,00:00:00,NA,"POINT(-89.03 29.45)","USMCOB-RC13211","USMCOB-RC13211-1",NA
"640","USMCOB","29'52N 88'W Supertanker",29.866667,-88,0.9,NA,"FL",NA,NA,1995-06-20,"USM",2,"USMCOB-RC13211",2026-05-05,"UTC",1995,6,20,171,00:00:00,NA,"POINT(-88.0 29.866667)","USMCOB-RC13211","USMCOB-RC13211-2",NA
"641","USMCOB","Petit Bois Rigs, MS",30.115,-88.45,0.58,NA,"TL",NA,NA,1995-07-18,"USM",2,"USMCOB-RC13342",2026-05-05,"UTC",1995,7,18,199,00:00:00,NA,"POINT(-88.45 30.115)","USMCOB-RC13342","USMCOB-RC13342-2",NA
"642","USMCOB","KEY WEST, FL (GARDNER WRECK)",24.5,-81.6,0.79,NA,"FL",0.88,"TL",1993-02-13,"USM",1,"USMCOB-RC13453",2026-05-05,"UTC",1993,2,13,44,00:00:00,NA,"POINT(-81.6 24.5)","USMCOB-RC13453","USMCOB-RC13453-1",NA
"643","USMCOB","WRECK OFF KEY WEST, FL",24.5,-81.6,0.81,NA,"FL",0.91,"TL",1993-08-14,"USM",1,"USMCOB-RC13469",2026-05-05,"UTC",1993,8,14,226,00:00:00,NA,"POINT(-81.6 24.5)","USMCOB-RC13469","USMCOB-RC13469-1",NA
"644","USMCOB","OFF KEY WEST (GULF SIDE)",24.57,-81.79,1.09,NA,"TL",NA,NA,1994-04-24,"USM",2,"USMCOB-RC13469",2026-05-05,"UTC",1994,4,24,114,00:00:00,NA,"POINT(-81.79 24.57)","USMCOB-RC13469","USMCOB-RC13469-2",NA
"645","USMCOB","KEY WEST, FL(MIKE&SUSIE WRECK)",24.5,-81.6,0.84,NA,"FL",0.93,"TL",1993-02-17,"USM",1,"USMCOB-RC13476",2026-05-05,"UTC",1993,2,17,48,00:00:00,NA,"POINT(-81.6 24.5)","USMCOB-RC13476","USMCOB-RC13476-1",NA
"646","USMCOB","PENSACOLA PASS, FL",30.326,-87.307,0.95,NA,"FL",NA,NA,1993-10-06,"USM",2,"USMCOB-RC13476",2026-05-05,"UTC",1993,10,6,279,00:00:00,NA,"POINT(-87.307 30.326)","USMCOB-RC13476","USMCOB-RC13476-2",NA
"647","USMCOB","KEY WEST, FL WRK OF THE CHRIS",24.5,-81.6,0.8,NA,"FL",0.86,"TL",1993-01-04,"USM",1,"USMCOB-RC13490",2026-05-05,"UTC",1993,1,4,4,00:00:00,NA,"POINT(-81.6 24.5)","USMCOB-RC13490","USMCOB-RC13490-1",NA
"648","USMCOB","SAWYER KEY(FL KEYS),GUNBAR WRK",24.92,-81.792,0.91,NA,"FL",NA,NA,1994-02-24,"USM",2,"USMCOB-RC13490",2026-05-05,"UTC",1994,2,24,55,00:00:00,NA,"POINT(-81.792 24.92)","USMCOB-RC13490","USMCOB-RC13490-2",NA
"649","USMCOB","KEY WEST, FL WRK OF THE CHRIS",24.5,-81.6,0.76,NA,"FL",0.85,"TL",1993-01-04,"USM",1,"USMCOB-RC13493",2026-05-05,"UTC",1993,1,4,4,00:00:00,NA,"POINT(-81.6 24.5)","USMCOB-RC13493","USMCOB-RC13493-1",NA
"650","USMCOB","35 MI.OFF MERMANTAU RIVER,LA",29.26,-93.232,1.07,NA,"FL",1.14,"TL",1994-05-21,"USM",2,"USMCOB-RC13493",2026-05-05,"UTC",1994,5,21,141,00:00:00,NA,"POINT(-93.232 29.26)","USMCOB-RC13493","USMCOB-RC13493-2",NA
"651","USMCOB","13 MI. WEST OF KEY WEST, FL",24.546,-82.021,0.84,NA,"FL",0.94,"TL",1994-01-30,"USM",1,"USMCOB-RC13502",2026-05-05,"UTC",1994,1,30,30,00:00:00,NA,"POINT(-82.021 24.546)","USMCOB-RC13502","USMCOB-RC13502-1",NA
"652","USMCOB","13 MI. W. OF KEY WEST, FL",24.546,-82.021,0.84,NA,"FL",0.94,"TL",1994-02-06,"USM",2,"USMCOB-RC13502",2026-05-05,"UTC",1994,2,6,37,00:00:00,NA,"POINT(-82.021 24.546)","USMCOB-RC13502","USMCOB-RC13502-2",NA
"653","USMCOB","13 MI. WEST OF KEY WEST, FL",24.546,-82.021,0.75,NA,"FL",0.86,"TL",1994-01-30,"USM",1,"USMCOB-RC13504",2026-05-05,"UTC",1994,1,30,30,00:00:00,NA,"POINT(-82.021 24.546)","USMCOB-RC13504","USMCOB-RC13504-1",NA
"654","USMCOB","13 MILES W. OF KEY WEST, FL",24.546,-82.021,0.76,NA,"FL",0.86,"TL",1994-02-06,"USM",2,"USMCOB-RC13504",2026-05-05,"UTC",1994,2,6,37,00:00:00,NA,"POINT(-82.021 24.546)","USMCOB-RC13504","USMCOB-RC13504-2",NA
"655","USMCOB","7 MI. W. OF KEY WEST, FL",24.557,-81.926,0.75,NA,"FL",0.86,"TL",1994-04-09,"USM",1,"USMCOB-RC13505",2026-05-05,"UTC",1994,4,9,99,00:00:00,NA,"POINT(-81.926 24.557)","USMCOB-RC13505","USMCOB-RC13505-1",NA
"656","USMCOB","7 MI. WEST OF KEY WEST, FL",24.557,-81.926,0.76,NA,"FL",0.86,"TL",1994-04-09,"USM",2,"USMCOB-RC13505",2026-05-05,"UTC",1994,4,9,99,00:00:00,NA,"POINT(-81.926 24.557)","USMCOB-RC13505","USMCOB-RC13505-2",NA
"657","USMCOB","BLOCK NO.95, OFF LA",29.626,-88.706,0.89,NA,"FL",0.94,"TL",1994-05-14,"USM",1,"USMCOB-RC13549",2026-05-05,"UTC",1994,5,14,134,00:00:00,NA,"POINT(-88.706 29.626)","USMCOB-RC13549","USMCOB-RC13549-1",NA
"658","USMCOB","S.PASS RIG #85A, OFF LA",28.734,-89.344,0.99,NA,"TL",NA,NA,1994-05-27,"USM",2,"USMCOB-RC13549",2026-05-05,"UTC",1994,5,27,147,00:00:00,NA,"POINT(-89.344 28.734)","USMCOB-RC13549","USMCOB-RC13549-2",NA
"659","USMCOB","DESTIN, FL",30.38,-86.5,1.02,NA,"FL",1.09,"TL",1993-04-14,"USM",1,"USMCOB-RC13584",2026-05-05,"UTC",1993,4,14,104,00:00:00,NA,"POINT(-86.5 30.38)","USMCOB-RC13584","USMCOB-RC13584-1",NA
"660","USMCOB","BLOCK 127,M.R.G.O., LA",29.428,-88.85,1.02,NA,"FL",NA,NA,1994-07-29,"USM",2,"USMCOB-RC13584",2026-05-05,"UTC",1994,7,29,210,00:00:00,NA,"POINT(-88.85 29.428)","USMCOB-RC13584","USMCOB-RC13584-2",NA
"661","USMCOB","DESTIN, FL",30.38,-86.5,0.84,NA,"FL",0.91,"TL",1993-04-25,"USM",1,"USMCOB-RC13589",2026-05-05,"UTC",1993,4,25,115,00:00:00,NA,"POINT(-86.5 30.38)","USMCOB-RC13589","USMCOB-RC13589-1",NA
"662","USMCOB","NAVARRE BEACH, FL",30.378,-86.862,1.12,NA,"TL",NA,NA,1995-04-08,"USM",2,"USMCOB-RC13589",2026-05-05,"UTC",1995,4,8,98,00:00:00,NA,"POINT(-86.862 30.378)","USMCOB-RC13589","USMCOB-RC13589-2",NA
"663","USMCOB","DESTIN, FL",30.38,-86.5,0.86,NA,"FL",0.94,"TL",1993-04-27,"USM",1,"USMCOB-RC13590",2026-05-05,"UTC",1993,4,27,117,00:00:00,NA,"POINT(-86.5 30.38)","USMCOB-RC13590","USMCOB-RC13590-1",NA
"664","USMCOB","20 MI. S. PETIT BOIS ISL., MS",29.906,-88.463,1.02,NA,"FL",NA,NA,1994-07-01,"USM",2,"USMCOB-RC13590",2026-05-05,"UTC",1994,7,1,182,00:00:00,NA,"POINT(-88.463 29.906)","USMCOB-RC13590","USMCOB-RC13590-2",NA
"665","USMCOB","DESTIN, FL",30.38,-86.5,0.84,NA,"FL",0.91,"TL",1993-04-25,"USM",1,"USMCOB-RC13593",2026-05-05,"UTC",1993,4,25,115,00:00:00,NA,"POINT(-86.5 30.38)","USMCOB-RC13593","USMCOB-RC13593-1",NA
"666","USMCOB","30 MI. S. OF GALVESTON, TEXAS",28.861,-94.753,1.17,NA,"TL",NA,NA,1994-05-21,"USM",2,"USMCOB-RC13593",2026-05-05,"UTC",1994,5,21,141,00:00:00,NA,"POINT(-94.753 28.861)","USMCOB-RC13593","USMCOB-RC13593-2",NA
"667","USMCOB","6 miles South Orange Beach AL",30.178697,-87.585347,0.66,NA,"FL",0.74,"TL",1994-10-14,"USM",1,"USMCOB-RC13705",2026-05-05,"UTC",1994,10,14,287,00:00:00,NA,"POINT(-87.585347 30.178697)","USMCOB-RC13705","USMCOB-RC13705-1",NA
"668","USMCOB","Key West Fl",24.563,-81.726,NA,NA,NA,NA,NA,1998-07-15,"USM",2,"USMCOB-RC13705",2026-05-05,"UTC",1998,7,15,196,00:00:00,NA,"POINT(-81.726 24.563)","USMCOB-RC13705","USMCOB-RC13705-2",NA
"669","USMCOB","CAPE CANAVERAL, FL",28.391,-80.594,0.86,NA,"FL",0.94,"TL",1993-03-27,"USM",1,"USMCOB-RC13775",2026-05-05,"UTC",1993,3,27,86,00:00:00,NA,"POINT(-80.594 28.391)","USMCOB-RC13775","USMCOB-RC13775-1",NA
"670","USMCOB","50 MI. SE. OF SOUTH PASS, LA",28.565,-88.603,0.86,NA,"FL",NA,NA,1993-08-14,"USM",2,"USMCOB-RC13775",2026-05-05,"UTC",1993,8,14,226,00:00:00,NA,"POINT(-88.603 28.565)","USMCOB-RC13775","USMCOB-RC13775-2",NA
"671","USMCOB","MARCO ISLAND, FL",25.925,-81.74,0.83,NA,"FL",0.93,"TL",1992-11-22,"USM",1,"USMCOB-RC13804",2026-05-05,"UTC",1992,11,22,327,00:00:00,NA,"POINT(-81.74 25.925)","USMCOB-RC13804","USMCOB-RC13804-1",NA
"672","USMCOB","55 MI. S.E. OF GULFPORT, MS",29.847,-88.387,1,NA,"TL",NA,NA,1993-05-29,"USM",2,"USMCOB-RC13804",2026-05-05,"UTC",1993,5,29,149,00:00:00,NA,"POINT(-88.387 29.847)","USMCOB-RC13804","USMCOB-RC13804-2",NA
"673","USMCOB","20MI. NORTH OF KEY WEST, FL",24.845615,-81.734318,0.97,NA,"FL",NA,NA,1992-10-26,"USM",1,"USMCOB-RC13876",2026-05-05,"UTC",1992,10,26,300,00:00:00,NA,"POINT(-81.734318 24.845615)","USMCOB-RC13876","USMCOB-RC13876-1",NA
"674","USMCOB","KEY WEST, FL (GULF SIDE)",24.57,-81.79,1.22,NA,"TL",NA,NA,1993-10-26,"USM",2,"USMCOB-RC13876",2026-05-05,"UTC",1993,10,26,299,00:00:00,NA,"POINT(-81.79 24.57)","USMCOB-RC13876","USMCOB-RC13876-2",NA
"675","USMCOB","20MI. NORTH OF KEY WEST, FL",24.845615,-81.734318,0.76,NA,"FL",0.84,"TL",1992-10-26,"USM",1,"USMCOB-RC13878",2026-05-05,"UTC",1992,10,26,300,00:00:00,NA,"POINT(-81.734318 24.845615)","USMCOB-RC13878","USMCOB-RC13878-1",NA
"676","USMCOB","W.OF MS RIV.,W. DEL.BLK,RIG 94",28.912,-89.784,1.04,NA,"TL",NA,NA,1993-09-05,"USM",2,"USMCOB-RC13878",2026-05-05,"UTC",1993,9,5,248,00:00:00,NA,"POINT(-89.784 28.912)","USMCOB-RC13878","USMCOB-RC13878-2",NA
"677","USMCOB","20MI. NORTH OF KEY WEST, FL",24.845615,-81.734318,0.81,NA,"FL",0.91,"TL",1992-10-25,"USM",1,"USMCOB-RC13882",2026-05-05,"UTC",1992,10,25,299,00:00:00,NA,"POINT(-81.734318 24.845615)","USMCOB-RC13882","USMCOB-RC13882-1",NA
"678","USMCOB","OKALOOSA WALTON PIER, FL",30.39,-86.593,NA,NA,NA,NA,NA,1993-05-04,"USM",2,"USMCOB-RC13882",2026-05-05,"UTC",1993,5,4,124,00:00:00,NA,"POINT(-86.593 30.39)","USMCOB-RC13882","USMCOB-RC13882-2",NA
"679","USMCOB","KEY WEST, FL(CAPT CHRIS WRECK)",24.5,-81.6,0.69,NA,"FL",0.79,"TL",1993-01-13,"USM",1,"USMCOB-RC13886",2026-05-05,"UTC",1993,1,13,13,00:00:00,NA,"POINT(-81.6 24.5)","USMCOB-RC13886","USMCOB-RC13886-1",NA
"680","USMCOB","BIG PINE KEY, FL",24.659,-81.356,0.69,NA,"FL",0.74,"TL",1993-02-05,"USM",2,"USMCOB-RC13886",2026-05-05,"UTC",1993,2,5,36,00:00:00,NA,"POINT(-81.356 24.659)","USMCOB-RC13886","USMCOB-RC13886-2",NA
"681","USMCOB","OFF DOCTOR PASS, NAPLES, FL",26.174,-81.8145,0.84,NA,"FL",0.9,"TL",1993-09-13,"USM",1,"USMCOB-RC13908",2026-05-05,"UTC",1993,9,13,256,00:00:00,NA,"POINT(-81.8145 26.174)","USMCOB-RC13908","USMCOB-RC13908-1",NA
"682","USMCOB","KEY WEST, FL",24.563,-81.726,0.85,NA,"FL",NA,NA,1994-02-26,"USM",2,"USMCOB-RC13908",2026-05-05,"UTC",1994,2,26,57,00:00:00,NA,"POINT(-81.726 24.563)","USMCOB-RC13908","USMCOB-RC13908-2",NA
"683","USMCOB","17 Mi N of Sawyer Key FL, Keys",24.993218,-81.566312,0.69,NA,"FL",0.76,"TL",1995-12-02,"USM",1,"USMCOB-RC13938",2026-05-05,"UTC",1995,12,2,336,00:00:00,NA,"POINT(-81.566312 24.993218)","USMCOB-RC13938","USMCOB-RC13938-1",NA
"684","USMCOB","24-56-290,81-46-374 SugarloafK",24.93817,-81.7729,0.97,NA,"FL",1.04,"TL",1997-08-04,"USM",2,"USMCOB-RC13938",2026-05-05,"UTC",1997,8,4,216,00:00:00,NA,"POINT(-81.7729 24.93817)","USMCOB-RC13938","USMCOB-RC13938-2",NA
"685","USMCOB","17 Mi N of Sawyer Key FL, Keys",24.993218,-81.566312,0.81,NA,"FL",0.89,"TL",1995-12-02,"USM",1,"USMCOB-RC13949",2026-05-05,"UTC",1995,12,2,336,00:00:00,NA,"POINT(-81.566312 24.993218)","USMCOB-RC13949","USMCOB-RC13949-1",NA
"686","USMCOB","Pensacola Beach",30.333,-87.15,NA,NA,NA,NA,NA,1999-04-05,"USM",2,"USMCOB-RC13949",2026-05-05,"UTC",1999,4,5,95,00:00:00,NA,"POINT(-87.15 30.333)","USMCOB-RC13949","USMCOB-RC13949-2",NA
"687","USMCOB","10 MILES N OF KEY WEST, FL",24.709,-81.787,0.75,NA,"FL",0.84,"TL",1993-02-06,"USM",1,"USMCOB-RC13952",2026-05-05,"UTC",1993,2,6,37,00:00:00,NA,"POINT(-81.787 24.709)","USMCOB-RC13952","USMCOB-RC13952-1",NA
"688","USMCOB","10MI. N. OF KEY WEST, FL",24.709,-81.787,0.79,NA,"FL",0.86,"TL",1993-03-11,"USM",2,"USMCOB-RC13952",2026-05-05,"UTC",1993,3,11,70,00:00:00,NA,"POINT(-81.787 24.709)","USMCOB-RC13952","USMCOB-RC13952-2",NA
"689","USMCOB","10 MILES N OF KEY WEST, FL",24.709,-81.787,0.79,NA,"FL",0.88,"TL",1993-03-11,"USM",1,"USMCOB-RC13956",2026-05-05,"UTC",1993,3,11,70,00:00:00,NA,"POINT(-81.787 24.709)","USMCOB-RC13956","USMCOB-RC13956-1",NA
"690","USMCOB","10MI. N. OF KEY WEST, FL",24.709,-81.787,0.79,NA,"FL",0.88,"TL",1993-03-12,"USM",2,"USMCOB-RC13956",2026-05-05,"UTC",1993,3,12,71,00:00:00,NA,"POINT(-81.787 24.709)","USMCOB-RC13956","USMCOB-RC13956-2",NA
"691","USMCOB","KEY WEST, FL -GULFSIDE",24.57,-81.79,0.75,NA,"FL",0.83,"TL",1994-02-13,"USM",1,"USMCOB-RC13973",2026-05-05,"UTC",1994,2,13,44,00:00:00,NA,"POINT(-81.79 24.57)","USMCOB-RC13973","USMCOB-RC13973-1",NA
"692","USMCOB","TAMPA BAY, FL",27.757,-82.555,NA,NA,NA,NA,NA,1994-09-25,"USM",2,"USMCOB-RC13973",2026-05-05,"UTC",1994,9,25,268,00:00:00,NA,"POINT(-82.555 27.757)","USMCOB-RC13973","USMCOB-RC13973-2",NA
"693","USMCOB","10 Mi N of Key West",24.709,-81.787,0.81,NA,"FL",0.9,"TL",1995-12-03,"USM",1,"USMCOB-RC13984",2026-05-05,"UTC",1995,12,3,337,00:00:00,NA,"POINT(-81.787 24.709)","USMCOB-RC13984","USMCOB-RC13984-1",NA
"694","USMCOB","Panama City Beach, FL",30.212,-85.88,0.84,NA,"FL",NA,NA,1996-04-29,"USM",2,"USMCOB-RC13984",2026-05-05,"UTC",1996,4,29,120,00:00:00,NA,"POINT(-85.88 30.212)","USMCOB-RC13984","USMCOB-RC13984-2",NA
"695","USMCOB","Destin, FL",30.38,-86.5,0.71,NA,"FL",0.76,"TL",1996-04-12,"USM",1,"USMCOB-RC14065",2026-05-05,"UTC",1996,4,12,103,00:00:00,NA,"POINT(-86.5 30.38)","USMCOB-RC14065","USMCOB-RC14065-1",NA
"696","USMCOB","30-04.46N 88-00.76W AL",30.074333,-88.012667,0.99,NA,"TL",NA,NA,1996-09-08,"USM",2,"USMCOB-RC14065",2026-05-05,"UTC",1996,9,8,252,00:00:00,NA,"POINT(-88.012667 30.074333)","USMCOB-RC14065","USMCOB-RC14065-2",NA
"697","USMCOB","Pensacola",30.315,-87.203,0.76,NA,"FL",NA,NA,1996-04-20,"USM",1,"USMCOB-RC14068",2026-05-05,"UTC",1996,4,20,111,00:00:00,NA,"POINT(-87.203 30.315)","USMCOB-RC14068","USMCOB-RC14068-1",NA
"698","USMCOB","Gas Buoy West Ship Island MS",30.228,-89.012,1.1,NA,"FL",1.22,"TL",1996-07-01,"USM",2,"USMCOB-RC14068",2026-05-05,"UTC",1996,7,1,183,00:00:00,NA,"POINT(-89.012 30.228)","USMCOB-RC14068","USMCOB-RC14068-2",NA
"699","USMCOB","SHIP ISLAND PASS, MS",30.118,-88.93,0.72,NA,"FL",0.81,"TL",1994-06-28,"USM",1,"USMCOB-RC14370",2026-05-05,"UTC",1994,6,28,179,00:00:00,NA,"POINT(-88.93 30.118)","USMCOB-RC14370","USMCOB-RC14370-1",NA
"700","USMCOB","60 Mi off Panama City, FL",29.496,-86.435,0.86,NA,"TL",NA,NA,1995-11-20,"USM",2,"USMCOB-RC14370",2026-05-05,"UTC",1995,11,20,324,00:00:00,NA,"POINT(-86.435 29.496)","USMCOB-RC14370","USMCOB-RC14370-2",NA
"701","USMCOB","Miss Too Nicey Wreck, Key W FL",24.5,-81.6,0.74,NA,"FL",0.84,"TL",1995-02-01,"USM",1,"USMCOB-RC14402",2026-05-05,"UTC",1995,2,1,32,00:00:00,NA,"POINT(-81.6 24.5)","USMCOB-RC14402","USMCOB-RC14402-1",NA
"702","USMCOB","Miss Too Nicey Wreck, Key W FL",24.5,-81.6,0.71,NA,"FL",0.79,"TL",1995-02-01,"USM",1,"USMCOB-RC14403",2026-05-05,"UTC",1995,2,1,32,00:00:00,NA,"POINT(-81.6 24.5)","USMCOB-RC14403","USMCOB-RC14403-1",NA
"703","USMCOB","Panama City Pier, FL",30.212,-85.88,0.85,NA,"TL",NA,NA,1995-04-25,"USM",2,"USMCOB-RC14403",2026-05-05,"UTC",1995,4,25,115,00:00:00,NA,"POINT(-85.88 30.212)","USMCOB-RC14403","USMCOB-RC14403-2",NA
"704","USMCOB","Northwest Channel, Key West FL",24.594,-81.856,0.76,NA,"FL",0.81,"TL",1995-03-01,"USM",1,"USMCOB-RC14408",2026-05-05,"UTC",1995,3,1,60,00:00:00,NA,"POINT(-81.856 24.594)","USMCOB-RC14408","USMCOB-RC14408-1",NA
"705","USMCOB","Cedar Key, FL",29.091613,-83.038337,0.89,NA,"TL",NA,NA,1995-04-15,"USM",2,"USMCOB-RC14408",2026-05-05,"UTC",1995,4,15,105,00:00:00,NA,"POINT(-83.038337 29.091613)","USMCOB-RC14408","USMCOB-RC14408-2",NA
"706","USMCOB","DAUPHIN ISLAND, AL",30.235,-88.18,0.69,NA,"FL",0.76,"TL",1993-04-30,"USM",1,"USMCOB-RC14523",2026-05-05,"UTC",1993,4,30,120,00:00:00,NA,"POINT(-88.18 30.235)","USMCOB-RC14523","USMCOB-RC14523-1",NA
"707","USMCOB","13 Mi S Sand Island, AL",29.997,-88.05,1.19,NA,"FL",1.32,"TL",1995-06-01,"USM",2,"USMCOB-RC14523",2026-05-05,"UTC",1995,6,1,152,00:00:00,NA,"POINT(-88.05 29.997)","USMCOB-RC14523","USMCOB-RC14523-2",NA
"708","USMCOB","PETIT BOIS RIGS, MS",30.115,-88.45,0.7,NA,"FL",0.8,"TL",1993-08-12,"USM",1,"USMCOB-RC14615",2026-05-05,"UTC",1993,8,12,224,00:00:00,NA,"POINT(-88.45 30.115)","USMCOB-RC14615","USMCOB-RC14615-1",NA
"709","USMCOB","36 MI. E. OF ST. AUGUSTINE, FL",29.915,-80.689,0.84,NA,"FL",0.94,"TL",1994-03-20,"USM",2,"USMCOB-RC14615",2026-05-05,"UTC",1994,3,20,79,00:00:00,NA,"POINT(-80.689 29.915)","USMCOB-RC14615","USMCOB-RC14615-2",NA
"710","USMCOB","Destin, FL",30.38,-86.5,0.88,NA,"FL",0.98,"TL",1995-04-18,"USM",1,"USMCOB-RC14707",2026-05-05,"UTC",1995,4,18,108,00:00:00,NA,"POINT(-86.5 30.38)","USMCOB-RC14707","USMCOB-RC14707-1",NA
"711","USMCOB","Main Pass #299, LA",29.27,-88.76,1.07,NA,"FL",NA,NA,1997-06-07,"USM",2,"USMCOB-RC14707",2026-05-05,"UTC",1997,6,7,158,00:00:00,NA,"POINT(-88.76 29.27)","USMCOB-RC14707","USMCOB-RC14707-2",NA
"712","USMCOB","3 MILES EAST NAVARRE, FL",30.378,-86.862,1.02,NA,"FL",1.09,"TL",1994-04-29,"USM",1,"USMCOB-RC14812",2026-05-05,"UTC",1994,4,29,119,00:00:00,NA,"POINT(-86.862 30.378)","USMCOB-RC14812","USMCOB-RC14812-1",NA
"713","USMCOB","OFF CHANDELEUR ISLANDS, LA",29.819,-88.836,1.02,NA,"FL",NA,NA,1994-09-11,"USM",2,"USMCOB-RC14812",2026-05-05,"UTC",1994,9,11,254,00:00:00,NA,"POINT(-88.836 29.819)","USMCOB-RC14812","USMCOB-RC14812-2",NA
"714","USMCOB","1 Mi W Navarre Beach Pier FL",30.378,-86.862,0.97,NA,"FL",1.04,"TL",1996-04-17,"USM",1,"USMCOB-RC14818",2026-05-05,"UTC",1996,4,17,108,00:00:00,NA,"POINT(-86.862 30.378)","USMCOB-RC14818","USMCOB-RC14818-1",NA
"715","USMCOB","Horn Island, MS",30.237,-88.686,1.08,NA,"TL",NA,NA,1996-05-22,"USM",2,"USMCOB-RC14818",2026-05-05,"UTC",1996,5,22,143,00:00:00,NA,"POINT(-88.686 30.237)","USMCOB-RC14818","USMCOB-RC14818-2",NA
"716","USMCOB","Pensacola (Tank) FL",30.315,-87.203,1.02,NA,"FL",1.09,"TL",1996-04-20,"USM",1,"USMCOB-RC14829",2026-05-05,"UTC",1996,4,20,111,00:00:00,NA,"POINT(-87.203 30.315)","USMCOB-RC14829","USMCOB-RC14829-1",NA
"717","USMCOB","Islamorada (Keys FL) Atl Side",24.924,-80.625,1.02,NA,"FL",NA,NA,1997-03-24,"USM",2,"USMCOB-RC14829",2026-05-05,"UTC",1997,3,24,83,00:00:00,NA,"POINT(-80.625 24.924)","USMCOB-RC14829","USMCOB-RC14829-2",NA
"718","USMCOB","GAS MARKER NW SHIP IS. FORT,MS",30.228,-89.012,0.74,NA,"FL",0.79,"TL",1993-08-31,"USM",1,"USMCOB-RC14964",2026-05-05,"UTC",1993,8,31,243,00:00:00,NA,"POINT(-89.012 30.228)","USMCOB-RC14964","USMCOB-RC14964-1",NA
"719","USMCOB","OFF TIMBALIER ISLAND, LA",29.06,-90.49,0.97,NA,"FL",1.07,"TL",1994-07-24,"USM",2,"USMCOB-RC14964",2026-05-05,"UTC",1994,7,24,205,00:00:00,NA,"POINT(-90.49 29.06)","USMCOB-RC14964","USMCOB-RC14964-2",NA
"720","USMCOB","WRECK OF THE CHRIS,KEY WEST,FL",24.5,-81.6,0.76,NA,"FL",0.84,"TL",1994-01-29,"USM",1,"USMCOB-RC14981",2026-05-05,"UTC",1994,1,29,29,00:00:00,NA,"POINT(-81.6 24.5)","USMCOB-RC14981","USMCOB-RC14981-1",NA
"721","USMCOB","KEY WEST, FL",24.563,-81.726,0.76,NA,"FL",NA,NA,1994-05-02,"USM",2,"USMCOB-RC14981",2026-05-05,"UTC",1994,5,2,122,00:00:00,NA,"POINT(-81.726 24.563)","USMCOB-RC14981","USMCOB-RC14981-2",NA
"722","USMCOB","KEY WEST, FL (WRK M.SWEEPER)",24.5,-81.6,0.71,NA,"FL",0.79,"TL",1993-11-27,"USM",1,"USMCOB-RC15031",2026-05-05,"UTC",1993,11,27,331,00:00:00,NA,"POINT(-81.6 24.5)","USMCOB-RC15031","USMCOB-RC15031-1",NA
"723","USMCOB","Key West, FL",24.563,-81.726,0.84,NA,"FL",NA,NA,1995-07-09,"USM",2,"USMCOB-RC15031",2026-05-05,"UTC",1995,7,9,190,00:00:00,NA,"POINT(-81.726 24.563)","USMCOB-RC15031","USMCOB-RC15031-2",NA
"724","USMCOB","WRECK OF THE CHRIS,KEY WEST,FL",24.5,-81.6,0.77,NA,"FL",0.84,"TL",1994-01-29,"USM",1,"USMCOB-RC15037",2026-05-05,"UTC",1994,1,29,29,00:00:00,NA,"POINT(-81.6 24.5)","USMCOB-RC15037","USMCOB-RC15037-1",NA
"725","USMCOB","KEY WEST, FL (WRK M.SWEEPER)",24.5,-81.6,0.81,NA,"FL",0.89,"TL",1993-12-11,"USM",1,"USMCOB-RC15050",2026-05-05,"UTC",1993,12,11,345,00:00:00,NA,"POINT(-81.6 24.5)","USMCOB-RC15050","USMCOB-RC15050-1",NA
"726","USMCOB","16.5MI.NW SUGARLOAF KEY,FL(guL",24.788,-81.713,0.98,NA,"FL",1.04,"TL",1994-08-22,"USM",2,"USMCOB-RC15050",2026-05-05,"UTC",1994,8,22,234,00:00:00,NA,"POINT(-81.713 24.788)","USMCOB-RC15050","USMCOB-RC15050-2",NA
"727","USMCOB","KEY WEST, FL (WRK M.SWEEPER)",24.5,-81.6,0.76,NA,"FL",0.83,"TL",1993-12-10,"USM",1,"USMCOB-RC15058",2026-05-05,"UTC",1993,12,10,344,00:00:00,NA,"POINT(-81.6 24.5)","USMCOB-RC15058","USMCOB-RC15058-1",NA
"728","USMCOB","KEY WEST, FL (WRK M.SWEEPER)",24.5,-81.6,0.79,NA,"FL",0.88,"TL",1993-12-08,"USM",1,"USMCOB-RC15060",2026-05-05,"UTC",1993,12,8,342,00:00:00,NA,"POINT(-81.6 24.5)","USMCOB-RC15060","USMCOB-RC15060-1",NA
"729","USMCOB","6 MI. OFF ST. LUCIE INLET, FL",27.197,-80.058,0.89,NA,"FL",NA,NA,1994-10-25,"USM",2,"USMCOB-RC15060",2026-05-05,"UTC",1994,10,25,298,00:00:00,NA,"POINT(-80.058 27.197)","USMCOB-RC15060","USMCOB-RC15060-2",NA
"730","USMCOB","24' 49.327N  81'29.230W",24.825,-81.48,0.77,NA,"FL",0.86,"TL",1995-07-15,"USM",1,"USMCOB-RC15097",2026-05-05,"UTC",1995,7,15,196,00:00:00,NA,"POINT(-81.48 24.825)","USMCOB-RC15097","USMCOB-RC15097-1",NA
"731","USMCOB","Destin, FL",30.38,-86.5,1.07,NA,"TL",NA,NA,1996-10-16,"USM",2,"USMCOB-RC15097",2026-05-05,"UTC",1996,10,16,290,00:00:00,NA,"POINT(-86.5 30.38)","USMCOB-RC15097","USMCOB-RC15097-2",NA
"732","USMCOB","1.5NM.N.CONTENT PASSAGE FL.KEY",24.81,-81.48,0.71,NA,"FL",0.79,"TL",1994-03-18,"USM",1,"USMCOB-RC15101",2026-05-05,"UTC",1994,3,18,77,00:00:00,NA,"POINT(-81.48 24.81)","USMCOB-RC15101","USMCOB-RC15101-1",NA
"733","USMCOB","OFF SARASOTA, FL",27.302,-82.608,0.97,NA,"FL",1.07,"TL",1995-02-23,"USM",2,"USMCOB-RC15101",2026-05-05,"UTC",1995,2,23,54,00:00:00,NA,"POINT(-82.608 27.302)","USMCOB-RC15101","USMCOB-RC15101-2",NA
"734","USMCOB","Navarre Beach, FL",30.378,-86.862,0.91,NA,"FL",1.02,"TL",1995-04-09,"USM",1,"USMCOB-RC15173",2026-05-05,"UTC",1995,4,9,99,00:00:00,NA,"POINT(-86.862 30.378)","USMCOB-RC15173","USMCOB-RC15173-1",NA
"735","USMCOB","31 Mi SW of Sabine, Texas",29.634,-94.195,1.46,NA,"TL",NA,NA,1996-07-03,"USM",2,"USMCOB-RC15173",2026-05-05,"UTC",1996,7,3,185,00:00:00,NA,"POINT(-94.195 29.634)","USMCOB-RC15173","USMCOB-RC15173-2",NA
"736","USMCOB","PENSACOLA BEACH, FL",30.315,-87.203,0.94,NA,"FL",1.04,"TL",1994-04-28,"USM",1,"USMCOB-RC15279",2026-05-05,"UTC",1994,4,28,118,00:00:00,NA,"POINT(-87.203 30.315)","USMCOB-RC15279","USMCOB-RC15279-1",NA
"737","USMCOB","20 Mi off St Augustine, FL",30.004,-80.973,NA,NA,NA,NA,NA,1996-12-16,"USM",2,"USMCOB-RC15279",2026-05-05,"UTC",1996,12,16,351,00:00:00,NA,"POINT(-80.973 30.004)","USMCOB-RC15279","USMCOB-RC15279-2",NA
"738","USMCOB","GPT SHIP CHAN., MS, GAS PIPE",30.326,-89,0.66,NA,"FL",0.74,"TL",1994-07-19,"USM",1,"USMCOB-RC15369",2026-05-05,"UTC",1994,7,19,200,00:00:00,NA,"POINT(-89.0 30.326)","USMCOB-RC15369","USMCOB-RC15369-1",NA
"739","USMCOB","West end Horn Island, MS",30.246,-88.782,1.16,NA,"TL",NA,NA,1996-04-21,"USM",2,"USMCOB-RC15369",2026-05-05,"UTC",1996,4,21,112,00:00:00,NA,"POINT(-88.782 30.246)","USMCOB-RC15369","USMCOB-RC15369-2",NA
"740","USMCOB","MAIN PASS 103, OFF LA",29.591,-88.848,0.71,NA,"FL",0.76,"TL",1993-09-25,"USM",1,"USMCOB-RC15464",2026-05-05,"UTC",1993,9,25,268,00:00:00,NA,"POINT(-88.848 29.591)","USMCOB-RC15464","USMCOB-RC15464-1",NA
"741","USMCOB","GULFPORT SHIP CHANNEL",30.349,-89.083,0.94,NA,"FL",1.02,"TL",1994-08-18,"USM",2,"USMCOB-RC15464",2026-05-05,"UTC",1994,8,18,230,00:00:00,NA,"POINT(-89.083 30.349)","USMCOB-RC15464","USMCOB-RC15464-2",NA
"742","USMCOB","13480 / 47137 NAVARRE BEACH,FL",30.37333,-86.89333,0.91,NA,"FL",1.02,"TL",1992-04-24,"USM",1,"USMCOB-RC15503",2026-05-05,"UTC",1992,4,24,115,00:00:00,NA,"POINT(-86.89333 30.37333)","USMCOB-RC15503","USMCOB-RC15503-1",NA
"743","USMCOB","BRETON SOUND, LA",29.496,-89.25,0.99,NA,"FL",NA,NA,1993-09-24,"USM",2,"USMCOB-RC15503",2026-05-05,"UTC",1993,9,24,267,00:00:00,NA,"POINT(-89.25 29.496)","USMCOB-RC15503","USMCOB-RC15503-2",NA
"744","USMCOB","13540 / 47138 NAVARRE BEACH,FL",30.37333,-86.795,0.97,NA,"FL",1.07,"TL",1993-04-29,"USM",1,"USMCOB-RC15508",2026-05-05,"UTC",1993,4,29,119,00:00:00,NA,"POINT(-86.795 30.37333)","USMCOB-RC15508","USMCOB-RC15508-1",NA
"745","USMCOB","37 MILES OFF MATAGORDA, TEXAS",28.097,-95.793,1.14,NA,"TL",NA,NA,1994-07-25,"USM",2,"USMCOB-RC15508",2026-05-05,"UTC",1994,7,25,206,00:00:00,NA,"POINT(-95.793 28.097)","USMCOB-RC15508","USMCOB-RC15508-2",NA
"746","USMCOB","13750.0 / 47143.0, FL",30.38167,-86.43333,0.79,NA,"FL",0.86,"TL",1993-05-11,"USM",1,"USMCOB-RC15511",2026-05-05,"UTC",1993,5,11,131,00:00:00,NA,"POINT(-86.43333 30.38167)","USMCOB-RC15511","USMCOB-RC15511-1",NA
"747","USMCOB","GETTY RIGS, OFF E. LA",29.544,-88.677,0.84,NA,"FL",0.94,"TL",1993-08-04,"USM",2,"USMCOB-RC15511",2026-05-05,"UTC",1993,8,4,216,00:00:00,NA,"POINT(-88.677 29.544)","USMCOB-RC15511","USMCOB-RC15511-2",NA
"748","USMCOB","10 MI. W. OF NAVARRE PIER, FL",30.349292,-87.202809,0.98,NA,"TL",NA,NA,1993-04-15,"USM",1,"USMCOB-RC15558",2026-05-05,"UTC",1993,4,15,105,00:00:00,NA,"POINT(-87.202809 30.349292)","USMCOB-RC15558","USMCOB-RC15558-1",NA
"749","USMCOB","OFF PANAMA CITY BEACH, FL",30.212,-85.88,0.89,NA,"FL",0.99,"TL",1993-11-10,"USM",2,"USMCOB-RC15558",2026-05-05,"UTC",1993,11,10,314,00:00:00,NA,"POINT(-85.88 30.212)","USMCOB-RC15558","USMCOB-RC15558-2",NA
"750","USMCOB","FISH HAV.I 12404.9/47036.7, MS",30.05167,-88.615,0.58,NA,"FL",0.66,"TL",1994-08-07,"USM",1,"USMCOB-RC15722",2026-05-05,"UTC",1994,8,7,219,00:00:00,NA,"POINT(-88.615 30.05167)","USMCOB-RC15722","USMCOB-RC15722-1",NA
"751","USMCOB","9 Mi S of Dauphin Island,AL",30.1155,-88.215,1.02,NA,"FL",1.09,"TL",1996-06-18,"USM",2,"USMCOB-RC15722",2026-05-05,"UTC",1996,6,18,170,00:00:00,NA,"POINT(-88.215 30.1155)","USMCOB-RC15722","USMCOB-RC15722-2",NA
"752","USMCOB","12 ml S of Ft. Morgan, AL",30.049,-88.017,NA,NA,NA,NA,NA,1999-06-22,"USM",2,"USMCOB-RC15749",2026-05-05,"UTC",1999,6,22,173,00:00:00,NA,"POINT(-88.017 30.049)","USMCOB-RC15749","USMCOB-RC15749-2",NA
"753","USMCOB","12255.5 / 47030.0, LA",30.02667,-88.86167,0.7,NA,"FL",0.77,"TL",1994-09-24,"USM",1,"USMCOB-RC15792",2026-05-05,"UTC",1994,9,24,267,00:00:00,NA,"POINT(-88.86167 30.02667)","USMCOB-RC15792","USMCOB-RC15792-1",NA
"754","USMCOB","OFF PASS A LOUTRE',LA-43 FATH.",29.082,-89.13,0.75,NA,"FL",0.81,"TL",1995-02-08,"USM",2,"USMCOB-RC15792",2026-05-05,"UTC",1995,2,8,39,00:00:00,NA,"POINT(-89.13 29.082)","USMCOB-RC15792","USMCOB-RC15792-2",NA
"755","USMCOB","20MI. S. SAND ISLE LIGHT, AL",29.889908,-88.05,0.74,NA,"FL",0.83,"TL",1993-08-01,"USM",1,"USMCOB-RC16003",2026-05-05,"UTC",1993,8,1,213,00:00:00,NA,"POINT(-88.05 29.889908)","USMCOB-RC16003","USMCOB-RC16003-1",NA
"756","USMCOB","KEY WEST, FL",24.563,-81.726,0.91,NA,"TL",NA,NA,1994-03-22,"USM",2,"USMCOB-RC16003",2026-05-05,"UTC",1994,3,22,81,00:00:00,NA,"POINT(-81.726 24.563)","USMCOB-RC16003","USMCOB-RC16003-2",NA
"757","USMCOB","12MI. S.E. SAND ISLE LIGHT, AL",30.071482,-87.899155,0.81,NA,"TL",NA,NA,1993-07-30,"USM",1,"USMCOB-RC16013",2026-05-05,"UTC",1993,7,30,211,00:00:00,NA,"POINT(-87.899155 30.071482)","USMCOB-RC16013","USMCOB-RC16013-1",NA
"758","USMCOB","N of Horseshoe Rigs Chevron Ri",29.425,-88.615,1.07,NA,"TL",NA,NA,1996-09-14,"USM",2,"USMCOB-RC16013",2026-05-05,"UTC",1996,9,14,258,00:00:00,NA,"POINT(-88.615 29.425)","USMCOB-RC16013","USMCOB-RC16013-2",NA
"759","USMCOB","3.5MI.OFF SUGARLOAF KEY,FL(GUL",24.658,-81.579,0.74,NA,"FL",0.8,"TL",1994-10-04,"USM",1,"USMCOB-RC16026",2026-05-05,"UTC",1994,10,4,277,00:00:00,NA,"POINT(-81.579 24.658)","USMCOB-RC16026","USMCOB-RC16026-1",NA
"760","USMCOB","3.5MI.OFF SUGARLOAF KEY,FL)GUL",24.718,-81.604,0.74,NA,"FL",0.8,"TL",1994-10-14,"USM",2,"USMCOB-RC16026",2026-05-05,"UTC",1994,10,14,287,00:00:00,NA,"POINT(-81.604 24.718)","USMCOB-RC16026","USMCOB-RC16026-2",NA
"761","USMCOB","20MI. OFF SUGARLOAF KEY,FL(GUL",24.963,-81.645,0.76,NA,"FL",0.86,"TL",1994-09-01,"USM",1,"USMCOB-RC16033",2026-05-05,"UTC",1994,9,1,244,00:00:00,NA,"POINT(-81.645 24.963)","USMCOB-RC16033","USMCOB-RC16033-1",NA
"762","USMCOB","N24-56-29 W81-46-37.4",24.941389,-81.776944,0.76,NA,"FL",0.86,"TL",1995-05-26,"USM",1,"USMCOB-RC16045",2026-05-05,"UTC",1995,5,26,146,00:00:00,NA,"POINT(-81.776944 24.941389)","USMCOB-RC16045","USMCOB-RC16045-1",NA
"763","USMCOB","Eugene Island Block 188",28.75,-91.4,1.07,NA,"TL",NA,NA,1997-05-22,"USM",2,"USMCOB-RC16045",2026-05-05,"UTC",1997,5,22,142,00:00:00,NA,"POINT(-91.4 28.75)","USMCOB-RC16045","USMCOB-RC16045-2",NA
"764","USMCOB","12 mi.out Gpt. Chan.(Gas Bouy)",30.048611,-89.10944,0.58,NA,"FL",0.66,"TL",1996-06-04,"USM",1,"USMCOB-RC16124",2026-05-05,"UTC",1996,6,4,156,00:00:00,NA,"POINT(-89.10944 30.048611)","USMCOB-RC16124","USMCOB-RC16124-1",NA
"765","USMCOB","GULFPORT SHIP CHANNEL, MS",30.24,-89,0.67,NA,"FL",0.75,"TL",1994-08-28,"USM",1,"USMCOB-RC16268",2026-05-05,"UTC",1994,8,28,240,00:00:00,NA,"POINT(-89.0 30.24)","USMCOB-RC16268","USMCOB-RC16268-1",NA
"766","USMCOB","GULFPORT SHIP CHANNEL",30.349,-89.083,0.69,NA,"FL",0.76,"TL",1994-08-30,"USM",2,"USMCOB-RC16268",2026-05-05,"UTC",1994,8,30,242,00:00:00,NA,"POINT(-89.083 30.349)","USMCOB-RC16268","USMCOB-RC16268-2",NA
"767","USMCOB","12589 47048 S. Dauphin Island",30.09333,-88.31333,0.86,NA,"FL",0.91,"TL",1995-05-05,"USM",1,"USMCOB-RC16289",2026-05-05,"UTC",1995,5,5,125,00:00:00,NA,"POINT(-88.31333 30.09333)","USMCOB-RC16289","USMCOB-RC16289-1",NA
"768","USMCOB","9 Mi South Dauphin Island, AL",30.1155,-88.215,1.12,NA,"FL",NA,NA,1997-05-31,"USM",2,"USMCOB-RC16289",2026-05-05,"UTC",1997,5,31,151,00:00:00,NA,"POINT(-88.215 30.1155)","USMCOB-RC16289","USMCOB-RC16289-2",NA
"769","USMCOB","GULF OF MEXICO, MARATHON, FL",24.726,-81.089,0.83,NA,"FL",0.91,"TL",1994-02-16,"USM",1,"USMCOB-RC16305",2026-05-05,"UTC",1994,2,16,47,00:00:00,NA,"POINT(-81.089 24.726)","USMCOB-RC16305","USMCOB-RC16305-1",NA
"770","USMCOB","TAMPA BAY, FL",27.757,-82.555,0.86,NA,"FL",0.97,"TL",1994-05-01,"USM",2,"USMCOB-RC16305",2026-05-05,"UTC",1994,5,1,121,00:00:00,NA,"POINT(-82.555 27.757)","USMCOB-RC16305","USMCOB-RC16305-2",NA
"771","USMCOB","GULF OF MEXICO, MARATHON, FL",24.726,-81.089,0.74,NA,"FL",0.8,"TL",1994-01-07,"USM",1,"USMCOB-RC16308",2026-05-05,"UTC",1994,1,7,7,00:00:00,NA,"POINT(-81.089 24.726)","USMCOB-RC16308","USMCOB-RC16308-1",NA
"772","USMCOB","12 MI. NW OF MARATHON, FL",24.378,-81.758,0.99,NA,"TL",NA,NA,1994-10-20,"USM",2,"USMCOB-RC16308",2026-05-05,"UTC",1994,10,20,293,00:00:00,NA,"POINT(-81.758 24.378)","USMCOB-RC16308","USMCOB-RC16308-2",NA
"773","USMCOB","GULF OF MEXICO, MARATHON, FL",24.726,-81.089,0.79,NA,"FL",0.88,"TL",1993-12-18,"USM",1,"USMCOB-RC16309",2026-05-05,"UTC",1993,12,18,352,00:00:00,NA,"POINT(-81.089 24.726)","USMCOB-RC16309","USMCOB-RC16309-1",NA
"774","USMCOB","GULF OF MEXICO, MARATHON, FL",24.726,-81.089,0.97,NA,"FL",1.08,"TL",1993-12-05,"USM",1,"USMCOB-RC16319",2026-05-05,"UTC",1993,12,5,339,00:00:00,NA,"POINT(-81.089 24.726)","USMCOB-RC16319","USMCOB-RC16319-1",NA
"775","USMCOB","Cameron Block 188,Pt.Neches TX",29.305,-93.407,0.99,NA,"FL",NA,NA,1995-05-29,"USM",2,"USMCOB-RC16319",2026-05-05,"UTC",1995,5,29,149,00:00:00,NA,"POINT(-93.407 29.305)","USMCOB-RC16319","USMCOB-RC16319-2",NA
"776","USMCOB","GULF OF MEXICO, MARATHON, FL",24.726,-81.089,0.81,NA,"FL",0.89,"TL",1994-03-23,"USM",1,"USMCOB-RC16320",2026-05-05,"UTC",1994,3,23,82,00:00:00,NA,"POINT(-81.089 24.726)","USMCOB-RC16320","USMCOB-RC16320-1",NA
"777","USMCOB","Sugarloaf Key, Florida",24.63,-81.524,1.14,NA,"TL",NA,NA,1996-02-25,"USM",2,"USMCOB-RC16320",2026-05-05,"UTC",1996,2,25,56,00:00:00,NA,"POINT(-81.524 24.63)","USMCOB-RC16320","USMCOB-RC16320-2",NA
"778","USMCOB","MARATHON, FL- GULF SIDE",24.726,-81.089,0.84,NA,"FL",0.95,"TL",1994-03-23,"USM",1,"USMCOB-RC16326",2026-05-05,"UTC",1994,3,23,82,00:00:00,NA,"POINT(-81.089 24.726)","USMCOB-RC16326","USMCOB-RC16326-1",NA
"779","USMCOB","20 MI. SW ORANGE BEACH, AL",30.07,-87.83,0.86,NA,"FL",NA,NA,1994-08-12,"USM",2,"USMCOB-RC16326",2026-05-05,"UTC",1994,8,12,224,00:00:00,NA,"POINT(-87.83 30.07)","USMCOB-RC16326","USMCOB-RC16326-2",NA
"780","USMCOB","PENSACOLA BEACH, FL",30.315,-87.203,0.84,NA,"FL",0.91,"TL",1994-04-23,"USM",1,"USMCOB-RC16398",2026-05-05,"UTC",1994,4,23,113,00:00:00,NA,"POINT(-87.203 30.315)","USMCOB-RC16398","USMCOB-RC16398-1",NA
"781","USMCOB","Horn I. bar, Mississippi",30.244,-88.777,1.52,NA,"TL",NA,NA,2000-04-01,"USM",2,"USMCOB-RC16398",2026-05-05,"UTC",2000,4,1,92,00:00:00,NA,"POINT(-88.777 30.244)","USMCOB-RC16398","USMCOB-RC16398-2",NA
"782","USMCOB","12600/46825, OFF LA",29.465,-88.28833,0.79,NA,"FL",0.89,"TL",1993-05-15,"USM",1,"USMCOB-RC16401",2026-05-05,"UTC",1993,5,15,135,00:00:00,NA,"POINT(-88.28833 29.465)","USMCOB-RC16401","USMCOB-RC16401-1",NA
"783","USMCOB","15 MI. OFF FORT PIERCE, FL",27.55,-80.061,0.89,NA,"FL",NA,NA,1993-09-01,"USM",2,"USMCOB-RC16401",2026-05-05,"UTC",1993,9,1,244,00:00:00,NA,"POINT(-80.061 27.55)","USMCOB-RC16401","USMCOB-RC16401-2",NA
"784","USMCOB","1 MI.E.PENSACOLA BEACH PIER,FL",30.313,-87.275,0.84,NA,"FL",0.94,"TL",1994-04-25,"USM",1,"USMCOB-RC16406",2026-05-05,"UTC",1994,4,25,115,00:00:00,NA,"POINT(-87.275 30.313)","USMCOB-RC16406","USMCOB-RC16406-1",NA
"785","USMCOB","40 MI. SE OF SOUTH PASS, LA",28.609,-88.658,1.02,NA,"TL",NA,NA,1994-05-28,"USM",2,"USMCOB-RC16406",2026-05-05,"UTC",1994,5,28,148,00:00:00,NA,"POINT(-88.658 28.609)","USMCOB-RC16406","USMCOB-RC16406-2",NA
"786","USMCOB","PENSACOLA BEACH, FL",30.315,-87.203,0.91,NA,"FL",NA,NA,1993-05-04,"USM",1,"USMCOB-RC16642",2026-05-05,"UTC",1993,5,4,124,00:00:00,NA,"POINT(-87.203 30.315)","USMCOB-RC16642","USMCOB-RC16642-1",NA
"787","USMCOB","1 Mi West Navarre Pier, FL",30.377,-86.88,1.12,NA,"FL",NA,NA,1996-05-05,"USM",2,"USMCOB-RC16642",2026-05-05,"UTC",1996,5,5,126,00:00:00,NA,"POINT(-86.88 30.377)","USMCOB-RC16642","USMCOB-RC16642-2",NA
"788","USMCOB","PENSACOLA BEACH, FL",30.315,-87.203,0.89,NA,"FL",NA,NA,1993-05-04,"USM",1,"USMCOB-RC16643",2026-05-05,"UTC",1993,5,4,124,00:00:00,NA,"POINT(-87.203 30.315)","USMCOB-RC16643","USMCOB-RC16643-1",NA
"789","USMCOB","PANAMA CITY BEACH PIER, FL",30.212,-85.88,NA,NA,NA,NA,NA,1994-06-01,"USM",2,"USMCOB-RC16643",2026-05-05,"UTC",1994,6,1,152,00:00:00,NA,"POINT(-85.88 30.212)","USMCOB-RC16643","USMCOB-RC16643-2",NA
"790","USMCOB","PENSACOLA BEACH, FL",30.315,-87.203,0.84,NA,"FL",NA,NA,1993-05-08,"USM",1,"USMCOB-RC16651",2026-05-05,"UTC",1993,5,8,128,00:00:00,NA,"POINT(-87.203 30.315)","USMCOB-RC16651","USMCOB-RC16651-1",NA
"791","USMCOB","DRY TORTUGAS",24.654,-82.858,0.84,NA,"FL",1.07,"TL",1994-03-18,"USM",2,"USMCOB-RC16651",2026-05-05,"UTC",1994,3,18,77,00:00:00,NA,"POINT(-82.858 24.654)","USMCOB-RC16651","USMCOB-RC16651-2",NA
"792","USMCOB","PENSACOLA BEACH, FL",30.315,-87.203,0.89,NA,"FL",NA,NA,1993-05-08,"USM",1,"USMCOB-RC16653",2026-05-05,"UTC",1993,5,8,128,00:00:00,NA,"POINT(-87.203 30.315)","USMCOB-RC16653","USMCOB-RC16653-1",NA
"793","USMCOB","40 MI. W. OF BOCA GRANDE, FL",26.711,-82.907,1.09,NA,"FL",1.22,"TL",1994-09-20,"USM",2,"USMCOB-RC16653",2026-05-05,"UTC",1994,9,20,263,00:00:00,NA,"POINT(-82.907 26.711)","USMCOB-RC16653","USMCOB-RC16653-2",NA
"794","USMCOB","NAVARRE BEACH, FL",30.378,-86.862,0.84,NA,"FL",NA,NA,1993-05-20,"USM",1,"USMCOB-RC16659",2026-05-05,"UTC",1993,5,20,140,00:00:00,NA,"POINT(-86.862 30.378)","USMCOB-RC16659","USMCOB-RC16659-1",NA
"795","USMCOB","Off Orange Beach, AL",30.26,-87.58,1.17,NA,"TL",NA,NA,1996-04-17,"USM",2,"USMCOB-RC16659",2026-05-05,"UTC",1996,4,17,108,00:00:00,NA,"POINT(-87.58 30.26)","USMCOB-RC16659","USMCOB-RC16659-2",NA
"796","USMCOB","MAIN PASS BLOCK 100, OFF LA",29.58,-88.706,0.84,NA,"FL",0.89,"TL",1993-09-06,"USM",1,"USMCOB-RC16712",2026-05-05,"UTC",1993,9,6,249,00:00:00,NA,"POINT(-88.706 29.58)","USMCOB-RC16712","USMCOB-RC16712-1",NA
"797","USMCOB","SOUTH OF CHANDELEUR ISLANDS,LA",29.662,-88.945,0.86,NA,"FL",NA,NA,1994-06-30,"USM",2,"USMCOB-RC16712",2026-05-05,"UTC",1994,6,30,181,00:00:00,NA,"POINT(-88.945 29.662)","USMCOB-RC16712","USMCOB-RC16712-2",NA
"798","USMCOB","22 Mi WSW Perdido Pass, AL",30.099,-87.869,0.66,NA,"TL",NA,NA,1995-06-20,"USM",1,"USMCOB-RC16821",2026-05-05,"UTC",1995,6,20,171,00:00:00,NA,"POINT(-87.869 30.099)","USMCOB-RC16821","USMCOB-RC16821-1",NA
"799","USMCOB","Red Can Dog Key's Pass",30.246,-88.782,0.64,NA,"FL",0.71,"TL",1995-08-20,"USM",2,"USMCOB-RC16821",2026-05-05,"UTC",1995,8,20,232,00:00:00,NA,"POINT(-88.782 30.246)","USMCOB-RC16821","USMCOB-RC16821-2",NA
"800","USMCOB","4 Mi E Pensacola Beach, Fl",30.313,-87.275,1.04,NA,"FL",1.12,"TL",1996-04-24,"USM",1,"USMCOB-RC17022",2026-05-05,"UTC",1996,4,24,115,00:00:00,NA,"POINT(-87.275 30.313)","USMCOB-RC17022","USMCOB-RC17022-1",NA
"801","USMCOB","Gulf Side Marathon, FL",24.726,-81.089,1.24,NA,"TL",NA,NA,1997-01-01,"USM",2,"USMCOB-RC17022",2026-05-05,"UTC",1997,1,1,1,00:00:00,NA,"POINT(-81.089 24.726)","USMCOB-RC17022","USMCOB-RC17022-2",NA
"802","USMCOB","Navarre Beach, FL",30.378,-86.862,0.53,NA,"FL",0.61,"TL",1996-04-25,"USM",1,"USMCOB-RC17025",2026-05-05,"UTC",1996,4,25,116,00:00:00,NA,"POINT(-86.862 30.378)","USMCOB-RC17025","USMCOB-RC17025-1",NA
"803","USMCOB","Ship Island, MS              E",30.223,-88.521,NA,NA,NA,NA,NA,1997-09-21,"USM",2,"USMCOB-RC17025",2026-05-05,"UTC",1997,9,21,264,00:00:00,NA,"POINT(-88.521 30.223)","USMCOB-RC17025","USMCOB-RC17025-2",NA
"804","USMCOB","24-52'N 82-45'W Dry Tortugas",24.866667,-82.75,0.81,NA,"FL",0.86,"TL",1995-03-18,"USM",1,"USMCOB-RC17161",2026-05-05,"UTC",1995,3,18,77,00:00:00,NA,"POINT(-82.75 24.866667)","USMCOB-RC17161","USMCOB-RC17161-1",NA
"805","USMCOB","50 Mi South Carrabelle, FL",29.117,-84.869,NA,NA,NA,NA,NA,1995-09-17,"USM",2,"USMCOB-RC17161",2026-05-05,"UTC",1995,9,17,260,00:00:00,NA,"POINT(-84.869 29.117)","USMCOB-RC17161","USMCOB-RC17161-2",NA
"806","USMCOB","25 29 62 / 81 45 22",25.493667,-81.753667,1.07,NA,"FL",1.17,"TL",1994-10-08,"USM",1,"USMCOB-RC17311",2026-05-05,"UTC",1994,10,8,281,00:00:00,NA,"POINT(-81.753667 25.493667)","USMCOB-RC17311","USMCOB-RC17311-1",NA
"807","USMCOB","25 30, 82 00 Florida Bay, FL",25.5,-82,1.37,NA,"TL",NA,NA,1998-02-01,"USM",2,"USMCOB-RC17311",2026-05-05,"UTC",1998,2,1,32,00:00:00,NA,"POINT(-82.0 25.5)","USMCOB-RC17311","USMCOB-RC17311-2",NA
"808","USMCOB","30MI. W. OF MARCO IS., FL",25.9,-82.2,1.09,NA,"FL",1.17,"TL",1994-11-09,"USM",1,"USMCOB-RC17320",2026-05-05,"UTC",1994,11,9,313,00:00:00,NA,"POINT(-82.2 25.9)","USMCOB-RC17320","USMCOB-RC17320-1",NA
"809","USMCOB","Eugene Island, LA",29.372,-91.385,1.04,NA,"FL",1.19,"TL",1995-05-11,"USM",2,"USMCOB-RC17320",2026-05-05,"UTC",1995,5,11,131,00:00:00,NA,"POINT(-91.385 29.372)","USMCOB-RC17320","USMCOB-RC17320-2",NA
"810","USMCOB","25 29 65/81 45 19 MARCO, FL",25.494167,-81.753167,1.17,NA,"FL",1.24,"TL",1994-11-09,"USM",1,"USMCOB-RC17322",2026-05-05,"UTC",1994,11,9,313,00:00:00,NA,"POINT(-81.753167 25.494167)","USMCOB-RC17322","USMCOB-RC17322-1",NA
"811","USMCOB","Orange Beach, AL",30.267,-87.585,1.22,NA,"FL",NA,NA,1995-04-11,"USM",2,"USMCOB-RC17322",2026-05-05,"UTC",1995,4,11,101,00:00:00,NA,"POINT(-87.585 30.267)","USMCOB-RC17322","USMCOB-RC17322-2",NA
"812","USMCOB","8 MI. S. OF GULF SHORES, AL",30.211125,-87.660774,0.61,NA,"FL",0.66,"TL",1994-07-01,"USM",1,"USMCOB-RC17395",2026-05-05,"UTC",1994,7,1,182,00:00:00,NA,"POINT(-87.660774 30.211125)","USMCOB-RC17395","USMCOB-RC17395-1",NA
"813","USMCOB","Navarre, FL",30.378,-86.862,1.13,NA,"FL",1.26,"TL",1999-04-26,"USM",2,"USMCOB-RC17395",2026-05-05,"UTC",1999,4,26,116,00:00:00,NA,"POINT(-86.862 30.378)","USMCOB-RC17395","USMCOB-RC17395-2",NA
"814","USMCOB","CHRIS WRECK, KEY WEST, FL",24.5,-81.6,0.69,NA,"FL",0.75,"TL",1994-10-05,"USM",1,"USMCOB-RC17637",2026-05-05,"UTC",1994,10,5,278,00:00:00,NA,"POINT(-81.6 24.5)","USMCOB-RC17637","USMCOB-RC17637-1",NA
"815","USMCOB","S.Timb Blk 277 (903017 281503)",28.24,-90.494,1.32,NA,"TL",NA,NA,1999-05-03,"USM",2,"USMCOB-RC17637",2026-05-05,"UTC",1999,5,3,123,00:00:00,NA,"POINT(-90.494 28.24)","USMCOB-RC17637","USMCOB-RC17637-2",NA
"816","USMCOB","GARDNER WRECK, KEY WEST, FL",24.5,-81.6,0.66,NA,"FL",0.71,"TL",1994-09-04,"USM",1,"USMCOB-RC17660",2026-05-05,"UTC",1994,9,4,247,00:00:00,NA,"POINT(-81.6 24.5)","USMCOB-RC17660","USMCOB-RC17660-1",NA
"817","USMCOB","Key West, FL",24.563,-81.726,NA,NA,NA,NA,NA,1996-01-26,"USM",2,"USMCOB-RC17762",2026-05-05,"UTC",1996,1,26,26,00:00:00,NA,"POINT(-81.726 24.563)","USMCOB-RC17762","USMCOB-RC17762-2",NA
"818","USMCOB","10 Mi. S. Petit Bois Island",30.045,-88.454,0.86,NA,"FL",0.91,"TL",1995-05-04,"USM",1,"USMCOB-RC17771",2026-05-05,"UTC",1995,5,4,124,00:00:00,NA,"POINT(-88.454 30.045)","USMCOB-RC17771","USMCOB-RC17771-1",NA
"819","USMCOB","20 Mi S. Fort Morgan, AL",30.933,-88.017,1.04,NA,"TL",NA,NA,1995-07-16,"USM",2,"USMCOB-RC17771",2026-05-05,"UTC",1995,7,16,197,00:00:00,NA,"POINT(-88.017 30.933)","USMCOB-RC17771","USMCOB-RC17771-2",NA
"820","USMCOB","WRK OF THE CHRIS, KEY WEST, FL",24.5,-81.6,0.66,NA,"FL",0.69,"TL",1994-06-17,"USM",1,"USMCOB-RC18038",2026-05-05,"UTC",1994,6,17,168,00:00:00,NA,"POINT(-81.6 24.5)","USMCOB-RC18038","USMCOB-RC18038-1",NA
"821","USMCOB","Off Sawyer Key, Florida Keys",24.76,-81.168,1.26,NA,"TL",NA,NA,1995-12-07,"USM",2,"USMCOB-RC18038",2026-05-05,"UTC",1995,12,7,341,00:00:00,NA,"POINT(-81.168 24.76)","USMCOB-RC18038","USMCOB-RC18038-2",NA
"822","USMCOB","KEY WEST HARBOR, FL",24.563,-81.726,0.84,NA,"FL",0.91,"TL",1994-06-24,"USM",1,"USMCOB-RC18040",2026-05-05,"UTC",1994,6,24,175,00:00:00,NA,"POINT(-81.726 24.563)","USMCOB-RC18040","USMCOB-RC18040-1",NA
"823","USMCOB","South of Cedar Key, FL",29.067,-83.038,0.94,NA,"FL",NA,NA,1996-07-13,"USM",2,"USMCOB-RC18040",2026-05-05,"UTC",1996,7,13,195,00:00:00,NA,"POINT(-83.038 29.067)","USMCOB-RC18040","USMCOB-RC18040-2",NA
"824","USMCOB","KEY WEST, FL",24.563,-81.726,0.81,NA,"FL",0.89,"TL",1994-08-09,"USM",1,"USMCOB-RC18053",2026-05-05,"UTC",1994,8,9,221,00:00:00,NA,"POINT(-81.726 24.563)","USMCOB-RC18053","USMCOB-RC18053-1",NA
"825","USMCOB","GARDNER WRECK, KEY WEST, FL",24.5,-81.6,0.79,NA,"FL",0.86,"TL",1994-07-25,"USM",1,"USMCOB-RC18062",2026-05-05,"UTC",1994,7,25,206,00:00:00,NA,"POINT(-81.6 24.5)","USMCOB-RC18062","USMCOB-RC18062-1",NA
"826","USMCOB","38 MILES NW. OF KEY WEST, FL",24.919,-82.261,NA,NA,NA,NA,NA,1994-11-01,"USM",2,"USMCOB-RC18062",2026-05-05,"UTC",1994,11,1,305,00:00:00,NA,"POINT(-82.261 24.919)","USMCOB-RC18062","USMCOB-RC18062-2",NA
"827","USMCOB","Mexico Beach, FL",29.946,-85.419,0.76,NA,"FL",0.83,"TL",1996-05-31,"USM",1,"USMCOB-RC18074",2026-05-05,"UTC",1996,5,31,152,00:00:00,NA,"POINT(-85.419 29.946)","USMCOB-RC18074","USMCOB-RC18074-1",NA
"828","USMCOB","Mexico Beach, FL",29.946,-85.419,0.76,NA,"FL",NA,NA,1996-06-03,"USM",2,"USMCOB-RC18074",2026-05-05,"UTC",1996,6,3,155,00:00:00,NA,"POINT(-85.419 29.946)","USMCOB-RC18074","USMCOB-RC18074-2",NA
"829","USMCOB","S OF PENSACOLA BCH PIER, FL",30.315,-87.203,0.69,NA,"FL",0.76,"TL",1994-04-20,"USM",1,"USMCOB-RC18137",2026-05-05,"UTC",1994,4,20,110,00:00:00,NA,"POINT(-87.203 30.315)","USMCOB-RC18137","USMCOB-RC18137-1",NA
"830","USMCOB","Key West, Florida",24.563,-81.726,1.17,NA,"FL",1.27,"TL",1995-11-03,"USM",2,"USMCOB-RC18137",2026-05-05,"UTC",1995,11,3,307,00:00:00,NA,"POINT(-81.726 24.563)","USMCOB-RC18137","USMCOB-RC18137-2",NA
"831","USMCOB","Pensacola Beach, FL",30.315,-87.203,0.89,NA,"FL",NA,NA,1996-05-02,"USM",1,"USMCOB-RC18163",2026-05-05,"UTC",1996,5,2,123,00:00:00,NA,"POINT(-87.203 30.315)","USMCOB-RC18163","USMCOB-RC18163-1",NA
"832","USMCOB","Off Ponce Inlet, FL",29.077,-80.91,1.04,NA,"FL",1.14,"TL",1996-08-20,"USM",2,"USMCOB-RC18163",2026-05-05,"UTC",1996,8,20,233,00:00:00,NA,"POINT(-80.91 29.077)","USMCOB-RC18163","USMCOB-RC18163-2",NA
"833","USMCOB","Exxon Rig 60 Mi South Ship Isl",29.34,-88.96,NA,NA,NA,NA,NA,1996-05-17,"USM",2,"USMCOB-RC18182",2026-05-05,"UTC",1996,5,17,138,00:00:00,NA,"POINT(-88.96 29.34)","USMCOB-RC18182","USMCOB-RC18182-2",NA
"834","USMCOB","Orange Beach, AL",30.267,-87.585,0.69,NA,"FL",NA,NA,1995-04-25,"USM",1,"USMCOB-RC18185",2026-05-05,"UTC",1995,4,25,115,00:00:00,NA,"POINT(-87.585 30.267)","USMCOB-RC18185","USMCOB-RC18185-1",NA
"835","USMCOB","Buoy 5 Mobile ship channel",30.156,-88.055,1.07,NA,"FL",NA,NA,1997-09-19,"USM",2,"USMCOB-RC18185",2026-05-05,"UTC",1997,9,19,262,00:00:00,NA,"POINT(-88.055 30.156)","USMCOB-RC18185","USMCOB-RC18185-2",NA
"836","USMCOB","Orange Beach, AL",30.267,-87.585,NA,NA,NA,NA,NA,1994-04-17,"USM",1,"USMCOB-RC18235",2026-05-05,"UTC",1994,4,17,107,00:00:00,NA,"POINT(-87.585 30.267)","USMCOB-RC18235","USMCOB-RC18235-1",NA
"837","USMCOB","Gulfport Ship Channel, MS",30.349,-89.083,0.95,NA,"FL",1.04,"TL",1995-09-06,"USM",2,"USMCOB-RC18235",2026-05-05,"UTC",1995,9,6,249,00:00:00,NA,"POINT(-89.083 30.349)","USMCOB-RC18235","USMCOB-RC18235-2",NA
"838","USMCOB","PENSACOLA, FL",30.315,-87.203,1.02,NA,"FL",NA,NA,1994-04-08,"USM",1,"USMCOB-RC18239",2026-05-05,"UTC",1994,4,8,98,00:00:00,NA,"POINT(-87.203 30.315)","USMCOB-RC18239","USMCOB-RC18239-1",NA
"839","USMCOB","West Delta, LA",28.92,-89.42,NA,NA,NA,NA,NA,2002-05-29,"USM",2,"USMCOB-RC18239",2026-05-05,"UTC",2002,5,29,149,00:00:00,NA,"POINT(-89.42 28.92)","USMCOB-RC18239","USMCOB-RC18239-2",NA
"840","USMCOB","PENSACOLA BEACH, FL",30.315,-87.203,1.02,NA,"FL",NA,NA,1994-04-23,"USM",1,"USMCOB-RC18262",2026-05-05,"UTC",1994,4,23,113,00:00:00,NA,"POINT(-87.203 30.315)","USMCOB-RC18262","USMCOB-RC18262-1",NA
"841","USMCOB","OFF ORANGE BEACH, AL",30.26,-87.58,1.22,NA,"TL",NA,NA,1995-04-10,"USM",2,"USMCOB-RC18262",2026-05-05,"UTC",1995,4,10,100,00:00:00,NA,"POINT(-87.58 30.26)","USMCOB-RC18262","USMCOB-RC18262-2",NA
"842","USMCOB","Pensacola Beach, FL",30.315,-87.203,1.02,NA,"FL",NA,NA,1995-04-08,"USM",1,"USMCOB-RC18277",2026-05-05,"UTC",1995,4,8,98,00:00:00,NA,"POINT(-87.203 30.315)","USMCOB-RC18277","USMCOB-RC18277-1",NA
"843","USMCOB","42 Mi SW Cat Island Pass, LA",29.756,-89.577,1.09,NA,"FL",NA,NA,1995-05-28,"USM",2,"USMCOB-RC18277",2026-05-05,"UTC",1995,5,28,148,00:00:00,NA,"POINT(-89.577 29.756)","USMCOB-RC18277","USMCOB-RC18277-2",NA
"844","USMCOB","Pensacola Beach, FL",30.315,-87.203,0.94,NA,"FL",NA,NA,1995-04-16,"USM",1,"USMCOB-RC18281",2026-05-05,"UTC",1995,4,16,106,00:00:00,NA,"POINT(-87.203 30.315)","USMCOB-RC18281","USMCOB-RC18281-1",NA
"845","USMCOB","West Delta 73, LA",28.97,-89.718,0.97,NA,"FL",NA,NA,1996-07-26,"USM",2,"USMCOB-RC18281",2026-05-05,"UTC",1996,7,26,208,00:00:00,NA,"POINT(-89.718 28.97)","USMCOB-RC18281","USMCOB-RC18281-2",NA
"846","USMCOB","PENSACOLA BEACH, FL",30.315,-87.203,1.02,NA,"FL",1.09,"TL",1994-04-07,"USM",1,"USMCOB-RC18416",2026-05-05,"UTC",1994,4,7,97,00:00:00,NA,"POINT(-87.203 30.315)","USMCOB-RC18416","USMCOB-RC18416-1",NA
"847","USMCOB","Myrtle Beach, South Carolina",33.683,-78.882,1.22,NA,"FL",1.37,"TL",1995-07-30,"USM",2,"USMCOB-RC18416",2026-05-05,"UTC",1995,7,30,211,00:00:00,NA,"POINT(-78.882 33.683)","USMCOB-RC18416","USMCOB-RC18416-2",NA
"848","USMCOB","OFF ORANGE BEACH, AL",30.267,-87.585,0.51,NA,"FL",0.56,"TL",1994-05-10,"USM",1,"USMCOB-RC18437",2026-05-05,"UTC",1994,5,10,130,00:00:00,NA,"POINT(-87.585 30.267)","USMCOB-RC18437","USMCOB-RC18437-1",NA
"849","USMCOB","15 MI. OFF ORANGE BEACH, AL",30.048762,-87.584509,NA,NA,NA,NA,NA,1994-08-10,"USM",2,"USMCOB-RC18437",2026-05-05,"UTC",1994,8,10,222,00:00:00,NA,"POINT(-87.584509 30.048762)","USMCOB-RC18437","USMCOB-RC18437-2",NA
"850","USMCOB","ORANGE BEACH, AL",30.267,-87.585,0.74,NA,"FL",0.86,"TL",1994-04-23,"USM",1,"USMCOB-RC18452",2026-05-05,"UTC",1994,4,23,113,00:00:00,NA,"POINT(-87.585 30.267)","USMCOB-RC18452","USMCOB-RC18452-1",NA
"851","USMCOB","Orange Beach AL 3016.200 87334",30.27,-87.556667,NA,NA,NA,NA,NA,1998-04-09,"USM",2,"USMCOB-RC18452",2026-05-05,"UTC",1998,4,9,99,00:00:00,NA,"POINT(-87.556667 30.27)","USMCOB-RC18452","USMCOB-RC18452-2",NA
"852","USMCOB","PENSACOLA BEACH, FL",30.315,-87.203,0.91,NA,"FL",0.97,"TL",1994-04-07,"USM",1,"USMCOB-RC18459",2026-05-05,"UTC",1994,4,7,97,00:00:00,NA,"POINT(-87.203 30.315)","USMCOB-RC18459","USMCOB-RC18459-1",NA
"853","USMCOB","Destin, FL",30.38,-86.5,1.02,NA,"FL",NA,NA,1996-04-03,"USM",2,"USMCOB-RC18459",2026-05-05,"UTC",1996,4,3,94,00:00:00,NA,"POINT(-86.5 30.38)","USMCOB-RC18459","USMCOB-RC18459-2",NA
"854","USMCOB","ORANGE BEACH, AL",30.267,-87.585,0.97,NA,"FL",1.07,"TL",1994-04-04,"USM",1,"USMCOB-RC18460",2026-05-05,"UTC",1994,4,4,94,00:00:00,NA,"POINT(-87.585 30.267)","USMCOB-RC18460","USMCOB-RC18460-1",NA
"855","USMCOB","OFF PENSACOLA BEACH PIER, FL",30.333,-87.15,1.22,NA,"TL",NA,NA,1995-04-08,"USM",2,"USMCOB-RC18460",2026-05-05,"UTC",1995,4,8,98,00:00:00,NA,"POINT(-87.15 30.333)","USMCOB-RC18460","USMCOB-RC18460-2",NA
"856","USMCOB","1 Mi N Port Canaveral FL",28.395,-80.577,0.76,NA,"FL",0.84,"TL",1996-04-05,"USM",1,"USMCOB-RC18478",2026-05-05,"UTC",1996,4,5,96,00:00:00,NA,"POINT(-80.577 28.395)","USMCOB-RC18478","USMCOB-RC18478-1",NA
"857","USMCOB","Port Canaveral FL",28.41,-80.584,0.94,NA,"FL",NA,NA,1997-03-24,"USM",2,"USMCOB-RC18478",2026-05-05,"UTC",1997,3,24,83,00:00:00,NA,"POINT(-80.584 28.41)","USMCOB-RC18478","USMCOB-RC18478-2",NA
"858","USMCOB","5 Mi North Port Canaveral, FL",28.479649,-80.526392,0.76,NA,"FL",0.86,"TL",1995-07-24,"USM",1,"USMCOB-RC18480",2026-05-05,"UTC",1995,7,24,205,00:00:00,NA,"POINT(-80.526392 28.479649)","USMCOB-RC18480","USMCOB-RC18480-1",NA
"859","USMCOB","Horn Island, MS",30.237,-88.686,1.17,NA,"FL",NA,NA,1997-04-25,"USM",2,"USMCOB-RC18480",2026-05-05,"UTC",1997,4,25,115,00:00:00,NA,"POINT(-88.686 30.237)","USMCOB-RC18480","USMCOB-RC18480-2",NA
"860","USMCOB","WRECK OF THE CHRIS, FL",24.5,-81.6,0.72,NA,"FL",0.83,"TL",1994-05-27,"USM",1,"USMCOB-RC18503",2026-05-05,"UTC",1994,5,27,147,00:00:00,NA,"POINT(-81.6 24.5)","USMCOB-RC18503","USMCOB-RC18503-1",NA
"861","USMCOB","20 mi NE Dry Tortugas",24.909,-82.563,1.12,NA,"TL",NA,NA,1995-02-25,"USM",2,"USMCOB-RC18503",2026-05-05,"UTC",1995,2,25,56,00:00:00,NA,"POINT(-82.563 24.909)","USMCOB-RC18503","USMCOB-RC18503-2",NA
"862","USMCOB","WRECK OF THE CHRIS, FL",24.5,-81.6,0.81,NA,"FL",0.93,"TL",1994-05-27,"USM",1,"USMCOB-RC18515",2026-05-05,"UTC",1994,5,27,147,00:00:00,NA,"POINT(-81.6 24.5)","USMCOB-RC18515","USMCOB-RC18515-1",NA
"863","USMCOB","Between P'Cola & Navarre Bch",30.342,-87.048,1.17,NA,"FL",NA,NA,1996-04-05,"USM",2,"USMCOB-RC18515",2026-05-05,"UTC",1996,4,5,96,00:00:00,NA,"POINT(-87.048 30.342)","USMCOB-RC18515","USMCOB-RC18515-2",NA
"864","USMCOB","WRK OF THE CHRIS, KEY WEST, FL",24.5,-81.6,0.74,NA,"FL",0.8,"TL",1994-06-05,"USM",1,"USMCOB-RC18519",2026-05-05,"UTC",1994,6,5,156,00:00:00,NA,"POINT(-81.6 24.5)","USMCOB-RC18519","USMCOB-RC18519-1",NA
"865","USMCOB","Marathon FL",24.726,-81.089,1.09,NA,"FL",1.17,"TL",1997-07-31,"USM",2,"USMCOB-RC18519",2026-05-05,"UTC",1997,7,31,212,00:00:00,NA,"POINT(-81.089 24.726)","USMCOB-RC18519","USMCOB-RC18519-2",NA
"866","USMCOB","GULF, WRECK CHRIS, KEY WEST,FL",24.5,-81.6,0.72,NA,"FL",0.8,"TL",1994-06-10,"USM",1,"USMCOB-RC18525",2026-05-05,"UTC",1994,6,10,161,00:00:00,NA,"POINT(-81.6 24.5)","USMCOB-RC18525","USMCOB-RC18525-1",NA
"867","USMCOB","Bahia Honda, Keys FL, Atl Side",24.661,-81.261,1.12,NA,"TL",NA,NA,1997-02-09,"USM",2,"USMCOB-RC18525",2026-05-05,"UTC",1997,2,9,40,00:00:00,NA,"POINT(-81.261 24.661)","USMCOB-RC18525","USMCOB-RC18525-2",NA
"868","USMCOB","5 Mi off Key West,FL",24.638233,-81.788261,0.8,NA,"FL",0.91,"TL",1997-02-23,"USM",1,"USMCOB-RC18552",2026-05-05,"UTC",1997,2,23,54,00:00:00,NA,"POINT(-81.788261 24.638233)","USMCOB-RC18552","USMCOB-RC18552-1",NA
"869","USMCOB","Ft. Meyers, FL",26.643,-81.877,0.97,NA,"FL",1.05,"TL",1998-02-14,"USM",2,"USMCOB-RC18552",2026-05-05,"UTC",1998,2,14,45,00:00:00,NA,"POINT(-81.877 26.643)","USMCOB-RC18552","USMCOB-RC18552-2",NA
"870","USMCOB","Key West",24.563,-81.726,0.86,NA,"FL",0.94,"TL",1999-02-20,"USM",1,"USMCOB-RC18557",2026-05-05,"UTC",1999,2,20,51,00:00:00,NA,"POINT(-81.726 24.563)","USMCOB-RC18557","USMCOB-RC18557-1",NA
"871","USMCOB","Key West",24.563,-81.726,0.88,NA,"FL",NA,NA,1999-03-09,"USM",2,"USMCOB-RC18557",2026-05-05,"UTC",1999,3,9,68,00:00:00,NA,"POINT(-81.726 24.563)","USMCOB-RC18557","USMCOB-RC18557-2",NA
"872","USMCOB","47 Mi South Dauphin Island, AL",29.560126,-88.082364,0.66,NA,"FL",0.74,"TL",1995-06-04,"USM",1,"USMCOB-RC18604",2026-05-05,"UTC",1995,6,4,155,00:00:00,NA,"POINT(-88.082364 29.560126)","USMCOB-RC18604","USMCOB-RC18604-1",NA
"873","USMCOB","29-23.68 88-05.37 AL",29.394667,-88.0895,0.88,NA,"FL",0.97,"TL",1996-05-18,"USM",2,"USMCOB-RC18604",2026-05-05,"UTC",1996,5,18,139,00:00:00,NA,"POINT(-88.0895 29.394667)","USMCOB-RC18604","USMCOB-RC18604-2",NA
"874","USMCOB","Orange Beach, AL",30.267,-87.585,0.71,NA,"TL",NA,NA,1996-04-17,"USM",1,"USMCOB-RC18706",2026-05-05,"UTC",1996,4,17,108,00:00:00,NA,"POINT(-87.585 30.267)","USMCOB-RC18706","USMCOB-RC18706-1",NA
"875","USMCOB","Eugene I., LA - Block 162",28.83,-91.545,NA,NA,NA,NA,NA,1999-05-20,"USM",2,"USMCOB-RC18706",2026-05-05,"UTC",1999,5,20,140,00:00:00,NA,"POINT(-91.545 28.83)","USMCOB-RC18706","USMCOB-RC18706-2",NA
"876","USMCOB","Orange Beach Alabama",30.267,-87.585,0.89,NA,"FL",NA,NA,1996-06-09,"USM",1,"USMCOB-RC18717",2026-05-05,"UTC",1996,6,9,161,00:00:00,NA,"POINT(-87.585 30.267)","USMCOB-RC18717","USMCOB-RC18717-1",NA
"877","USMCOB","50 Mi S Grand Isle, LA",28.498,-89.968,1.22,NA,"TL",NA,NA,1997-05-23,"USM",2,"USMCOB-RC18717",2026-05-05,"UTC",1997,5,23,143,00:00:00,NA,"POINT(-89.968 28.498)","USMCOB-RC18717","USMCOB-RC18717-2",NA
"878","USMCOB","Orange Beach Alabama",30.267,-87.585,1.02,NA,"TL",NA,NA,1996-09-08,"USM",1,"USMCOB-RC18718",2026-05-05,"UTC",1996,9,8,252,00:00:00,NA,"POINT(-87.585 30.267)","USMCOB-RC18718","USMCOB-RC18718-1",NA
"879","USMCOB","25-10'N 82-30'W",25.16667,-82.5,1.04,NA,"TL",NA,NA,1996-12-07,"USM",2,"USMCOB-RC18718",2026-05-05,"UTC",1996,12,7,342,00:00:00,NA,"POINT(-82.5 25.16667)","USMCOB-RC18718","USMCOB-RC18718-2",NA
"880","USMCOB","Orange Beach, AL",30.267,-87.585,0.94,NA,"FL",NA,NA,1996-04-18,"USM",1,"USMCOB-RC18725",2026-05-05,"UTC",1996,4,18,109,00:00:00,NA,"POINT(-87.585 30.267)","USMCOB-RC18725","USMCOB-RC18725-1",NA
"881","USMCOB","Horn Island Bar, MS",30.244,-88.777,0.94,NA,"FL",NA,NA,1996-05-10,"USM",2,"USMCOB-RC18725",2026-05-05,"UTC",1996,5,10,131,00:00:00,NA,"POINT(-88.777 30.244)","USMCOB-RC18725","USMCOB-RC18725-2",NA
"882","USMCOB","Gulf Shores, AL",30.245,-87.701,0.81,NA,"FL",NA,NA,1996-04-21,"USM",1,"USMCOB-RC18738",2026-05-05,"UTC",1996,4,21,112,00:00:00,NA,"POINT(-87.701 30.245)","USMCOB-RC18738","USMCOB-RC18738-1",NA
"883","USMCOB","Navarre Beach",30.378,-86.862,NA,NA,NA,NA,NA,1998-04-14,"USM",2,"USMCOB-RC18738",2026-05-05,"UTC",1998,4,14,104,00:00:00,NA,"POINT(-86.862 30.378)","USMCOB-RC18738","USMCOB-RC18738-2",NA
"884","USMCOB","Orange Beach, AL",30.267,-87.585,1.07,NA,"TL",NA,NA,1996-05-03,"USM",1,"USMCOB-RC18745",2026-05-05,"UTC",1996,5,3,124,00:00:00,NA,"POINT(-87.585 30.267)","USMCOB-RC18745","USMCOB-RC18745-1",NA
"885","USMCOB","Key West, FL - Atlantic side E",24.563,-81.726,1.09,NA,"TL",NA,NA,1999-03-21,"USM",2,"USMCOB-RC18745",2026-05-05,"UTC",1999,3,21,80,00:00:00,NA,"POINT(-81.726 24.563)","USMCOB-RC18745","USMCOB-RC18745-2",NA
"886","USMCOB","Orange Beach Alabama",30.267,-87.585,0.86,NA,"FL",NA,NA,1996-04-15,"USM",1,"USMCOB-RC18754",2026-05-05,"UTC",1996,4,15,106,00:00:00,NA,"POINT(-87.585 30.267)","USMCOB-RC18754","USMCOB-RC18754-1",NA
"887","USMCOB","3 Miles S Orange Beach, AL",30.223,-87.585,1.09,NA,"FL",1.22,"TL",1997-05-09,"USM",2,"USMCOB-RC18754",2026-05-05,"UTC",1997,5,9,129,00:00:00,NA,"POINT(-87.585 30.223)","USMCOB-RC18754","USMCOB-RC18754-2",NA
"888","USMCOB","Orange Beach, AL",30.267,-87.585,0.84,NA,"FL",NA,NA,1996-05-03,"USM",1,"USMCOB-RC18762",2026-05-05,"UTC",1996,5,3,124,00:00:00,NA,"POINT(-87.585 30.267)","USMCOB-RC18762","USMCOB-RC18762-1",NA
"889","USMCOB","Naples, FL",26.14,-81.81,1.07,NA,"FL",NA,NA,1996-11-20,"USM",2,"USMCOB-RC18762",2026-05-05,"UTC",1996,11,20,325,00:00:00,NA,"POINT(-81.81 26.14)","USMCOB-RC18762","USMCOB-RC18762-2",NA
"890","USMCOB","Gulf Shores, AL",30.245,-87.701,0.86,NA,"FL",NA,NA,1996-05-03,"USM",1,"USMCOB-RC18764",2026-05-05,"UTC",1996,5,3,124,00:00:00,NA,"POINT(-87.701 30.245)","USMCOB-RC18764","USMCOB-RC18764-1",NA
"891","USMCOB","SSW of Perdido Pass, AL",30.268,-87.559,1,NA,"FL",NA,NA,1996-05-25,"USM",2,"USMCOB-RC18764",2026-05-05,"UTC",1996,5,25,146,00:00:00,NA,"POINT(-87.559 30.268)","USMCOB-RC18764","USMCOB-RC18764-2",NA
"892","USMCOB","Orange Beach Alabama",30.267,-87.585,0.61,NA,"FL",NA,NA,1996-04-15,"USM",1,"USMCOB-RC18769",2026-05-05,"UTC",1996,4,15,106,00:00:00,NA,"POINT(-87.585 30.267)","USMCOB-RC18769","USMCOB-RC18769-1",NA
"893","USMCOB","Main Pass, 252 Oil Rig",29.36,-87.88,1.12,NA,"FL",NA,NA,2001-05-23,"USM",2,"USMCOB-RC18769",2026-05-05,"UTC",2001,5,23,143,00:00:00,NA,"POINT(-87.88 29.36)","USMCOB-RC18769","USMCOB-RC18769-2",NA
"894","USMCOB","Orange Beach Alabama",30.267,-87.585,0.46,NA,"FL",NA,NA,1996-05-08,"USM",1,"USMCOB-RC18774",2026-05-05,"UTC",1996,5,8,129,00:00:00,NA,"POINT(-87.585 30.267)","USMCOB-RC18774","USMCOB-RC18774-1",NA
"895","USMCOB","High Is(Stetson Bk)Galvest. TX",28.165,-94.3,1.3,NA,"TL",NA,NA,1998-05-04,"USM",2,"USMCOB-RC18774",2026-05-05,"UTC",1998,5,4,124,00:00:00,NA,"POINT(-94.3 28.165)","USMCOB-RC18774","USMCOB-RC18774-2",NA
"896","USMCOB","Fleming Key Chain, Key West",24.58,-81.794,0.76,NA,"FL",0.86,"TL",1995-02-19,"USM",1,"USMCOB-RC18983",2026-05-05,"UTC",1995,2,19,50,00:00:00,NA,"POINT(-81.794 24.58)","USMCOB-RC18983","USMCOB-RC18983-1",NA
"897","USMCOB","Off Gulf Shores AL",30.245,-87.701,1.22,NA,"TL",NA,NA,1997-04-10,"USM",2,"USMCOB-RC18983",2026-05-05,"UTC",1997,4,10,100,00:00:00,NA,"POINT(-87.701 30.245)","USMCOB-RC18983","USMCOB-RC18983-2",NA
"898","USMCOB","GULFPORT SHIP CHANNEL, MS",30.24,-89,0.66,NA,"FL",0.74,"TL",1994-08-26,"USM",1,"USMCOB-RC19005",2026-05-05,"UTC",1994,8,26,238,00:00:00,NA,"POINT(-89.0 30.24)","USMCOB-RC19005","USMCOB-RC19005-1",NA
"899","USMCOB","GULFPORT SHIP CHANNEL,MS (#21)",30.189,-88.99,0.67,NA,"FL",0.74,"TL",1994-08-30,"USM",2,"USMCOB-RC19005",2026-05-05,"UTC",1994,8,30,242,00:00:00,NA,"POINT(-88.99 30.189)","USMCOB-RC19005","USMCOB-RC19005-2",NA
"900","USMCOB","GULFPORT SHIP CHANNEL, MS",30.24,-89,0.69,NA,"FL",0.74,"TL",1994-11-29,"USM",1,"USMCOB-RC19043",2026-05-05,"UTC",1994,11,29,333,00:00:00,NA,"POINT(-89.0 30.24)","USMCOB-RC19043","USMCOB-RC19043-1",NA
"901","USMCOB","N. end Chandeleur Island, LA",30.043,-88.878,1.22,NA,"TL",NA,NA,1997-07-26,"USM",2,"USMCOB-RC19043",2026-05-05,"UTC",1997,7,26,207,00:00:00,NA,"POINT(-88.878 30.043)","USMCOB-RC19043","USMCOB-RC19043-2",NA
"902","USMCOB","14 Mi SW Perdido Pass",30.123594,-87.717569,0.7,NA,"FL",0.74,"TL",1995-07-06,"USM",1,"USMCOB-RC19065",2026-05-05,"UTC",1995,7,6,187,00:00:00,NA,"POINT(-87.717569 30.123594)","USMCOB-RC19065","USMCOB-RC19065-1",NA
"903","USMCOB","Pensacola, FL",30.333,-87.15,0.89,NA,"FL",0.99,"TL",1996-04-26,"USM",2,"USMCOB-RC19065",2026-05-05,"UTC",1996,4,26,117,00:00:00,NA,"POINT(-87.15 30.333)","USMCOB-RC19065","USMCOB-RC19065-2",NA
"904","USMCOB","7 Mi SW Perdido Pass",30.198378,-87.64,0.53,NA,"FL",0.58,"TL",1995-07-09,"USM",1,"USMCOB-RC19072",2026-05-05,"UTC",1995,7,9,190,00:00:00,NA,"POINT(-87.64 30.198378)","USMCOB-RC19072","USMCOB-RC19072-1",NA
"905","USMCOB","north of Horseshoe Rigs",29.425,-88.615,1.18,NA,"FL",1.3,"TL",1999-05-01,"USM",2,"USMCOB-RC19072",2026-05-05,"UTC",1999,5,1,121,00:00:00,NA,"POINT(-88.615 29.425)","USMCOB-RC19072","USMCOB-RC19072-2",NA
"906","USMCOB","South of Gulf Shores AL",30.245,-87.701,0.51,NA,"FL",0.56,"TL",1996-06-06,"USM",1,"USMCOB-RC19134",2026-05-05,"UTC",1996,6,6,158,00:00:00,NA,"POINT(-87.701 30.245)","USMCOB-RC19134","USMCOB-RC19134-1",NA
"907","USMCOB","Islamorada, FL",24.924,-80.625,0.81,NA,"TL",NA,NA,1996-12-25,"USM",2,"USMCOB-RC19134",2026-05-05,"UTC",1996,12,25,360,00:00:00,NA,"POINT(-80.625 24.924)","USMCOB-RC19134","USMCOB-RC19134-2",NA
"908","USMCOB","Wreck of the Gardner, Key W FL",24.5,-81.6,0.81,NA,"FL",0.89,"TL",1995-03-17,"USM",1,"USMCOB-RC19162",2026-05-05,"UTC",1995,3,17,76,00:00:00,NA,"POINT(-81.6 24.5)","USMCOB-RC19162","USMCOB-RC19162-1",NA
"909","USMCOB","Key West Harbor, Key West FL",24.563,-81.726,0.8,NA,"FL",0.86,"TL",1995-03-22,"USM",1,"USMCOB-RC19163",2026-05-05,"UTC",1995,3,22,81,00:00:00,NA,"POINT(-81.726 24.563)","USMCOB-RC19163","USMCOB-RC19163-1",NA
"910","USMCOB","30 Mi W of Key West FL",24.551,-82.287,1.09,NA,"TL",NA,NA,1996-04-15,"USM",2,"USMCOB-RC19163",2026-05-05,"UTC",1996,4,15,106,00:00:00,NA,"POINT(-82.287 24.551)","USMCOB-RC19163","USMCOB-RC19163-2",NA
"911","USMCOB","Northwest Channel, Key West FL",24.594,-81.856,0.81,NA,"FL",0.91,"TL",1995-02-23,"USM",1,"USMCOB-RC19168",2026-05-05,"UTC",1995,2,23,54,00:00:00,NA,"POINT(-81.856 24.594)","USMCOB-RC19168","USMCOB-RC19168-1",NA
"912","USMCOB","26 Mi N of Big Pine Key, FL",25.074,-81.361,0.91,NA,"FL",1.02,"TL",1995-12-27,"USM",2,"USMCOB-RC19168",2026-05-05,"UTC",1995,12,27,361,00:00:00,NA,"POINT(-81.361 25.074)","USMCOB-RC19168","USMCOB-RC19168-2",NA
"913","USMCOB","TOO NICEY WRECK, KEY WEST, FL",24.5,-81.6,0.67,NA,"FL",0.74,"TL",1994-12-30,"USM",1,"USMCOB-RC19172",2026-05-05,"UTC",1994,12,30,364,00:00:00,NA,"POINT(-81.6 24.5)","USMCOB-RC19172","USMCOB-RC19172-1",NA
"914","USMCOB","Shell Island, P.C. FL",30.094,-85.692,0.86,NA,"TL",NA,NA,1996-05-03,"USM",2,"USMCOB-RC19172",2026-05-05,"UTC",1996,5,3,124,00:00:00,NA,"POINT(-85.692 30.094)","USMCOB-RC19172","USMCOB-RC19172-2",NA
"915","USMCOB","28 53 09/90 49 92 BLOCK 94, LA",28.885833,-90.842222,0.84,NA,"FL",0.91,"TL",1994-09-27,"USM",1,"USMCOB-RC19210",2026-05-05,"UTC",1994,9,27,270,00:00:00,NA,"POINT(-90.842222 28.885833)","USMCOB-RC19210","USMCOB-RC19210-1",NA
"916","USMCOB","28-8 93-40, E of Surf Side, TX",28.8,-93.4,NA,NA,NA,NA,NA,1996-02-13,"USM",2,"USMCOB-RC19210",2026-05-05,"UTC",1996,2,13,44,00:00:00,NA,"POINT(-93.4 28.8)","USMCOB-RC19210","USMCOB-RC19210-2",NA
"917","USMCOB","S. OF TERREBONNE BAY, LA",29.05,-90.57,0.99,NA,"FL",1.09,"TL",1994-09-27,"USM",1,"USMCOB-RC19214",2026-05-05,"UTC",1994,9,27,270,00:00:00,NA,"POINT(-90.57 29.05)","USMCOB-RC19214","USMCOB-RC19214-1",NA
"918","USMCOB","SHIP SHOAL BLK 94,LA(40 MI OFF",28.843,-90.871,1.14,NA,"TL",NA,NA,1994-10-21,"USM",2,"USMCOB-RC19214",2026-05-05,"UTC",1994,10,21,294,00:00:00,NA,"POINT(-90.871 28.843)","USMCOB-RC19214","USMCOB-RC19214-2",NA
"919","USMCOB","Shallow Rigs",29.718,-88.797,0.65,NA,"FL",0.72,"TL",1996-08-17,"USM",1,"USMCOB-RC19447",2026-05-05,"UTC",1996,8,17,230,00:00:00,NA,"POINT(-88.797 29.718)","USMCOB-RC19447","USMCOB-RC19447-1",NA
"920","USMCOB","Block 102 off MS",29.589,-88.8,NA,NA,NA,NA,NA,1997-09-02,"USM",2,"USMCOB-RC19447",2026-05-05,"UTC",1997,9,2,245,00:00:00,NA,"POINT(-88.8 29.589)","USMCOB-RC19447","USMCOB-RC19447-2",NA
"921","USMCOB","12285.7 46936.6",29.64667,-88.83667,0.71,NA,"FL",0.81,"TL",1995-06-25,"USM",1,"USMCOB-RC19457",2026-05-05,"UTC",1995,6,25,176,00:00:00,NA,"POINT(-88.83667 29.64667)","USMCOB-RC19457","USMCOB-RC19457-1",NA
"922","USMCOB","Hurricane Cut Port St. Joe. FL",29.811,-85.306,0.86,NA,"TL",NA,NA,1996-05-04,"USM",2,"USMCOB-RC19457",2026-05-05,"UTC",1996,5,4,125,00:00:00,NA,"POINT(-85.306 29.811)","USMCOB-RC19457","USMCOB-RC19457-2",NA
"923","USMCOB","12290.9 46937.6",29.65,-88.82667,0.79,NA,"FL",0.86,"TL",1995-07-08,"USM",1,"USMCOB-RC19464",2026-05-05,"UTC",1995,7,8,189,00:00:00,NA,"POINT(-88.82667 29.65)","USMCOB-RC19464","USMCOB-RC19464-1",NA
"924","USMCOB","off Destin, FL",30.38,-86.5,1.16,NA,"FL",NA,NA,2000-03-24,"USM",2,"USMCOB-RC19464",2026-05-05,"UTC",2000,3,24,84,00:00:00,NA,"POINT(-86.5 30.38)","USMCOB-RC19464","USMCOB-RC19464-2",NA
"925","USMCOB","25 Mi SW Terrebonne Bay LA",28.964,-90.947,0.97,NA,"FL",1.07,"TL",1996-09-14,"USM",1,"USMCOB-RC19520",2026-05-05,"UTC",1996,9,14,258,00:00:00,NA,"POINT(-90.947 28.964)","USMCOB-RC19520","USMCOB-RC19520-1",NA
"926","USMCOB","Ship Shoal Block 90, LA",28.92,-90.822,1.4,NA,"TL",NA,NA,1998-10-12,"USM",2,"USMCOB-RC19520",2026-05-05,"UTC",1998,10,12,285,00:00:00,NA,"POINT(-90.822 28.92)","USMCOB-RC19520","USMCOB-RC19520-2",NA
"927","USMCOB","25 Mi SW Terrebonne Bay LA",28.964,-90.947,0.97,NA,"FL",1.07,"TL",1996-09-14,"USM",1,"USMCOB-RC19521",2026-05-05,"UTC",1996,9,14,258,00:00:00,NA,"POINT(-90.947 28.964)","USMCOB-RC19521","USMCOB-RC19521-1",NA
"928","USMCOB","Belle Pass by Bayou LaFouche",29.098,-90.222,1.05,NA,"FL",1.19,"TL",1997-10-03,"USM",2,"USMCOB-RC19521",2026-05-05,"UTC",1997,10,3,276,00:00:00,NA,"POINT(-90.222 29.098)","USMCOB-RC19521","USMCOB-RC19521-2",NA
"929","USMCOB","Ship Shoal Block 166",28.649488,-90.869629,0.71,NA,"FL",0.79,"TL",1996-08-18,"USM",1,"USMCOB-RC19525",2026-05-05,"UTC",1996,8,18,231,00:00:00,NA,"POINT(-90.869629 28.649488)","USMCOB-RC19525","USMCOB-RC19525-1",NA
"930","USMCOB","24.5 nm due S of Barataria Pas",28.908,-89.95,NA,NA,NA,NA,NA,1999-11-20,"USM",2,"USMCOB-RC19525",2026-05-05,"UTC",1999,11,20,324,00:00:00,NA,"POINT(-89.95 28.908)","USMCOB-RC19525","USMCOB-RC19525-2",NA
"931","USMCOB","20 Mi SW Terrebonne Bay LA",28.964,-90.947,0.69,NA,"FL",0.76,"TL",1995-08-20,"USM",1,"USMCOB-RC19532",2026-05-05,"UTC",1995,8,20,232,00:00:00,NA,"POINT(-90.947 28.964)","USMCOB-RC19532","USMCOB-RC19532-1",NA
"932","USMCOB","Grand Isle, LA",29.23,-89.98,1.09,NA,"FL",1.21,"TL",1999-05-23,"USM",2,"USMCOB-RC19532",2026-05-05,"UTC",1999,5,23,143,00:00:00,NA,"POINT(-89.98 29.23)","USMCOB-RC19532","USMCOB-RC19532-2",NA
"933","USMCOB","Ship Shoal Block 92  Rig #8",28.882,-90.774113,0.53,NA,"FL",0.61,"TL",1995-09-09,"USM",1,"USMCOB-RC19536",2026-05-05,"UTC",1995,9,9,252,00:00:00,NA,"POINT(-90.774113 28.882)","USMCOB-RC19536","USMCOB-RC19536-1",NA
"934","USMCOB","South Timberlier, Block 68 LA",28.81,-90.449,0.97,NA,"TL",NA,NA,1996-12-06,"USM",2,"USMCOB-RC19536",2026-05-05,"UTC",1996,12,6,341,00:00:00,NA,"POINT(-90.449 28.81)","USMCOB-RC19536","USMCOB-RC19536-2",NA
"935","USMCOB","East of Navarre Pier, FL",29.9,-88.81,0.91,NA,"FL",0.97,"TL",1995-04-01,"USM",1,"USMCOB-RC19706",2026-05-05,"UTC",1995,4,1,91,00:00:00,NA,"POINT(-88.81 29.9)","USMCOB-RC19706","USMCOB-RC19706-1",NA
"936","USMCOB","30 miles off Fushion, LA",28.6615,-90.2,NA,NA,NA,NA,NA,1998-06-14,"USM",2,"USMCOB-RC19706",2026-05-05,"UTC",1998,6,14,165,00:00:00,NA,"POINT(-90.2 28.6615)","USMCOB-RC19706","USMCOB-RC19706-2",NA
"937","USMCOB","SanDestin, FL",30.367,-86.331,0.71,NA,"FL",0.76,"TL",1995-04-18,"USM",1,"USMCOB-RC19707",2026-05-05,"UTC",1995,4,18,108,00:00:00,NA,"POINT(-86.331 30.367)","USMCOB-RC19707","USMCOB-RC19707-1",NA
"938","USMCOB","SanDestin, FL",30.367,-86.331,1.14,NA,"TL",NA,NA,1996-05-03,"USM",2,"USMCOB-RC19707",2026-05-05,"UTC",1996,5,3,124,00:00:00,NA,"POINT(-86.331 30.367)","USMCOB-RC19707","USMCOB-RC19707-2",NA
"939","USMCOB","13410.0 47133.6",30.365,-87.005,0.66,NA,"FL",0.79,"TL",1995-03-29,"USM",1,"USMCOB-RC19781",2026-05-05,"UTC",1995,3,29,88,00:00:00,NA,"POINT(-87.005 30.365)","USMCOB-RC19781","USMCOB-RC19781-1",NA
"940","USMCOB","Camille Cut, Ship Island MS",30.221,-88.912,0.97,NA,"TL",NA,NA,1995-08-18,"USM",2,"USMCOB-RC19781",2026-05-05,"UTC",1995,8,18,230,00:00:00,NA,"POINT(-88.912 30.221)","USMCOB-RC19781","USMCOB-RC19781-2",NA
"941","USMCOB","Houses, Navarre FL",30.369,-86.89,1.02,NA,"FL",1.09,"TL",1996-04-01,"USM",1,"USMCOB-RC20157",2026-05-05,"UTC",1996,4,1,92,00:00:00,NA,"POINT(-86.89 30.369)","USMCOB-RC20157","USMCOB-RC20157-1",NA
"942","USMCOB","Panama City, FL              E",30.212,-85.88,NA,NA,NA,NA,NA,1998-04-13,"USM",2,"USMCOB-RC20157",2026-05-05,"UTC",1998,4,13,103,00:00:00,NA,"POINT(-85.88 30.212)","USMCOB-RC20157","USMCOB-RC20157-2",NA
"943","USMCOB","Orange Beach, AL",30.267,-87.585,0.76,NA,"FL",0.84,"TL",1997-05-04,"USM",1,"USMCOB-RC20180",2026-05-05,"UTC",1997,5,4,124,00:00:00,NA,"POINT(-87.585 30.267)","USMCOB-RC20180","USMCOB-RC20180-1",NA
"944","USMCOB","Destin FL",30.38,-86.5,0.94,NA,"FL",NA,NA,1998-07-17,"USM",2,"USMCOB-RC20180",2026-05-05,"UTC",1998,7,17,198,00:00:00,NA,"POINT(-86.5 30.38)","USMCOB-RC20180","USMCOB-RC20180-2",NA
"945","USMCOB","2 Mi W. Navarre Pier",30.378,-86.862,0.84,NA,"FL",0.91,"TL",1995-04-26,"USM",1,"USMCOB-RC20206",2026-05-05,"UTC",1995,4,26,116,00:00:00,NA,"POINT(-86.862 30.378)","USMCOB-RC20206","USMCOB-RC20206-1",NA
"946","USMCOB","2 Mi W. Ft. Walton Beach Pier",30.394,-86.65,NA,NA,NA,NA,NA,1996-04-27,"USM",2,"USMCOB-RC20206",2026-05-05,"UTC",1996,4,27,118,00:00:00,NA,"POINT(-86.65 30.394)","USMCOB-RC20206","USMCOB-RC20206-2",NA
"947","USMCOB","2 Mi E. Navarre Pier",30.378,-86.862,0.86,NA,"FL",0.97,"TL",1995-04-10,"USM",1,"USMCOB-RC20213",2026-05-05,"UTC",1995,4,10,100,00:00:00,NA,"POINT(-86.862 30.378)","USMCOB-RC20213","USMCOB-RC20213-1",NA
"948","USMCOB","46 Miles S. Barataria Bay, LA",28.6,-89.945,0.86,NA,"FL",NA,NA,1995-06-03,"USM",2,"USMCOB-RC20213",2026-05-05,"UTC",1995,6,3,154,00:00:00,NA,"POINT(-89.945 28.6)","USMCOB-RC20213","USMCOB-RC20213-2",NA
"949","USMCOB","6 Mi E. Pensacola",30.313,-87.1,0.81,NA,"FL",0.91,"TL",1995-04-16,"USM",1,"USMCOB-RC20218",2026-05-05,"UTC",1995,4,16,106,00:00:00,NA,"POINT(-87.1 30.313)","USMCOB-RC20218","USMCOB-RC20218-1",NA
"950","USMCOB","28-19.41 90-59.02 ShipShoal LA",28.3235,-90.983667,1.04,NA,"TL",NA,NA,1995-06-29,"USM",2,"USMCOB-RC20218",2026-05-05,"UTC",1995,6,29,180,00:00:00,NA,"POINT(-90.983667 28.3235)","USMCOB-RC20218","USMCOB-RC20218-2",NA
"951","USMCOB","Navarre Beach, FL",30.378,-86.862,0.94,NA,"FL",1.02,"TL",1996-04-01,"USM",1,"USMCOB-RC20247",2026-05-05,"UTC",1996,4,1,92,00:00:00,NA,"POINT(-86.862 30.378)","USMCOB-RC20247","USMCOB-RC20247-1",NA
"952","USMCOB","13974.0 46175.0 Apalachicola",28.82167,-85.135,NA,NA,NA,NA,NA,2000-06-01,"USM",2,"USMCOB-RC20247",2026-05-05,"UTC",2000,6,1,153,00:00:00,NA,"POINT(-85.135 28.82167)","USMCOB-RC20247","USMCOB-RC20247-2",NA
"953","USMCOB","Destin, FL",30.38,-86.5,1.12,NA,"TL",NA,NA,1996-05-08,"USM",2,"USMCOB-RC20300",2026-05-05,"UTC",1996,5,8,129,00:00:00,NA,"POINT(-86.5 30.38)","USMCOB-RC20300","USMCOB-RC20300-2",NA
"954","USMCOB","Destin, FL",30.38,-86.5,0.79,NA,"FL",0.86,"TL",1996-04-28,"USM",1,"USMCOB-RC20318",2026-05-05,"UTC",1996,4,28,119,00:00:00,NA,"POINT(-86.5 30.38)","USMCOB-RC20318","USMCOB-RC20318-1",NA
"955","USMCOB","30 Mi South Panama City, FL",29.735,-85.803,0.88,NA,"FL",NA,NA,1996-08-24,"USM",2,"USMCOB-RC20318",2026-05-05,"UTC",1996,8,24,237,00:00:00,NA,"POINT(-85.803 29.735)","USMCOB-RC20318","USMCOB-RC20318-2",NA
"956","USMCOB","Pensacola",30.315,-87.203,0.99,NA,"FL",1.19,"TL",1996-04-17,"USM",1,"USMCOB-RC20326",2026-05-05,"UTC",1996,4,17,108,00:00:00,NA,"POINT(-87.203 30.315)","USMCOB-RC20326","USMCOB-RC20326-1",NA
"957","USMCOB","East Bar of Ship Island",29.25,-88.87,1.22,NA,"TL",NA,NA,1997-05-26,"USM",2,"USMCOB-RC20326",2026-05-05,"UTC",1997,5,26,146,00:00:00,NA,"POINT(-88.87 29.25)","USMCOB-RC20326","USMCOB-RC20326-2",NA
"958","USMCOB","Navarre, FL",30.378,-86.862,0.53,NA,"FL",0.64,"TL",1996-04-29,"USM",1,"USMCOB-RC20329",2026-05-05,"UTC",1996,4,29,120,00:00:00,NA,"POINT(-86.862 30.378)","USMCOB-RC20329","USMCOB-RC20329-1",NA
"959","USMCOB","1/4 mile off Navarre",30.378,-86.862,1.35,NA,"FL",NA,NA,2001-04-11,"USM",2,"USMCOB-RC20329",2026-05-05,"UTC",2001,4,11,101,00:00:00,NA,"POINT(-86.862 30.378)","USMCOB-RC20329","USMCOB-RC20329-2",NA
"960","USMCOB","Pensacola,FL",30.315,-87.203,0.69,NA,"FL",0.79,"TL",1995-04-26,"USM",1,"USMCOB-RC20330",2026-05-05,"UTC",1995,4,26,116,00:00:00,NA,"POINT(-87.203 30.315)","USMCOB-RC20330","USMCOB-RC20330-1",NA
"961","USMCOB","West Delta, LA",28.92,-89.42,0.95,NA,"TL",NA,NA,1996-05-17,"USM",2,"USMCOB-RC20330",2026-05-05,"UTC",1996,5,17,138,00:00:00,NA,"POINT(-89.42 28.92)","USMCOB-RC20330","USMCOB-RC20330-2",NA
"962","USMCOB","GLPT. SHIP CHANNEL, BUOY #37",30.262,-89.008,0.76,NA,"FL",0.84,"TL",1990-08-04,"USM",1,"USMCOB-RC2044",2026-05-05,"UTC",1990,8,4,216,00:00:00,NA,"POINT(-89.008 30.262)","USMCOB-RC2044","USMCOB-RC2044-1",NA
"963","USMCOB","W. END OF SHIP ISLAND, MS",30.21,-88.964,0.83,NA,"FL",0.93,"TL",1990-09-26,"USM",2,"USMCOB-RC2044",2026-05-05,"UTC",1990,9,26,269,00:00:00,NA,"POINT(-88.964 30.21)","USMCOB-RC2044","USMCOB-RC2044-2",NA
"964","USMCOB","Destin, FL",30.38,-86.5,0.77,NA,"FL",0.85,"TL",1996-05-02,"USM",1,"USMCOB-RC20457",2026-05-05,"UTC",1996,5,2,123,00:00:00,NA,"POINT(-86.5 30.38)","USMCOB-RC20457","USMCOB-RC20457-1",NA
"965","USMCOB","Navarre, FL",30.378,-86.862,0.86,NA,"FL",1.02,"TL",1997-04-30,"USM",2,"USMCOB-RC20457",2026-05-05,"UTC",1997,4,30,120,00:00:00,NA,"POINT(-86.862 30.378)","USMCOB-RC20457","USMCOB-RC20457-2",NA
"966","USMCOB","Pensacola Beach",30.315,-87.203,1.02,NA,"FL",1.12,"TL",2002-04-18,"USM",1,"USMCOB-RC20466",2026-05-05,"UTC",2002,4,18,108,00:00:00,NA,"POINT(-87.203 30.315)","USMCOB-RC20466","USMCOB-RC20466-1",NA
"967","USMCOB","south of Aransas Pass, TX",27.844,-97.154,1.37,NA,"TL",NA,NA,2002-08-30,"USM",2,"USMCOB-RC20466",2026-05-05,"UTC",2002,8,30,242,00:00:00,NA,"POINT(-97.154 27.844)","USMCOB-RC20466","USMCOB-RC20466-2",NA
"968","USMCOB","Destin, FL",30.38,-86.5,0.84,NA,"FL",NA,NA,1995-04-30,"USM",1,"USMCOB-RC20542",2026-05-05,"UTC",1995,4,30,120,00:00:00,NA,"POINT(-86.5 30.38)","USMCOB-RC20542","USMCOB-RC20542-1",NA
"969","USMCOB","4 Mi off Marco Island, FL",25.908,-81.793,1.02,NA,"TL",NA,NA,1995-11-08,"USM",2,"USMCOB-RC20542",2026-05-05,"UTC",1995,11,8,312,00:00:00,NA,"POINT(-81.793 25.908)","USMCOB-RC20542","USMCOB-RC20542-2",NA
"970","USMCOB","Destin, FL",30.38,-86.5,0.86,NA,"FL",0.94,"TL",1996-04-19,"USM",1,"USMCOB-RC20546",2026-05-05,"UTC",1996,4,19,110,00:00:00,NA,"POINT(-86.5 30.38)","USMCOB-RC20546","USMCOB-RC20546-1",NA
"971","USMCOB","13900  47100",30.26667,-86.165,1.05,NA,"TL",NA,NA,1998-06-17,"USM",2,"USMCOB-RC20546",2026-05-05,"UTC",1998,6,17,168,00:00:00,NA,"POINT(-86.165 30.26667)","USMCOB-RC20546","USMCOB-RC20546-2",NA
"972","USMCOB","S. OF PENSACOLA BEACH, FL",30.315,-87.203,0.81,NA,"FL",0.91,"TL",1989-04-23,"USM",1,"USMCOB-RC2062",2026-05-05,"UTC",1989,4,23,113,00:00:00,NA,"POINT(-87.203 30.315)","USMCOB-RC2062","USMCOB-RC2062-1",NA
"973","USMCOB","S. OF MORGAN CITY, LA",29.453,-91.278,1.05,NA,"TL",NA,NA,1991-09-15,"USM",2,"USMCOB-RC2062",2026-05-05,"UTC",1991,9,15,258,00:00:00,NA,"POINT(-91.278 29.453)","USMCOB-RC2062","USMCOB-RC2062-2",NA
"974","USMCOB","Pensacola Beach, FL",30.315,-87.203,1.04,NA,"FL",1.17,"TL",1996-04-20,"USM",1,"USMCOB-RC20626",2026-05-05,"UTC",1996,4,20,111,00:00:00,NA,"POINT(-87.203 30.315)","USMCOB-RC20626","USMCOB-RC20626-1",NA
"975","USMCOB","Naval Tower in Dry Tortugas",24.925,-82.687,NA,NA,NA,NA,NA,1996-09-28,"USM",2,"USMCOB-RC20626",2026-05-05,"UTC",1996,9,28,272,00:00:00,NA,"POINT(-82.687 24.925)","USMCOB-RC20626","USMCOB-RC20626-2",NA
"976","USMCOB","OFF SANDESTIN, FL",30.367,-86.331,0.83,NA,"FL",0.91,"TL",1989-04-29,"USM",1,"USMCOB-RC2065",2026-05-05,"UTC",1989,4,29,119,00:00:00,NA,"POINT(-86.331 30.367)","USMCOB-RC2065","USMCOB-RC2065-1",NA
"977","USMCOB","50MI S. OF TERREBONNE BAY, LA",28.362,-90.582,NA,NA,NA,NA,NA,1992-06-05,"USM",2,"USMCOB-RC2065",2026-05-05,"UTC",1992,6,5,157,00:00:00,NA,"POINT(-90.582 28.362)","USMCOB-RC2065","USMCOB-RC2065-2",NA
"978","USMCOB","Pensacola Beach, FL",30.315,-87.203,0.99,NA,"FL",1.07,"TL",1996-05-08,"USM",1,"USMCOB-RC20702",2026-05-05,"UTC",1996,5,8,129,00:00:00,NA,"POINT(-87.203 30.315)","USMCOB-RC20702","USMCOB-RC20702-1",NA
"979","USMCOB","Destin, FL                   E",30.38,-86.5,NA,NA,NA,NA,NA,1997-09-01,"USM",2,"USMCOB-RC20702",2026-05-05,"UTC",1997,9,1,244,00:00:00,NA,"POINT(-86.5 30.38)","USMCOB-RC20702","USMCOB-RC20702-2",NA
"980","USMCOB","West end Ship Island, MS",30.21,-88.964,0.71,NA,"FL",0.79,"TL",1995-09-05,"USM",1,"USMCOB-RC20762",2026-05-05,"UTC",1995,9,5,248,00:00:00,NA,"POINT(-88.964 30.21)","USMCOB-RC20762","USMCOB-RC20762-1",NA
"981","USMCOB","Sebastian Inlet, FL",27.862,-80.447,NA,NA,NA,NA,NA,1997-03-04,"USM",2,"USMCOB-RC20762",2026-05-05,"UTC",1997,3,4,63,00:00:00,NA,"POINT(-80.447 27.862)","USMCOB-RC20762","USMCOB-RC20762-2",NA
"982","USMCOB","29-11.23   89-53.66  LA",29.187167,-89.894333,0.61,NA,"TL",NA,NA,1996-07-31,"USM",1,"USMCOB-RC20807",2026-05-05,"UTC",1996,7,31,213,00:00:00,NA,"POINT(-89.894333 29.187167)","USMCOB-RC20807","USMCOB-RC20807-1",NA
"983","USMCOB","Destin FL                    E",30.38,-86.5,NA,NA,NA,NA,NA,1998-04-12,"USM",2,"USMCOB-RC20807",2026-05-05,"UTC",1998,4,12,102,00:00:00,NA,"POINT(-86.5 30.38)","USMCOB-RC20807","USMCOB-RC20807-2",NA
"984","USMCOB","OFF NAVARRE, FLA",30.378,-86.862,0.76,NA,"FL",0.84,"TL",1990-10-05,"USM",1,"USMCOB-RC2084",2026-05-05,"UTC",1990,10,5,278,00:00:00,NA,"POINT(-86.862 30.378)","USMCOB-RC2084","USMCOB-RC2084-1",NA
"985","USMCOB","N. POINT OF CHANDELEUR ISLANDS",30.046,-88.877,1.04,NA,"FL",1.17,"TL",1992-04-25,"USM",2,"USMCOB-RC2084",2026-05-05,"UTC",1992,4,25,116,00:00:00,NA,"POINT(-88.877 30.046)","USMCOB-RC2084","USMCOB-RC2084-2",NA
"986","USMCOB","Petit Bois Rigs, MS",30.115,-88.45,0.76,NA,"FL",0.84,"TL",1995-05-27,"USM",1,"USMCOB-RC20861",2026-05-05,"UTC",1995,5,27,147,00:00:00,NA,"POINT(-88.45 30.115)","USMCOB-RC20861","USMCOB-RC20861-1",NA
"987","USMCOB","Petit Bois Island, MS",30.202,-88.486,0.95,NA,"TL",NA,NA,1995-08-11,"USM",2,"USMCOB-RC20861",2026-05-05,"UTC",1995,8,11,223,00:00:00,NA,"POINT(-88.486 30.202)","USMCOB-RC20861","USMCOB-RC20861-2",NA
"988","USMCOB","OFF DESTIN, FL",30.38,-86.5,0.76,NA,"FL",0.84,"TL",1990-10-20,"USM",1,"USMCOB-RC2087",2026-05-05,"UTC",1990,10,20,293,00:00:00,NA,"POINT(-86.5 30.38)","USMCOB-RC2087","USMCOB-RC2087-1",NA
"989","USMCOB","40 MI. OFF DESTIN, FL",29.812,-86.626,1.17,NA,"TL",NA,NA,1994-04-30,"USM",2,"USMCOB-RC2087",2026-05-05,"UTC",1994,4,30,120,00:00:00,NA,"POINT(-86.626 29.812)","USMCOB-RC2087","USMCOB-RC2087-2",NA
"990","USMCOB","Orange Beach, AL",30.267,-87.585,0.99,NA,"TL",NA,NA,1995-06-08,"USM",1,"USMCOB-RC20885",2026-05-05,"UTC",1995,6,8,159,00:00:00,NA,"POINT(-87.585 30.267)","USMCOB-RC20885","USMCOB-RC20885-1",NA
"991","USMCOB","Horseshoe Rigs off MS",29.425,-88.615,1.07,NA,"FL",1.13,"TL",1997-05-24,"USM",2,"USMCOB-RC20885",2026-05-05,"UTC",1997,5,24,144,00:00:00,NA,"POINT(-88.615 29.425)","USMCOB-RC20885","USMCOB-RC20885-2",NA
"992","USMCOB","Orange Beach, AL",30.267,-87.585,1.02,NA,"FL",NA,NA,1996-04-05,"USM",1,"USMCOB-RC20888",2026-05-05,"UTC",1996,4,5,96,00:00:00,NA,"POINT(-87.585 30.267)","USMCOB-RC20888","USMCOB-RC20888-1",NA
"993","USMCOB","Pensacola Beach, FL",30.333,-87.15,1.05,NA,"FL",1.16,"TL",1997-04-04,"USM",2,"USMCOB-RC20888",2026-05-05,"UTC",1997,4,4,94,00:00:00,NA,"POINT(-87.15 30.333)","USMCOB-RC20888","USMCOB-RC20888-2",NA
"994","USMCOB","OFF DESTIN, FL",30.38,-86.5,0.85,NA,"FL",0.95,"TL",1990-04-09,"USM",1,"USMCOB-RC2090",2026-05-05,"UTC",1990,4,9,99,00:00:00,NA,"POINT(-86.5 30.38)","USMCOB-RC2090","USMCOB-RC2090-1",NA
"995","USMCOB","8 MI. S. OF PANAMA CITY, FLA",30.003,-85.732,0.95,NA,"TL",NA,NA,1990-07-29,"USM",2,"USMCOB-RC2090",2026-05-05,"UTC",1990,7,29,210,00:00:00,NA,"POINT(-85.732 30.003)","USMCOB-RC2090","USMCOB-RC2090-2",NA
"996","USMCOB","Orange Beach, AL",30.267,-87.585,0.74,NA,"TL",NA,NA,1995-05-02,"USM",1,"USMCOB-RC20906",2026-05-05,"UTC",1995,5,2,122,00:00:00,NA,"POINT(-87.585 30.267)","USMCOB-RC20906","USMCOB-RC20906-1",NA
"997","USMCOB","12846.0 47064.0/New Tag #19146",30.149,-87.896,0.84,NA,"FL",0.94,"TL",1995-10-08,"USM",2,"USMCOB-RC20906",2026-05-05,"UTC",1995,10,8,281,00:00:00,NA,"POINT(-87.896 30.149)","USMCOB-RC20906","USMCOB-RC20906-2",NA
"998","USMCOB","Ship Shoal Block 113",28.845227,-90.869279,0.91,NA,"FL",1.02,"TL",1995-09-20,"USM",1,"USMCOB-RC20911",2026-05-05,"UTC",1995,9,20,263,00:00:00,NA,"POINT(-90.869279 28.845227)","USMCOB-RC20911","USMCOB-RC20911-1",NA
"999","USMCOB","Ship Shoal Block 145, LA",28.73,-91.018,1.02,NA,"FL",1.13,"TL",1996-08-29,"USM",2,"USMCOB-RC20911",2026-05-05,"UTC",1996,8,29,242,00:00:00,NA,"POINT(-91.018 28.73)","USMCOB-RC20911","USMCOB-RC20911-2",NA
"1000","USMCOB","Pensacola Beach, FL",30.315,-87.203,0.71,NA,"FL",NA,NA,1996-03-22,"USM",1,"USMCOB-RC20932",2026-05-05,"UTC",1996,3,22,82,00:00:00,NA,"POINT(-87.203 30.315)","USMCOB-RC20932","USMCOB-RC20932-1",NA
"1001","USMCOB","43641.0 61960.9 Sebast.Inl. FL",28.035,-80.245,NA,NA,NA,NA,NA,1997-01-25,"USM",2,"USMCOB-RC20932",2026-05-05,"UTC",1997,1,25,25,00:00:00,NA,"POINT(-80.245 28.035)","USMCOB-RC20932","USMCOB-RC20932-2",NA
"1002","USMCOB","Pensacola Beach, FL",30.315,-87.203,1.12,NA,"FL",NA,NA,1996-04-01,"USM",1,"USMCOB-RC20935",2026-05-05,"UTC",1996,4,1,92,00:00:00,NA,"POINT(-87.203 30.315)","USMCOB-RC20935","USMCOB-RC20935-1",NA
"1003","USMCOB","N Bar Chandelier Island, LA",30.043,-88.878,1.17,NA,"FL",1.27,"TL",1996-05-07,"USM",2,"USMCOB-RC20935",2026-05-05,"UTC",1996,5,7,128,00:00:00,NA,"POINT(-88.878 30.043)","USMCOB-RC20935","USMCOB-RC20935-2",NA
"1004","USMCOB","Pensacola Beach, FL",30.315,-87.203,0.64,NA,"FL",NA,NA,1996-04-01,"USM",1,"USMCOB-RC20936",2026-05-05,"UTC",1996,4,1,92,00:00:00,NA,"POINT(-87.203 30.315)","USMCOB-RC20936","USMCOB-RC20936-1",NA
"1005","USMCOB","Dry Tortugas",24.654,-82.858,1.17,NA,"TL",NA,NA,1997-03-04,"USM",2,"USMCOB-RC20936",2026-05-05,"UTC",1997,3,4,63,00:00:00,NA,"POINT(-82.858 24.654)","USMCOB-RC20936","USMCOB-RC20936-2",NA
"1006","USMCOB","Ship Shoal Block 114",28.845227,-90.82066,0.89,NA,"FL",0.97,"TL",1995-09-21,"USM",1,"USMCOB-RC20951",2026-05-05,"UTC",1995,9,21,264,00:00:00,NA,"POINT(-90.82066 28.845227)","USMCOB-RC20951","USMCOB-RC20951-1",NA
"1007","USMCOB","80 Mi SW Terrebonne Bay, LA",28.276,-91.521,0.97,NA,"TL",NA,NA,1996-06-15,"USM",2,"USMCOB-RC20951",2026-05-05,"UTC",1996,6,15,167,00:00:00,NA,"POINT(-91.521 28.276)","USMCOB-RC20951","USMCOB-RC20951-2",NA
"1008","USMCOB","OFF DESTIN, FLORIDA",30.38,-86.5,0.74,NA,"FL",NA,NA,1989-05-01,"USM",1,"USMCOB-RC2097",2026-05-05,"UTC",1989,5,1,121,00:00:00,NA,"POINT(-86.5 30.38)","USMCOB-RC2097","USMCOB-RC2097-1",NA
"1009","USMCOB","27 MI.E. OF MISS. RIV.,SE PASS",29.11,-88.664,0.89,NA,"FL",NA,NA,1989-08-30,"USM",2,"USMCOB-RC2097",2026-05-05,"UTC",1989,8,30,242,00:00:00,NA,"POINT(-88.664 29.11)","USMCOB-RC2097","USMCOB-RC2097-2",NA
"1010","USMCOB","West end Ship Island, MS",30.21,-88.964,0.65,NA,"FL",0.71,"TL",1995-08-05,"USM",1,"USMCOB-RC21030",2026-05-05,"UTC",1995,8,5,217,00:00:00,NA,"POINT(-88.964 30.21)","USMCOB-RC21030","USMCOB-RC21030-1",NA
"1011","USMCOB","Camille Cut, Ship I., MS",30.221,-88.912,1.22,NA,"FL",NA,NA,1999-05-14,"USM",2,"USMCOB-RC21030",2026-05-05,"UTC",1999,5,14,134,00:00:00,NA,"POINT(-88.912 30.221)","USMCOB-RC21030","USMCOB-RC21030-2",NA
"1012","USMCOB","West end Ship Island, MS",30.21,-88.964,0.79,NA,"FL",0.86,"TL",1995-09-27,"USM",1,"USMCOB-RC21109",2026-05-05,"UTC",1995,9,27,270,00:00:00,NA,"POINT(-88.964 30.21)","USMCOB-RC21109","USMCOB-RC21109-1",NA
"1013","USMCOB","25 Mi due West of Key West, FL",24.551,-82.207,0.86,NA,"TL",NA,NA,1995-12-02,"USM",2,"USMCOB-RC21109",2026-05-05,"UTC",1995,12,2,336,00:00:00,NA,"POINT(-82.207 24.551)","USMCOB-RC21109","USMCOB-RC21109-2",NA
"1014","USMCOB","Miss Too Nicey Wreck, Keys",24.5,-81.6,0.8,NA,"FL",0.91,"TL",1995-11-11,"USM",1,"USMCOB-RC21123",2026-05-05,"UTC",1995,11,11,315,00:00:00,NA,"POINT(-81.6 24.5)","USMCOB-RC21123","USMCOB-RC21123-1",NA
"1015","USMCOB","South of Chandelier Island LA",29.662,-88.945,1,NA,"FL",NA,NA,1997-05-01,"USM",2,"USMCOB-RC21123",2026-05-05,"UTC",1997,5,1,121,00:00:00,NA,"POINT(-88.945 29.662)","USMCOB-RC21123","USMCOB-RC21123-2",NA
"1016","USMCOB","OFF DESTIN, FL",30.38,-86.5,NA,NA,NA,NA,NA,1990-04-15,"USM",1,"USMCOB-RC2115",2026-05-05,"UTC",1990,4,15,105,00:00:00,NA,"POINT(-86.5 30.38)","USMCOB-RC2115","USMCOB-RC2115-1",NA
"1017","USMCOB","30MI. NW OF MARATHON, FL",24.842,-82.165,1.19,NA,"TL",NA,NA,1992-02-27,"USM",2,"USMCOB-RC2115",2026-05-05,"UTC",1992,2,27,58,00:00:00,NA,"POINT(-82.165 24.842)","USMCOB-RC2115","USMCOB-RC2115-2",NA
"1018","USMCOB","Petit Bois Rigs",30.115,-88.45,0.7,NA,"FL",0.79,"TL",1995-08-19,"USM",1,"USMCOB-RC21211",2026-05-05,"UTC",1995,8,19,231,00:00:00,NA,"POINT(-88.45 30.115)","USMCOB-RC21211","USMCOB-RC21211-1",NA
"1019","USMCOB","10 Mi SE Destin Pass, FL",30.285,-86.384,0.89,NA,"FL",NA,NA,1996-06-26,"USM",2,"USMCOB-RC21211",2026-05-05,"UTC",1996,6,26,178,00:00:00,NA,"POINT(-86.384 30.285)","USMCOB-RC21211","USMCOB-RC21211-2",NA
"1020","USMCOB","Petit Bois Rigs, MS",30.115,-88.45,0.56,NA,"FL",0.62,"TL",1996-06-09,"USM",1,"USMCOB-RC21216",2026-05-05,"UTC",1996,6,9,161,00:00:00,NA,"POINT(-88.45 30.115)","USMCOB-RC21216","USMCOB-RC21216-1",NA
"1021","USMCOB","Ft. Lauderdale, FL",26.12,-80.1,0.99,NA,"TL",NA,NA,1997-06-29,"USM",2,"USMCOB-RC21216",2026-05-05,"UTC",1997,6,29,180,00:00:00,NA,"POINT(-80.1 26.12)","USMCOB-RC21216","USMCOB-RC21216-2",NA
"1022","USMCOB","15 ml W of Marco, FL",25.638,-81.792,0.84,NA,"FL",NA,NA,1998-12-01,"USM",1,"USMCOB-RC21250",2026-05-05,"UTC",1998,12,1,335,00:00:00,NA,"POINT(-81.792 25.638)","USMCOB-RC21250","USMCOB-RC21250-1",NA
"1023","USMCOB","Key West, FL",24.563,-81.726,0.91,NA,"TL",NA,NA,1999-05-07,"USM",2,"USMCOB-RC21250",2026-05-05,"UTC",1999,5,7,127,00:00:00,NA,"POINT(-81.726 24.563)","USMCOB-RC21250","USMCOB-RC21250-2",NA
"1024","USMCOB","12 MI. SOUTH OF DESTIN, FL",30.206,-86.494078,0.84,NA,"FL",NA,NA,1990-10-21,"USM",1,"USMCOB-RC2126",2026-05-05,"UTC",1990,10,21,294,00:00:00,NA,"POINT(-86.494078 30.206)","USMCOB-RC2126","USMCOB-RC2126-1",NA
"1025","USMCOB","KEY WEST, FL  (GULF SIDE)",24.57,-81.79,0.99,NA,"FL",1.12,"TL",1991-04-17,"USM",2,"USMCOB-RC2126",2026-05-05,"UTC",1991,4,17,107,00:00:00,NA,"POINT(-81.79 24.57)","USMCOB-RC2126","USMCOB-RC2126-2",NA
"1026","USMCOB","Gulf Wrck Chris, Keys FL",24.5,-81.6,0.81,NA,"FL",0.91,"TL",1995-10-02,"USM",1,"USMCOB-RC21264",2026-05-05,"UTC",1995,10,2,275,00:00:00,NA,"POINT(-81.6 24.5)","USMCOB-RC21264","USMCOB-RC21264-1",NA
"1027","USMCOB","Wrck Northwest Ship, Keys FL",30.22,-88.918,0.69,NA,"FL",0.79,"TL",1996-02-03,"USM",1,"USMCOB-RC21285",2026-05-05,"UTC",1996,2,3,34,00:00:00,NA,"POINT(-88.918 30.22)","USMCOB-RC21285","USMCOB-RC21285-1",NA
"1028","USMCOB","Key West Harbor, Key West FL",24.563,-81.726,0.74,NA,"FL",0.84,"TL",1996-02-20,"USM",2,"USMCOB-RC21285",2026-05-05,"UTC",1996,2,20,51,00:00:00,NA,"POINT(-81.726 24.563)","USMCOB-RC21285","USMCOB-RC21285-2",NA
"1029","USMCOB","Key West Harbor, Key West FL",24.563,-81.726,0.75,NA,"FL",0.84,"TL",1996-03-29,"USM",1,"USMCOB-RC21313",2026-05-05,"UTC",1996,3,29,89,00:00:00,NA,"POINT(-81.726 24.563)","USMCOB-RC21313","USMCOB-RC21313-1",NA
"1030","USMCOB","Off Big Pine Key, FL Gulf Side",24.659,-81.356,1.02,NA,"FL",1.14,"TL",1997-07-07,"USM",2,"USMCOB-RC21313",2026-05-05,"UTC",1997,7,7,188,00:00:00,NA,"POINT(-81.356 24.659)","USMCOB-RC21313","USMCOB-RC21313-2",NA
"1031","USMCOB","Key West Harbor, Key West FL",24.563,-81.726,0.72,NA,"FL",0.79,"TL",1996-03-29,"USM",1,"USMCOB-RC21315",2026-05-05,"UTC",1996,3,29,89,00:00:00,NA,"POINT(-81.726 24.563)","USMCOB-RC21315","USMCOB-RC21315-1",NA
"1032","USMCOB","Key West Harbor, Keys FL",24.563,-81.726,0.72,NA,"FL",0.79,"TL",1996-03-29,"USM",2,"USMCOB-RC21315",2026-05-05,"UTC",1996,3,29,89,00:00:00,NA,"POINT(-81.726 24.563)","USMCOB-RC21315","USMCOB-RC21315-2",NA
"1033","USMCOB","25 Mi SW Terrebonne Bay LA",28.964,-90.947,0.91,NA,"FL",1.02,"TL",1996-09-22,"USM",1,"USMCOB-RC21424",2026-05-05,"UTC",1996,9,22,266,00:00:00,NA,"POINT(-90.947 28.964)","USMCOB-RC21424","USMCOB-RC21424-1",NA
"1034","USMCOB","28.49.09 92.44.11 E.Cameron185",28.818167,-92.735167,1.35,NA,"TL",NA,NA,1999-06-19,"USM",2,"USMCOB-RC21424",2026-05-05,"UTC",1999,6,19,170,00:00:00,NA,"POINT(-92.735167 28.818167)","USMCOB-RC21424","USMCOB-RC21424-2",NA
"1035","USMCOB","25 Mi SW Terrebonne Bay LA",28.964,-90.947,0.94,NA,"FL",1.07,"TL",1996-09-23,"USM",1,"USMCOB-RC21432",2026-05-05,"UTC",1996,9,23,267,00:00:00,NA,"POINT(-90.947 28.964)","USMCOB-RC21432","USMCOB-RC21432-1",NA
"1036","USMCOB","25 Mi SW Terrebonne Bay, LA",28.964,-90.947,1.07,NA,"TL",NA,NA,1996-09-25,"USM",2,"USMCOB-RC21432",2026-05-05,"UTC",1996,9,25,269,00:00:00,NA,"POINT(-90.947 28.964)","USMCOB-RC21432","USMCOB-RC21432-2",NA
"1037","USMCOB","25 Mi SW Terrebonne Bay, LA",28.964,-90.947,0.99,NA,"FL",1.12,"TL",1996-10-28,"USM",1,"USMCOB-RC21438",2026-05-05,"UTC",1996,10,28,302,00:00:00,NA,"POINT(-90.947 28.964)","USMCOB-RC21438","USMCOB-RC21438-1",NA
"1038","USMCOB","Cocodrie, LA",29.239,-90.66,NA,NA,NA,NA,NA,1997-11-04,"USM",2,"USMCOB-RC21438",2026-05-05,"UTC",1997,11,4,308,00:00:00,NA,"POINT(-90.66 29.239)","USMCOB-RC21438","USMCOB-RC21438-2",NA
"1039","USMCOB","KW Reef Eastern Dry Rocks, Key",24.459,-81.844,0.74,NA,"FL",0.81,"TL",1995-11-18,"USM",1,"USMCOB-RC21447",2026-05-05,"UTC",1995,11,18,322,00:00:00,NA,"POINT(-81.844 24.459)","USMCOB-RC21447","USMCOB-RC21447-1",NA
"1040","USMCOB","Off St. Lucie Inlet, Stuart FL",27.165,-80.15,NA,NA,NA,NA,NA,1996-05-19,"USM",2,"USMCOB-RC21447",2026-05-05,"UTC",1996,5,19,140,00:00:00,NA,"POINT(-80.15 27.165)","USMCOB-RC21447","USMCOB-RC21447-2",NA
"1041","USMCOB","47030.0 / 12280.0",30.02667,-88.82167,0.58,NA,"FL",NA,NA,1989-07-08,"USM",1,"USMCOB-RC2147",2026-05-05,"UTC",1989,7,8,189,00:00:00,NA,"POINT(-88.82167 30.02667)","USMCOB-RC2147","USMCOB-RC2147-1",NA
"1042","USMCOB","WEST END OF SHIP ISLAND, MS",30.21,-88.964,0.69,NA,"FL",0.74,"TL",1990-09-03,"USM",2,"USMCOB-RC2147",2026-05-05,"UTC",1990,9,3,246,00:00:00,NA,"POINT(-88.964 30.21)","USMCOB-RC2147","USMCOB-RC2147-2",NA
"1043","USMCOB","20 Mi SW Terrebonne Bay LA",28.964,-90.947,0.97,NA,"FL",1.12,"TL",1996-09-13,"USM",1,"USMCOB-RC21481",2026-05-05,"UTC",1996,9,13,257,00:00:00,NA,"POINT(-90.947 28.964)","USMCOB-RC21481","USMCOB-RC21481-1",NA
"1044","USMCOB","South Delta Block 13, LA",29.29,-89.85,1.12,NA,"TL",NA,NA,1996-10-02,"USM",2,"USMCOB-RC21481",2026-05-05,"UTC",1996,10,2,276,00:00:00,NA,"POINT(-89.85 29.29)","USMCOB-RC21481","USMCOB-RC21481-2",NA
"1045","USMCOB","25 Mi SW Terrebonne Bay LA",28.964,-90.947,1.09,NA,"FL",1.24,"TL",1996-09-13,"USM",1,"USMCOB-RC21482",2026-05-05,"UTC",1996,9,13,257,00:00:00,NA,"POINT(-90.947 28.964)","USMCOB-RC21482","USMCOB-RC21482-1",NA
"1046","USMCOB","Grand Isle, Cominada Pass",29.267,-89.945,NA,NA,NA,NA,NA,1999-11-20,"USM",2,"USMCOB-RC21482",2026-05-05,"UTC",1999,11,20,324,00:00:00,NA,"POINT(-89.945 29.267)","USMCOB-RC21482","USMCOB-RC21482-2",NA
"1047","USMCOB","25 Mi SW Terrebonne Bay LA",28.964,-90.947,0.91,NA,"FL",1.02,"TL",1996-09-13,"USM",1,"USMCOB-RC21490",2026-05-05,"UTC",1996,9,13,257,00:00:00,NA,"POINT(-90.947 28.964)","USMCOB-RC21490","USMCOB-RC21490-1",NA
"1048","USMCOB","South Timbalier Area #50, LA",28.89,-90.45,NA,NA,NA,NA,NA,1997-08-31,"USM",2,"USMCOB-RC21490",2026-05-05,"UTC",1997,8,31,243,00:00:00,NA,"POINT(-90.45 28.89)","USMCOB-RC21490","USMCOB-RC21490-2",NA
"1049","USMCOB","Pensacola Beach, FL",30.315,-87.203,0.94,NA,"FL",1.07,"TL",1996-04-13,"USM",1,"USMCOB-RC21491",2026-05-05,"UTC",1996,4,13,104,00:00:00,NA,"POINT(-87.203 30.315)","USMCOB-RC21491","USMCOB-RC21491-1",NA
"1050","USMCOB","Ship Shoal 200, LA",28.537,-91.309,NA,NA,NA,NA,NA,1997-06-06,"USM",2,"USMCOB-RC21491",2026-05-05,"UTC",1997,6,6,157,00:00:00,NA,"POINT(-91.309 28.537)","USMCOB-RC21491","USMCOB-RC21491-2",NA
"1051","USMCOB","Pensacola Beach, FL",30.315,-87.203,1.05,NA,"FL",1.19,"TL",1996-05-01,"USM",1,"USMCOB-RC21495",2026-05-05,"UTC",1996,5,1,122,00:00:00,NA,"POINT(-87.203 30.315)","USMCOB-RC21495","USMCOB-RC21495-1",NA
"1052","USMCOB","NW of Dry Tortugas, FL",24.912,-83.246,NA,NA,NA,NA,NA,1996-11-03,"USM",2,"USMCOB-RC21495",2026-05-05,"UTC",1996,11,3,308,00:00:00,NA,"POINT(-83.246 24.912)","USMCOB-RC21495","USMCOB-RC21495-2",NA
"1053","USMCOB","PORT CANAVERAL, FL",28.395,-80.587,0.46,NA,"TL",NA,NA,1997-02-07,"USM",1,"USMCOB-RC21539",2026-05-05,"UTC",1997,2,7,38,00:00:00,NA,"POINT(-80.587 28.395)","USMCOB-RC21539","USMCOB-RC21539-1",NA
"1054","USMCOB","PORT CANAVERAL, FL",28.41,-80.584,NA,NA,NA,NA,NA,1997-06-01,"USM",2,"USMCOB-RC21539",2026-05-05,"UTC",1997,6,1,152,00:00:00,NA,"POINT(-80.584 28.41)","USMCOB-RC21539","USMCOB-RC21539-2",NA
"1055","USMCOB","47030.0 / 12280.0",30.02667,-88.82167,0.53,NA,"FL",NA,NA,1989-07-09,"USM",1,"USMCOB-RC2155",2026-05-05,"UTC",1989,7,9,190,00:00:00,NA,"POINT(-88.82167 30.02667)","USMCOB-RC2155","USMCOB-RC2155-1",NA
"1056","USMCOB","HARTEEVILLE, SC (6MI INLAND)",32.235,-81.15,1.17,NA,"TL",NA,NA,1992-05-17,"USM",2,"USMCOB-RC2155",2026-05-05,"UTC",1992,5,17,138,00:00:00,NA,"POINT(-81.15 32.235)","USMCOB-RC2155","USMCOB-RC2155-2",NA
"1057","USMCOB","Buoy 46 Gulfport Ship Channel",30.292,-89.032,0.3,NA,"FL",0.33,"TL",1996-08-13,"USM",1,"USMCOB-RC21551",2026-05-05,"UTC",1996,8,13,226,00:00:00,NA,"POINT(-89.032 30.292)","USMCOB-RC21551","USMCOB-RC21551-1",NA
"1058","USMCOB","Inside Buoy Ship Island",30.216,-88.994,0.3,NA,"FL",0.33,"TL",1996-08-16,"USM",2,"USMCOB-RC21551",2026-05-05,"UTC",1996,8,16,229,00:00:00,NA,"POINT(-88.994 30.216)","USMCOB-RC21551","USMCOB-RC21551-2",NA
"1059","USMCOB","Wreck of the Gardner, Key W FL",24.5,-81.6,0.71,NA,"FL",0.81,"TL",1995-03-29,"USM",1,"USMCOB-RC21613",2026-05-05,"UTC",1995,3,29,88,00:00:00,NA,"POINT(-81.6 24.5)","USMCOB-RC21613","USMCOB-RC21613-1",NA
"1060","USMCOB","25 Mi N. of Key West, FL",24.924,-81.72,0.71,NA,"FL",NA,NA,1995-05-17,"USM",2,"USMCOB-RC21613",2026-05-05,"UTC",1995,5,17,137,00:00:00,NA,"POINT(-81.72 24.924)","USMCOB-RC21613","USMCOB-RC21613-2",NA
"1061","USMCOB","Wreck of the Gardner, Keys",24.5,-81.6,0.56,NA,"FL",0.64,"TL",1995-07-23,"USM",1,"USMCOB-RC21627",2026-05-05,"UTC",1995,7,23,204,00:00:00,NA,"POINT(-81.6 24.5)","USMCOB-RC21627","USMCOB-RC21627-1",NA
"1062","USMCOB","60 mi S of Biloxi, MS",29.519,-88.88,0.91,NA,"FL",1,"TL",1998-05-23,"USM",2,"USMCOB-RC21627",2026-05-05,"UTC",1998,5,23,143,00:00:00,NA,"POINT(-88.88 29.519)","USMCOB-RC21627","USMCOB-RC21627-2",NA
"1063","USMCOB","47070.0 / 12275.0 (S. OF SHIP",30.2,-88.82333,0.71,NA,"FL",NA,NA,1989-08-13,"USM",1,"USMCOB-RC2163",2026-05-05,"UTC",1989,8,13,225,00:00:00,NA,"POINT(-88.82333 30.2)","USMCOB-RC2163","USMCOB-RC2163-1",NA
"1064","USMCOB","NE. END OF E. SHIP ISLAND, MS",29.25,-88.87,0.83,NA,"FL",0.91,"TL",1989-09-20,"USM",2,"USMCOB-RC2163",2026-05-05,"UTC",1989,9,20,263,00:00:00,NA,"POINT(-88.87 29.25)","USMCOB-RC2163","USMCOB-RC2163-2",NA
"1065","USMCOB","Wreck of the Gardner, Keys",24.5,-81.6,0.81,NA,"FL",0.91,"TL",1995-07-26,"USM",1,"USMCOB-RC21633",2026-05-05,"UTC",1995,7,26,207,00:00:00,NA,"POINT(-81.6 24.5)","USMCOB-RC21633","USMCOB-RC21633-1",NA
"1066","USMCOB","Wreck of the Chris, Keys",24.5,-81.6,0.66,NA,"FL",0.74,"TL",1995-08-29,"USM",1,"USMCOB-RC21638",2026-05-05,"UTC",1995,8,29,241,00:00:00,NA,"POINT(-81.6 24.5)","USMCOB-RC21638","USMCOB-RC21638-1",NA
"1067","USMCOB","W. TIP OF HORN ISLAND, MS",30.246,-88.782,0.6,NA,"FL",NA,NA,1989-08-20,"USM",1,"USMCOB-RC2172",2026-05-05,"UTC",1989,8,20,232,00:00:00,NA,"POINT(-88.782 30.246)","USMCOB-RC2172","USMCOB-RC2172-1",NA
"1068","USMCOB","GETTY RIGS,S. OF CHANDELEUR IS",29.544,-88.677,0.76,NA,"TL",NA,NA,1989-11-06,"USM",2,"USMCOB-RC2172",2026-05-05,"UTC",1989,11,6,310,00:00:00,NA,"POINT(-88.677 29.544)","USMCOB-RC2172","USMCOB-RC2172-2",NA
"1069","USMCOB","DUE S. OF SHIP ISLAND, MS",30.205937,-88.955349,0.74,NA,"FL",0.81,"TL",1989-09-10,"USM",1,"USMCOB-RC2186",2026-05-05,"UTC",1989,9,10,253,00:00:00,NA,"POINT(-88.955349 30.205937)","USMCOB-RC2186","USMCOB-RC2186-1",NA
"1070","USMCOB","SQUASH CHAN.,E. OF SHIP IS.,MS",30.245,-88.829,0.74,NA,"FL",NA,NA,1989-09-17,"USM",2,"USMCOB-RC2186",2026-05-05,"UTC",1989,9,17,260,00:00:00,NA,"POINT(-88.829 30.245)","USMCOB-RC2186","USMCOB-RC2186-2",NA
"1071","USMCOB","28-55.90 90-25.01",28.931667,-90.416833,0.56,NA,"FL",0.61,"TL",1995-08-28,"USM",1,"USMCOB-RC21873",2026-05-05,"UTC",1995,8,28,240,00:00:00,NA,"POINT(-90.416833 28.931667)","USMCOB-RC21873","USMCOB-RC21873-1",NA
"1072","USMCOB","Block 66 South Marsh Island LA",28.634,-91.95,0.94,NA,"TL",NA,NA,1996-09-07,"USM",2,"USMCOB-RC21873",2026-05-05,"UTC",1996,9,7,251,00:00:00,NA,"POINT(-91.95 28.634)","USMCOB-RC21873","USMCOB-RC21873-2",NA
"1073","USMCOB","RIG S. OF CHANDELEUR ISLANDS",29.544,-88.677,0.69,NA,"FL",0.74,"TL",1989-07-22,"USM",1,"USMCOB-RC2193",2026-05-05,"UTC",1989,7,22,203,00:00:00,NA,"POINT(-88.677 29.544)","USMCOB-RC2193","USMCOB-RC2193-1",NA
"1074","USMCOB","SOUTH OF NAPLES, FLORIDA",26.086,-81.81,1.07,NA,"FL",NA,NA,1990-08-27,"USM",2,"USMCOB-RC2193",2026-05-05,"UTC",1990,8,27,239,00:00:00,NA,"POINT(-81.81 26.086)","USMCOB-RC2193","USMCOB-RC2193-2",NA
"1075","USMCOB","Buoy 27 GFPT Ship Channel",30.223,-88.998,0.64,NA,"FL",0.74,"TL",1995-09-04,"USM",1,"USMCOB-RC22106",2026-05-05,"UTC",1995,9,4,247,00:00:00,NA,"POINT(-88.998 30.223)","USMCOB-RC22106","USMCOB-RC22106-1",NA
"1076","USMCOB","35 Mi SW Pensacola Pass, FL",29.965,-87.719,0.91,NA,"FL",NA,NA,1997-05-21,"USM",2,"USMCOB-RC22106",2026-05-05,"UTC",1997,5,21,141,00:00:00,NA,"POINT(-87.719 29.965)","USMCOB-RC22106","USMCOB-RC22106-2",NA
"1077","USMCOB","12282.1 46968.2",29.77167,-88.81667,0.65,NA,"FL",0.74,"TL",1995-05-04,"USM",1,"USMCOB-RC22141",2026-05-05,"UTC",1995,5,4,124,00:00:00,NA,"POINT(-88.81667 29.77167)","USMCOB-RC22141","USMCOB-RC22141-1",NA
"1078","USMCOB","Off Alligator Point, FL",29.896,-84.382,0.79,NA,"TL",NA,NA,1995-07-20,"USM",2,"USMCOB-RC22141",2026-05-05,"UTC",1995,7,20,201,00:00:00,NA,"POINT(-84.382 29.896)","USMCOB-RC22141","USMCOB-RC22141-2",NA
"1079","USMCOB","Petit Bois Gas Rigs",30.115,-88.45,0.76,NA,"FL",0.81,"TL",1995-06-20,"USM",1,"USMCOB-RC22153",2026-05-05,"UTC",1995,6,20,171,00:00:00,NA,"POINT(-88.45 30.115)","USMCOB-RC22153","USMCOB-RC22153-1",NA
"1080","USMCOB","Tag found w/ trout Grand I, LA",29.23,-89.987,NA,NA,NA,NA,NA,1998-08-09,"USM",2,"USMCOB-RC22153",2026-05-05,"UTC",1998,8,9,221,00:00:00,NA,"POINT(-89.987 29.23)","USMCOB-RC22153","USMCOB-RC22153-2",NA
"1081","USMCOB","Off Miami Beach, FL",25.766,-80.126,0.94,NA,"TL",NA,NA,1996-08-06,"USM",2,"USMCOB-RC22266",2026-05-05,"UTC",1996,8,6,219,00:00:00,NA,"POINT(-80.126 25.766)","USMCOB-RC22266","USMCOB-RC22266-2",NA
"1082","USMCOB","SE end of Chandelier Island",29.76,-88.88,0.74,NA,"FL",0.81,"TL",1995-06-25,"USM",1,"USMCOB-RC22279",2026-05-05,"UTC",1995,6,25,176,00:00:00,NA,"POINT(-88.88 29.76)","USMCOB-RC22279","USMCOB-RC22279-1",NA
"1083","USMCOB","Monkey Bayou Rigs, MS",29.718,-88.797,0.99,NA,"TL",NA,NA,1996-09-24,"USM",2,"USMCOB-RC22279",2026-05-05,"UTC",1996,9,24,268,00:00:00,NA,"POINT(-88.797 29.718)","USMCOB-RC22279","USMCOB-RC22279-2",NA
"1084","USMCOB","W. end of Ship Island",30.21,-88.964,0.74,NA,"FL",0.81,"TL",1996-08-24,"USM",1,"USMCOB-RC22321",2026-05-05,"UTC",1996,8,24,237,00:00:00,NA,"POINT(-88.964 30.21)","USMCOB-RC22321","USMCOB-RC22321-1",NA
"1085","USMCOB","Chevron Pipeline, Ship Is",30.228,-89.012,0.97,NA,"TL",NA,NA,1997-10-04,"USM",2,"USMCOB-RC22321",2026-05-05,"UTC",1997,10,4,277,00:00:00,NA,"POINT(-89.012 30.228)","USMCOB-RC22321","USMCOB-RC22321-2",NA
"1086","USMCOB","Ship Island Channel, MS",30.24,-89,0.84,NA,"FL",0.93,"TL",1995-06-03,"USM",1,"USMCOB-RC22334",2026-05-05,"UTC",1995,6,3,154,00:00:00,NA,"POINT(-89.0 30.24)","USMCOB-RC22334","USMCOB-RC22334-1",NA
"1087","USMCOB","Buoy 20 Gulfport Ship Channel",30.186,-88.985,0.94,NA,"FL",1.1,"TL",1995-09-05,"USM",2,"USMCOB-RC22334",2026-05-05,"UTC",1995,9,5,248,00:00:00,NA,"POINT(-88.985 30.186)","USMCOB-RC22334","USMCOB-RC22334-2",NA
"1088","USMCOB","30.13.70N 89.00.65W",30.228333,-89.010833,0.79,NA,"FL",0.84,"TL",1999-05-01,"USM",1,"USMCOB-RC22372",2026-05-05,"UTC",1999,5,1,121,00:00:00,NA,"POINT(-89.010833 30.228333)","USMCOB-RC22372","USMCOB-RC22372-1",NA
"1089","USMCOB","40 mls SW of Dauphin I.",29.85,-88.705,0.89,NA,"TL",NA,NA,1999-07-17,"USM",2,"USMCOB-RC22372",2026-05-05,"UTC",1999,7,17,198,00:00:00,NA,"POINT(-88.705 29.85)","USMCOB-RC22372","USMCOB-RC22372-2",NA
"1090","USMCOB","MP-7",29.639,-88.881,0.76,NA,"FL",0.81,"TL",1998-06-27,"USM",1,"USMCOB-RC22487",2026-05-05,"UTC",1998,6,27,178,00:00:00,NA,"POINT(-88.881 29.639)","USMCOB-RC22487","USMCOB-RC22487-1",NA
"1091","USMCOB","Main Pass 91, LA",29.659,-88.846,0.86,NA,"TL",NA,NA,1998-07-19,"USM",2,"USMCOB-RC22487",2026-05-05,"UTC",1998,7,19,200,00:00:00,NA,"POINT(-88.846 29.659)","USMCOB-RC22487","USMCOB-RC22487-2",NA
"1092","USMCOB","Ship Shoal Block 93",28.891167,-90.811167,0.58,NA,"FL",0.64,"TL",1995-09-20,"USM",1,"USMCOB-RC22557",2026-05-05,"UTC",1995,9,20,263,00:00:00,NA,"POINT(-90.811167 28.891167)","USMCOB-RC22557","USMCOB-RC22557-1",NA
"1093","USMCOB","Grand Isle, LA Gulf side",29.23,-89.98,NA,NA,NA,NA,NA,1997-03-25,"USM",2,"USMCOB-RC22557",2026-05-05,"UTC",1997,3,25,84,00:00:00,NA,"POINT(-89.98 29.23)","USMCOB-RC22557","USMCOB-RC22557-2",NA
"1094","USMCOB","I MI N. OF PORT CANAVERAL",28.423,-80.574,0.3,NA,"TL",NA,NA,1996-04-05,"USM",1,"USMCOB-RC22613",2026-05-05,"UTC",1996,4,5,96,00:00:00,NA,"POINT(-80.574 28.423)","USMCOB-RC22613","USMCOB-RC22613-1",NA
"1095","USMCOB","ST. SIMMONS, GA",31.133,-81.397,0.41,NA,"TL",NA,NA,1996-06-28,"USM",2,"USMCOB-RC22613",2026-05-05,"UTC",1996,6,28,180,00:00:00,NA,"POINT(-81.397 31.133)","USMCOB-RC22613","USMCOB-RC22613-2",NA
"1096","USMCOB","1/2 MI OFF PORT CANAVERAL",28.395,-80.577,0.48,NA,"TL",NA,NA,1996-06-21,"USM",1,"USMCOB-RC22626",2026-05-05,"UTC",1996,6,21,173,00:00:00,NA,"POINT(-80.577 28.395)","USMCOB-RC22626","USMCOB-RC22626-1",NA
"1097","USMCOB","PORT CANAVERAL, FL",28.41,-80.584,0.48,NA,"TL",NA,NA,1996-06-27,"USM",2,"USMCOB-RC22626",2026-05-05,"UTC",1996,6,27,179,00:00:00,NA,"POINT(-80.584 28.41)","USMCOB-RC22626","USMCOB-RC22626-2",NA
"1098","USMCOB","1/2 MI OUT OF PORT CANAVERAL",28.395,-80.577,0.43,NA,"TL",NA,NA,1996-06-21,"USM",1,"USMCOB-RC22630",2026-05-05,"UTC",1996,6,21,173,00:00:00,NA,"POINT(-80.577 28.395)","USMCOB-RC22630","USMCOB-RC22630-1",NA
"1099","USMCOB","CAPE CANAVERAL, FL",28.391,-80.594,0.43,NA,"TL",NA,NA,1996-06-21,"USM",2,"USMCOB-RC22630",2026-05-05,"UTC",1996,6,21,173,00:00:00,NA,"POINT(-80.594 28.391)","USMCOB-RC22630","USMCOB-RC22630-2",NA
"1100","USMCOB","10 Mi N of Key West FL",24.709,-81.787,0.84,NA,"FL",0.94,"TL",1997-02-24,"USM",1,"USMCOB-RC22645",2026-05-05,"UTC",1997,2,24,55,00:00:00,NA,"POINT(-81.787 24.709)","USMCOB-RC22645","USMCOB-RC22645-1",NA
"1101","USMCOB","Gunbor Wreck, SugarloafFL",24.92,-81.792,0.93,NA,"FL",NA,NA,1998-03-01,"USM",2,"USMCOB-RC22645",2026-05-05,"UTC",1998,3,1,60,00:00:00,NA,"POINT(-81.792 24.92)","USMCOB-RC22645","USMCOB-RC22645-2",NA
"1102","USMCOB","10 Mi N of Key West FL",24.709,-81.787,0.76,NA,"FL",0.84,"TL",1997-02-24,"USM",1,"USMCOB-RC22648",2026-05-05,"UTC",1997,2,24,55,00:00:00,NA,"POINT(-81.787 24.709)","USMCOB-RC22648","USMCOB-RC22648-1",NA
"1103","USMCOB","Key West, FL",24.563,-81.726,0.76,NA,"FL",0.84,"TL",1997-03-02,"USM",2,"USMCOB-RC22648",2026-05-05,"UTC",1997,3,2,61,00:00:00,NA,"POINT(-81.726 24.563)","USMCOB-RC22648","USMCOB-RC22648-2",NA
"1104","USMCOB","Wreck of the Gardner",24.5,-81.6,0.74,NA,"FL",0.81,"TL",1996-04-11,"USM",1,"USMCOB-RC22654",2026-05-05,"UTC",1996,4,11,102,00:00:00,NA,"POINT(-81.6 24.5)","USMCOB-RC22654","USMCOB-RC22654-1",NA
"1105","USMCOB","16 Mi Gulf off Sugarloaf Key",24.784,-81.706,0.91,NA,"FL",1,"TL",1996-08-15,"USM",2,"USMCOB-RC22654",2026-05-05,"UTC",1996,8,15,228,00:00:00,NA,"POINT(-81.706 24.784)","USMCOB-RC22654","USMCOB-RC22654-2",NA
"1106","USMCOB","Wreck of the Gardner, Keys FL",24.5,-81.6,0.74,NA,"FL",0.81,"TL",1996-04-11,"USM",1,"USMCOB-RC22655",2026-05-05,"UTC",1996,4,11,102,00:00:00,NA,"POINT(-81.6 24.5)","USMCOB-RC22655","USMCOB-RC22655-1",NA
"1107","USMCOB","54 mi S of Orange Beach, AL",29.482,-87.585,1.04,NA,"TL",NA,NA,1997-05-24,"USM",2,"USMCOB-RC22655",2026-05-05,"UTC",1997,5,24,144,00:00:00,NA,"POINT(-87.585 29.482)","USMCOB-RC22655","USMCOB-RC22655-2",NA
"1108","USMCOB","Fleming Key Basin Key West FL",24.58,-81.794,0.86,NA,"FL",0.91,"TL",1996-02-28,"USM",1,"USMCOB-RC22659",2026-05-05,"UTC",1996,2,28,59,00:00:00,NA,"POINT(-81.794 24.58)","USMCOB-RC22659","USMCOB-RC22659-1",NA
"1109","USMCOB","Fleming Key Basin Key West FL",24.58,-81.794,0.76,NA,"FL",0.89,"TL",1996-02-28,"USM",1,"USMCOB-RC22660",2026-05-05,"UTC",1996,2,28,59,00:00:00,NA,"POINT(-81.794 24.58)","USMCOB-RC22660","USMCOB-RC22660-1",NA
"1110","USMCOB","Cedar Key, FL",29.091613,-83.038337,0.89,NA,"FL",NA,NA,1997-05-22,"USM",2,"USMCOB-RC22660",2026-05-05,"UTC",1997,5,22,142,00:00:00,NA,"POINT(-83.038337 29.091613)","USMCOB-RC22660","USMCOB-RC22660-2",NA
"1111","USMCOB","Fleming Key Basin Keys FL",24.58,-81.794,0.81,NA,"FL",0.91,"TL",1996-04-07,"USM",1,"USMCOB-RC22729",2026-05-05,"UTC",1996,4,7,98,00:00:00,NA,"POINT(-81.794 24.58)","USMCOB-RC22729","USMCOB-RC22729-1",NA
"1112","USMCOB","24-33.0 81-49.0 Key West, FL",24.55,-81.816667,1.09,NA,"TL",NA,NA,1997-03-20,"USM",2,"USMCOB-RC22729",2026-05-05,"UTC",1997,3,20,79,00:00:00,NA,"POINT(-81.816667 24.55)","USMCOB-RC22729","USMCOB-RC22729-2",NA
"1113","USMCOB","Fleming Key Basin Key West FL",24.58,-81.794,0.81,NA,"FL",0.9,"TL",1996-02-21,"USM",1,"USMCOB-RC22736",2026-05-05,"UTC",1996,2,21,52,00:00:00,NA,"POINT(-81.794 24.58)","USMCOB-RC22736","USMCOB-RC22736-1",NA
"1114","USMCOB","Key West Florida",24.563,-81.726,0.9,NA,"TL",NA,NA,1996-02-27,"USM",2,"USMCOB-RC22736",2026-05-05,"UTC",1996,2,27,58,00:00:00,NA,"POINT(-81.726 24.563)","USMCOB-RC22736","USMCOB-RC22736-2",NA
"1115","USMCOB","Fleming Key Basin Key West FL",24.58,-81.794,0.53,NA,"FL",0.58,"TL",1996-02-29,"USM",1,"USMCOB-RC22739",2026-05-05,"UTC",1996,2,29,60,00:00:00,NA,"POINT(-81.794 24.58)","USMCOB-RC22739","USMCOB-RC22739-1",NA
"1116","USMCOB","Key West Florida",24.563,-81.726,0.58,NA,"TL",NA,NA,1996-03-07,"USM",2,"USMCOB-RC22739",2026-05-05,"UTC",1996,3,7,67,00:00:00,NA,"POINT(-81.726 24.563)","USMCOB-RC22739","USMCOB-RC22739-2",NA
"1117","USMCOB","Fleming Key Basin Keys FL",24.58,-81.794,0.81,NA,"FL",0.91,"TL",1996-04-08,"USM",1,"USMCOB-RC22744",2026-05-05,"UTC",1996,4,8,99,00:00:00,NA,"POINT(-81.794 24.58)","USMCOB-RC22744","USMCOB-RC22744-1",NA
"1118","USMCOB","Key West Harbor, Key West FL",24.563,-81.726,0.91,NA,"TL",NA,NA,1996-04-14,"USM",2,"USMCOB-RC22744",2026-05-05,"UTC",1996,4,14,105,00:00:00,NA,"POINT(-81.726 24.563)","USMCOB-RC22744","USMCOB-RC22744-2",NA
"1119","USMCOB","WESTERN END SHIP ISLAND",30.21,-88.964,0.51,NA,"FL",0.56,"TL",1989-06-09,"USM",1,"USMCOB-RC2279",2026-05-05,"UTC",1989,6,9,160,00:00:00,NA,"POINT(-88.964 30.21)","USMCOB-RC2279","USMCOB-RC2279-1",NA
"1120","USMCOB","EAST OF SHIP ISLAND, MS",29.25,-88.87,0.74,NA,"TL",NA,NA,1989-09-10,"USM",2,"USMCOB-RC2279",2026-05-05,"UTC",1989,9,10,253,00:00:00,NA,"POINT(-88.87 29.25)","USMCOB-RC2279","USMCOB-RC2279-2",NA
"1121","USMCOB","2 mi. E. of Navarre Pier",30.378,-86.862,0.86,NA,"FL",0.91,"TL",1996-04-03,"USM",1,"USMCOB-RC22823",2026-05-05,"UTC",1996,4,3,94,00:00:00,NA,"POINT(-86.862 30.378)","USMCOB-RC22823","USMCOB-RC22823-1",NA
"1122","USMCOB","Pensacoola Beach, FL",30.333,-87.15,0.98,NA,"FL",NA,NA,1998-04-20,"USM",2,"USMCOB-RC22823",2026-05-05,"UTC",1998,4,20,110,00:00:00,NA,"POINT(-87.15 30.333)","USMCOB-RC22823","USMCOB-RC22823-2",NA
"1123","USMCOB","11 mi. E. of Destin",30.360832,-86.312337,0.89,NA,"FL",0.97,"TL",1996-04-04,"USM",1,"USMCOB-RC22827",2026-05-05,"UTC",1996,4,4,95,00:00:00,NA,"POINT(-86.312337 30.360832)","USMCOB-RC22827","USMCOB-RC22827-1",NA
"1124","USMCOB","Vermillion Block 245, LA",28.581,-92.454,0.98,NA,"TL",NA,NA,1996-06-22,"USM",2,"USMCOB-RC22827",2026-05-05,"UTC",1996,6,22,174,00:00:00,NA,"POINT(-92.454 28.581)","USMCOB-RC22827","USMCOB-RC22827-2",NA
"1125","USMCOB","WESTERN END SHIP ISLAND",30.21,-88.964,0.81,NA,"FL",0.89,"TL",1989-06-20,"USM",1,"USMCOB-RC2285",2026-05-05,"UTC",1989,6,20,171,00:00:00,NA,"POINT(-88.964 30.21)","USMCOB-RC2285","USMCOB-RC2285-1",NA
"1126","USMCOB","PASCAGOULA MISS. SHIP CH, #14",30.206,-88.512,1.04,NA,"TL",NA,NA,1990-08-25,"USM",2,"USMCOB-RC2285",2026-05-05,"UTC",1990,8,25,237,00:00:00,NA,"POINT(-88.512 30.206)","USMCOB-RC2285","USMCOB-RC2285-2",NA
"1127","USMCOB","Destin, FL",30.38,-86.5,0.97,NA,"FL",1.02,"TL",1996-04-05,"USM",1,"USMCOB-RC22869",2026-05-05,"UTC",1996,4,5,96,00:00:00,NA,"POINT(-86.5 30.38)","USMCOB-RC22869","USMCOB-RC22869-1",NA
"1128","USMCOB","45 mls S of Grand Isle, LA",28.569,-89.968,NA,NA,NA,NA,NA,1999-06-05,"USM",2,"USMCOB-RC22869",2026-05-05,"UTC",1999,6,5,156,00:00:00,NA,"POINT(-89.968 28.569)","USMCOB-RC22869","USMCOB-RC22869-2",NA
"1129","USMCOB","WESTERN END SHIP ISLAND",30.21,-88.964,0.56,NA,"FL",0.62,"TL",1989-06-23,"USM",1,"USMCOB-RC2287",2026-05-05,"UTC",1989,6,23,174,00:00:00,NA,"POINT(-88.964 30.21)","USMCOB-RC2287","USMCOB-RC2287-1",NA
"1130","USMCOB","WEST END OF SHIP ISLAND, MS",30.21,-88.964,0.75,NA,"FL",0.8,"TL",1989-10-07,"USM",2,"USMCOB-RC2287",2026-05-05,"UTC",1989,10,7,280,00:00:00,NA,"POINT(-88.964 30.21)","USMCOB-RC2287","USMCOB-RC2287-2",NA
"1131","USMCOB","Pensacola Bch.",30.315,-87.203,0.76,NA,"FL",0.84,"TL",1996-04-07,"USM",1,"USMCOB-RC22883",2026-05-05,"UTC",1996,4,7,98,00:00:00,NA,"POINT(-87.203 30.315)","USMCOB-RC22883","USMCOB-RC22883-1",NA
"1132","USMCOB","Pensacola, FL",30.333,-87.15,NA,NA,NA,NA,NA,1999-04-02,"USM",2,"USMCOB-RC22883",2026-05-05,"UTC",1999,4,2,92,00:00:00,NA,"POINT(-87.15 30.333)","USMCOB-RC22883","USMCOB-RC22883-2",NA
"1133","USMCOB","WEST END OF SHIP ISLAND",30.21,-88.964,0.62,NA,"FL",0.67,"TL",1989-07-07,"USM",1,"USMCOB-RC2291",2026-05-05,"UTC",1989,7,7,188,00:00:00,NA,"POINT(-88.964 30.21)","USMCOB-RC2291","USMCOB-RC2291-1",NA
"1134","USMCOB","E. OF GETTY RIGS,S. OF CHAND.I",29.544,-88.677,0.84,NA,"TL",NA,NA,1990-05-26,"USM",2,"USMCOB-RC2291",2026-05-05,"UTC",1990,5,26,146,00:00:00,NA,"POINT(-88.677 29.544)","USMCOB-RC2291","USMCOB-RC2291-2",NA
"1135","USMCOB","10 MI. OFF DAUPHIN ISLAND",30.095574,-88.104951,0.76,NA,"FL",0.86,"TL",1989-04-29,"USM",1,"USMCOB-RC2295",2026-05-05,"UTC",1989,4,29,119,00:00:00,NA,"POINT(-88.104951 30.095574)","USMCOB-RC2295","USMCOB-RC2295-1",NA
"1136","USMCOB","KEY WEST, FL (GULF SIDE)",24.57,-81.79,1.12,NA,"TL",NA,NA,1991-01-25,"USM",2,"USMCOB-RC2295",2026-05-05,"UTC",1991,1,25,25,00:00:00,NA,"POINT(-81.79 24.57)","USMCOB-RC2295","USMCOB-RC2295-2",NA
"1137","USMCOB","Destin",30.38,-86.5,0.84,NA,"FL",0.94,"TL",1996-04-13,"USM",1,"USMCOB-RC22954",2026-05-05,"UTC",1996,4,13,104,00:00:00,NA,"POINT(-86.5 30.38)","USMCOB-RC22954","USMCOB-RC22954-1",NA
"1138","USMCOB","Ship Shoal LA Area 253",28.384,-91.067,1.14,NA,"TL",NA,NA,1997-07-22,"USM",2,"USMCOB-RC22954",2026-05-05,"UTC",1997,7,22,203,00:00:00,NA,"POINT(-91.067 28.384)","USMCOB-RC22954","USMCOB-RC22954-2",NA
"1139","USMCOB","10 MI. SE. OF DAUPHIN ISLAND",30.140823,-87.981352,0.73,NA,"FL",0.83,"TL",1989-04-29,"USM",1,"USMCOB-RC2301",2026-05-05,"UTC",1989,4,29,119,00:00:00,NA,"POINT(-87.981352 30.140823)","USMCOB-RC2301","USMCOB-RC2301-1",NA
"1140","USMCOB","4 MI.E. OF ISLAMORADA, FL (ATL",24.924,-80.563,0.97,NA,"TL",NA,NA,1989-10-06,"USM",2,"USMCOB-RC2301",2026-05-05,"UTC",1989,10,6,279,00:00:00,NA,"POINT(-80.563 24.924)","USMCOB-RC2301","USMCOB-RC2301-2",NA
"1141","USMCOB","10 MI. SE. OF DAUPHIN ISLAND",30.140823,-87.981352,0.76,NA,"FL",0.84,"TL",1989-05-03,"USM",1,"USMCOB-RC2305",2026-05-05,"UTC",1989,5,3,123,00:00:00,NA,"POINT(-87.981352 30.140823)","USMCOB-RC2305","USMCOB-RC2305-1",NA
"1142","USMCOB","18 MI. SE. OF FORT MORGAN, AL",30.044,-87.8,0.97,NA,"TL",NA,NA,1989-07-08,"USM",2,"USMCOB-RC2305",2026-05-05,"UTC",1989,7,8,189,00:00:00,NA,"POINT(-87.8 30.044)","USMCOB-RC2305","USMCOB-RC2305-2",NA
"1143","USMCOB","Orange Beach, AL",30.267,-87.585,0.53,NA,"FL",0.58,"TL",2000-04-19,"USM",1,"USMCOB-RC23055",2026-05-05,"UTC",2000,4,19,110,00:00:00,NA,"POINT(-87.585 30.267)","USMCOB-RC23055","USMCOB-RC23055-1",NA
"1144","USMCOB","1/2 ml W P'cola Pier",30.325,-87.158,1.24,NA,"FL",NA,NA,2004-04-28,"USM",2,"USMCOB-RC23055",2026-05-05,"UTC",2004,4,28,119,00:00:00,NA,"POINT(-87.158 30.325)","USMCOB-RC23055","USMCOB-RC23055-2",0.82608351111412
"1145","USMCOB","3 Mi South of Perdido Pass AL",30.197353,-87.556655,0.79,NA,"TL",NA,NA,1996-09-13,"USM",1,"USMCOB-RC23061",2026-05-05,"UTC",1996,9,13,257,00:00:00,NA,"POINT(-87.556655 30.197353)","USMCOB-RC23061","USMCOB-RC23061-1",NA
"1146","USMCOB","6.5 mi SE of Destin, FL",30.316,-86.419,0.93,NA,"FL",NA,NA,1998-07-23,"USM",2,"USMCOB-RC23061",2026-05-05,"UTC",1998,7,23,204,00:00:00,NA,"POINT(-86.419 30.316)","USMCOB-RC23061","USMCOB-RC23061-2",NA
"1147","USMCOB","Panama City",30.212,-85.88,0.89,NA,"FL",0.97,"TL",2005-04-18,"USM",1,"USMCOB-RC23101",2026-05-05,"UTC",2005,4,18,108,00:00:00,NA,"POINT(-85.88 30.212)","USMCOB-RC23101","USMCOB-RC23101-1",NA
"1148","USMCOB","Panama City Pier  check FL",30.212,-85.88,0.99,NA,"FL",NA,NA,2005-04-19,"USM",2,"USMCOB-RC23101",2026-05-05,"UTC",2005,4,19,109,00:00:00,NA,"POINT(-85.88 30.212)","USMCOB-RC23101","USMCOB-RC23101-2",NA
"1149","USMCOB","10 MI. SE. OF DAUPHIN ISLAND",30.140823,-87.981352,0.76,NA,"FL",0.84,"TL",1989-05-03,"USM",1,"USMCOB-RC2312",2026-05-05,"UTC",1989,5,3,123,00:00:00,NA,"POINT(-87.981352 30.140823)","USMCOB-RC2312","USMCOB-RC2312-1",NA
"1150","USMCOB","EAST OF DESTIN, FL",30.383,-86.51,1.24,NA,"FL",NA,NA,1991-04-03,"USM",2,"USMCOB-RC2312",2026-05-05,"UTC",1991,4,3,93,00:00:00,NA,"POINT(-86.51 30.383)","USMCOB-RC2312","USMCOB-RC2312-2",NA
"1151","USMCOB","Destin, FL",30.38,-86.5,0.94,NA,"FL",1.02,"TL",1996-04-05,"USM",1,"USMCOB-RC23181",2026-05-05,"UTC",1996,4,5,96,00:00:00,NA,"POINT(-86.5 30.38)","USMCOB-RC23181","USMCOB-RC23181-1",NA
"1152","USMCOB","Grand Isle, LA Blk 18",29.108,-89.923,NA,NA,NA,NA,NA,1998-07-17,"USM",2,"USMCOB-RC23181",2026-05-05,"UTC",1998,7,17,198,00:00:00,NA,"POINT(-89.923 29.108)","USMCOB-RC23181","USMCOB-RC23181-2",NA
"1153","USMCOB","Ship Shoal Block 93",28.891167,-90.811167,0.71,NA,"FL",0.79,"TL",1996-05-11,"USM",1,"USMCOB-RC23230",2026-05-05,"UTC",1996,5,11,132,00:00:00,NA,"POINT(-90.811167 28.891167)","USMCOB-RC23230","USMCOB-RC23230-1",NA
"1154","USMCOB","Grand Isle,LA 2838.95 9014.00",28.649167,-90.233333,NA,NA,NA,NA,NA,1998-08-20,"USM",2,"USMCOB-RC23230",2026-05-05,"UTC",1998,8,20,232,00:00:00,NA,"POINT(-90.233333 28.649167)","USMCOB-RC23230","USMCOB-RC23230-2",NA
"1155","USMCOB","Ship Shoal Block 92 Rig 8",28.882,-90.774113,0.56,NA,"FL",0.61,"TL",1996-05-10,"USM",1,"USMCOB-RC23246",2026-05-05,"UTC",1996,5,10,131,00:00:00,NA,"POINT(-90.774113 28.882)","USMCOB-RC23246","USMCOB-RC23246-1",NA
"1156","USMCOB","Marsh Is,LA (Vermillion Bl 247",28.582,-92.363,1.22,NA,"TL",NA,NA,1998-07-07,"USM",2,"USMCOB-RC23246",2026-05-05,"UTC",1998,7,7,188,00:00:00,NA,"POINT(-92.363 28.582)","USMCOB-RC23246","USMCOB-RC23246-2",NA
"1157","USMCOB","Sea Grove Bch.,FL  E of Destin",30.316,-86.131,0.99,NA,"FL",1.07,"TL",1996-04-12,"USM",1,"USMCOB-RC23251",2026-05-05,"UTC",1996,4,12,103,00:00:00,NA,"POINT(-86.131 30.316)","USMCOB-RC23251","USMCOB-RC23251-1",NA
"1158","USMCOB","50ml W of Sanibel I., FL",26.425,-82.937,1.6,NA,"TL",NA,NA,1999-03-18,"USM",2,"USMCOB-RC23251",2026-05-05,"UTC",1999,3,18,77,00:00:00,NA,"POINT(-82.937 26.425)","USMCOB-RC23251","USMCOB-RC23251-2",NA
"1159","USMCOB","Navarre Beach, FL",30.378,-86.862,0.76,NA,"FL",0.81,"TL",1996-04-24,"USM",1,"USMCOB-RC23266",2026-05-05,"UTC",1996,4,24,115,00:00:00,NA,"POINT(-86.862 30.378)","USMCOB-RC23266","USMCOB-RC23266-1",NA
"1160","USMCOB","8 mi N of Ft. Jefferson, FL",24.74,-82.877,1.09,NA,"FL",1.18,"TL",1998-01-24,"USM",2,"USMCOB-RC23266",2026-05-05,"UTC",1998,1,24,24,00:00:00,NA,"POINT(-82.877 24.74)","USMCOB-RC23266","USMCOB-RC23266-2",NA
"1161","USMCOB","W. OF N. CHANDELEUR LIGHT, LA",30.046,-88.897,0.61,NA,"FL",0.66,"TL",1989-08-12,"USM",1,"USMCOB-RC2336",2026-05-05,"UTC",1989,8,12,224,00:00:00,NA,"POINT(-88.897 30.046)","USMCOB-RC2336","USMCOB-RC2336-1",NA
"1162","USMCOB","OFF MEXICO BEACH, FL",29.946,-85.419,1.14,NA,"TL",NA,NA,1991-05-06,"USM",2,"USMCOB-RC2336",2026-05-05,"UTC",1991,5,6,126,00:00:00,NA,"POINT(-85.419 29.946)","USMCOB-RC2336","USMCOB-RC2336-2",NA
"1163","USMCOB","GETTY RIGS",29.544,-88.677,0.71,NA,"FL",0.76,"TL",1990-08-06,"USM",1,"USMCOB-RC2339",2026-05-05,"UTC",1990,8,6,218,00:00:00,NA,"POINT(-88.677 29.544)","USMCOB-RC2339","USMCOB-RC2339-1",NA
"1164","USMCOB","45MI N OF WEST PALM BEACH, FL",27.354,-80.022,1.23,NA,"FL",NA,NA,1992-08-09,"USM",2,"USMCOB-RC2339",2026-05-05,"UTC",1992,8,9,222,00:00:00,NA,"POINT(-80.022 27.354)","USMCOB-RC2339","USMCOB-RC2339-2",NA
"1165","USMCOB","Pensacola Beach, FL",30.315,-87.203,0.94,NA,"FL",NA,NA,1997-04-20,"USM",1,"USMCOB-RC23392",2026-05-05,"UTC",1997,4,20,110,00:00:00,NA,"POINT(-87.203 30.315)","USMCOB-RC23392","USMCOB-RC23392-1",NA
"1166","USMCOB","Block 133 MP",29.382,-88.619,1.07,NA,"FL",1.17,"TL",2000-07-04,"USM",2,"USMCOB-RC23392",2026-05-05,"UTC",2000,7,4,186,00:00:00,NA,"POINT(-88.619 29.382)","USMCOB-RC23392","USMCOB-RC23392-2",NA
"1167","USMCOB","SHALLOW RIGS",29.718,-88.797,0.51,NA,"FL",0.56,"TL",1990-09-01,"USM",1,"USMCOB-RC2348",2026-05-05,"UTC",1990,9,1,244,00:00:00,NA,"POINT(-88.797 29.718)","USMCOB-RC2348","USMCOB-RC2348-1",NA
"1168","USMCOB","ATLANTIC OCEAN OFF MARATHON,FL",24.716,-81.039,1.07,NA,"FL",1.22,"TL",1992-03-31,"USM",2,"USMCOB-RC2348",2026-05-05,"UTC",1992,3,31,91,00:00:00,NA,"POINT(-81.039 24.716)","USMCOB-RC2348","USMCOB-RC2348-2",NA
"1169","USMCOB","Gulfport Ship Channel",30.349,-89.083,0.81,NA,"FL",0.9,"TL",1996-08-16,"USM",1,"USMCOB-RC23492",2026-05-05,"UTC",1996,8,16,229,00:00:00,NA,"POINT(-89.083 30.349)","USMCOB-RC23492","USMCOB-RC23492-1",NA
"1170","USMCOB","Farewell Buoy, Petit BoisI MS",30.215,-88.791,1.12,NA,"TL",NA,NA,1997-10-03,"USM",2,"USMCOB-RC23492",2026-05-05,"UTC",1997,10,3,276,00:00:00,NA,"POINT(-88.791 30.215)","USMCOB-RC23492","USMCOB-RC23492-2",NA
"1171","USMCOB","W. Delta/Tiger Pass, LA",29.1519,-89.399,0.66,NA,"FL",NA,NA,1998-06-30,"USM",1,"USMCOB-RC23703",2026-05-05,"UTC",1998,6,30,181,00:00:00,NA,"POINT(-89.399 29.1519)","USMCOB-RC23703","USMCOB-RC23703-1",NA
"1172","USMCOB","Grand Isle - Exxon GI17So",29.108,-89.97,NA,NA,NA,NA,NA,1998-08-04,"USM",2,"USMCOB-RC23703",2026-05-05,"UTC",1998,8,4,216,00:00:00,NA,"POINT(-89.97 29.108)","USMCOB-RC23703","USMCOB-RC23703-2",NA
"1173","USMCOB","12278.6 / 47019.6",29.98167,-88.825,0.64,NA,"FL",0.69,"TL",1989-09-02,"USM",1,"USMCOB-RC2400",2026-05-05,"UTC",1989,9,2,245,00:00:00,NA,"POINT(-88.825 29.98167)","USMCOB-RC2400","USMCOB-RC2400-1",NA
"1174","USMCOB","DRY TORTUGAS, OFF KEY WEST",24.654,-82.858,0.72,NA,"FL",0.8,"TL",1989-12-15,"USM",2,"USMCOB-RC2400",2026-05-05,"UTC",1989,12,15,349,00:00:00,NA,"POINT(-82.858 24.654)","USMCOB-RC2400","USMCOB-RC2400-2",NA
"1175","USMCOB","Pensacola Beach, FL",30.315,-87.203,0.99,NA,"FL",1.07,"TL",1996-05-01,"USM",1,"USMCOB-RC24092",2026-05-05,"UTC",1996,5,1,122,00:00:00,NA,"POINT(-87.203 30.315)","USMCOB-RC24092","USMCOB-RC24092-1",NA
"1176","USMCOB","between Navarre and Ft. Walton",30.387,-86.758,NA,NA,NA,NA,NA,2000-04-21,"USM",2,"USMCOB-RC24092",2026-05-05,"UTC",2000,4,21,112,00:00:00,NA,"POINT(-86.758 30.387)","USMCOB-RC24092","USMCOB-RC24092-2",NA
"1177","USMCOB","North end Chandelier Island",30.043,-88.878,0.83,NA,"FL",0.93,"TL",1996-05-03,"USM",1,"USMCOB-RC24172",2026-05-05,"UTC",1996,5,3,124,00:00:00,NA,"POINT(-88.878 30.043)","USMCOB-RC24172","USMCOB-RC24172-1",NA
"1178","USMCOB","Horn Island",30.237,-88.686,1.04,NA,"TL",NA,NA,1998-04-21,"USM",2,"USMCOB-RC24172",2026-05-05,"UTC",1998,4,21,111,00:00:00,NA,"POINT(-88.686 30.237)","USMCOB-RC24172","USMCOB-RC24172-2",NA
"1179","USMCOB","North end Chandelier Island",30.043,-88.878,0.62,NA,"FL",0.7,"TL",1996-05-04,"USM",1,"USMCOB-RC24325",2026-05-05,"UTC",1996,5,4,125,00:00:00,NA,"POINT(-88.878 30.043)","USMCOB-RC24325","USMCOB-RC24325-1",NA
"1180","USMCOB","Biosca 114 33 Mi. S. of Pascag",29.869,-88.403,0.97,NA,"TL",NA,NA,1997-08-15,"USM",2,"USMCOB-RC24325",2026-05-05,"UTC",1997,8,15,227,00:00:00,NA,"POINT(-88.403 29.869)","USMCOB-RC24325","USMCOB-RC24325-2",NA
"1181","USMCOB","Keaton Beach, FL - 2 mi. off",29.8173,-83.5922,0.76,NA,"TL",NA,NA,2025-04-18,"USM",2,"USMCOB-RC24332",2026-05-05,"UTC",2025,4,18,108,00:00:00,NA,"POINT(-83.5922 29.8173)","USMCOB-RC24332","USMCOB-RC24332-2",NA
"1182","USMCOB","FAREWELL BUOY,DOG KEYS PASS,MS",30.215,-88.791,0.65,NA,"FL",NA,NA,1991-08-01,"USM",1,"USMCOB-RC2452",2026-05-05,"UTC",1991,8,1,213,00:00:00,NA,"POINT(-88.791 30.215)","USMCOB-RC2452","USMCOB-RC2452-1",NA
"1183","USMCOB","MONKEY BAYOU, S. CHAND. IS.,LA",29.718,-88.797,0.91,NA,"FL",0.99,"TL",1992-06-12,"USM",2,"USMCOB-RC2452",2026-05-05,"UTC",1992,6,12,164,00:00:00,NA,"POINT(-88.797 29.718)","USMCOB-RC2452","USMCOB-RC2452-2",NA
"1184","USMCOB","16 Mi. S. of Horn I Pass",29.96,-88.6,0.74,NA,"FL",NA,NA,1997-08-24,"USM",1,"USMCOB-RC24802",2026-05-05,"UTC",1997,8,24,236,00:00:00,NA,"POINT(-88.6 29.96)","USMCOB-RC24802","USMCOB-RC24802-1",NA
"1185","USMCOB","off Mobile, AL",30.428,-88.015,NA,NA,NA,NA,NA,2000-04-13,"USM",2,"USMCOB-RC24802",2026-05-05,"UTC",2000,4,13,104,00:00:00,NA,"POINT(-88.015 30.428)","USMCOB-RC24802","USMCOB-RC24802-2",NA
"1186","USMCOB","GAS WELLS OFF PETIT BOIS IS.MS",30.115,-88.45,0.71,NA,"FL",0.76,"TL",1989-04-28,"USM",1,"USMCOB-RC2495",2026-05-05,"UTC",1989,4,28,118,00:00:00,NA,"POINT(-88.45 30.115)","USMCOB-RC2495","USMCOB-RC2495-1",NA
"1187","USMCOB","SSW.OF DAUPHIN I. LT. HOUSE,AL",30.144,-88.065,0.97,NA,"TL",NA,NA,1989-09-08,"USM",2,"USMCOB-RC2495",2026-05-05,"UTC",1989,9,8,251,00:00:00,NA,"POINT(-88.065 30.144)","USMCOB-RC2495","USMCOB-RC2495-2",NA
"1188","USMCOB","28.58.15 89.57.51",28.970833,-89.964167,0.71,NA,"TL",NA,NA,1997-11-09,"USM",1,"USMCOB-RC25015",2026-05-05,"UTC",1997,11,9,313,00:00:00,NA,"POINT(-89.964167 28.970833)","USMCOB-RC25015","USMCOB-RC25015-1",NA
"1189","USMCOB","28250, 46783 Grand Is. LA",28.85,-90.28,0.76,NA,"TL",NA,NA,1998-01-18,"USM",2,"USMCOB-RC25015",2026-05-05,"UTC",1998,1,18,18,00:00:00,NA,"POINT(-90.28 28.85)","USMCOB-RC25015","USMCOB-RC25015-2",NA
"1190","USMCOB","Gulf Wreck of Chris, FL",24.5,-81.6,0.79,NA,"FL",0.89,"TL",1996-12-30,"USM",1,"USMCOB-RC25056",2026-05-05,"UTC",1996,12,30,365,00:00:00,NA,"POINT(-81.6 24.5)","USMCOB-RC25056","USMCOB-RC25056-1",NA
"1191","USMCOB","Wreck of Gardner Keys FL",24.5,-81.6,0.81,NA,"FL",0.89,"TL",1996-12-24,"USM",1,"USMCOB-RC25073",2026-05-05,"UTC",1996,12,24,359,00:00:00,NA,"POINT(-81.6 24.5)","USMCOB-RC25073","USMCOB-RC25073-1",NA
"1192","USMCOB","27400 47030",30.025,-88.62333,NA,NA,NA,NA,NA,1998-06-23,"USM",2,"USMCOB-RC25073",2026-05-05,"UTC",1998,6,23,174,00:00:00,NA,"POINT(-88.62333 30.025)","USMCOB-RC25073","USMCOB-RC25073-2",NA
"1193","USMCOB","Wreck of Gardner Key West FL",24.5,-81.6,0.81,NA,"FL",0.89,"TL",1996-12-31,"USM",1,"USMCOB-RC25078",2026-05-05,"UTC",1996,12,31,366,00:00:00,NA,"POINT(-81.6 24.5)","USMCOB-RC25078","USMCOB-RC25078-1",NA
"1194","USMCOB","Panama City, FL",30.212,-85.88,0.99,NA,"FL",1.09,"TL",1998-04-21,"USM",2,"USMCOB-RC25078",2026-05-05,"UTC",1998,4,21,111,00:00:00,NA,"POINT(-85.88 30.212)","USMCOB-RC25078","USMCOB-RC25078-2",NA
"1195","USMCOB","Wreck of The Miss Too Nicey FL",24.5,-81.6,0.71,NA,"FL",0.81,"TL",1996-12-12,"USM",1,"USMCOB-RC25098",2026-05-05,"UTC",1996,12,12,347,00:00:00,NA,"POINT(-81.6 24.5)","USMCOB-RC25098","USMCOB-RC25098-1",NA
"1196","USMCOB","Panama City, FL",30.212,-85.88,0.97,NA,"FL",1.04,"TL",1997-04-25,"USM",2,"USMCOB-RC25098",2026-05-05,"UTC",1997,4,25,115,00:00:00,NA,"POINT(-85.88 30.212)","USMCOB-RC25098","USMCOB-RC25098-2",NA
"1197","USMCOB","INTERCOASTAL WW., MS  BUOY #15",30.163,-88.969,0.66,NA,"FL",0.71,"TL",1991-08-17,"USM",1,"USMCOB-RC2511",2026-05-05,"UTC",1991,8,17,229,00:00:00,NA,"POINT(-88.969 30.163)","USMCOB-RC2511","USMCOB-RC2511-1",NA
"1198","USMCOB","65MI. OFF INTERCOASTAL CITY,LA",28.833,-92.44,1.09,NA,"TL",NA,NA,1993-08-11,"USM",2,"USMCOB-RC2511",2026-05-05,"UTC",1993,8,11,223,00:00:00,NA,"POINT(-92.44 28.833)","USMCOB-RC2511","USMCOB-RC2511-2",NA
"1199","USMCOB","Key West Harbor FL",24.563,-81.726,0.79,NA,"FL",0.89,"TL",1997-02-14,"USM",1,"USMCOB-RC25112",2026-05-05,"UTC",1997,2,14,45,00:00:00,NA,"POINT(-81.726 24.563)","USMCOB-RC25112","USMCOB-RC25112-1",NA
"1200","USMCOB","Key West Harbor",24.563,-81.726,1.17,NA,"TL",NA,NA,1997-03-25,"USM",2,"USMCOB-RC25112",2026-05-05,"UTC",1997,3,25,84,00:00:00,NA,"POINT(-81.726 24.563)","USMCOB-RC25112","USMCOB-RC25112-2",NA
"1201","USMCOB","Key West Harbor",24.563,-81.726,0.77,NA,"FL",0.85,"TL",1997-03-11,"USM",1,"USMCOB-RC25117",2026-05-05,"UTC",1997,3,11,70,00:00:00,NA,"POINT(-81.726 24.563)","USMCOB-RC25117","USMCOB-RC25117-1",NA
"1202","USMCOB","Key West Harbor, FL",24.563,-81.726,0.86,NA,"TL",NA,NA,1997-03-26,"USM",2,"USMCOB-RC25117",2026-05-05,"UTC",1997,3,26,85,00:00:00,NA,"POINT(-81.726 24.563)","USMCOB-RC25117","USMCOB-RC25117-2",NA
"1203","USMCOB","Wreck of Miss Too Nicey",24.5,-81.6,0.74,NA,"FL",0.84,"TL",1997-04-22,"USM",1,"USMCOB-RC25129",2026-05-05,"UTC",1997,4,22,112,00:00:00,NA,"POINT(-81.6 24.5)","USMCOB-RC25129","USMCOB-RC25129-1",NA
"1204","USMCOB","CAPE CANAVERAL, FL",28.391,-80.594,0.58,NA,"TL",NA,NA,1997-05-27,"USM",1,"USMCOB-RC25137",2026-05-05,"UTC",1997,5,27,147,00:00:00,NA,"POINT(-80.594 28.391)","USMCOB-RC25137","USMCOB-RC25137-1",NA
"1205","USMCOB","CAPE CANAVERAL, FL",28.391,-80.594,0.61,NA,"TL",NA,NA,1997-07-03,"USM",2,"USMCOB-RC25137",2026-05-05,"UTC",1997,7,3,184,00:00:00,NA,"POINT(-80.594 28.391)","USMCOB-RC25137","USMCOB-RC25137-2",NA
"1206","USMCOB","CAPE CANAVERAL, FL",28.391,-80.594,0.58,NA,"TL",NA,NA,1997-05-27,"USM",1,"USMCOB-RC25139",2026-05-05,"UTC",1997,5,27,147,00:00:00,NA,"POINT(-80.594 28.391)","USMCOB-RC25139","USMCOB-RC25139-1",NA
"1207","USMCOB","PORT CANAVERAL, FL",28.41,-80.584,0.48,NA,"TL",NA,NA,1997-06-19,"USM",2,"USMCOB-RC25139",2026-05-05,"UTC",1997,6,19,170,00:00:00,NA,"POINT(-80.584 28.41)","USMCOB-RC25139","USMCOB-RC25139-2",NA
"1208","USMCOB","28-52.30 90-50.95",28.871667,-90.849167,0.76,NA,"FL",0.84,"TL",1997-05-16,"USM",1,"USMCOB-RC25178",2026-05-05,"UTC",1997,5,16,136,00:00:00,NA,"POINT(-90.849167 28.871667)","USMCOB-RC25178","USMCOB-RC25178-1",NA
"1209","USMCOB","50mi off Intracoastal, LA",29.051,-92.402,0.84,NA,"FL",NA,NA,1997-07-28,"USM",2,"USMCOB-RC25178",2026-05-05,"UTC",1997,7,28,209,00:00:00,NA,"POINT(-92.402 29.051)","USMCOB-RC25178","USMCOB-RC25178-2",NA
"1210","USMCOB","OFF BRANTON BEACH, FL",27.4673,-82.71,0.69,NA,"FL",0.79,"TL",1990-08-05,"USM",1,"USMCOB-RC2519",2026-05-05,"UTC",1990,8,5,217,00:00:00,NA,"POINT(-82.71 27.4673)","USMCOB-RC2519","USMCOB-RC2519-1",NA
"1211","USMCOB","ST.ANDREWS PASS, PANAMA CTY,FL",30.12,-85.731,0.94,NA,"FL",NA,NA,1991-08-28,"USM",2,"USMCOB-RC2519",2026-05-05,"UTC",1991,8,28,240,00:00:00,NA,"POINT(-85.731 30.12)","USMCOB-RC2519","USMCOB-RC2519-2",NA
"1212","USMCOB","Cat Island",30.225,-89.092,0.8,NA,"FL",0.91,"TL",1997-08-22,"USM",1,"USMCOB-RC25192",2026-05-05,"UTC",1997,8,22,234,00:00:00,NA,"POINT(-89.092 30.225)","USMCOB-RC25192","USMCOB-RC25192-1",NA
"1213","USMCOB","Gpt Ship Channel, MS",30.349,-89.083,0.99,NA,"TL",NA,NA,1998-09-25,"USM",2,"USMCOB-RC25192",2026-05-05,"UTC",1998,9,25,268,00:00:00,NA,"POINT(-89.083 30.349)","USMCOB-RC25192","USMCOB-RC25192-2",NA
"1214","USMCOB","OFF DESTIN, FLORIDA",30.38,-86.5,0.69,NA,"FL",0.84,"TL",1990-07-18,"USM",1,"USMCOB-RC2520",2026-05-05,"UTC",1990,7,18,199,00:00:00,NA,"POINT(-86.5 30.38)","USMCOB-RC2520","USMCOB-RC2520-1",NA
"1215","USMCOB","KEY WEST, FL  (GULF SIDE)",24.57,-81.79,0.89,NA,"FL",NA,NA,1991-03-14,"USM",2,"USMCOB-RC2520",2026-05-05,"UTC",1991,3,14,73,00:00:00,NA,"POINT(-81.79 24.57)","USMCOB-RC2520","USMCOB-RC2520-2",NA
"1216","USMCOB","10 mls E Pt Canaveral, date&TL = E",28.409,-80.419641,0.64,NA,"FL",NA,NA,2006-04-01,"USM",1,"USMCOB-RC25214",2026-05-05,"UTC",2006,4,1,91,00:00:00,NA,"POINT(-80.419641 28.409)","USMCOB-RC25214","USMCOB-RC25214-1",1.78150302171707
"1217","USMCOB","Chesapeake Bay, Hampton, DO=E",37.012,-76.339,0.91,NA,"TL",NA,NA,2007-06-16,"USM",2,"USMCOB-RC25214",2026-05-05,"UTC",2007,6,16,167,00:00:00,NA,"POINT(-76.339 37.012)","USMCOB-RC25214","USMCOB-RC25214-2",NA
"1218","USMCOB","W. of the Gardmen",24.6,-82.9,0.72,NA,"FL",0.76,"TL",1997-07-28,"USM",1,"USMCOB-RC25242",2026-05-05,"UTC",1997,7,28,209,00:00:00,NA,"POINT(-82.9 24.6)","USMCOB-RC25242","USMCOB-RC25242-1",NA
"1219","USMCOB","30 04.900  87 54.000",30.081667,-87.9,0.86,NA,"FL",0.94,"TL",1998-07-13,"USM",1,"USMCOB-RC25269",2026-05-05,"UTC",1998,7,13,194,00:00:00,NA,"POINT(-87.9 30.081667)","USMCOB-RC25269","USMCOB-RC25269-1",NA
"1220","USMCOB","47035.0 12600.0",30.04333,-88.29333,0.97,NA,"FL",1.07,"TL",1998-11-02,"USM",2,"USMCOB-RC25269",2026-05-05,"UTC",1998,11,2,306,00:00:00,NA,"POINT(-88.29333 30.04333)","USMCOB-RC25269","USMCOB-RC25269-2",NA
"1221","USMCOB","10 Mi N of Key West FL",24.709,-81.787,0.77,NA,"FL",0.86,"TL",1997-02-24,"USM",1,"USMCOB-RC25272",2026-05-05,"UTC",1997,2,24,55,00:00:00,NA,"POINT(-81.787 24.709)","USMCOB-RC25272","USMCOB-RC25272-1",NA
"1222","USMCOB","Key West, FL",24.563,-81.726,0.77,NA,"FL",0.86,"TL",1997-03-02,"USM",2,"USMCOB-RC25272",2026-05-05,"UTC",1997,3,2,61,00:00:00,NA,"POINT(-81.726 24.563)","USMCOB-RC25272","USMCOB-RC25272-2",NA
"1223","USMCOB","Smith Shoal",24.69,-82.9,0.72,NA,"FL",0.83,"TL",1998-12-25,"USM",1,"USMCOB-RC25278",2026-05-05,"UTC",1998,12,25,359,00:00:00,NA,"POINT(-82.9 24.69)","USMCOB-RC25278","USMCOB-RC25278-1",NA
"1224","USMCOB","Key West, FL",24.563,-81.726,0.75,NA,"FL",0.84,"TL",2000-01-20,"USM",2,"USMCOB-RC25278",2026-05-05,"UTC",2000,1,20,20,00:00:00,NA,"POINT(-81.726 24.563)","USMCOB-RC25278","USMCOB-RC25278-2",NA
"1225","USMCOB","MAIN PASS 92-6  (RIG)",29.632,-88.846,0.71,NA,"FL",0.79,"TL",1989-06-16,"USM",1,"USMCOB-RC2546",2026-05-05,"UTC",1989,6,16,167,00:00:00,NA,"POINT(-88.846 29.632)","USMCOB-RC2546","USMCOB-RC2546-1",NA
"1226","USMCOB","OFF FOUCHON,LA.(W. OF MIS. R.)",29.095,-90.194,0.91,NA,"FL",NA,NA,1990-01-15,"USM",2,"USMCOB-RC2546",2026-05-05,"UTC",1990,1,15,15,00:00:00,NA,"POINT(-90.194 29.095)","USMCOB-RC2546","USMCOB-RC2546-2",NA
"1227","USMCOB","3 Rig South Horn Is. Pass",30.083,-88.496,0.56,NA,"FL",0.61,"TL",1998-05-21,"USM",1,"USMCOB-RC25471",2026-05-05,"UTC",1998,5,21,141,00:00:00,NA,"POINT(-88.496 30.083)","USMCOB-RC25471","USMCOB-RC25471-1",NA
"1228","USMCOB","VK69",29.926,-88.479,0.76,NA,"FL",0.81,"TL",1999-03-10,"USM",2,"USMCOB-RC25471",2026-05-05,"UTC",1999,3,10,69,00:00:00,NA,"POINT(-88.479 29.926)","USMCOB-RC25471","USMCOB-RC25471-2",NA
"1229","USMCOB","Buoy 21 Gfpt Ship Channel",30.189,-88.99,0.28,NA,"FL",0.3,"TL",1996-09-06,"USM",1,"USMCOB-RC25501",2026-05-05,"UTC",1996,9,6,250,00:00:00,NA,"POINT(-88.99 30.189)","USMCOB-RC25501","USMCOB-RC25501-1",NA
"1230","USMCOB","Buoy 21 GFPT Ship Channel",30.189,-88.99,NA,NA,NA,NA,NA,1996-09-12,"USM",2,"USMCOB-RC25501",2026-05-05,"UTC",1996,9,12,256,00:00:00,NA,"POINT(-88.99 30.189)","USMCOB-RC25501","USMCOB-RC25501-2",NA
"1231","USMCOB","24 Mi. SW Marco Island FL",25.68,-82.01,0.76,NA,"FL",0.84,"TL",1997-10-29,"USM",1,"USMCOB-RC25598",2026-05-05,"UTC",1997,10,29,302,00:00:00,NA,"POINT(-82.01 25.68)","USMCOB-RC25598","USMCOB-RC25598-1",NA
"1232","USMCOB","off Pensacola, FL",30.333,-87.15,NA,NA,NA,NA,NA,1999-04-21,"USM",2,"USMCOB-RC25598",2026-05-05,"UTC",1999,4,21,111,00:00:00,NA,"POINT(-87.15 30.333)","USMCOB-RC25598","USMCOB-RC25598-2",NA
"1233","USMCOB","MONKEY BAYOU RIGS",29.718,-88.797,0.66,NA,"FL",0.74,"TL",1989-07-15,"USM",1,"USMCOB-RC2569",2026-05-05,"UTC",1989,7,15,196,00:00:00,NA,"POINT(-88.797 29.718)","USMCOB-RC2569","USMCOB-RC2569-1",NA
"1234","USMCOB","OFF MARATHON, FLA (ATL. OCEAN)",24.713,-81.065,0.81,NA,"FL",NA,NA,1990-01-21,"USM",2,"USMCOB-RC2569",2026-05-05,"UTC",1990,1,21,21,00:00:00,NA,"POINT(-81.065 24.713)","USMCOB-RC2569","USMCOB-RC2569-2",NA
"1235","USMCOB","27 Mi SW Marco Island, FL",25.645,-82.032,0.81,NA,"FL",0.91,"TL",1996-11-06,"USM",1,"USMCOB-RC25705",2026-05-05,"UTC",1996,11,6,311,00:00:00,NA,"POINT(-82.032 25.645)","USMCOB-RC25705","USMCOB-RC25705-1",NA
"1236","USMCOB","22 mi SW Marco Island, FL",25.703,-81.982,0.91,NA,"FL",NA,NA,1997-03-29,"USM",2,"USMCOB-RC25705",2026-05-05,"UTC",1997,3,29,88,00:00:00,NA,"POINT(-81.982 25.703)","USMCOB-RC25705","USMCOB-RC25705-2",NA
"1237","USMCOB","24 Mi SW Marco Island, FL",25.68,-82.01,0.79,NA,"FL",0.86,"TL",1996-11-06,"USM",1,"USMCOB-RC25708",2026-05-05,"UTC",1996,11,6,311,00:00:00,NA,"POINT(-82.01 25.68)","USMCOB-RC25708","USMCOB-RC25708-1",NA
"1238","USMCOB","Marco Island, FL",25.93,-81.74,0.97,NA,"TL",NA,NA,1997-05-30,"USM",2,"USMCOB-RC25708",2026-05-05,"UTC",1997,5,30,150,00:00:00,NA,"POINT(-81.74 25.93)","USMCOB-RC25708","USMCOB-RC25708-2",NA
"1239","USMCOB","24 Mi SW Marco Island, FL",25.68,-82.01,0.74,NA,"FL",0.81,"TL",1996-11-06,"USM",1,"USMCOB-RC25732",2026-05-05,"UTC",1996,11,6,311,00:00:00,NA,"POINT(-82.01 25.68)","USMCOB-RC25732","USMCOB-RC25732-1",NA
"1240","USMCOB","24-41.0 81-53.0 Keys FL",24.683333,-81.883333,0.76,NA,"FL",NA,NA,1997-03-06,"USM",2,"USMCOB-RC25732",2026-05-05,"UTC",1997,3,6,65,00:00:00,NA,"POINT(-81.883333 24.683333)","USMCOB-RC25732","USMCOB-RC25732-2",NA
"1241","USMCOB","21 Mi SW Marco Island, FL",25.720987,-81.985356,0.69,NA,"FL",0.74,"TL",1996-11-24,"USM",1,"USMCOB-RC25739",2026-05-05,"UTC",1996,11,24,329,00:00:00,NA,"POINT(-81.985356 25.720987)","USMCOB-RC25739","USMCOB-RC25739-1",NA
"1242","USMCOB","25 mi. off Marco Island",25.565,-81.734233,NA,NA,NA,NA,NA,1997-10-01,"USM",2,"USMCOB-RC25739",2026-05-05,"UTC",1997,10,1,274,00:00:00,NA,"POINT(-81.734233 25.565)","USMCOB-RC25739","USMCOB-RC25739-2",NA
"1243","USMCOB","Ship Shoal Blk 134",28.766582,-91.016728,0.86,NA,"FL",0.97,"TL",1998-07-07,"USM",1,"USMCOB-RC25834",2026-05-05,"UTC",1998,7,7,188,00:00:00,NA,"POINT(-91.016728 28.766582)","USMCOB-RC25834","USMCOB-RC25834-1",NA
"1244","USMCOB","Ship Shoal Blk 91",28.922,-90.774,1.09,NA,"TL",NA,NA,1998-10-11,"USM",2,"USMCOB-RC25834",2026-05-05,"UTC",1998,10,11,284,00:00:00,NA,"POINT(-90.774 28.922)","USMCOB-RC25834","USMCOB-RC25834-2",NA
"1245","USMCOB","Ship Shoal Blk 134",28.766582,-91.016728,0.84,NA,"FL",0.91,"TL",1998-07-07,"USM",1,"USMCOB-RC25836",2026-05-05,"UTC",1998,7,7,188,00:00:00,NA,"POINT(-91.016728 28.766582)","USMCOB-RC25836","USMCOB-RC25836-1",NA
"1246","USMCOB","South Marsh Island 288",29,-91.867,1.04,NA,"TL",NA,NA,1998-10-10,"USM",2,"USMCOB-RC25836",2026-05-05,"UTC",1998,10,10,283,00:00:00,NA,"POINT(-91.867 29.0)","USMCOB-RC25836","USMCOB-RC25836-2",NA
"1247","USMCOB","Getty Rigs, S of Chandele",29.544,-88.677,0.64,NA,"FL",0.76,"TL",1998-07-17,"USM",1,"USMCOB-RC25885",2026-05-05,"UTC",1998,7,17,198,00:00:00,NA,"POINT(-88.677 29.544)","USMCOB-RC25885","USMCOB-RC25885-1",NA
"1248","USMCOB","ShallowField, Curlew RigE",29.643,-88.859,0.89,NA,"TL",NA,NA,1998-07-18,"USM",2,"USMCOB-RC25885",2026-05-05,"UTC",1998,7,18,199,00:00:00,NA,"POINT(-88.859 29.643)","USMCOB-RC25885","USMCOB-RC25885-2",NA
"1249","USMCOB","21 Mi SW of Marco Island FL",25.720987,-81.985356,0.69,NA,"FL",0.76,"TL",1996-08-13,"USM",1,"USMCOB-RC25895",2026-05-05,"UTC",1996,8,13,226,00:00:00,NA,"POINT(-81.985356 25.720987)","USMCOB-RC25895","USMCOB-RC25895-1",NA
"1250","USMCOB","32 miles off Mexico Beach FL",29.587,-85.76,NA,NA,NA,NA,NA,1997-07-13,"USM",2,"USMCOB-RC25895",2026-05-05,"UTC",1997,7,13,194,00:00:00,NA,"POINT(-85.76 29.587)","USMCOB-RC25895","USMCOB-RC25895-2",NA
"1251","USMCOB","12442.0  47023.0",29.99667,-88.55333,0.74,NA,"FL",0.79,"TL",1997-06-28,"USM",1,"USMCOB-RC25908",2026-05-05,"UTC",1997,6,28,179,00:00:00,NA,"POINT(-88.55333 29.99667)","USMCOB-RC25908","USMCOB-RC25908-1",NA
"1252","USMCOB","25 Mi SW Terrebonne Bay, LA",28.964,-90.947,0.64,NA,"FL",0.69,"TL",1996-10-28,"USM",1,"USMCOB-RC25922",2026-05-05,"UTC",1996,10,28,302,00:00:00,NA,"POINT(-90.947 28.964)","USMCOB-RC25922","USMCOB-RC25922-1",NA
"1253","USMCOB","60 Mi. off Franklin, LA",28.936,-91.958,0.88,NA,"FL",1,"TL",1998-08-01,"USM",2,"USMCOB-RC25922",2026-05-05,"UTC",1998,8,1,213,00:00:00,NA,"POINT(-91.958 28.936)","USMCOB-RC25922","USMCOB-RC25922-2",NA
"1254","USMCOB","South Timbilier Block 99",28.689,-90.726,0.56,NA,"FL",0.61,"TL",1996-08-16,"USM",1,"USMCOB-RC25949",2026-05-05,"UTC",1996,8,16,229,00:00:00,NA,"POINT(-90.726 28.689)","USMCOB-RC25949","USMCOB-RC25949-1",NA
"1255","USMCOB","South Timbilier Block 10",29.022,-90.575,0.95,NA,"FL",NA,NA,1997-09-13,"USM",2,"USMCOB-RC25949",2026-05-05,"UTC",1997,9,13,256,00:00:00,NA,"POINT(-90.575 29.022)","USMCOB-RC25949","USMCOB-RC25949-2",NA
"1256","USMCOB","Pensacola Beach",30.315,-87.203,0.94,NA,"FL",1.04,"TL",1997-04-29,"USM",1,"USMCOB-RC26136",2026-05-05,"UTC",1997,4,29,119,00:00:00,NA,"POINT(-87.203 30.315)","USMCOB-RC26136","USMCOB-RC26136-1",NA
"1257","USMCOB","Rig CD-CA-38A-MS(fed.wat)",29.746,-88.474,1.04,NA,"TL",NA,NA,1997-05-29,"USM",2,"USMCOB-RC26136",2026-05-05,"UTC",1997,5,29,149,00:00:00,NA,"POINT(-88.474 29.746)","USMCOB-RC26136","USMCOB-RC26136-2",NA
"1258","USMCOB","N. END OF CHANDELEUR ISLANDS",30.043,-88.878,0.79,NA,"FL",0.84,"TL",1991-05-12,"USM",1,"USMCOB-RC2637",2026-05-05,"UTC",1991,5,12,132,00:00:00,NA,"POINT(-88.878 30.043)","USMCOB-RC2637","USMCOB-RC2637-1",NA
"1259","USMCOB","17 MI. OFF DESTIN, FL",30.1355,-86.494,0.94,NA,"FL",NA,NA,1991-11-06,"USM",2,"USMCOB-RC2637",2026-05-05,"UTC",1991,11,6,310,00:00:00,NA,"POINT(-86.494 30.1355)","USMCOB-RC2637","USMCOB-RC2637-2",NA
"1260","USMCOB","15 Mi W Destin, FL",30.380147,-86.742983,0.81,NA,"FL",0.91,"TL",1997-04-21,"USM",1,"USMCOB-RC26542",2026-05-05,"UTC",1997,4,21,111,00:00:00,NA,"POINT(-86.742983 30.380147)","USMCOB-RC26542","USMCOB-RC26542-1",NA
"1261","USMCOB","10 mi NW of Key West FL",24.646,-81.929,0.91,NA,"FL",1.04,"TL",1998-01-24,"USM",2,"USMCOB-RC26542",2026-05-05,"UTC",1998,1,24,24,00:00:00,NA,"POINT(-81.929 24.646)","USMCOB-RC26542","USMCOB-RC26542-2",NA
"1262","USMCOB","1 Mi E Destin, FL",30.38,-86.5,0.79,NA,"FL",0.89,"TL",1997-05-06,"USM",1,"USMCOB-RC26544",2026-05-05,"UTC",1997,5,6,126,00:00:00,NA,"POINT(-86.5 30.38)","USMCOB-RC26544","USMCOB-RC26544-1",NA
"1263","USMCOB","Lamark Reef E CarabelleFL",29.849,-84.611,0.81,NA,"FL",NA,NA,1997-06-01,"USM",2,"USMCOB-RC26544",2026-05-05,"UTC",1997,6,1,152,00:00:00,NA,"POINT(-84.611 29.849)","USMCOB-RC26544","USMCOB-RC26544-2",NA
"1264","USMCOB","Destin, FL",30.38,-86.5,0.51,NA,"FL",0.56,"TL",1999-05-03,"USM",1,"USMCOB-RC26578",2026-05-05,"UTC",1999,5,3,123,00:00:00,NA,"POINT(-86.5 30.38)","USMCOB-RC26578","USMCOB-RC26578-1",NA
"1265","USMCOB","Ft. Walton, FL         **",30.395,-86.616,1.02,NA,"FL",NA,NA,2000-04-22,"USM",2,"USMCOB-RC26578",2026-05-05,"UTC",2000,4,22,113,00:00:00,NA,"POINT(-86.616 30.395)","USMCOB-RC26578","USMCOB-RC26578-2",NA
"1266","USMCOB","Navarre Pier",30.378,-86.862,0.89,NA,"FL",0.94,"TL",1997-03-18,"USM",1,"USMCOB-RC26581",2026-05-05,"UTC",1997,3,18,77,00:00:00,NA,"POINT(-86.862 30.378)","USMCOB-RC26581","USMCOB-RC26581-1",NA
"1267","USMCOB","Port Aransas, Tx",27.836,-97.043,0.94,NA,"TL",NA,NA,1997-05-18,"USM",2,"USMCOB-RC26581",2026-05-05,"UTC",1997,5,18,138,00:00:00,NA,"POINT(-97.043 27.836)","USMCOB-RC26581","USMCOB-RC26581-2",NA
"1268","USMCOB","5 Mi. S. Perdido Pass",30.197353,-87.556655,0.62,NA,"TL",NA,NA,1997-08-24,"USM",1,"USMCOB-RC26759",2026-05-05,"UTC",1997,8,24,236,00:00:00,NA,"POINT(-87.556655 30.197353)","USMCOB-RC26759","USMCOB-RC26759-1",NA
"1269","USMCOB","Eugene I., LA, Block 258",28.472,-91.4,0.97,NA,"FL",NA,NA,1999-05-14,"USM",2,"USMCOB-RC26759",2026-05-05,"UTC",1999,5,14,134,00:00:00,NA,"POINT(-91.4 28.472)","USMCOB-RC26759","USMCOB-RC26759-2",NA
"1270","USMCOB","30.02.29N 85.58.11W",30.038167,-85.9685,0.57,NA,"FL",0.61,"TL",2000-08-06,"USM",1,"USMCOB-RC26808",2026-05-05,"UTC",2000,8,6,219,00:00:00,NA,"POINT(-85.9685 30.038167)","USMCOB-RC26808","USMCOB-RC26808-1",NA
"1271","USMCOB","Jupiter, FL",26.944,-80.07,0.94,NA,"TL",NA,NA,2002-05-03,"USM",2,"USMCOB-RC26808",2026-05-05,"UTC",2002,5,3,123,00:00:00,NA,"POINT(-80.07 26.944)","USMCOB-RC26808","USMCOB-RC26808-2",NA
"1272","USMCOB","Gport-Ship I Chan. #41",30.276,-89.021,0.84,NA,"FL",0.94,"TL",1997-08-12,"USM",1,"USMCOB-RC26912",2026-05-05,"UTC",1997,8,12,224,00:00:00,NA,"POINT(-89.021 30.276)","USMCOB-RC26912","USMCOB-RC26912-1",NA
"1273","USMCOB","Gulfport channel mark 39",30.268,-89.014,0.85,NA,"FL",NA,NA,1997-09-14,"USM",2,"USMCOB-RC26912",2026-05-05,"UTC",1997,9,14,257,00:00:00,NA,"POINT(-89.014 30.268)","USMCOB-RC26912","USMCOB-RC26912-2",NA
"1274","USMCOB","DEEP BARGES S. OF HORN ISL.,MS",30.16,-88.75,0.56,NA,"FL",NA,NA,1989-09-08,"USM",1,"USMCOB-RC2693",2026-05-05,"UTC",1989,9,8,251,00:00:00,NA,"POINT(-88.75 30.16)","USMCOB-RC2693","USMCOB-RC2693-1",NA
"1275","USMCOB","MAIN PASS, BLK 116",29.457,-88.84,0.71,NA,"FL",NA,NA,1990-04-30,"USM",2,"USMCOB-RC2693",2026-05-05,"UTC",1990,4,30,120,00:00:00,NA,"POINT(-88.84 29.457)","USMCOB-RC2693","USMCOB-RC2693-2",NA
"1276","USMCOB","Block 94",28.883,-90.8687,0.74,NA,"FL",0.81,"TL",1998-07-11,"USM",1,"USMCOB-RC27391",2026-05-05,"UTC",1998,7,11,192,00:00:00,NA,"POINT(-90.8687 28.883)","USMCOB-RC27391","USMCOB-RC27391-1",NA
"1277","USMCOB","W. Delta Block 40       E",29.086,-89.793,1.02,NA,"TL",NA,NA,2000-08-23,"USM",2,"USMCOB-RC27391",2026-05-05,"UTC",2000,8,23,236,00:00:00,NA,"POINT(-89.793 29.086)","USMCOB-RC27391","USMCOB-RC27391-2",NA
"1278","USMCOB","Ship Shoal Block 93, LA",28.891167,-90.811167,0.69,NA,"FL",0.76,"TL",1997-05-30,"USM",1,"USMCOB-RC27428",2026-05-05,"UTC",1997,5,30,150,00:00:00,NA,"POINT(-90.811167 28.891167)","USMCOB-RC27428","USMCOB-RC27428-1",NA
"1279","USMCOB","South Timbilier 67",28.81,-90.405,1.07,NA,"FL",NA,NA,1998-12-01,"USM",2,"USMCOB-RC27428",2026-05-05,"UTC",1998,12,1,335,00:00:00,NA,"POINT(-90.405 28.81)","USMCOB-RC27428","USMCOB-RC27428-2",NA
"1280","USMCOB","28-37-91 90-56-69 Blok167",28.641944,-90.9525,0.84,NA,"FL",0.91,"TL",1997-06-27,"USM",1,"USMCOB-RC27437",2026-05-05,"UTC",1997,6,27,178,00:00:00,NA,"POINT(-90.9525 28.641944)","USMCOB-RC27437","USMCOB-RC27437-1",NA
"1281","USMCOB","5 mi S of Whiskey pass",28.975,-90.78,1.08,NA,"TL",NA,NA,1997-11-04,"USM",2,"USMCOB-RC27437",2026-05-05,"UTC",1997,11,4,308,00:00:00,NA,"POINT(-90.78 28.975)","USMCOB-RC27437","USMCOB-RC27437-2",NA
"1282","USMCOB","28-37-91 90-56-69 Blok167",28.641944,-90.9525,0.69,NA,"FL",0.76,"TL",1997-06-27,"USM",1,"USMCOB-RC27458",2026-05-05,"UTC",1997,6,27,178,00:00:00,NA,"POINT(-90.9525 28.641944)","USMCOB-RC27458","USMCOB-RC27458-1",NA
"1283","USMCOB","32 off LA off Morgan City",29.266,-91.435,NA,NA,NA,NA,NA,1997-08-20,"USM",2,"USMCOB-RC27458",2026-05-05,"UTC",1997,8,20,232,00:00:00,NA,"POINT(-91.435 29.266)","USMCOB-RC27458","USMCOB-RC27458-2",NA
"1284","USMCOB","Mine Sweeper Wreck",24.5,-81.6,0.74,NA,"FL",0.81,"TL",1997-11-06,"USM",1,"USMCOB-RC27515",2026-05-05,"UTC",1997,11,6,310,00:00:00,NA,"POINT(-81.6 24.5)","USMCOB-RC27515","USMCOB-RC27515-1",NA
"1285","USMCOB","off Jupiter, FL",26.944,-80.07,1.08,NA,"TL",NA,NA,1999-01-01,"USM",2,"USMCOB-RC27515",2026-05-05,"UTC",1999,1,1,1,00:00:00,NA,"POINT(-80.07 26.944)","USMCOB-RC27515","USMCOB-RC27515-2",NA
"1286","USMCOB","Gpt Channel MS",30.24,-89,0.61,NA,"FL",0.69,"TL",1997-08-14,"USM",1,"USMCOB-RC27566",2026-05-05,"UTC",1997,8,14,226,00:00:00,NA,"POINT(-89.0 30.24)","USMCOB-RC27566","USMCOB-RC27566-1",NA
"1287","USMCOB","Pensacola",30.333,-87.15,0.84,NA,"FL",1.02,"TL",2005-04-05,"USM",2,"USMCOB-RC27566",2026-05-05,"UTC",2005,4,5,95,00:00:00,NA,"POINT(-87.15 30.333)","USMCOB-RC27566","USMCOB-RC27566-2",NA
"1288","USMCOB","Pensacola",30.315,-87.203,1.02,NA,"FL",1.14,"TL",2005-04-05,"USM",1,"USMCOB-RC27569",2026-05-05,"UTC",2005,4,5,95,00:00:00,NA,"POINT(-87.203 30.315)","USMCOB-RC27569","USMCOB-RC27569-1",NA
"1289","USMCOB","Heel Bank, 30 ml SE Galveston E",29.08,-94.27,NA,NA,NA,NA,NA,2005-06-10,"USM",2,"USMCOB-RC27569",2026-05-05,"UTC",2005,6,10,161,00:00:00,NA,"POINT(-94.27 29.08)","USMCOB-RC27569","USMCOB-RC27569-2",NA
"1290","USMCOB","GULFPORT SHIP CHANNEL, BUOY 34",30.248,-89.002,0.67,NA,"FL",0.74,"TL",1989-09-13,"USM",1,"USMCOB-RC2758",2026-05-05,"UTC",1989,9,13,256,00:00:00,NA,"POINT(-89.002 30.248)","USMCOB-RC2758","USMCOB-RC2758-1",NA
"1291","USMCOB","W. END OF SHIP ISLAND",30.21,-88.964,1.07,NA,"FL",1.17,"TL",1990-09-22,"USM",2,"USMCOB-RC2758",2026-05-05,"UTC",1990,9,22,265,00:00:00,NA,"POINT(-88.964 30.21)","USMCOB-RC2758","USMCOB-RC2758-2",NA
"1292","USMCOB","Gport Marker 39, MS  date",30.268,-89.014,0.64,NA,"FL",0.71,"TL",1997-07-16,"USM",1,"USMCOB-RC27583",2026-05-05,"UTC",1997,7,16,197,00:00:00,NA,"POINT(-89.014 30.268)","USMCOB-RC27583","USMCOB-RC27583-1",NA
"1293","USMCOB","28.55N, 90.05W, off LA",28.916667,-90.083333,1.07,NA,"TL",NA,NA,1999-08-28,"USM",2,"USMCOB-RC27583",2026-05-05,"UTC",1999,8,28,240,00:00:00,NA,"POINT(-90.083333 28.916667)","USMCOB-RC27583","USMCOB-RC27583-2",NA
"1294","USMCOB","28-33-65 90-52-99Ship 190",28.568056,-90.894167,0.66,NA,"FL",0.74,"TL",1997-08-30,"USM",1,"USMCOB-RC27653",2026-05-05,"UTC",1997,8,30,242,00:00:00,NA,"POINT(-90.894167 28.568056)","USMCOB-RC27653","USMCOB-RC27653-1",NA
"1295","USMCOB","28 54.4, 91 52.57 (shp sh",28.908333,-91.876767,0.81,NA,"FL",0.91,"TL",1998-07-04,"USM",2,"USMCOB-RC27653",2026-05-05,"UTC",1998,7,4,185,00:00:00,NA,"POINT(-91.876767 28.908333)","USMCOB-RC27653","USMCOB-RC27653-2",NA
"1296","USMCOB","28 53 47, 90 48 67",28.891167,-90.811167,0.61,NA,"FL",0.66,"TL",1998-08-08,"USM",1,"USMCOB-RC27825",2026-05-05,"UTC",1998,8,8,220,00:00:00,NA,"POINT(-90.811167 28.891167)","USMCOB-RC27825","USMCOB-RC27825-1",NA
"1297","USMCOB","off Navarre, FL   ~wt",30.378,-86.862,NA,NA,NA,NA,NA,2000-04-15,"USM",2,"USMCOB-RC27825",2026-05-05,"UTC",2000,4,15,106,00:00:00,NA,"POINT(-86.862 30.378)","USMCOB-RC27825","USMCOB-RC27825-2",NA
"1298","USMCOB","28 53 47, 90 48 67ssBlk93",28.891167,-90.811167,0.56,NA,"FL",0.61,"TL",1998-08-08,"USM",1,"USMCOB-RC27828",2026-05-05,"UTC",1998,8,8,220,00:00:00,NA,"POINT(-90.811167 28.891167)","USMCOB-RC27828","USMCOB-RC27828-1",NA
"1299","USMCOB","Breton Sound, Venice, LA",29.496,-89.25,0.99,NA,"TL",NA,NA,1999-08-17,"USM",2,"USMCOB-RC27828",2026-05-05,"UTC",1999,8,17,229,00:00:00,NA,"POINT(-89.25 29.496)","USMCOB-RC27828","USMCOB-RC27828-2",NA
"1300","USMCOB","Pensacola Beach",30.315,-87.203,1.07,NA,"FL",1.17,"TL",2005-04-12,"USM",1,"USMCOB-RC27873",2026-05-05,"UTC",2005,4,12,102,00:00:00,NA,"POINT(-87.203 30.315)","USMCOB-RC27873","USMCOB-RC27873-1",NA
"1301","USMCOB","10 miles S of Freeport, TX",28.792,-95.298,1.27,NA,"TL",NA,NA,2005-05-19,"USM",2,"USMCOB-RC27873",2026-05-05,"UTC",2005,5,19,139,00:00:00,NA,"POINT(-95.298 28.792)","USMCOB-RC27873","USMCOB-RC27873-2",NA
"1302","USMCOB","Pensacola",30.315,-87.203,0.93,NA,"FL",1.02,"TL",2005-04-05,"USM",1,"USMCOB-RC27879",2026-05-05,"UTC",2005,4,5,95,00:00:00,NA,"POINT(-87.203 30.315)","USMCOB-RC27879","USMCOB-RC27879-1",NA
"1303","USMCOB","Main Pass 108",29.552,-88.665,1.12,NA,"FL",NA,NA,2007-05-05,"USM",2,"USMCOB-RC27879",2026-05-05,"UTC",2007,5,5,125,00:00:00,NA,"POINT(-88.665 29.552)","USMCOB-RC27879","USMCOB-RC27879-2",NA
"1304","USMCOB","41 Gpt. Channel, MS",30.276,-89.021,0.69,NA,"FL",0.74,"TL",1997-08-28,"USM",1,"USMCOB-RC27887",2026-05-05,"UTC",1997,8,28,240,00:00:00,NA,"POINT(-89.021 30.276)","USMCOB-RC27887","USMCOB-RC27887-1",NA
"1305","USMCOB","Grnad Isle, LA Block 55",28.905,-89.88,0.9,NA,"TL",NA,NA,1998-08-08,"USM",2,"USMCOB-RC27887",2026-05-05,"UTC",1998,8,8,220,00:00:00,NA,"POINT(-89.88 28.905)","USMCOB-RC27887","USMCOB-RC27887-2",NA
"1306","USMCOB","30-07.0 87-49.00",30.116667,-87.816667,0.7,NA,"FL",0.79,"TL",1997-10-16,"USM",1,"USMCOB-RC28002",2026-05-05,"UTC",1997,10,16,289,00:00:00,NA,"POINT(-87.816667 30.116667)","USMCOB-RC28002","USMCOB-RC28002-1",NA
"1307","USMCOB","St. Petersburg, FL",27.766,-82.776,0.81,NA,"FL",NA,NA,1998-04-05,"USM",2,"USMCOB-RC28002",2026-05-05,"UTC",1998,4,5,95,00:00:00,NA,"POINT(-82.776 27.766)","USMCOB-RC28002","USMCOB-RC28002-2",NA
"1308","USMCOB","50 MI. SOUTH OF BILOXI, MS",29.663451,-88.879253,0.66,NA,"FL",0.71,"TL",1989-07-08,"USM",1,"USMCOB-RC2803",2026-05-05,"UTC",1989,7,8,189,00:00:00,NA,"POINT(-88.879253 29.663451)","USMCOB-RC2803","USMCOB-RC2803-1",NA
"1309","USMCOB","OFF MEXICO BEACH, FL",29.946,-85.419,1.27,NA,"TL",NA,NA,1992-04-14,"USM",2,"USMCOB-RC2803",2026-05-05,"UTC",1992,4,14,105,00:00:00,NA,"POINT(-85.419 29.946)","USMCOB-RC2803","USMCOB-RC2803-2",NA
"1310","USMCOB","2 mi W Ft. Myers Beach",26.44952,-81.983138,0.79,NA,"FL",0.86,"TL",2000-07-11,"USM",1,"USMCOB-RC28405",2026-05-05,"UTC",2000,7,11,193,00:00:00,NA,"POINT(-81.983138 26.44952)","USMCOB-RC28405","USMCOB-RC28405-1",NA
"1311","USMCOB","Sanibel, FL",26.425,-82.129,0.87,NA,"FL",NA,NA,2000-09-02,"USM",2,"USMCOB-RC28405",2026-05-05,"UTC",2000,9,2,246,00:00:00,NA,"POINT(-82.129 26.425)","USMCOB-RC28405","USMCOB-RC28405-2",NA
"1312","USMCOB","30.05.429N 88.17.622W",30.090483,-88.2937,0.66,NA,"FL",0.71,"TL",2001-08-25,"USM",1,"USMCOB-RC28412",2026-05-05,"UTC",2001,8,25,237,00:00:00,NA,"POINT(-88.2937 30.090483)","USMCOB-RC28412","USMCOB-RC28412-1",NA
"1313","USMCOB","Bill Walker site",30.088,-88.553,0.94,NA,"FL",1.07,"TL",2002-06-02,"USM",2,"USMCOB-RC28412",2026-05-05,"UTC",2002,6,2,153,00:00:00,NA,"POINT(-88.553 30.088)","USMCOB-RC28412","USMCOB-RC28412-2",NA
"1314","USMCOB","30.05.048N 88.29.807W",30.084133,-88.496783,0.79,NA,"FL",0.84,"TL",2001-08-25,"USM",1,"USMCOB-RC28413",2026-05-05,"UTC",2001,8,25,237,00:00:00,NA,"POINT(-88.496783 30.084133)","USMCOB-RC28413","USMCOB-RC28413-1",NA
"1315","USMCOB","Destin",30.38,-86.5,1.12,NA,"TL",NA,NA,2004-04-06,"USM",2,"USMCOB-RC36802",2026-05-05,"UTC",2004,4,6,97,00:00:00,NA,"POINT(-86.5 30.38)","USMCOB-RC36802","USMCOB-RC36802-2",NA
"1316","USMCOB","Port Canaveral",28.395,-80.587,0.69,NA,"FL",0.74,"TL",1999-02-17,"USM",1,"USMCOB-RC28475",2026-05-05,"UTC",1999,2,17,48,00:00:00,NA,"POINT(-80.587 28.395)","USMCOB-RC28475","USMCOB-RC28475-1",NA
"1317","USMCOB","Port Canaveral",28.41,-80.584,0.76,NA,"FL",NA,NA,1999-04-05,"USM",2,"USMCOB-RC28475",2026-05-05,"UTC",1999,4,5,95,00:00:00,NA,"POINT(-80.584 28.41)","USMCOB-RC28475","USMCOB-RC28475-2",NA
"1318","USMCOB","North Port canvoral Fl",28.423,-80.574,0.61,NA,"FL",0.66,"TL",2001-02-21,"USM",1,"USMCOB-RC28499",2026-05-05,"UTC",2001,2,21,52,00:00:00,NA,"POINT(-80.574 28.423)","USMCOB-RC28499","USMCOB-RC28499-1",NA
"1319","USMCOB","near Rodanthe, NC",35.594,-75.459,NA,NA,NA,NA,NA,2003-07-17,"USM",2,"USMCOB-RC28499",2026-05-05,"UTC",2003,7,17,198,00:00:00,NA,"POINT(-75.459 35.594)","USMCOB-RC28499","USMCOB-RC28499-2",NA
"1320","USMCOB","10 ml N Key West",24.709,-81.787,0.79,NA,"FL",0.86,"TL",1999-02-27,"USM",1,"USMCOB-RC28694",2026-05-05,"UTC",1999,2,27,58,00:00:00,NA,"POINT(-81.787 24.709)","USMCOB-RC28694","USMCOB-RC28694-1",NA
"1321","USMCOB","North Channel,CedarKey,FL",29.134,-83.035,0.89,NA,"TL",NA,NA,1999-05-15,"USM",2,"USMCOB-RC28694",2026-05-05,"UTC",1999,5,15,135,00:00:00,NA,"POINT(-83.035 29.134)","USMCOB-RC28694","USMCOB-RC28694-2",NA
"1322","USMCOB","Navarre, FL",30.378,-86.862,0.71,NA,"FL",NA,NA,1998-04-20,"USM",1,"USMCOB-RC28871",2026-05-05,"UTC",1998,4,20,110,00:00:00,NA,"POINT(-86.862 30.378)","USMCOB-RC28871","USMCOB-RC28871-1",NA
"1323","USMCOB","off Fort Myers, FL",26.648,-81.885,NA,NA,NA,NA,NA,2001-01-25,"USM",2,"USMCOB-RC28871",2026-05-05,"UTC",2001,1,25,25,00:00:00,NA,"POINT(-81.885 26.648)","USMCOB-RC28871","USMCOB-RC28871-2",NA
"1324","USMCOB","W. END OF HORN IS.(IN MS SOUND",30.255,-88.774,0.71,NA,"TL",NA,NA,1989-08-16,"USM",1,"USMCOB-RC2893",2026-05-05,"UTC",1989,8,16,228,00:00:00,NA,"POINT(-88.774 30.255)","USMCOB-RC2893","USMCOB-RC2893-1",NA
"1325","USMCOB","GULFPORT SHIP CHANNEL, BUOY #3",30.12,-88.897,1.04,NA,"FL",1.15,"TL",1990-10-14,"USM",2,"USMCOB-RC2893",2026-05-05,"UTC",1990,10,14,287,00:00:00,NA,"POINT(-88.897 30.12)","USMCOB-RC2893","USMCOB-RC2893-2",NA
"1326","USMCOB","Pensacola Beach",30.315,-87.203,0.97,NA,"FL",1.04,"TL",1998-04-06,"USM",1,"USMCOB-RC28972",2026-05-05,"UTC",1998,4,6,96,00:00:00,NA,"POINT(-87.203 30.315)","USMCOB-RC28972","USMCOB-RC28972-1",NA
"1327","USMCOB","Pensacola Beach, Fl",30.315,-87.203,1.09,NA,"FL",1.18,"TL",2007-04-21,"USM",1,"USMCOB-RC28976",2026-05-05,"UTC",2007,4,21,111,00:00:00,NA,"POINT(-87.203 30.315)","USMCOB-RC28976","USMCOB-RC28976-1",1.11035299301147
"1328","USMCOB","22 miles off Port O'Conner Tx",28.146,-96.135,1.32,NA,"TL",NA,NA,2009-07-18,"USM",2,"USMCOB-RC28976",2026-05-05,"UTC",2009,7,18,199,00:00:00,NA,"POINT(-96.135 28.146)","USMCOB-RC28976","USMCOB-RC28976-2",0.309138000011444
"1329","USMCOB","Chandeleur",29.819,-88.836,0.77,NA,"FL",0.86,"TL",1998-07-18,"USM",1,"USMCOB-RC29036",2026-05-05,"UTC",1998,7,18,199,00:00:00,NA,"POINT(-88.836 29.819)","USMCOB-RC29036","USMCOB-RC29036-1",NA
"1330","USMCOB","S. Timbalier, Block 151",28.605,-90.268,NA,NA,NA,NA,NA,2002-04-26,"USM",2,"USMCOB-RC29036",2026-05-05,"UTC",2002,4,26,116,00:00:00,NA,"POINT(-90.268 28.605)","USMCOB-RC29036","USMCOB-RC29036-2",NA
"1331","USMCOB","E. OF SHIP IS.(SPADE FISH SHO)",30.218,-89.032,0.74,NA,"FL",0.83,"TL",1990-08-05,"USM",1,"USMCOB-RC2913",2026-05-05,"UTC",1990,8,5,217,00:00:00,NA,"POINT(-89.032 30.218)","USMCOB-RC2913","USMCOB-RC2913-1",NA
"1332","USMCOB","W. END OF SHIP ISLAND, MS",30.21,-88.964,0.83,NA,"FL",0.91,"TL",1990-09-11,"USM",2,"USMCOB-RC2913",2026-05-05,"UTC",1990,9,11,254,00:00:00,NA,"POINT(-88.964 30.21)","USMCOB-RC2913","USMCOB-RC2913-2",NA
"1333","USMCOB","Pensacola Beach",30.315,-87.203,0.76,NA,"FL",0.81,"TL",2001-04-29,"USM",1,"USMCOB-RC29197",2026-05-05,"UTC",2001,4,29,119,00:00:00,NA,"POINT(-87.203 30.315)","USMCOB-RC29197","USMCOB-RC29197-1",NA
"1334","USMCOB","Key West, FL",24.563,-81.726,0.91,NA,"FL",0.99,"TL",2003-03-26,"USM",2,"USMCOB-RC29197",2026-05-05,"UTC",2003,3,26,85,00:00:00,NA,"POINT(-81.726 24.563)","USMCOB-RC29197","USMCOB-RC29197-2",NA
"1335","USMCOB","Triple Rig, Petit Bois",30.083,-88.496,0.61,NA,"FL",0.67,"TL",2000-07-26,"USM",1,"USMCOB-RC29321",2026-05-05,"UTC",2000,7,26,208,00:00:00,NA,"POINT(-88.496 30.083)","USMCOB-RC29321","USMCOB-RC29321-1",NA
"1336","USMCOB","29.56.6N  80.50.7W",29.943333,-80.845,1.04,NA,"FL",NA,NA,2002-04-20,"USM",2,"USMCOB-RC29321",2026-05-05,"UTC",2002,4,20,110,00:00:00,NA,"POINT(-80.845 29.943333)","USMCOB-RC29321","USMCOB-RC29321-2",NA
"1337","USMCOB","Triple Rig, Petit Bois",30.083,-88.496,0.61,NA,"FL",0.69,"TL",2000-07-26,"USM",1,"USMCOB-RC29326",2026-05-05,"UTC",2000,7,26,208,00:00:00,NA,"POINT(-88.496 30.083)","USMCOB-RC29326","USMCOB-RC29326-1",NA
"1338","USMCOB","Navarre, FL",30.378,-86.862,0.99,NA,"FL",1.12,"TL",2002-04-26,"USM",2,"USMCOB-RC29326",2026-05-05,"UTC",2002,4,26,116,00:00:00,NA,"POINT(-86.862 30.378)","USMCOB-RC29326","USMCOB-RC29326-2",NA
"1339","USMCOB","MONKEY BAYOU RIGS",29.718,-88.797,0.53,NA,"FL",0.58,"TL",1989-07-27,"USM",1,"USMCOB-RC2946",2026-05-05,"UTC",1989,7,27,208,00:00:00,NA,"POINT(-88.797 29.718)","USMCOB-RC2946","USMCOB-RC2946-1",NA
"1340","USMCOB","GETTY RIGS,S. OF CHANDELERU IS",29.544,-88.677,0.86,NA,"FL",NA,NA,1990-07-21,"USM",2,"USMCOB-RC2946",2026-05-05,"UTC",1990,7,21,202,00:00:00,NA,"POINT(-88.677 29.544)","USMCOB-RC2946","USMCOB-RC2946-2",NA
"1341","USMCOB","inside Ship I. buoys",30.234,-88.98,0.76,NA,"FL",0.85,"TL",2006-09-18,"USM",1,"USMCOB-RC29506",2026-05-05,"UTC",2006,9,18,261,00:00:00,NA,"POINT(-88.98 30.234)","USMCOB-RC29506","USMCOB-RC29506-1",NA
"1342","USMCOB","farewell buoy, Horn Island",30.215,-88.791,0.94,NA,"FL",NA,NA,2007-07-09,"USM",2,"USMCOB-RC29506",2026-05-05,"UTC",2007,7,9,190,00:00:00,NA,"POINT(-88.791 30.215)","USMCOB-RC29506","USMCOB-RC29506-2",6.14366451899211
"1343","USMCOB","Key West-Atl.reef 9ml S",24.418,-81.765,0.74,NA,"FL",0.84,"TL",1998-09-12,"USM",1,"USMCOB-RC29571",2026-05-05,"UTC",1998,9,12,255,00:00:00,NA,"POINT(-81.765 24.418)","USMCOB-RC29571","USMCOB-RC29571-1",NA
"1344","USMCOB","20 ml SSE of Destin",30.092,-86.347,0.94,NA,"FL",NA,NA,1999-06-10,"USM",2,"USMCOB-RC29571",2026-05-05,"UTC",1999,6,10,161,00:00:00,NA,"POINT(-86.347 30.092)","USMCOB-RC29571","USMCOB-RC29571-2",NA
"1345","USMCOB","28 54 38, 90 46 67 BLK 11",28.910556,-90.785278,0.69,NA,"FL",0.76,"TL",1998-08-29,"USM",1,"USMCOB-RC29605",2026-05-05,"UTC",1998,8,29,241,00:00:00,NA,"POINT(-90.785278 28.910556)","USMCOB-RC29605","USMCOB-RC29605-1",NA
"1346","USMCOB","Morgan City, LA",29.687,-91.212,0.91,NA,"TL",NA,NA,1998-12-14,"USM",2,"USMCOB-RC29605",2026-05-05,"UTC",1998,12,14,348,00:00:00,NA,"POINT(-91.212 29.687)","USMCOB-RC29605","USMCOB-RC29605-2",NA
"1347","USMCOB","GETTY RIGS",29.544,-88.677,0.71,NA,"FL",0.79,"TL",1990-08-15,"USM",1,"USMCOB-RC2970",2026-05-05,"UTC",1990,8,15,227,00:00:00,NA,"POINT(-88.677 29.544)","USMCOB-RC2970","USMCOB-RC2970-1",NA
"1348","USMCOB","SUGARLOAF KEY, FL",24.63,-81.524,0.94,NA,"FL",NA,NA,1991-04-12,"USM",2,"USMCOB-RC2970",2026-05-05,"UTC",1991,4,12,102,00:00:00,NA,"POINT(-81.524 24.63)","USMCOB-RC2970","USMCOB-RC2970-2",NA
"1349","USMCOB","off Islamorada, FL",24.924,-80.625,NA,NA,NA,NA,NA,2003-02-25,"USM",2,"USMCOB-RC37237",2026-05-05,"UTC",2003,2,25,56,00:00:00,NA,"POINT(-80.625 24.924)","USMCOB-RC37237","USMCOB-RC37237-2",NA
"1350","USMCOB","12268.0 / 46937.0",29.64667,-88.86833,0.53,NA,"FL",0.56,"TL",1989-07-09,"USM",1,"USMCOB-RC2977",2026-05-05,"UTC",1989,7,9,190,00:00:00,NA,"POINT(-88.86833 29.64667)","USMCOB-RC2977","USMCOB-RC2977-1",NA
"1351","USMCOB","0.5M OFF CAPE CANAVERAL, FLA.",28.39,-80.587,0.85,NA,"FL",NA,NA,1990-02-19,"USM",2,"USMCOB-RC2977",2026-05-05,"UTC",1990,2,19,50,00:00:00,NA,"POINT(-80.587 28.39)","USMCOB-RC2977","USMCOB-RC2977-2",NA
"1352","USMCOB","28 54 39   90 43 69",28.910833,-90.735833,1.19,NA,"FL",1.37,"TL",1998-10-03,"USM",1,"USMCOB-RC29893",2026-05-05,"UTC",1998,10,3,276,00:00:00,NA,"POINT(-90.735833 28.910833)","USMCOB-RC29893","USMCOB-RC29893-1",NA
"1353","USMCOB","South Timbilier Block71 E",28.8,-90.58,1.37,NA,"TL",NA,NA,1999-10-28,"USM",2,"USMCOB-RC29893",2026-05-05,"UTC",1999,10,28,301,00:00:00,NA,"POINT(-90.58 28.8)","USMCOB-RC29893","USMCOB-RC29893-2",NA
"1354","USMCOB","28.54.39N,90.43.68W Blk11",28.910833,-90.735556,0.86,NA,"FL",0.97,"TL",1999-07-16,"USM",1,"USMCOB-RC29913",2026-05-05,"UTC",1999,7,16,197,00:00:00,NA,"POINT(-90.735556 28.910833)","USMCOB-RC29913","USMCOB-RC29913-1",NA
"1355","USMCOB","Grand Isle rig 47C      E",28.948,-90.018,NA,NA,NA,NA,NA,2000-08-12,"USM",2,"USMCOB-RC29913",2026-05-05,"UTC",2000,8,12,225,00:00:00,NA,"POINT(-90.018 28.948)","USMCOB-RC29913","USMCOB-RC29913-2",NA
"1356","USMCOB","28.54.39N,90.43.68W Blk11",28.910833,-90.735556,0.91,NA,"FL",1.04,"TL",1999-07-16,"USM",1,"USMCOB-RC29917",2026-05-05,"UTC",1999,7,16,197,00:00:00,NA,"POINT(-90.735556 28.910833)","USMCOB-RC29917","USMCOB-RC29917-1",NA
"1357","USMCOB","28.15.724N  94.31.718W E",28.262,-94.52863,1.02,NA,"FL",NA,NA,2000-08-25,"USM",2,"USMCOB-RC29917",2026-05-05,"UTC",2000,8,25,238,00:00:00,NA,"POINT(-94.52863 28.262)","USMCOB-RC29917","USMCOB-RC29917-2",NA
"1358","USMCOB","28.56.358 90.17.665",29.032778,-90.468056,0.6,NA,"FL",0.66,"TL",2000-07-29,"USM",1,"USMCOB-RC29973",2026-05-05,"UTC",2000,7,29,211,00:00:00,NA,"POINT(-90.468056 29.032778)","USMCOB-RC29973","USMCOB-RC29973-1",NA
"1359","USMCOB","rig 20 ml S of Belle Pass",28.795,-90.233,NA,NA,NA,NA,NA,2005-05-28,"USM",2,"USMCOB-RC29973",2026-05-05,"UTC",2005,5,28,148,00:00:00,NA,"POINT(-90.233 28.795)","USMCOB-RC29973","USMCOB-RC29973-2",NA
"1360","USMCOB","28.56.750 90.21.972",29.141667,-90.62,0.77,NA,"FL",0.86,"TL",2000-07-29,"USM",1,"USMCOB-RC29977",2026-05-05,"UTC",2000,7,29,211,00:00:00,NA,"POINT(-90.62 29.141667)","USMCOB-RC29977","USMCOB-RC29977-1",NA
"1361","USMCOB","Jupiter, FL",26.944,-80.07,1.04,NA,"FL",NA,NA,2002-05-13,"USM",2,"USMCOB-RC29977",2026-05-05,"UTC",2002,5,13,133,00:00:00,NA,"POINT(-80.07 26.944)","USMCOB-RC29977","USMCOB-RC29977-2",NA
"1362","USMCOB","30 08.0 N  87 52.0 W",30.133333,-87.866667,0.74,NA,"FL",0.81,"TL",2002-05-20,"USM",1,"USMCOB-RC30039",2026-05-05,"UTC",2002,5,20,140,00:00:00,NA,"POINT(-87.866667 30.133333)","USMCOB-RC30039","USMCOB-RC30039-1",NA
"1363","USMCOB","off Daytona Beach, FL",29.212,-80.998,0.97,NA,"TL",NA,NA,2003-04-16,"USM",2,"USMCOB-RC30039",2026-05-05,"UTC",2003,4,16,106,00:00:00,NA,"POINT(-80.998 29.212)","USMCOB-RC30039","USMCOB-RC30039-2",NA
"1364","USMCOB","Navarre, FL",30.378,-86.862,0.86,NA,"FL",0.91,"TL",1999-05-01,"USM",1,"USMCOB-RC30362",2026-05-05,"UTC",1999,5,1,121,00:00:00,NA,"POINT(-86.862 30.378)","USMCOB-RC30362","USMCOB-RC30362-1",NA
"1365","USMCOB","Rig 261 60 ml S Dauphin I",29.336,-88.11,1.14,NA,"FL",NA,NA,2003-05-03,"USM",2,"USMCOB-RC30362",2026-05-05,"UTC",2003,5,3,123,00:00:00,NA,"POINT(-88.11 29.336)","USMCOB-RC30362","USMCOB-RC30362-2",NA
"1366","USMCOB","Key West",24.563,-81.726,0.83,NA,"FL",0.91,"TL",1999-03-07,"USM",1,"USMCOB-RC30423",2026-05-05,"UTC",1999,3,7,66,00:00:00,NA,"POINT(-81.726 24.563)","USMCOB-RC30423","USMCOB-RC30423-1",NA
"1367","USMCOB","Key West",24.563,-81.726,0.9,NA,"FL",0.94,"TL",2000-01-09,"USM",2,"USMCOB-RC30423",2026-05-05,"UTC",2000,1,9,9,00:00:00,NA,"POINT(-81.726 24.563)","USMCOB-RC30423","USMCOB-RC30423-2",NA
"1368","USMCOB","Key West",24.563,-81.726,0.81,NA,"FL",0.9,"TL",1999-03-10,"USM",1,"USMCOB-RC30440",2026-05-05,"UTC",1999,3,10,69,00:00:00,NA,"POINT(-81.726 24.563)","USMCOB-RC30440","USMCOB-RC30440-1",NA
"1369","USMCOB","west end Ship Island",30.21,-88.964,1.14,NA,"TL",NA,NA,2000-05-21,"USM",2,"USMCOB-RC30440",2026-05-05,"UTC",2000,5,21,142,00:00:00,NA,"POINT(-88.964 30.21)","USMCOB-RC30440","USMCOB-RC30440-2",NA
"1370","USMCOB","Key West Harbor, FL",24.563,-81.726,0.74,NA,"FL",0.79,"TL",2001-03-14,"USM",1,"USMCOB-RC30506",2026-05-05,"UTC",2001,3,14,73,00:00:00,NA,"POINT(-81.726 24.563)","USMCOB-RC30506","USMCOB-RC30506-1",NA
"1371","USMCOB","Key West Harbor, FL",24.563,-81.726,0.74,NA,"FL",0.79,"TL",2001-03-21,"USM",2,"USMCOB-RC30506",2026-05-05,"UTC",2001,3,21,80,00:00:00,NA,"POINT(-81.726 24.563)","USMCOB-RC30506","USMCOB-RC30506-2",NA
"1372","USMCOB","26.53N  82.20W",26.88333,-82.33333,0.76,NA,"FL",0.81,"TL",2002-03-17,"USM",1,"USMCOB-RC30571",2026-05-05,"UTC",2002,3,17,76,00:00:00,NA,"POINT(-82.33333 26.88333)","USMCOB-RC30571","USMCOB-RC30571-1",NA
"1373","USMCOB","27.46.19N 82.54.55W",27.769833,-82.909167,0.89,NA,"FL",0.99,"TL",2002-09-29,"USM",2,"USMCOB-RC30571",2026-05-05,"UTC",2002,9,29,272,00:00:00,NA,"POINT(-82.909167 27.769833)","USMCOB-RC30571","USMCOB-RC30571-2",NA
"1374","USMCOB","27.06N  82.28W",27.1,-82.46667,0.81,NA,"FL",0.89,"TL",2002-03-18,"USM",1,"USMCOB-RC30575",2026-05-05,"UTC",2002,3,18,77,00:00:00,NA,"POINT(-82.46667 27.1)","USMCOB-RC30575","USMCOB-RC30575-1",NA
"1375","USMCOB","6 mls S of Venice Inlet",27.025,-82.469,1.02,NA,"TL",NA,NA,2003-05-05,"USM",2,"USMCOB-RC30575",2026-05-05,"UTC",2003,5,5,125,00:00:00,NA,"POINT(-82.469 27.025)","USMCOB-RC30575","USMCOB-RC30575-2",NA
"1376","USMCOB","26.53N  82.20W",26.88333,-82.33333,0.74,NA,"FL",0.81,"TL",2002-03-29,"USM",1,"USMCOB-RC30580",2026-05-05,"UTC",2002,3,29,88,00:00:00,NA,"POINT(-82.33333 26.88333)","USMCOB-RC30580","USMCOB-RC30580-1",NA
"1377","USMCOB","26.53N  82.20W",26.883333,-82.333,0.74,NA,"FL",0.81,"TL",2002-03-30,"USM",2,"USMCOB-RC30580",2026-05-05,"UTC",2002,3,30,89,00:00:00,NA,"POINT(-82.333 26.883333)","USMCOB-RC30580","USMCOB-RC30580-2",NA
"1378","USMCOB","off Fort Pierce, FL",27.458,-80.282,NA,NA,NA,NA,NA,2006-04-21,"USM",2,"USMCOB-RC30805",2026-05-05,"UTC",2006,4,21,111,00:00:00,NA,"POINT(-80.282 27.458)","USMCOB-RC30805","USMCOB-RC30805-2",NA
"1379","USMCOB","Pensacola Beach",30.315,-87.203,0.97,NA,"TL",NA,NA,1999-05-02,"USM",1,"USMCOB-RC30955",2026-05-05,"UTC",1999,5,2,122,00:00:00,NA,"POINT(-87.203 30.315)","USMCOB-RC30955","USMCOB-RC30955-1",NA
"1380","USMCOB","Grand Isle Block 65",28.867,-89.973,0.99,NA,"TL",NA,NA,1999-08-07,"USM",2,"USMCOB-RC30955",2026-05-05,"UTC",1999,8,7,219,00:00:00,NA,"POINT(-89.973 28.867)","USMCOB-RC30955","USMCOB-RC30955-2",NA
"1381","USMCOB","26.53N  82.20W",26.88333,-82.33333,0.76,NA,"FL",0.81,"TL",2002-03-17,"USM",1,"USMCOB-RC30989",2026-05-05,"UTC",2002,3,17,76,00:00:00,NA,"POINT(-82.33333 26.88333)","USMCOB-RC30989","USMCOB-RC30989-1",NA
"1382","USMCOB","Madeira Beach Reef",28.792,-82.81,0.89,NA,"FL",NA,NA,2003-09-10,"USM",2,"USMCOB-RC30989",2026-05-05,"UTC",2003,9,10,253,00:00:00,NA,"POINT(-82.81 28.792)","USMCOB-RC30989","USMCOB-RC30989-2",5.84483194351196
"1383","USMCOB","7 ml Marco I.",25.875706,-81.828195,0.69,NA,"FL",0.76,"TL",2000-07-26,"USM",1,"USMCOB-RC31053",2026-05-05,"UTC",2000,7,26,208,00:00:00,NA,"POINT(-81.828195 25.875706)","USMCOB-RC31053","USMCOB-RC31053-1",NA
"1384","USMCOB","30 ml W of Naples, FL",26.137,-82.292,0.97,NA,"FL",1.07,"TL",2001-03-10,"USM",2,"USMCOB-RC31053",2026-05-05,"UTC",2001,3,10,69,00:00:00,NA,"POINT(-82.292 26.137)","USMCOB-RC31053","USMCOB-RC31053-2",NA
"1385","USMCOB","20 ml E of St. Marks, FL",30.006683,-83.872079,0.65,NA,"FL",0.72,"TL",2000-03-06,"USM",1,"USMCOB-RC31156",2026-05-05,"UTC",2000,3,6,66,00:00:00,NA,"POINT(-83.872079 30.006683)","USMCOB-RC31156","USMCOB-RC31156-1",NA
"1386","USMCOB","St. Marks, FL",30.074,-84.185,0.88,NA,"FL",NA,NA,2001-06-10,"USM",2,"USMCOB-RC31156",2026-05-05,"UTC",2001,6,10,161,00:00:00,NA,"POINT(-84.185 30.074)","USMCOB-RC31156","USMCOB-RC31156-2",NA
"1387","USMCOB","32 miles off Grand Isle, LA",28.759,-89.968,NA,NA,NA,NA,NA,2007-08-19,"USM",2,"USMCOB-RC42116",2026-05-05,"UTC",2007,8,19,231,00:00:00,NA,"POINT(-89.968 28.759)","USMCOB-RC42116","USMCOB-RC42116-2",NA
"1388","USMCOB","Apalachicola Reef",29.462917,-84.83585,0.81,NA,"FL",0.86,"TL",2002-05-13,"USM",1,"USMCOB-RC31279",2026-05-05,"UTC",2002,5,13,133,00:00:00,NA,"POINT(-84.83585 29.462917)","USMCOB-RC31279","USMCOB-RC31279-1",NA
"1389","USMCOB","26.59N 83.28W",26.983,-83.467,1.07,NA,"FL",NA,NA,2003-08-15,"USM",2,"USMCOB-RC31279",2026-05-05,"UTC",2003,8,15,227,00:00:00,NA,"POINT(-83.467 26.983)","USMCOB-RC31279","USMCOB-RC31279-2",NA
"1390","USMCOB","Key West Harbor, FL",24.563,-81.726,0.81,NA,"FL",0.91,"TL",2001-03-18,"USM",1,"USMCOB-RC31418",2026-05-05,"UTC",2001,3,18,77,00:00:00,NA,"POINT(-81.726 24.563)","USMCOB-RC31418","USMCOB-RC31418-1",NA
"1391","USMCOB","Key West Harbor, FL",24.563,-81.726,0.81,NA,"FL",0.91,"TL",2001-03-25,"USM",2,"USMCOB-RC31418",2026-05-05,"UTC",2001,3,25,84,00:00:00,NA,"POINT(-81.726 24.563)","USMCOB-RC31418","USMCOB-RC31418-2",NA
"1392","USMCOB","Key West Harbor, FL",24.563,-81.726,0.74,NA,"FL",0.79,"TL",2001-03-14,"USM",1,"USMCOB-RC31419",2026-05-05,"UTC",2001,3,14,73,00:00:00,NA,"POINT(-81.726 24.563)","USMCOB-RC31419","USMCOB-RC31419-1",NA
"1393","USMCOB","Key West Harbor, FL",24.563,-81.726,0.74,NA,"FL",0.79,"TL",2001-04-03,"USM",2,"USMCOB-RC31419",2026-05-05,"UTC",2001,4,3,93,00:00:00,NA,"POINT(-81.726 24.563)","USMCOB-RC31419","USMCOB-RC31419-2",NA
"1394","USMCOB","NE Port Canaveral, 120'",28.45,-80.52,0.86,NA,"FL",0.94,"TL",2007-11-05,"USM",1,"USMCOB-RC31652",2026-05-05,"UTC",2007,11,5,309,00:00:00,NA,"POINT(-80.52 28.45)","USMCOB-RC31652","USMCOB-RC31652-1",4.93500423431396
"1395","USMCOB","Cocoa Beach, FL",28.32,-80.605,0.93,NA,"FL",NA,NA,2008-07-02,"USM",2,"USMCOB-RC31652",2026-05-05,"UTC",2008,7,2,184,00:00:00,NA,"POINT(-80.605 28.32)","USMCOB-RC31652","USMCOB-RC31652-2",NA
"1396","USMCOB","Destin, FL",30.38,-86.5,0.86,NA,"FL",0.97,"TL",2007-05-01,"USM",1,"USMCOB-RC31672",2026-05-05,"UTC",2007,5,1,121,00:00:00,NA,"POINT(-86.5 30.38)","USMCOB-RC31672","USMCOB-RC31672-1",NA
"1397","USMCOB","off Jupiter, FL",26.944,-80.07,1.07,NA,"FL",NA,NA,2008-03-28,"USM",2,"USMCOB-RC31672",2026-05-05,"UTC",2008,3,28,88,00:00:00,NA,"POINT(-80.07 26.944)","USMCOB-RC31672","USMCOB-RC31672-2",NA
"1398","USMCOB","Port Canaveral",28.395,-80.587,0.71,NA,"FL",0.76,"TL",2002-02-09,"USM",1,"USMCOB-RC32041",2026-05-05,"UTC",2002,2,9,40,00:00:00,NA,"POINT(-80.587 28.395)","USMCOB-RC32041","USMCOB-RC32041-1",NA
"1399","USMCOB","28o12.261'N 80o19.812'W",28.20435,-80.3302,1.17,NA,"TL",NA,NA,2004-03-14,"USM",2,"USMCOB-RC32041",2026-05-05,"UTC",2004,3,14,74,00:00:00,NA,"POINT(-80.3302 28.20435)","USMCOB-RC32041","USMCOB-RC32041-2",0.484260320663452
"1400","USMCOB","Ship Shoal Block 118",28.804701,-90.868545,0.66,NA,"FL",0.71,"TL",2000-08-12,"USM",1,"USMCOB-RC32153",2026-05-05,"UTC",2000,8,12,225,00:00:00,NA,"POINT(-90.868545 28.804701)","USMCOB-RC32153","USMCOB-RC32153-1",NA
"1401","USMCOB","Jupiter, FL",26.944,-80.07,1.24,NA,"FL",NA,NA,2002-05-13,"USM",2,"USMCOB-RC32153",2026-05-05,"UTC",2002,5,13,133,00:00:00,NA,"POINT(-80.07 26.944)","USMCOB-RC32153","USMCOB-RC32153-2",NA
"1402","USMCOB","Ship Shoal Block 118",28.804701,-90.868545,0.61,NA,"FL",0.66,"TL",2000-08-12,"USM",1,"USMCOB-RC32156",2026-05-05,"UTC",2000,8,12,225,00:00:00,NA,"POINT(-90.868545 28.804701)","USMCOB-RC32156","USMCOB-RC32156-1",NA
"1403","USMCOB","15 mi W Marathon Bay, FL",24.695,-81.307,0.74,NA,"FL",0.84,"TL",2001-04-25,"USM",2,"USMCOB-RC32156",2026-05-05,"UTC",2001,4,25,115,00:00:00,NA,"POINT(-81.307 24.695)","USMCOB-RC32156","USMCOB-RC32156-2",NA
"1404","USMCOB","GPT Channel Ship I. can",30.213,-88.966,0.69,NA,"FL",0.79,"TL",2003-10-09,"USM",1,"USMCOB-RC32186",2026-05-05,"UTC",2003,10,9,282,00:00:00,NA,"POINT(-88.966 30.213)","USMCOB-RC32186","USMCOB-RC32186-1",NA
"1405","USMCOB","Camille Cut",30.221,-88.912,1,NA,"TL",NA,NA,2004-08-10,"USM",2,"USMCOB-RC32186",2026-05-05,"UTC",2004,8,10,223,00:00:00,NA,"POINT(-88.912 30.221)","USMCOB-RC32186","USMCOB-RC32186-2",NA
"1406","USMCOB","Ship I. buoy 26",30.216,-88.994,0.66,NA,"FL",0.74,"TL",2000-08-04,"USM",1,"USMCOB-RC32200",2026-05-05,"UTC",2000,8,4,217,00:00:00,NA,"POINT(-88.994 30.216)","USMCOB-RC32200","USMCOB-RC32200-1",NA
"1407","USMCOB","Gulfport Ship Channel",30.349,-89.083,0.71,NA,"FL",0.79,"TL",2000-09-20,"USM",2,"USMCOB-RC32200",2026-05-05,"UTC",2000,9,20,264,00:00:00,NA,"POINT(-89.083 30.349)","USMCOB-RC32200","USMCOB-RC32200-2",NA
"1408","USMCOB","Pensacola Beach, FL",30.315,-87.203,1.02,NA,"FL",NA,NA,2007-04-30,"USM",1,"USMCOB-RC32325",2026-05-05,"UTC",2007,4,30,120,00:00:00,NA,"POINT(-87.203 30.315)","USMCOB-RC32325","USMCOB-RC32325-1",1.48096400499344
"1409","USMCOB","Horn I bar",30.244,-88.777,1.12,NA,"FL",NA,NA,2010-04-10,"USM",2,"USMCOB-RC32325",2026-05-05,"UTC",2010,4,10,100,00:00:00,NA,"POINT(-88.777 30.244)","USMCOB-RC32325","USMCOB-RC32325-2",NA
"1410","USMCOB","Destin, FL",30.38,-86.5,0.84,NA,"FL",0.97,"TL",2007-05-01,"USM",1,"USMCOB-RC32330",2026-05-05,"UTC",2007,5,1,121,00:00:00,NA,"POINT(-86.5 30.38)","USMCOB-RC32330","USMCOB-RC32330-1",NA
"1411","USMCOB","south of Pensacola Beach Pier",30.333,-87.15,1.17,NA,"FL",NA,NA,2010-05-13,"USM",2,"USMCOB-RC32330",2026-05-05,"UTC",2010,5,13,133,00:00:00,NA,"POINT(-87.15 30.333)","USMCOB-RC32330","USMCOB-RC32330-2",NA
"1412","USMCOB","Pensacola Beach Pier",30.315,-87.203,0.91,NA,"FL",1.02,"TL",2002-03-30,"USM",1,"USMCOB-RC32354",2026-05-05,"UTC",2002,3,30,89,00:00:00,NA,"POINT(-87.203 30.315)","USMCOB-RC32354","USMCOB-RC32354-1",NA
"1413","USMCOB","South Pass #70",29.011,-88.92,0.84,NA,"FL",NA,NA,2002-07-21,"USM",2,"USMCOB-RC32354",2026-05-05,"UTC",2002,7,21,202,00:00:00,NA,"POINT(-88.92 29.011)","USMCOB-RC32354","USMCOB-RC32354-2",NA
"1414","USMCOB","Pensacola Beach Pier",30.315,-87.203,0.91,NA,"FL",0.99,"TL",2002-03-30,"USM",1,"USMCOB-RC32355",2026-05-05,"UTC",2002,3,30,89,00:00:00,NA,"POINT(-87.203 30.315)","USMCOB-RC32355","USMCOB-RC32355-1",NA
"1415","USMCOB","Isle of Capri Bar",30.389,-88.864,0.93,NA,"FL",1,"TL",2002-04-15,"USM",2,"USMCOB-RC32355",2026-05-05,"UTC",2002,4,15,105,00:00:00,NA,"POINT(-88.864 30.389)","USMCOB-RC32355","USMCOB-RC32355-2",NA
"1416","USMCOB","7 ml SW Marco I.",25.875706,-81.828195,0.56,NA,"FL",0.62,"TL",2000-08-21,"USM",1,"USMCOB-RC32418",2026-05-05,"UTC",2000,8,21,234,00:00:00,NA,"POINT(-81.828195 25.875706)","USMCOB-RC32418","USMCOB-RC32418-1",NA
"1417","USMCOB","28.55N 82.54W",28.916667,-82.9,0.99,NA,"FL",1.09,"TL",2002-07-11,"USM",2,"USMCOB-RC32418",2026-05-05,"UTC",2002,7,11,192,00:00:00,NA,"POINT(-82.9 28.916667)","USMCOB-RC32418","USMCOB-RC32418-2",NA
"1418","USMCOB","Navarre, FL",30.378,-86.862,0.91,NA,"FL",NA,NA,2021-05-01,"USM",1,"USMCOB-RC32480",2026-05-05,"UTC",2021,5,1,121,00:00:00,NA,"POINT(-86.862 30.378)","USMCOB-RC32480","USMCOB-RC32480-1",NA
"1419","USMCOB","Petit Bois Island, MS - S",29.986059,-88.448392,1.07,NA,"TL",NA,NA,2022-06-15,"USM",2,"USMCOB-RC32480",2026-05-05,"UTC",2022,6,15,166,00:00:00,NA,"POINT(-88.448392 29.986059)","USMCOB-RC32480","USMCOB-RC32480-2",7.88941764831543
"1420","USMCOB","12 miles W of Destin",30.380788,-86.69758,0.91,NA,"FL",0.97,"TL",2002-04-26,"USM",1,"USMCOB-RC32503",2026-05-05,"UTC",2002,4,26,116,00:00:00,NA,"POINT(-86.69758 30.380788)","USMCOB-RC32503","USMCOB-RC32503-1",NA
"1421","USMCOB","Ponce Inlet, Daytona Beac",29.077,-80.91,NA,NA,NA,NA,NA,2004-01-02,"USM",2,"USMCOB-RC32503",2026-05-05,"UTC",2004,1,2,2,00:00:00,NA,"POINT(-80.91 29.077)","USMCOB-RC32503","USMCOB-RC32503-2",NA
"1422","USMCOB","Navarre, FL",30.378,-86.862,0.95,NA,"FL",NA,NA,2017-04-18,"USM",1,"USMCOB-RC32516",2026-05-05,"UTC",2017,4,18,108,00:00:00,NA,"POINT(-86.862 30.378)","USMCOB-RC32516","USMCOB-RC32516-1",NA
"1423","USMCOB","Destin, FL - in Choctawhatchee Bay",30.436,-86.491,0.97,NA,"TL",NA,NA,2017-07-19,"USM",2,"USMCOB-RC32516",2026-05-05,"UTC",2017,7,19,200,00:00:00,NA,"POINT(-86.491 30.436)","USMCOB-RC32516","USMCOB-RC32516-2",NA
"1424","USMCOB","Navarre, FL",30.378,-86.862,0.8,NA,"FL",NA,NA,2017-04-19,"USM",1,"USMCOB-RC32517",2026-05-05,"UTC",2017,4,19,109,00:00:00,NA,"POINT(-86.862 30.378)","USMCOB-RC32517","USMCOB-RC32517-1",NA
"1425","USMCOB","Venice, LA - Main Pass Rig 41",29.478,-88.99,NA,NA,NA,NA,NA,2018-06-17,"USM",2,"USMCOB-RC32517",2026-05-05,"UTC",2018,6,17,168,00:00:00,NA,"POINT(-88.99 29.478)","USMCOB-RC32517","USMCOB-RC32517-2",NA
"1426","USMCOB","47070.0 / 12275.0",30.2,-88.82333,0.65,NA,"FL",NA,NA,1989-08-20,"USM",1,"USMCOB-RC3260",2026-05-05,"UTC",1989,8,20,232,00:00:00,NA,"POINT(-88.82333 30.2)","USMCOB-RC3260","USMCOB-RC3260-1",NA
"1427","USMCOB","MAIN PASS,BLK 102(CHAND. IS.)",29.607,-88.797,0.89,NA,"FL",1,"TL",1990-08-11,"USM",2,"USMCOB-RC3260",2026-05-05,"UTC",1990,8,11,223,00:00:00,NA,"POINT(-88.797 29.607)","USMCOB-RC3260","USMCOB-RC3260-2",NA
"1428","USMCOB","29.36  88.51",29.36,-88.51,0.61,NA,"FL",0.69,"TL",2000-08-11,"USM",1,"USMCOB-RC32644",2026-05-05,"UTC",2000,8,11,224,00:00:00,NA,"POINT(-88.51 29.36)","USMCOB-RC32644","USMCOB-RC32644-1",NA
"1429","USMCOB","near Flamingo, FL, GOM",25.121,-81.925,0.83,NA,"FL",NA,NA,2001-03-02,"USM",2,"USMCOB-RC32644",2026-05-05,"UTC",2001,3,2,61,00:00:00,NA,"POINT(-81.925 25.121)","USMCOB-RC32644","USMCOB-RC32644-2",NA
"1430","USMCOB","13 ml S Horn I.",30.039853,-88.68188,0.89,NA,"TL",NA,NA,2000-07-25,"USM",1,"USMCOB-RC32668",2026-05-05,"UTC",2000,7,25,207,00:00:00,NA,"POINT(-88.68188 30.039853)","USMCOB-RC32668","USMCOB-RC32668-1",NA
"1431","USMCOB","oil well 7 ml S Dauphin I",30.136,-88.258,0.97,NA,"FL",NA,NA,2001-06-23,"USM",2,"USMCOB-RC32668",2026-05-05,"UTC",2001,6,23,174,00:00:00,NA,"POINT(-88.258 30.136)","USMCOB-RC32668","USMCOB-RC32668-2",NA
"1432","USMCOB","29.38 88.49",29.38,-88.49,0.58,NA,"FL",0.65,"TL",2000-07-08,"USM",1,"USMCOB-RC32747",2026-05-05,"UTC",2000,7,8,190,00:00:00,NA,"POINT(-88.49 29.38)","USMCOB-RC32747","USMCOB-RC32747-1",NA
"1433","USMCOB","Main Pass 93",29.632,-88.798,0.56,NA,"FL",NA,NA,2000-08-26,"USM",2,"USMCOB-RC32747",2026-05-05,"UTC",2000,8,26,239,00:00:00,NA,"POINT(-88.798 29.632)","USMCOB-RC32747","USMCOB-RC32747-2",NA
"1434","USMCOB","Navarre, FL",30.378,-86.862,0.76,NA,"FL",NA,NA,2015-05-01,"USM",1,"USMCOB-RC32787",2026-05-05,"UTC",2015,5,1,121,00:00:00,NA,"POINT(-86.862 30.378)","USMCOB-RC32787","USMCOB-RC32787-1",NA
"1435","USMCOB","29 50, 86 05",29.833,-86.033,0.78,NA,"TL",NA,NA,2015-06-24,"USM",2,"USMCOB-RC32787",2026-05-05,"UTC",2015,6,24,175,00:00:00,NA,"POINT(-86.033 29.833)","USMCOB-RC32787","USMCOB-RC32787-2",NA
"1436","USMCOB","East Cameron 161",28.93712,-92.705136,1.07,NA,"TL",NA,NA,2001-05-30,"USM",1,"USMCOB-RC32878",2026-05-05,"UTC",2001,5,30,150,00:00:00,NA,"POINT(-92.705136 28.93712)","USMCOB-RC32878","USMCOB-RC32878-1",NA
"1437","USMCOB","Pensacola Beach",30.333,-87.15,1.22,NA,"FL",1.35,"TL",2003-04-03,"USM",2,"USMCOB-RC32878",2026-05-05,"UTC",2003,4,3,93,00:00:00,NA,"POINT(-87.15 30.333)","USMCOB-RC32878","USMCOB-RC32878-2",3.18400502204895
"1438","USMCOB","29.37N 88.50W",29.37,-88.5,0.66,NA,"FL",0.74,"TL",2000-07-22,"USM",1,"USMCOB-RC32985",2026-05-05,"UTC",2000,7,22,204,00:00:00,NA,"POINT(-88.5 29.37)","USMCOB-RC32985","USMCOB-RC32985-1",NA
"1439","USMCOB","29.38  88.49",29.38,-88.49,NA,NA,NA,NA,NA,2000-08-18,"USM",2,"USMCOB-RC32985",2026-05-05,"UTC",2000,8,18,231,00:00:00,NA,"POINT(-88.49 29.38)","USMCOB-RC32985","USMCOB-RC32985-2",NA
"1440","USMCOB","GULFPORT SHIP CHANNEL, BUOY 8",30.121,-88.931,0.91,NA,"FL",0.98,"TL",1989-08-16,"USM",1,"USMCOB-RC3307",2026-05-05,"UTC",1989,8,16,228,00:00:00,NA,"POINT(-88.931 30.121)","USMCOB-RC3307","USMCOB-RC3307-1",NA
"1441","USMCOB","40 MI. SE.  DAUPHIN ISLAND, AL",29.858,-87.717,1.07,NA,"FL",NA,NA,1990-06-23,"USM",2,"USMCOB-RC3307",2026-05-05,"UTC",1990,6,23,174,00:00:00,NA,"POINT(-87.717 29.858)","USMCOB-RC3307","USMCOB-RC3307-2",NA
"1442","USMCOB","10 MI. SE. OF DAUPHIN ISLAND",30.140823,-87.981352,0.74,NA,"FL",0.79,"TL",1989-05-03,"USM",1,"USMCOB-RC3315",2026-05-05,"UTC",1989,5,3,123,00:00:00,NA,"POINT(-87.981352 30.140823)","USMCOB-RC3315","USMCOB-RC3315-1",NA
"1443","USMCOB","10 MI. SE. OF DAUPHIN ISL., AL",30.140823,-87.981352,1.22,NA,"TL",NA,NA,1990-10-20,"USM",2,"USMCOB-RC3315",2026-05-05,"UTC",1990,10,20,293,00:00:00,NA,"POINT(-87.981352 30.140823)","USMCOB-RC3315","USMCOB-RC3315-2",NA
"1444","USMCOB","Pensacola Beach",30.315,-87.203,0.48,NA,"FL",0.53,"TL",2008-05-28,"USM",1,"USMCOB-RC33206",2026-05-05,"UTC",2008,5,28,149,00:00:00,NA,"POINT(-87.203 30.315)","USMCOB-RC33206","USMCOB-RC33206-1",NA
"1445","USMCOB","off Boca Raton, FL",26.365,-80.066,1.14,NA,"FL",NA,NA,2011-01-20,"USM",2,"USMCOB-RC33206",2026-05-05,"UTC",2011,1,20,20,00:00:00,NA,"POINT(-80.066 26.365)","USMCOB-RC33206","USMCOB-RC33206-2",NA
"1446","USMCOB","5 ml S Horn Island Pass",30.168692,-88.789684,0.61,NA,"FL",NA,NA,2004-08-25,"USM",1,"USMCOB-RC33247",2026-05-05,"UTC",2004,8,25,238,00:00:00,NA,"POINT(-88.789684 30.168692)","USMCOB-RC33247","USMCOB-RC33247-1",NA
"1447","USMCOB","26d 59'N 83d 26'W",26.983,-83.433,0.86,NA,"FL",0.91,"TL",2006-02-07,"USM",2,"USMCOB-RC33247",2026-05-05,"UTC",2006,2,7,38,00:00:00,NA,"POINT(-83.433 26.983)","USMCOB-RC33247","USMCOB-RC33247-2",0.424504011869431
"1448","USMCOB","10 MI. SE. OF DAUPHIN ISLAND",30.140823,-87.981352,0.71,NA,"FL",0.79,"TL",1989-05-03,"USM",1,"USMCOB-RC3329",2026-05-05,"UTC",1989,5,3,123,00:00:00,NA,"POINT(-87.981352 30.140823)","USMCOB-RC3329","USMCOB-RC3329-1",NA
"1449","USMCOB","ISLAMORADA, FL (ATLANTIC SIDE)",24.924,-80.625,1.12,NA,"FL",NA,NA,1991-03-06,"USM",2,"USMCOB-RC3329",2026-05-05,"UTC",1991,3,6,65,00:00:00,NA,"POINT(-80.625 24.924)","USMCOB-RC3329","USMCOB-RC3329-2",NA
"1450","USMCOB","52 miles S of Ocean Sprin",29.648479,-88.826419,0.85,NA,"FL",0.94,"TL",2003-04-21,"USM",1,"USMCOB-RC33401",2026-05-05,"UTC",2003,4,21,111,00:00:00,NA,"POINT(-88.826419 29.648479)","USMCOB-RC33401","USMCOB-RC33401-1",NA
"1451","USMCOB","30 miles off Grand Isle",28.795,-89.989,0.91,NA,"FL",NA,NA,2003-05-25,"USM",2,"USMCOB-RC33401",2026-05-05,"UTC",2003,5,25,145,00:00:00,NA,"POINT(-89.989 28.795)","USMCOB-RC33401","USMCOB-RC33401-2",11.0561256408691
"1452","USMCOB","Navarre",30.378,-86.862,0.79,NA,"FL",0.84,"TL",2003-04-23,"USM",1,"USMCOB-RC33443",2026-05-05,"UTC",2003,4,23,113,00:00:00,NA,"POINT(-86.862 30.378)","USMCOB-RC33443","USMCOB-RC33443-1",NA
"1453","USMCOB","East Cameron 100 ml out",28.2,-92.8,0.97,NA,"FL",NA,NA,2004-06-24,"USM",2,"USMCOB-RC33443",2026-05-05,"UTC",2004,6,24,176,00:00:00,NA,"POINT(-92.8 28.2)","USMCOB-RC33443","USMCOB-RC33443-2",NA
"1454","USMCOB","1mi E of Navarre pier",30.378,-86.862,0.74,NA,"FL",0.86,"TL",2001-04-24,"USM",1,"USMCOB-RC33473",2026-05-05,"UTC",2001,4,24,114,00:00:00,NA,"POINT(-86.862 30.378)","USMCOB-RC33473","USMCOB-RC33473-1",NA
"1455","USMCOB","18 miles S Dauphin I.",29.988,-88.215,1.05,NA,"FL",1.22,"TL",2003-05-03,"USM",2,"USMCOB-RC33473",2026-05-05,"UTC",2003,5,3,123,00:00:00,NA,"POINT(-88.215 29.988)","USMCOB-RC33473","USMCOB-RC33473-2",NA
"1456","USMCOB","S. END OF CHANDELEUR IS.",29.662,-88.945,0.67,NA,"FL",NA,NA,1989-08-19,"USM",1,"USMCOB-RC3355",2026-05-05,"UTC",1989,8,19,231,00:00:00,NA,"POINT(-88.945 29.662)","USMCOB-RC3355","USMCOB-RC3355-1",NA
"1457","USMCOB","OFF CHANDELEUR ISLAND BEACH",29.819,-88.836,0.69,NA,"FL",NA,NA,1989-08-27,"USM",2,"USMCOB-RC3355",2026-05-05,"UTC",1989,8,27,239,00:00:00,NA,"POINT(-88.836 29.819)","USMCOB-RC3355","USMCOB-RC3355-2",NA
"1458","USMCOB","DATA BOUY, S. OF SHIP ISL.",30.09,-88.769,0.66,NA,"FL",0.71,"TL",1990-07-21,"USM",1,"USMCOB-RC3360",2026-05-05,"UTC",1990,7,21,202,00:00:00,NA,"POINT(-88.769 30.09)","USMCOB-RC3360","USMCOB-RC3360-1",NA
"1459","USMCOB","DATA BUOY S. OF HORN ISL., MS",30.042,-88.647,0.69,NA,"FL",NA,NA,1990-08-06,"USM",2,"USMCOB-RC3360",2026-05-05,"UTC",1990,8,6,218,00:00:00,NA,"POINT(-88.647 30.042)","USMCOB-RC3360","USMCOB-RC3360-2",NA
"1460","USMCOB","29.46 88.35",29.46,-88.35,0.66,NA,"FL",0.76,"TL",2001-05-13,"USM",1,"USMCOB-RC33703",2026-05-05,"UTC",2001,5,13,133,00:00:00,NA,"POINT(-88.35 29.46)","USMCOB-RC33703","USMCOB-RC33703-1",NA
"1461","USMCOB","100 miles S of Mobile Bay",28.859,-88.063,1.02,NA,"FL",NA,NA,2003-01-19,"USM",2,"USMCOB-RC33703",2026-05-05,"UTC",2003,1,19,19,00:00:00,NA,"POINT(-88.063 28.859)","USMCOB-RC33703","USMCOB-RC33703-2",0.319999009370804
"1462","USMCOB","28.58 90.10             E",28.966667,-90.016667,1.07,NA,"TL",NA,NA,2000-08-19,"USM",1,"USMCOB-RC33734",2026-05-05,"UTC",2000,8,19,232,00:00:00,NA,"POINT(-90.016667 28.966667)","USMCOB-RC33734","USMCOB-RC33734-1",NA
"1463","USMCOB","West Delta Block 117",28.806,-89.789,NA,NA,NA,NA,NA,2002-07-24,"USM",2,"USMCOB-RC33734",2026-05-05,"UTC",2002,7,24,205,00:00:00,NA,"POINT(-89.789 28.806)","USMCOB-RC33734","USMCOB-RC33734-2",NA
"1464","USMCOB","north of Key Largo, FL",25.29,-80.373,0.69,NA,"FL",0.74,"TL",2000-11-17,"USM",1,"USMCOB-RC33825",2026-05-05,"UTC",2000,11,17,322,00:00:00,NA,"POINT(-80.373 25.29)","USMCOB-RC33825","USMCOB-RC33825-1",NA
"1465","USMCOB","off Key Biscayne, FL",25.695,-80.192,NA,NA,NA,NA,NA,2001-01-05,"USM",2,"USMCOB-RC33825",2026-05-05,"UTC",2001,1,5,5,00:00:00,NA,"POINT(-80.192 25.695)","USMCOB-RC33825","USMCOB-RC33825-2",NA
"1466","USMCOB","MONKEY BAYOU RIGS",29.718,-88.797,0.76,NA,"FL",0.81,"TL",1989-07-08,"USM",1,"USMCOB-RC3393",2026-05-05,"UTC",1989,7,8,189,00:00:00,NA,"POINT(-88.797 29.718)","USMCOB-RC3393","USMCOB-RC3393-1",NA
"1467","USMCOB","OFF FT. WALTON, FL,OCALOOSA IS",30.39,-86.593,1.07,NA,"FL",NA,NA,1990-04-16,"USM",2,"USMCOB-RC3393",2026-05-05,"UTC",1990,4,16,106,00:00:00,NA,"POINT(-86.593 30.39)","USMCOB-RC3393","USMCOB-RC3393-2",NA
"1468","USMCOB","18 miles off Marco I.",25.867,-82.017,0.71,NA,"FL",0.79,"TL",2001-06-23,"USM",1,"USMCOB-RC34142",2026-05-05,"UTC",2001,6,23,174,00:00:00,NA,"POINT(-82.017 25.867)","USMCOB-RC34142","USMCOB-RC34142-1",NA
"1469","USMCOB","Marco Island, FL  (FL est",25.935,-81.738,0.81,NA,"FL",NA,NA,2001-07-06,"USM",2,"USMCOB-RC34142",2026-05-05,"UTC",2001,7,6,187,00:00:00,NA,"POINT(-81.738 25.935)","USMCOB-RC34142","USMCOB-RC34142-2",NA
"1470","USMCOB","DOG KEYS PASS, MS",30.246,-88.782,0.66,NA,"FL",0.72,"TL",1990-09-09,"USM",1,"USMCOB-RC3463",2026-05-05,"UTC",1990,9,9,252,00:00:00,NA,"POINT(-88.782 30.246)","USMCOB-RC3463","USMCOB-RC3463-1",NA
"1471","USMCOB","MARATHON, FL (GULF SIDE)",24.726,-81.089,0.81,NA,"FL",NA,NA,1991-03-15,"USM",2,"USMCOB-RC3463",2026-05-05,"UTC",1991,3,15,74,00:00:00,NA,"POINT(-81.089 24.726)","USMCOB-RC3463","USMCOB-RC3463-2",NA
"1472","USMCOB","Pensacola Beach",30.315,-87.203,0.71,NA,"FL",0.79,"TL",2001-04-15,"USM",1,"USMCOB-RC34689",2026-05-05,"UTC",2001,4,15,105,00:00:00,NA,"POINT(-87.203 30.315)","USMCOB-RC34689","USMCOB-RC34689-1",NA
"1473","USMCOB","Pensacola Beach",30.315,-87.203,1.02,NA,"FL",1.12,"TL",2001-04-08,"USM",1,"USMCOB-RC34690",2026-05-05,"UTC",2001,4,8,98,00:00:00,NA,"POINT(-87.203 30.315)","USMCOB-RC34690","USMCOB-RC34690-1",NA
"1474","USMCOB","17 mls off P'cola Pass",30.079,-87.3,1.32,NA,"FL",NA,NA,2003-06-17,"USM",2,"USMCOB-RC34690",2026-05-05,"UTC",2003,6,17,168,00:00:00,NA,"POINT(-87.3 30.079)","USMCOB-RC34690","USMCOB-RC34690-2",NA
"1475","USMCOB","Destin",30.38,-86.5,0.71,NA,"FL",0.79,"TL",2001-05-19,"USM",1,"USMCOB-RC34692",2026-05-05,"UTC",2001,5,19,139,00:00:00,NA,"POINT(-86.5 30.38)","USMCOB-RC34692","USMCOB-RC34692-1",NA
"1476","USMCOB","29o47.8N 88o17.3W",29.796667,-88.288333,1.07,NA,"FL",1.16,"TL",2004-05-01,"USM",2,"USMCOB-RC34692",2026-05-05,"UTC",2004,5,1,122,00:00:00,NA,"POINT(-88.288333 29.796667)","USMCOB-RC34692","USMCOB-RC34692-2",NA
"1477","USMCOB","8mi E of Destin",30.366,-86.36,0.81,NA,"FL",0.9,"TL",2002-04-01,"USM",1,"USMCOB-RC34698",2026-05-05,"UTC",2002,4,1,91,00:00:00,NA,"POINT(-86.36 30.366)","USMCOB-RC34698","USMCOB-RC34698-1",NA
"1478","USMCOB","Main Pass 133",29.38,-88.62,0.88,NA,"FL",0.98,"TL",2003-05-02,"USM",2,"USMCOB-RC34698",2026-05-05,"UTC",2003,5,2,122,00:00:00,NA,"POINT(-88.62 29.38)","USMCOB-RC34698","USMCOB-RC34698-2",NA
"1479","USMCOB","Pensacola Beach",30.315,-87.203,0.89,NA,"FL",0.97,"TL",2001-04-15,"USM",1,"USMCOB-RC34711",2026-05-05,"UTC",2001,4,15,105,00:00:00,NA,"POINT(-87.203 30.315)","USMCOB-RC34711","USMCOB-RC34711-1",NA
"1480","USMCOB","SW of Destin",30.378,-86.518,1.19,NA,"FL",1.32,"TL",2002-06-07,"USM",2,"USMCOB-RC34711",2026-05-05,"UTC",2002,6,7,158,00:00:00,NA,"POINT(-86.518 30.378)","USMCOB-RC34711","USMCOB-RC34711-2",NA
"1481","USMCOB","Pensacola Beach",30.315,-87.203,0.94,NA,"FL",1.02,"TL",2001-04-20,"USM",1,"USMCOB-RC34712",2026-05-05,"UTC",2001,4,20,110,00:00:00,NA,"POINT(-87.203 30.315)","USMCOB-RC34712","USMCOB-RC34712-1",NA
"1482","USMCOB","off Fourchon, LA",29.095,-90.194,NA,NA,NA,NA,NA,2001-05-15,"USM",2,"USMCOB-RC34712",2026-05-05,"UTC",2001,5,15,135,00:00:00,NA,"POINT(-90.194 29.095)","USMCOB-RC34712","USMCOB-RC34712-2",NA
"1483","USMCOB","Pensacola Beach",30.315,-87.203,0.99,NA,"FL",NA,NA,2004-04-18,"USM",1,"USMCOB-RC34748",2026-05-05,"UTC",2004,4,18,109,00:00:00,NA,"POINT(-87.203 30.315)","USMCOB-RC34748","USMCOB-RC34748-1",NA
"1484","USMCOB","Vermilion Block 217",28.703,-92.407,1.12,NA,"FL",NA,NA,2004-05-08,"USM",2,"USMCOB-RC34748",2026-05-05,"UTC",2004,5,8,129,00:00:00,NA,"POINT(-92.407 28.703)","USMCOB-RC34748","USMCOB-RC34748-2",NA
"1485","USMCOB","Pensacola Beach",30.315,-87.203,0.71,NA,"FL",0.76,"TL",2003-05-12,"USM",1,"USMCOB-RC34825",2026-05-05,"UTC",2003,5,12,132,00:00:00,NA,"POINT(-87.203 30.315)","USMCOB-RC34825","USMCOB-RC34825-1",NA
"1486","USMCOB","Pensacola",30.333,-87.15,1.04,NA,"FL",1.17,"TL",2004-04-23,"USM",2,"USMCOB-RC34825",2026-05-05,"UTC",2004,4,23,114,00:00:00,NA,"POINT(-87.15 30.333)","USMCOB-RC34825","USMCOB-RC34825-2",NA
"1487","USMCOB","Pensacola Beach",30.315,-87.203,0.97,NA,"FL",1.09,"TL",2001-04-13,"USM",1,"USMCOB-RC34992",2026-05-05,"UTC",2001,4,13,103,00:00:00,NA,"POINT(-87.203 30.315)","USMCOB-RC34992","USMCOB-RC34992-1",NA
"1488","USMCOB","Key Largo, FL (Atlantic)",25.086,-80.433,NA,NA,NA,NA,NA,2001-11-26,"USM",2,"USMCOB-RC34992",2026-05-05,"UTC",2001,11,26,330,00:00:00,NA,"POINT(-80.433 25.086)","USMCOB-RC34992","USMCOB-RC34992-2",NA
"1489","USMCOB","49 ml S of Galveston",28.568239,-94.736477,0.86,NA,"FL",0.94,"TL",2004-08-28,"USM",1,"USMCOB-RC35087",2026-05-05,"UTC",2004,8,28,241,00:00:00,NA,"POINT(-94.736477 28.568239)","USMCOB-RC35087","USMCOB-RC35087-1",NA
"1490","USMCOB","65 miles Se of Galveston",28.65,-93.981,1.03,NA,"TL",NA,NA,2005-08-21,"USM",2,"USMCOB-RC35087",2026-05-05,"UTC",2005,8,21,233,00:00:00,NA,"POINT(-93.981 28.65)","USMCOB-RC35087","USMCOB-RC35087-2",NA
"1491","USMCOB","Peace R., Punta Gorda, F",26.945,-82.068,0.85,NA,"FL",0.97,"TL",2001-04-23,"USM",1,"USMCOB-RC35104",2026-05-05,"UTC",2001,4,23,113,00:00:00,NA,"POINT(-82.068 26.945)","USMCOB-RC35104","USMCOB-RC35104-1",NA
"1492","USMCOB","Port Charlotte harbor",26.945,-82.068,0.84,NA,"FL",NA,NA,2001-05-08,"USM",2,"USMCOB-RC35104",2026-05-05,"UTC",2001,5,8,128,00:00:00,NA,"POINT(-82.068 26.945)","USMCOB-RC35104","USMCOB-RC35104-2",NA
"1493","USMCOB","Panama City Beach",30.212,-85.88,1.02,NA,"FL",1.12,"TL",2005-04-28,"USM",1,"USMCOB-RC35487",2026-05-05,"UTC",2005,4,28,118,00:00:00,NA,"POINT(-85.88 30.212)","USMCOB-RC35487","USMCOB-RC35487-1",NA
"1494","USMCOB","Port Canaveral, FL   E",28.41,-80.584,1.04,NA,"FL",NA,NA,2006-03-12,"USM",2,"USMCOB-RC35487",2026-05-05,"UTC",2006,3,12,71,00:00:00,NA,"POINT(-80.584 28.41)","USMCOB-RC35487","USMCOB-RC35487-2",NA
"1495","USMCOB","MARKER 2, W. END OF HORN ISL.",30.246,-88.782,0.66,NA,"FL",0.72,"TL",1989-08-21,"USM",1,"USMCOB-RC3549",2026-05-05,"UTC",1989,8,21,233,00:00:00,NA,"POINT(-88.782 30.246)","USMCOB-RC3549","USMCOB-RC3549-1",NA
"1496","USMCOB","SUNKEN TUG N. OF HORN ISL. MS",30.235,-88.645,0.69,NA,"FL",0.76,"TL",1989-09-10,"USM",2,"USMCOB-RC3549",2026-05-05,"UTC",1989,9,10,253,00:00:00,NA,"POINT(-88.645 30.235)","USMCOB-RC3549","USMCOB-RC3549-2",NA
"1497","USMCOB","N. POINT OF CHANDELEUR ISL.",30.043,-88.878,0.76,NA,"FL",NA,NA,1989-08-11,"USM",1,"USMCOB-RC3555",2026-05-05,"UTC",1989,8,11,223,00:00:00,NA,"POINT(-88.878 30.043)","USMCOB-RC3555","USMCOB-RC3555-1",NA
"1498","USMCOB","WEST OF MS. RIVER, 28300/46790",28.85,-90.28,1.02,NA,"FL",NA,NA,1990-04-14,"USM",2,"USMCOB-RC3555",2026-05-05,"UTC",1990,4,14,104,00:00:00,NA,"POINT(-90.28 28.85)","USMCOB-RC3555","USMCOB-RC3555-2",NA
"1499","USMCOB","6 miles S of Horn I.",30.141,-88.669,0.83,NA,"FL",NA,NA,2006-08-26,"USM",1,"USMCOB-RC35686",2026-05-05,"UTC",2006,8,26,238,00:00:00,NA,"POINT(-88.669 30.141)","USMCOB-RC35686","USMCOB-RC35686-1",NA
"1500","USMCOB","3 miles S of Horn I.",30.186,-88.686,0.84,NA,"FL",0.94,"TL",2006-09-14,"USM",2,"USMCOB-RC35686",2026-05-05,"UTC",2006,9,14,257,00:00:00,NA,"POINT(-88.686 30.186)","USMCOB-RC35686","USMCOB-RC35686-2",NA
"1501","USMCOB","MONKEY BAYOU RIGS,  LA",29.718,-88.797,0.6,NA,"FL",0.65,"TL",1989-07-18,"USM",1,"USMCOB-RC3600",2026-05-05,"UTC",1989,7,18,199,00:00:00,NA,"POINT(-88.797 29.718)","USMCOB-RC3600","USMCOB-RC3600-1",NA
"1502","USMCOB","12374.8 / 46918.7",29.594,-88.689,0.66,NA,"FL",0.74,"TL",1992-05-01,"USM",2,"USMCOB-RC3600",2026-05-05,"UTC",1992,5,1,122,00:00:00,NA,"POINT(-88.689 29.594)","USMCOB-RC3600","USMCOB-RC3600-2",NA
"1503","USMCOB","Pasc. ship channel",30.241,-88.506,0.76,NA,"TL",NA,NA,2000-06-01,"USM",1,"USMCOB-RC36390",2026-05-05,"UTC",2000,6,1,153,00:00:00,NA,"POINT(-88.506 30.241)","USMCOB-RC36390","USMCOB-RC36390-1",NA
"1504","USMCOB","Grand Isle Block 63",28.867,-90.066,1.04,NA,"FL",NA,NA,2001-10-25,"USM",2,"USMCOB-RC36390",2026-05-05,"UTC",2001,10,25,298,00:00:00,NA,"POINT(-90.066 28.867)","USMCOB-RC36390","USMCOB-RC36390-2",NA
"1505","USMCOB","20 ml off Grand Isle",28.937,-89.989,NA,NA,NA,NA,NA,2008-07-04,"USM",2,"USMCOB-RC44550",2026-05-05,"UTC",2008,7,4,186,00:00:00,NA,"POINT(-89.989 28.937)","USMCOB-RC44550","USMCOB-RC44550-2",NA
"1506","USMCOB","Charlotte Harbor",26.955,-82.06,0.69,NA,"FL",0.76,"TL",2002-08-10,"USM",1,"USMCOB-RC36450",2026-05-05,"UTC",2002,8,10,222,00:00:00,NA,"POINT(-82.06 26.955)","USMCOB-RC36450","USMCOB-RC36450-1",NA
"1507","USMCOB","Charlotte Harbor",26.955,-82.06,0.83,NA,"FL",0.91,"TL",2003-05-14,"USM",2,"USMCOB-RC36450",2026-05-05,"UTC",2003,5,14,134,00:00:00,NA,"POINT(-82.06 26.955)","USMCOB-RC36450","USMCOB-RC36450-2",NA
"1508","USMCOB","29.59.017 88.35.000",29.988056,-88.583333,0.81,NA,"FL",0.91,"TL",2002-05-03,"USM",1,"USMCOB-RC36502",2026-05-05,"UTC",2002,5,3,123,00:00:00,NA,"POINT(-88.583333 29.988056)","USMCOB-RC36502","USMCOB-RC36502-1",NA
"1509","USMCOB","Main Pass Block 265",29.347,-88.282,0.94,NA,"FL",1.08,"TL",2003-07-12,"USM",2,"USMCOB-RC36502",2026-05-05,"UTC",2003,7,12,193,00:00:00,NA,"POINT(-88.282 29.347)","USMCOB-RC36502","USMCOB-RC36502-2",NA
"1510","USMCOB","Ship Shoal Block 92",28.882,-90.774113,0.58,NA,"FL",0.64,"TL",2002-07-21,"USM",1,"USMCOB-RC36590",2026-05-05,"UTC",2002,7,21,202,00:00:00,NA,"POINT(-90.774113 28.882)","USMCOB-RC36590","USMCOB-RC36590-1",NA
"1511","USMCOB","12 miles S Key West",24.378,-81.758,1.02,NA,"TL",NA,NA,2004-04-20,"USM",2,"USMCOB-RC36590",2026-05-05,"UTC",2004,4,20,111,00:00:00,NA,"POINT(-81.758 24.378)","USMCOB-RC36590","USMCOB-RC36590-2",NA
"1512","USMCOB","RIGS S. OF PETIT BOIS ISL.",30.115,-88.45,0.89,NA,"TL",NA,NA,1989-09-15,"USM",1,"USMCOB-RC3668",2026-05-05,"UTC",1989,9,15,258,00:00:00,NA,"POINT(-88.45 30.115)","USMCOB-RC3668","USMCOB-RC3668-1",NA
"1513","USMCOB","SOMBRERO REEF, MARATHON KEY,FL",24.626,-81.111,1.09,NA,"TL",NA,NA,1990-09-12,"USM",2,"USMCOB-RC3668",2026-05-05,"UTC",1990,9,12,255,00:00:00,NA,"POINT(-81.111 24.626)","USMCOB-RC3668","USMCOB-RC3668-2",NA
"1514","USMCOB","MONKEY BAYOU RIGS",29.718,-88.797,0.66,NA,"FL",0.71,"TL",1989-06-10,"USM",1,"USMCOB-RC3676",2026-05-05,"UTC",1989,6,10,161,00:00:00,NA,"POINT(-88.797 29.718)","USMCOB-RC3676","USMCOB-RC3676-1",NA
"1515","USMCOB","20 MI. SE. OF GALVESTON, TX",29.096,-94.525,1.07,NA,"FL",1.17,"TL",1990-06-29,"USM",2,"USMCOB-RC3676",2026-05-05,"UTC",1990,6,29,180,00:00:00,NA,"POINT(-94.525 29.096)","USMCOB-RC3676","USMCOB-RC3676-2",NA
"1516","USMCOB","Bonita Beach",26.35,-81.856,0.76,NA,"FL",0.86,"TL",2003-09-22,"USM",1,"USMCOB-RC36790",2026-05-05,"UTC",2003,9,22,265,00:00:00,NA,"POINT(-81.856 26.35)","USMCOB-RC36790","USMCOB-RC36790-1",NA
"1517","USMCOB","3 miles off Naples, FL",26.136,-81.856,0.86,NA,"FL",NA,NA,2003-09-30,"USM",2,"USMCOB-RC36790",2026-05-05,"UTC",2003,9,30,273,00:00:00,NA,"POINT(-81.856 26.136)","USMCOB-RC36790","USMCOB-RC36790-2",NA
"1518","USMCOB","Pensacola",30.315,-87.203,0.66,NA,"FL",0.74,"TL",2002-04-21,"USM",1,"USMCOB-RC36802",2026-05-05,"UTC",2002,4,21,111,00:00:00,NA,"POINT(-87.203 30.315)","USMCOB-RC36802","USMCOB-RC36802-1",NA
"1519","USMCOB","Pensacola Beach",30.315,-87.203,1.19,NA,"FL",1.3,"TL",2003-03-27,"USM",1,"USMCOB-RC36816",2026-05-05,"UTC",2003,3,27,86,00:00:00,NA,"POINT(-87.203 30.315)","USMCOB-RC36816","USMCOB-RC36816-1",NA
"1520","USMCOB","30 ml S of Apalachicola",29.281,-84.953,1.19,NA,"FL",NA,NA,2003-04-21,"USM",2,"USMCOB-RC36816",2026-05-05,"UTC",2003,4,21,111,00:00:00,NA,"POINT(-84.953 29.281)","USMCOB-RC36816","USMCOB-RC36816-2",NA
"1521","USMCOB","S curves between P'cola and Navarre",30.35,-87,0.69,NA,"FL",0.76,"TL",2003-04-13,"USM",1,"USMCOB-RC36817",2026-05-05,"UTC",2003,4,13,103,00:00:00,NA,"POINT(-87.0 30.35)","USMCOB-RC36817","USMCOB-RC36817-1",NA
"1522","USMCOB","Orange Beach, AL",30.267,-87.585,0.97,NA,"TL",NA,NA,2004-03-20,"USM",2,"USMCOB-RC36817",2026-05-05,"UTC",2004,3,20,80,00:00:00,NA,"POINT(-87.585 30.267)","USMCOB-RC36817","USMCOB-RC36817-2",4.19171190261841
"1523","USMCOB","E end of Pensacola Beach",30.315,-87.1,0.71,NA,"FL",0.76,"TL",2002-04-15,"USM",1,"USMCOB-RC36866",2026-05-05,"UTC",2002,4,15,105,00:00:00,NA,"POINT(-87.1 30.315)","USMCOB-RC36866","USMCOB-RC36866-1",NA
"1524","USMCOB","Horn I. bar",30.244,-88.777,0.93,NA,"FL",NA,NA,2003-04-26,"USM",2,"USMCOB-RC36866",2026-05-05,"UTC",2003,4,26,116,00:00:00,NA,"POINT(-88.777 30.244)","USMCOB-RC36866","USMCOB-RC36866-2",NA
"1525","USMCOB","MAIN PASS, BLOCK 31",29.468,-88.95,0.76,NA,"FL",0.89,"TL",1991-08-29,"USM",1,"USMCOB-RC3711",2026-05-05,"UTC",1991,8,29,241,00:00:00,NA,"POINT(-88.95 29.468)","USMCOB-RC3711","USMCOB-RC3711-1",NA
"1526","USMCOB","APPROX 100MI SE OF CAMERON, LA",28.766,-92.124,0.94,NA,"TL",NA,NA,1992-05-31,"USM",2,"USMCOB-RC3711",2026-05-05,"UTC",1992,5,31,152,00:00:00,NA,"POINT(-92.124 28.766)","USMCOB-RC3711","USMCOB-RC3711-2",NA
"1527","USMCOB","Port Canaveral FL 9 miles out",28.395,-80.587,0.69,NA,"FL",0.79,"TL",2004-03-12,"USM",1,"USMCOB-RC37113",2026-05-05,"UTC",2004,3,12,72,00:00:00,NA,"POINT(-80.587 28.395)","USMCOB-RC37113","USMCOB-RC37113-1",NA
"1528","USMCOB","20 miles E of Daytona Beach  E",29.219,-80.667,0.9,NA,"FL",NA,NA,2005-05-29,"USM",2,"USMCOB-RC37113",2026-05-05,"UTC",2005,5,29,149,00:00:00,NA,"POINT(-80.667 29.219)","USMCOB-RC37113","USMCOB-RC37113-2",0.370994985103607
"1529","USMCOB","Port Canaveral",28.395,-80.587,0.81,NA,"FL",NA,NA,2005-04-04,"USM",1,"USMCOB-RC37118",2026-05-05,"UTC",2005,4,4,94,00:00:00,NA,"POINT(-80.587 28.395)","USMCOB-RC37118","USMCOB-RC37118-1",NA
"1530","USMCOB","Cape Canaveral 2817.23 8027.33",28.287167,-80.4555,0.89,NA,"FL",NA,NA,2006-03-05,"USM",2,"USMCOB-RC37118",2026-05-05,"UTC",2006,3,5,64,00:00:00,NA,"POINT(-80.4555 28.287167)","USMCOB-RC37118","USMCOB-RC37118-2",NA
"1531","USMCOB","MAIN PASS, BLOCK 31",29.468,-88.95,0.6,NA,"FL",0.66,"TL",1991-08-29,"USM",1,"USMCOB-RC3712",2026-05-05,"UTC",1991,8,29,241,00:00:00,NA,"POINT(-88.95 29.468)","USMCOB-RC3712","USMCOB-RC3712-1",NA
"1532","USMCOB","MAIN PASS (BLOCK 103) OFF LA",29.59,-88.85,0.86,NA,"FL",0.94,"TL",1992-08-23,"USM",2,"USMCOB-RC3712",2026-05-05,"UTC",1992,8,23,236,00:00:00,NA,"POINT(-88.85 29.59)","USMCOB-RC3712","USMCOB-RC3712-2",NA
"1533","USMCOB","9 miles out Port Canaveral",28.409854,-80.4398,0.66,NA,"FL",NA,NA,2006-03-10,"USM",1,"USMCOB-RC37139",2026-05-05,"UTC",2006,3,10,69,00:00:00,NA,"POINT(-80.4398 28.409854)","USMCOB-RC37139","USMCOB-RC37139-1",NA
"1534","USMCOB","Port Royal Sound",32.26,-80.67,NA,NA,NA,NA,NA,2006-05-20,"USM",2,"USMCOB-RC37139",2026-05-05,"UTC",2006,5,20,140,00:00:00,NA,"POINT(-80.67 32.26)","USMCOB-RC37139","USMCOB-RC37139-2",NA
"1535","USMCOB","West Delta 62",29.025,-89.652,0.91,NA,"FL",1.02,"TL",2007-09-28,"USM",1,"USMCOB-RC37181",2026-05-05,"UTC",2007,9,28,271,00:00:00,NA,"POINT(-89.652 29.025)","USMCOB-RC37181","USMCOB-RC37181-1",NA
"1536","USMCOB","Ship Shoal 214",28.498,-91.872,1.09,NA,"FL",1.24,"TL",2009-08-22,"USM",2,"USMCOB-RC37181",2026-05-05,"UTC",2009,8,22,234,00:00:00,NA,"POINT(-91.872 28.498)","USMCOB-RC37181","USMCOB-RC37181-2",NA
"1537","USMCOB","Navarre Beach",30.378,-86.862,0.86,NA,"FL",0.94,"TL",2002-04-24,"USM",1,"USMCOB-RC37237",2026-05-05,"UTC",2002,4,24,114,00:00:00,NA,"POINT(-86.862 30.378)","USMCOB-RC37237","USMCOB-RC37237-1",NA
"1538","USMCOB","3 ml E of Navarre Beach",30.378,-86.862,0.94,NA,"FL",1.02,"TL",2002-04-23,"USM",1,"USMCOB-RC37239",2026-05-05,"UTC",2002,4,23,113,00:00:00,NA,"POINT(-86.862 30.378)","USMCOB-RC37239","USMCOB-RC37239-1",NA
"1539","USMCOB","W of Morgan City  E",29.475,-91.34,NA,NA,NA,NA,NA,2003-06-26,"USM",2,"USMCOB-RC37239",2026-05-05,"UTC",2003,6,26,177,00:00:00,NA,"POINT(-91.34 29.475)","USMCOB-RC37239","USMCOB-RC37239-2",NA
"1540","USMCOB","28.55.57N 82.57.28W",28.9325,-82.957778,0.52,NA,"FL",0.58,"TL",2002-06-15,"USM",1,"USMCOB-RC37301",2026-05-05,"UTC",2002,6,15,166,00:00:00,NA,"POINT(-82.957778 28.9325)","USMCOB-RC37301","USMCOB-RC37301-1",NA
"1541","USMCOB","Middle Cape Sable",25.156,-81.14,0.86,NA,"FL",NA,NA,2004-01-06,"USM",2,"USMCOB-RC37301",2026-05-05,"UTC",2004,1,6,6,00:00:00,NA,"POINT(-81.14 25.156)","USMCOB-RC37301","USMCOB-RC37301-2",NA
"1542","USMCOB","N28 57    W82 54",28.95,-82.9,0.76,NA,"FL",0.86,"TL",2002-06-27,"USM",1,"USMCOB-RC37371",2026-05-05,"UTC",2002,6,27,178,00:00:00,NA,"POINT(-82.9 28.95)","USMCOB-RC37371","USMCOB-RC37371-1",NA
"1543","USMCOB","28.55N 82.57W",28.916667,-82.95,0.89,NA,"FL",0.97,"TL",2003-07-01,"USM",2,"USMCOB-RC37371",2026-05-05,"UTC",2003,7,1,182,00:00:00,NA,"POINT(-82.95 28.916667)","USMCOB-RC37371","USMCOB-RC37371-2",NA
"1544","USMCOB","28.57N 82.57W",28.95,-82.95,0.76,NA,"FL",0.86,"TL",2002-07-15,"USM",1,"USMCOB-RC37378",2026-05-05,"UTC",2002,7,15,196,00:00:00,NA,"POINT(-82.95 28.95)","USMCOB-RC37378","USMCOB-RC37378-1",NA
"1545","USMCOB","off Tarpon Spring, FL",28.14,-82.8,0.81,NA,"FL",0.86,"TL",2003-04-19,"USM",2,"USMCOB-RC37378",2026-05-05,"UTC",2003,4,19,109,00:00:00,NA,"POINT(-82.8 28.14)","USMCOB-RC37378","USMCOB-RC37378-2",NA
"1546","USMCOB","South of Horn Is.",30.239,-88.749,0.8,NA,"FL",0.9,"TL",2002-05-05,"USM",1,"USMCOB-RC37534",2026-05-05,"UTC",2002,5,5,125,00:00:00,NA,"POINT(-88.749 30.239)","USMCOB-RC37534","USMCOB-RC37534-1",NA
"1547","USMCOB","Block 105",29.548,-88.8,1.04,NA,"TL",NA,NA,2002-10-26,"USM",2,"USMCOB-RC37534",2026-05-05,"UTC",2002,10,26,299,00:00:00,NA,"POINT(-88.8 29.548)","USMCOB-RC37534","USMCOB-RC37534-2",NA
"1548","USMCOB","south of Petit Bois",30.202,-88.486,0.76,NA,"FL",0.81,"TL",2002-06-09,"USM",1,"USMCOB-RC37537",2026-05-05,"UTC",2002,6,9,160,00:00:00,NA,"POINT(-88.486 30.202)","USMCOB-RC37537","USMCOB-RC37537-1",NA
"1549","USMCOB","farewell buoy - Pasc. cha",30.215,-88.791,0.85,NA,"TL",NA,NA,2002-08-29,"USM",2,"USMCOB-RC37537",2026-05-05,"UTC",2002,8,29,241,00:00:00,NA,"POINT(-88.791 30.215)","USMCOB-RC37537","USMCOB-RC37537-2",NA
"1550","USMCOB","Phillips Inlet, FL",30.271,-85.986,1.02,NA,"FL",NA,NA,2003-04-16,"USM",1,"USMCOB-RC37659",2026-05-05,"UTC",2003,4,16,106,00:00:00,NA,"POINT(-85.986 30.271)","USMCOB-RC37659","USMCOB-RC37659-1",NA
"1551","USMCOB","Main Pass 138     est wt",29.345,-88.81,NA,NA,NA,NA,NA,2004-05-23,"USM",2,"USMCOB-RC37659",2026-05-05,"UTC",2004,5,23,144,00:00:00,NA,"POINT(-88.81 29.345)","USMCOB-RC37659","USMCOB-RC37659-2",NA
"1552","USMCOB","2 ml N of Jupiter, 0.5 mile offshor",26.964227,-80.066878,0.66,NA,"FL",0.75,"TL",2004-08-24,"USM",1,"USMCOB-RC37683",2026-05-05,"UTC",2004,8,24,237,00:00:00,NA,"POINT(-80.066878 26.964227)","USMCOB-RC37683","USMCOB-RC37683-1",NA
"1553","USMCOB","Naples, FL - 5 ml offshore",26.14,-81.81,1.02,NA,"FL",NA,NA,2006-05-13,"USM",2,"USMCOB-RC37683",2026-05-05,"UTC",2006,5,13,133,00:00:00,NA,"POINT(-81.81 26.14)","USMCOB-RC37683","USMCOB-RC37683-2",NA
"1554","USMCOB","Dog Keys Pass",30.246,-88.782,0.85,NA,"FL",0.89,"TL",2003-03-28,"USM",1,"USMCOB-RC37801",2026-05-05,"UTC",2003,3,28,87,00:00:00,NA,"POINT(-88.782 30.246)","USMCOB-RC37801","USMCOB-RC37801-1",NA
"1555","USMCOB","25 ml S of Perdido Pass",29.908,-87.556,0.91,NA,"FL",NA,NA,2003-08-02,"USM",2,"USMCOB-RC37801",2026-05-05,"UTC",2003,8,2,214,00:00:00,NA,"POINT(-87.556 29.908)","USMCOB-RC37801","USMCOB-RC37801-2",NA
"1556","USMCOB","29 31.64N 88 36.55W",29.527333,-88.609167,0.84,NA,"FL",0.89,"TL",2005-05-14,"USM",1,"USMCOB-RC37824",2026-05-05,"UTC",2005,5,14,134,00:00:00,NA,"POINT(-88.609167 29.527333)","USMCOB-RC37824","USMCOB-RC37824-1",NA
"1557","USMCOB","Grand Isle Block 94",28.54,-90.11,0.97,NA,"FL",NA,NA,2006-05-09,"USM",2,"USMCOB-RC37824",2026-05-05,"UTC",2006,5,9,129,00:00:00,NA,"POINT(-90.11 28.54)","USMCOB-RC37824","USMCOB-RC37824-2",NA
"1558","USMCOB","29 32.582N 88 37.062W",29.543033,-88.6177,0.79,NA,"FL",0.89,"TL",2005-05-14,"USM",1,"USMCOB-RC37830",2026-05-05,"UTC",2005,5,14,134,00:00:00,NA,"POINT(-88.6177 29.543033)","USMCOB-RC37830","USMCOB-RC37830-1",NA
"1559","USMCOB","Grand Isle Block 90   E",28.58,-90.07,1.14,NA,"TL",NA,NA,2008-05-09,"USM",2,"USMCOB-RC37830",2026-05-05,"UTC",2008,5,9,130,00:00:00,NA,"POINT(-90.07 28.58)","USMCOB-RC37830","USMCOB-RC37830-2",2.00079399347305
"1560","USMCOB","Destin",30.38,-86.5,0.89,NA,"FL",0.91,"TL",2003-04-16,"USM",1,"USMCOB-RC38001",2026-05-05,"UTC",2003,4,16,106,00:00:00,NA,"POINT(-86.5 30.38)","USMCOB-RC38001","USMCOB-RC38001-1",NA
"1561","USMCOB","Grand Isle Block 120",28.528,-90.027,0.99,NA,"FL",NA,NA,2003-08-02,"USM",2,"USMCOB-RC38001",2026-05-05,"UTC",2003,8,2,214,00:00:00,NA,"POINT(-90.027 28.528)","USMCOB-RC38001","USMCOB-RC38001-2",NA
"1562","USMCOB","Hurbert",30.393,-86.688,0.91,NA,"FL",1.07,"TL",2003-04-23,"USM",1,"USMCOB-RC38022",2026-05-05,"UTC",2003,4,23,113,00:00:00,NA,"POINT(-86.688 30.393)","USMCOB-RC38022","USMCOB-RC38022-1",NA
"1563","USMCOB","25.0N 81.5W",25,-81.5,0.99,NA,"FL",NA,NA,2003-07-10,"USM",2,"USMCOB-RC38022",2026-05-05,"UTC",2003,7,10,191,00:00:00,NA,"POINT(-81.5 25.0)","USMCOB-RC38022","USMCOB-RC38022-2",NA
"1564","USMCOB","Pensacola Beach",30.315,-87.203,0.99,NA,"FL",NA,NA,2003-04-30,"USM",1,"USMCOB-RC38103",2026-05-05,"UTC",2003,4,30,120,00:00:00,NA,"POINT(-87.203 30.315)","USMCOB-RC38103","USMCOB-RC38103-1",NA
"1565","USMCOB","Carrabelle, FL",29.843,-84.856,1.17,NA,"TL",NA,NA,2003-10-05,"USM",2,"USMCOB-RC38103",2026-05-05,"UTC",2003,10,5,278,00:00:00,NA,"POINT(-84.856 29.843)","USMCOB-RC38103","USMCOB-RC38103-2",NA
"1566","USMCOB","1 ml E of Destin Pass",30.38,-86.5,0.84,NA,"FL",0.89,"TL",2003-03-27,"USM",1,"USMCOB-RC38141",2026-05-05,"UTC",2003,3,27,86,00:00:00,NA,"POINT(-86.5 30.38)","USMCOB-RC38141","USMCOB-RC38141-1",NA
"1567","USMCOB","39 miles off Freeport, TX",28.568,-94.809,1.02,NA,"TL",NA,NA,2003-06-14,"USM",2,"USMCOB-RC38141",2026-05-05,"UTC",2003,6,14,165,00:00:00,NA,"POINT(-94.809 28.568)","USMCOB-RC38141","USMCOB-RC38141-2",NA
"1568","USMCOB","1 mile W of Navarre",30.378,-86.862,0.89,NA,"FL",0.94,"TL",2003-03-28,"USM",1,"USMCOB-RC38142",2026-05-05,"UTC",2003,3,28,87,00:00:00,NA,"POINT(-86.862 30.378)","USMCOB-RC38142","USMCOB-RC38142-1",NA
"1569","USMCOB","Main Pass 261, 58 SSW GS",29.335,-88.295,1.02,NA,"TL",NA,NA,2004-06-30,"USM",2,"USMCOB-RC38142",2026-05-05,"UTC",2004,6,30,182,00:00:00,NA,"POINT(-88.295 29.335)","USMCOB-RC38142","USMCOB-RC38142-2",NA
"1570","USMCOB","Pasc Ship Chnl markers",30.241,-88.506,0.56,NA,"FL",0.66,"TL",2003-08-20,"USM",1,"USMCOB-RC38381",2026-05-05,"UTC",2003,8,20,232,00:00:00,NA,"POINT(-88.506 30.241)","USMCOB-RC38381","USMCOB-RC38381-1",NA
"1571","USMCOB","30.05 86.21    E",30.05,-86.21,0.99,NA,"FL",NA,NA,2004-10-26,"USM",2,"USMCOB-RC38381",2026-05-05,"UTC",2004,10,26,300,00:00:00,NA,"POINT(-86.21 30.05)","USMCOB-RC38381","USMCOB-RC38381-2",NA
"1572","USMCOB","Gulfport Ship Channel #55",30.324,-89.061,0.33,NA,"TL",NA,NA,2004-07-27,"USM",1,"USMCOB-RC38405",2026-05-05,"UTC",2004,7,27,209,00:00:00,NA,"POINT(-89.061 30.324)","USMCOB-RC38405","USMCOB-RC38405-1",NA
"1573","USMCOB","2 ml S of Broadwater, retagged",30.32,-89.088,0.34,NA,"TL",NA,NA,2004-08-07,"USM",2,"USMCOB-RC38405",2026-05-05,"UTC",2004,8,7,220,00:00:00,NA,"POINT(-89.088 30.32)","USMCOB-RC38405","USMCOB-RC38405-2",NA
"1574","USMCOB","GULFPORT SHIP CHANNEL",30.349,-89.083,0.74,NA,"FL",0.81,"TL",1990-08-23,"USM",1,"USMCOB-RC3855",2026-05-05,"UTC",1990,8,23,235,00:00:00,NA,"POINT(-89.083 30.349)","USMCOB-RC3855","USMCOB-RC3855-1",NA
"1575","USMCOB","RED CAN, DOG KEYS PASS",30.246,-88.782,0.99,NA,"FL",NA,NA,1990-08-26,"USM",2,"USMCOB-RC3855",2026-05-05,"UTC",1990,8,26,238,00:00:00,NA,"POINT(-88.782 30.246)","USMCOB-RC3855","USMCOB-RC3855-2",NA
"1576","USMCOB","inside Ship I.",30.213,-88.966,0.66,NA,"FL",0.76,"TL",2004-08-07,"USM",1,"USMCOB-RC38621",2026-05-05,"UTC",2004,8,7,220,00:00:00,NA,"POINT(-88.966 30.213)","USMCOB-RC38621","USMCOB-RC38621-1",NA
"1577","USMCOB","Ship Island Pass",30.228,-89.019,0.95,NA,"FL",1.12,"TL",2005-08-14,"USM",2,"USMCOB-RC38621",2026-05-05,"UTC",2005,8,14,226,00:00:00,NA,"POINT(-89.019 30.228)","USMCOB-RC38621","USMCOB-RC38621-2",10.4852132797241
"1578","USMCOB","CA-25-A",29.769,-88.709,0.79,NA,"FL",0.84,"TL",2007-04-28,"USM",1,"USMCOB-RC38639",2026-05-05,"UTC",2007,4,28,118,00:00:00,NA,"POINT(-88.709 29.769)","USMCOB-RC38639","USMCOB-RC38639-1",NA
"1579","USMCOB","42007",30.09,-88.769,1,NA,"TL",NA,NA,2007-08-08,"USM",2,"USMCOB-RC38639",2026-05-05,"UTC",2007,8,8,220,00:00:00,NA,"POINT(-88.769 30.09)","USMCOB-RC38639","USMCOB-RC38639-2",NA
"1580","USMCOB","Cape Canaveral",28.391,-80.594,0.8,NA,"FL",0.86,"TL",2004-10-01,"USM",1,"USMCOB-RC38651",2026-05-05,"UTC",2004,10,1,275,00:00:00,NA,"POINT(-80.594 28.391)","USMCOB-RC38651","USMCOB-RC38651-1",NA
"1581","USMCOB","off Islamorda, FL",24.924,-80.625,0.89,NA,"FL",NA,NA,2005-04-21,"USM",2,"USMCOB-RC38651",2026-05-05,"UTC",2005,4,21,111,00:00:00,NA,"POINT(-80.625 24.924)","USMCOB-RC38651","USMCOB-RC38651-2",NA
"1582","USMCOB","Englewood",26.96,-82.384,0.79,NA,"FL",NA,NA,2005-01-05,"USM",1,"USMCOB-RC38726",2026-05-05,"UTC",2005,1,5,5,00:00:00,NA,"POINT(-82.384 26.96)","USMCOB-RC38726","USMCOB-RC38726-1",NA
"1583","USMCOB","Cedar Key, FL",29.091613,-83.038337,0.89,NA,"FL",NA,NA,2006-06-29,"USM",2,"USMCOB-RC38726",2026-05-05,"UTC",2006,6,29,180,00:00:00,NA,"POINT(-83.038337 29.091613)","USMCOB-RC38726","USMCOB-RC38726-2",NA
"1584","USMCOB","OFF E. CHANDELEUR BEACH",29.819,-88.836,0.56,NA,"FL",0.62,"TL",1990-07-02,"USM",1,"USMCOB-RC3876",2026-05-05,"UTC",1990,7,2,183,00:00:00,NA,"POINT(-88.836 29.819)","USMCOB-RC3876","USMCOB-RC3876-1",NA
"1585","USMCOB","OFF CHANDELEUR ISLANDS",29.819,-88.836,0.64,NA,"FL",0.66,"TL",1990-07-09,"USM",2,"USMCOB-RC3876",2026-05-05,"UTC",1990,7,9,190,00:00:00,NA,"POINT(-88.836 29.819)","USMCOB-RC3876","USMCOB-RC3876-2",NA
"1586","USMCOB","Pensacola Beach",30.315,-87.203,1.19,NA,"FL",1.35,"TL",2003-03-18,"USM",1,"USMCOB-RC38801",2026-05-05,"UTC",2003,3,18,77,00:00:00,NA,"POINT(-87.203 30.315)","USMCOB-RC38801","USMCOB-RC38801-1",NA
"1587","USMCOB","off Orange Beach, AL",30.26,-87.58,1.3,NA,"FL",1.45,"TL",2004-03-28,"USM",2,"USMCOB-RC38801",2026-05-05,"UTC",2004,3,28,88,00:00:00,NA,"POINT(-87.58 30.26)","USMCOB-RC38801","USMCOB-RC38801-2",4.09007096290588
"1588","USMCOB","Pensacola Beach",30.315,-87.203,0.91,NA,"FL",NA,NA,2003-04-26,"USM",1,"USMCOB-RC38816",2026-05-05,"UTC",2003,4,26,116,00:00:00,NA,"POINT(-87.203 30.315)","USMCOB-RC38816","USMCOB-RC38816-1",NA
"1589","USMCOB","6 miles S Panama City Pas",30.033,-85.733,0.97,NA,"FL",NA,NA,2003-09-13,"USM",2,"USMCOB-RC38816",2026-05-05,"UTC",2003,9,13,256,00:00:00,NA,"POINT(-85.733 30.033)","USMCOB-RC38816","USMCOB-RC38816-2",NA
"1590","USMCOB","Pensacola Beach",30.315,-87.203,0.94,NA,"FL",1.02,"TL",2003-04-26,"USM",1,"USMCOB-RC38838",2026-05-05,"UTC",2003,4,26,116,00:00:00,NA,"POINT(-87.203 30.315)","USMCOB-RC38838","USMCOB-RC38838-1",NA
"1591","USMCOB","Main Pass 299",29.27,-88.76,NA,NA,NA,NA,NA,2007-06-01,"USM",2,"USMCOB-RC38838",2026-05-05,"UTC",2007,6,1,152,00:00:00,NA,"POINT(-88.76 29.27)","USMCOB-RC38838","USMCOB-RC38838-2",NA
"1592","USMCOB","Pensacola, Fl  previous 34825",30.315,-87.203,1.04,NA,"FL",1.17,"TL",2004-04-23,"USM",1,"USMCOB-RC39334",2026-05-05,"UTC",2004,4,23,114,00:00:00,NA,"POINT(-87.203 30.315)","USMCOB-RC39334","USMCOB-RC39334-1",NA
"1593","USMCOB","Pensacola",30.333,-87.15,1.07,NA,"FL",NA,NA,2004-06-15,"USM",2,"USMCOB-RC39334",2026-05-05,"UTC",2004,6,15,167,00:00:00,NA,"POINT(-87.15 30.333)","USMCOB-RC39334","USMCOB-RC39334-2",NA
"1594","USMCOB","Pensacola Beach",30.315,-87.203,1.12,NA,"FL",1.22,"TL",2003-04-18,"USM",1,"USMCOB-RC39349",2026-05-05,"UTC",2003,4,18,108,00:00:00,NA,"POINT(-87.203 30.315)","USMCOB-RC39349","USMCOB-RC39349-1",NA
"1595","USMCOB","off Miami, FL",25.766,-80.126,1.21,NA,"FL",NA,NA,2004-03-15,"USM",2,"USMCOB-RC39349",2026-05-05,"UTC",2004,3,15,75,00:00:00,NA,"POINT(-80.126 25.766)","USMCOB-RC39349","USMCOB-RC39349-2",NA
"1596","USMCOB","Pensacola Pass East Shoal",30.315,-87.203,0.84,NA,"FL",0.91,"TL",2004-04-17,"USM",1,"USMCOB-RC39401",2026-05-05,"UTC",2004,4,17,108,00:00:00,NA,"POINT(-87.203 30.315)","USMCOB-RC39401","USMCOB-RC39401-1",3.04768800735474
"1597","USMCOB","28.23.6N 90.35.0W",28.39333,-90.583333,NA,NA,NA,NA,NA,2004-07-01,"USM",2,"USMCOB-RC39401",2026-05-05,"UTC",2004,7,1,183,00:00:00,NA,"POINT(-90.583333 28.39333)","USMCOB-RC39401","USMCOB-RC39401-2",NA
"1598","USMCOB","Pensacola Beach",30.315,-87.203,0.97,NA,"FL",1.07,"TL",2003-04-06,"USM",1,"USMCOB-RC39419",2026-05-05,"UTC",2003,4,6,96,00:00:00,NA,"POINT(-87.203 30.315)","USMCOB-RC39419","USMCOB-RC39419-1",NA
"1599","USMCOB","off Stuart, FL   E",27.165,-80.15,NA,NA,NA,NA,NA,2004-03-07,"USM",2,"USMCOB-RC39419",2026-05-05,"UTC",2004,3,7,67,00:00:00,NA,"POINT(-80.15 27.165)","USMCOB-RC39419","USMCOB-RC39419-2",NA
"1600","USMCOB","Pensacola Beach",30.315,-87.203,0.86,NA,"FL",1.02,"TL",2003-04-23,"USM",1,"USMCOB-RC39437",2026-05-05,"UTC",2003,4,23,113,00:00:00,NA,"POINT(-87.203 30.315)","USMCOB-RC39437","USMCOB-RC39437-1",NA
"1601","USMCOB","Vermilion Block 226    E",28.662,-92.409,NA,NA,NA,NA,NA,2003-07-11,"USM",2,"USMCOB-RC39437",2026-05-05,"UTC",2003,7,11,192,00:00:00,NA,"POINT(-92.409 28.662)","USMCOB-RC39437","USMCOB-RC39437-2",0.346152007579803
"1602","USMCOB","Pensacola Beach CG Station",30.315,-87.203,0.86,NA,"FL",0.94,"TL",2004-04-16,"USM",1,"USMCOB-RC39439",2026-05-05,"UTC",2004,4,16,107,00:00:00,NA,"POINT(-87.203 30.315)","USMCOB-RC39439","USMCOB-RC39439-1",NA
"1603","USMCOB","50 miles S of Horn I",29.499,-88.672,1.07,NA,"TL",NA,NA,2004-05-26,"USM",2,"USMCOB-RC39439",2026-05-05,"UTC",2004,5,26,147,00:00:00,NA,"POINT(-88.672 29.499)","USMCOB-RC39439","USMCOB-RC39439-2",2.5742130279541
"1604","USMCOB","Navarre",30.378,-86.862,1.09,NA,"FL",NA,NA,2003-04-13,"USM",1,"USMCOB-RC39443",2026-05-05,"UTC",2003,4,13,103,00:00:00,NA,"POINT(-86.862 30.378)","USMCOB-RC39443","USMCOB-RC39443-1",NA
"1605","USMCOB","Crystal Beach, east Desti",30.38,-86.5,1.26,NA,"FL",NA,NA,2006-04-16,"USM",2,"USMCOB-RC39443",2026-05-05,"UTC",2006,4,16,106,00:00:00,NA,"POINT(-86.5 30.38)","USMCOB-RC39443","USMCOB-RC39443-2",0.517778009176254
"1606","USMCOB","Pensacola Beach",30.315,-87.203,1.09,NA,"FL",NA,NA,2003-04-16,"USM",1,"USMCOB-RC39453",2026-05-05,"UTC",2003,4,16,106,00:00:00,NA,"POINT(-87.203 30.315)","USMCOB-RC39453","USMCOB-RC39453-1",NA
"1607","USMCOB","3 m S E end P Bois weedln",30.166,-88.4,NA,NA,NA,NA,NA,2005-05-31,"USM",2,"USMCOB-RC39453",2026-05-05,"UTC",2005,5,31,151,00:00:00,NA,"POINT(-88.4 30.166)","USMCOB-RC39453","USMCOB-RC39453-2",NA
"1608","USMCOB","12444.8 / 47044.8, WRK.WALKER",30.085,-88.54833,0.46,NA,"FL",0.49,"TL",1990-05-19,"USM",1,"USMCOB-RC3973",2026-05-05,"UTC",1990,5,19,139,00:00:00,NA,"POINT(-88.54833 30.085)","USMCOB-RC3973","USMCOB-RC3973-1",NA
"1609","USMCOB","W. END OF SHIP ISLAND, MS",30.21,-88.964,0.61,NA,"FL",0.66,"TL",1990-07-21,"USM",2,"USMCOB-RC3973",2026-05-05,"UTC",1990,7,21,202,00:00:00,NA,"POINT(-88.964 30.21)","USMCOB-RC3973","USMCOB-RC3973-2",NA
"1610","USMCOB","Green Can Ship I.",30.216,-88.996,0.56,NA,"FL",0.64,"TL",2003-08-06,"USM",1,"USMCOB-RC39871",2026-05-05,"UTC",2003,8,6,218,00:00:00,NA,"POINT(-88.996 30.216)","USMCOB-RC39871","USMCOB-RC39871-1",NA
"1611","USMCOB","Sandestin",30.367,-86.331,1.19,NA,"FL",NA,NA,2006-04-10,"USM",2,"USMCOB-RC39871",2026-05-05,"UTC",2006,4,10,100,00:00:00,NA,"POINT(-86.331 30.367)","USMCOB-RC39871","USMCOB-RC39871-2",NA
"1612","USMCOB","GETTY RIGS",29.544,-88.677,0.56,NA,"FL",0.58,"TL",1990-04-30,"USM",1,"USMCOB-RC4023",2026-05-05,"UTC",1990,4,30,120,00:00:00,NA,"POINT(-88.677 29.544)","USMCOB-RC4023","USMCOB-RC4023-1",NA
"1613","USMCOB","GETTY RIGS,S. OF CHANDELEUR IS",29.544,-88.677,0.61,NA,"FL",0.66,"TL",1990-06-19,"USM",2,"USMCOB-RC4023",2026-05-05,"UTC",1990,6,19,170,00:00:00,NA,"POINT(-88.677 29.544)","USMCOB-RC4023","USMCOB-RC4023-2",NA
"1614","USMCOB","Farewell buoy - Dog Keys Pass",30.215,-88.791,0.61,NA,"FL",0.69,"TL",2006-08-01,"USM",1,"USMCOB-RC40292",2026-05-05,"UTC",2006,8,1,213,00:00:00,NA,"POINT(-88.791 30.215)","USMCOB-RC40292","USMCOB-RC40292-1",NA
"1615","USMCOB","off Hatteras Inlet, NC",35.178,-75.746,1.17,NA,"FL",NA,NA,2009-05-13,"USM",2,"USMCOB-RC40292",2026-05-05,"UTC",2009,5,13,133,00:00:00,NA,"POINT(-75.746 35.178)","USMCOB-RC40292","USMCOB-RC40292-2",NA
"1616","USMCOB","Destin, FL",30.38,-86.5,0.72,NA,"FL",NA,NA,2005-04-18,"USM",1,"USMCOB-RC40505",2026-05-05,"UTC",2005,4,18,108,00:00:00,NA,"POINT(-86.5 30.38)","USMCOB-RC40505","USMCOB-RC40505-1",NA
"1617","USMCOB","west of the Marquesas Keys  E",24.573,-82.17,1.12,NA,"TL",NA,NA,2006-02-19,"USM",2,"USMCOB-RC40505",2026-05-05,"UTC",2006,2,19,50,00:00:00,NA,"POINT(-82.17 24.573)","USMCOB-RC40505","USMCOB-RC40505-2",3.06690096855164
"1618","USMCOB","Destin, FL",30.38,-86.5,0.79,NA,"FL",0.86,"TL",2005-05-07,"USM",1,"USMCOB-RC40507",2026-05-05,"UTC",2005,5,7,127,00:00:00,NA,"POINT(-86.5 30.38)","USMCOB-RC40507","USMCOB-RC40507-1",NA
"1619","USMCOB","East Bay, LA",29.06,-89.276,0.95,NA,"FL",NA,NA,2006-06-12,"USM",2,"USMCOB-RC40507",2026-05-05,"UTC",2006,6,12,163,00:00:00,NA,"POINT(-89.276 29.06)","USMCOB-RC40507","USMCOB-RC40507-2",NA
"1620","USMCOB","Sandestin",30.367,-86.331,0.81,NA,"FL",0.89,"TL",2007-04-22,"USM",1,"USMCOB-RC40512",2026-05-05,"UTC",2007,4,22,112,00:00:00,NA,"POINT(-86.331 30.367)","USMCOB-RC40512","USMCOB-RC40512-1",NA
"1621","USMCOB","off Fort Myers, FL",26.648,-81.885,0.97,NA,"TL",NA,NA,2007-09-15,"USM",2,"USMCOB-RC40512",2026-05-05,"UTC",2007,9,15,258,00:00:00,NA,"POINT(-81.885 26.648)","USMCOB-RC40512","USMCOB-RC40512-2",NA
"1622","USMCOB","Okaloosa Island, FL",30.39,-86.6,0.93,NA,"FL",NA,NA,2007-04-20,"USM",1,"USMCOB-RC40519",2026-05-05,"UTC",2007,4,20,110,00:00:00,NA,"POINT(-86.6 30.39)","USMCOB-RC40519","USMCOB-RC40519-1",NA
"1623","USMCOB","Pensacola  (again 4/13/08 RC45790)",30.333,-87.15,0.97,NA,"FL",NA,NA,2008-04-13,"USM",2,"USMCOB-RC40519",2026-05-05,"UTC",2008,4,13,104,00:00:00,NA,"POINT(-87.15 30.333)","USMCOB-RC40519","USMCOB-RC40519-2",NA
"1624","USMCOB","Pensacola Beach",30.315,-87.203,0.91,NA,"FL",0.99,"TL",2004-04-25,"USM",1,"USMCOB-RC40529",2026-05-05,"UTC",2004,4,25,116,00:00:00,NA,"POINT(-87.203 30.315)","USMCOB-RC40529","USMCOB-RC40529-1",NA
"1625","USMCOB","Grand Isle 82   E",28.7,-89.97,1.12,NA,"FL",NA,NA,2007-07-22,"USM",2,"USMCOB-RC40529",2026-05-05,"UTC",2007,7,22,203,00:00:00,NA,"POINT(-89.97 28.7)","USMCOB-RC40529","USMCOB-RC40529-2",2.02315956354141
"1626","USMCOB","Navarre",30.378,-86.862,0.94,NA,"FL",NA,NA,2004-04-22,"USM",1,"USMCOB-RC40595",2026-05-05,"UTC",2004,4,22,113,00:00:00,NA,"POINT(-86.862 30.378)","USMCOB-RC40595","USMCOB-RC40595-1",NA
"1627","USMCOB","Sandestin, FL",30.367,-86.331,NA,NA,NA,NA,NA,2005-04-17,"USM",2,"USMCOB-RC40595",2026-05-05,"UTC",2005,4,17,107,00:00:00,NA,"POINT(-86.331 30.367)","USMCOB-RC40595","USMCOB-RC40595-2",3.88279354572296
"1628","USMCOB","Navarre",30.378,-86.862,NA,NA,NA,NA,NA,2004-04-22,"USM",1,"USMCOB-RC40596",2026-05-05,"UTC",2004,4,22,113,00:00:00,NA,"POINT(-86.862 30.378)","USMCOB-RC40596","USMCOB-RC40596-1",NA
"1629","USMCOB","25 mls SE of Venice, LA (wt E)",29.039,-89.043,NA,NA,NA,NA,NA,2005-05-07,"USM",2,"USMCOB-RC40596",2026-05-05,"UTC",2005,5,7,127,00:00:00,NA,"POINT(-89.043 29.039)","USMCOB-RC40596","USMCOB-RC40596-2",NA
"1630","USMCOB","Navarre",30.378,-86.862,0.89,NA,"FL",NA,NA,2004-04-24,"USM",1,"USMCOB-RC40600",2026-05-05,"UTC",2004,4,24,115,00:00:00,NA,"POINT(-86.862 30.378)","USMCOB-RC40600","USMCOB-RC40600-1",NA
"1631","USMCOB","34 ml south of Pascagoula",29.85,-88.557,NA,NA,NA,NA,NA,2005-07-16,"USM",2,"USMCOB-RC40600",2026-05-05,"UTC",2005,7,16,197,00:00:00,NA,"POINT(-88.557 29.85)","USMCOB-RC40600","USMCOB-RC40600-2",NA
"1632","USMCOB","Pensacola",30.315,-87.203,0.69,NA,"FL",0.76,"TL",2005-04-09,"USM",1,"USMCOB-RC40660",2026-05-05,"UTC",2005,4,9,99,00:00:00,NA,"POINT(-87.203 30.315)","USMCOB-RC40660","USMCOB-RC40660-1",NA
"1633","USMCOB","bridge rubble, 12 ml S Mobile Bay",30.063,-88.052,1.03,NA,"TL",NA,NA,2006-05-13,"USM",2,"USMCOB-RC40660",2026-05-05,"UTC",2006,5,13,133,00:00:00,NA,"POINT(-88.052 30.063)","USMCOB-RC40660","USMCOB-RC40660-2",2.85324597358704
"1634","USMCOB","Destin Pass",30.116,-86.648,1.22,NA,"FL",1.32,"TL",2004-04-21,"USM",1,"USMCOB-RC40665",2026-05-05,"UTC",2004,4,21,112,00:00:00,NA,"POINT(-86.648 30.116)","USMCOB-RC40665","USMCOB-RC40665-1",NA
"1635","USMCOB","off Key West, FL",24.57,-81.79,1.22,NA,"FL",NA,NA,2005-04-18,"USM",2,"USMCOB-RC40665",2026-05-05,"UTC",2005,4,18,108,00:00:00,NA,"POINT(-81.79 24.57)","USMCOB-RC40665","USMCOB-RC40665-2",NA
"1636","USMCOB","Pensacola",30.315,-87.203,0.94,NA,"FL",1.14,"TL",2004-04-27,"USM",1,"USMCOB-RC40695",2026-05-05,"UTC",2004,4,27,118,00:00:00,NA,"POINT(-87.203 30.315)","USMCOB-RC40695","USMCOB-RC40695-1",NA
"1637","USMCOB","north end of Chandeleur",30.043,-88.878,0.99,NA,"FL",1.09,"TL",2004-05-01,"USM",2,"USMCOB-RC40695",2026-05-05,"UTC",2004,5,1,122,00:00:00,NA,"POINT(-88.878 30.043)","USMCOB-RC40695","USMCOB-RC40695-2",NA
"1638","USMCOB","Destin, FL",30.38,-86.5,0.76,NA,"FL",NA,NA,2004-04-23,"USM",1,"USMCOB-RC40755",2026-05-05,"UTC",2004,4,23,114,00:00:00,NA,"POINT(-86.5 30.38)","USMCOB-RC40755","USMCOB-RC40755-1",NA
"1639","USMCOB","between Navarre and Pensacola",30.353,-86.989,0.76,NA,"FL",NA,NA,2004-04-23,"USM",2,"USMCOB-RC40755",2026-05-05,"UTC",2004,4,23,114,00:00:00,NA,"POINT(-86.989 30.353)","USMCOB-RC40755","USMCOB-RC40755-2",NA
"1640","USMCOB","WEST END OF SHIP ISLAND",30.21,-88.964,0.72,NA,"FL",0.8,"TL",1989-08-29,"USM",1,"USMCOB-RC4080",2026-05-05,"UTC",1989,8,29,241,00:00:00,NA,"POINT(-88.964 30.21)","USMCOB-RC4080","USMCOB-RC4080-1",NA
"1641","USMCOB","W. END OF SHIP ISLAND, MS",30.21,-88.964,1.02,NA,"FL",1.16,"TL",1990-09-15,"USM",2,"USMCOB-RC4080",2026-05-05,"UTC",1990,9,15,258,00:00:00,NA,"POINT(-88.964 30.21)","USMCOB-RC4080","USMCOB-RC4080-2",NA
"1642","USMCOB","WEST END OF SHIP ISLAND",30.21,-88.964,0.72,NA,"FL",0.79,"TL",1989-08-29,"USM",1,"USMCOB-RC4081",2026-05-05,"UTC",1989,8,29,241,00:00:00,NA,"POINT(-88.964 30.21)","USMCOB-RC4081","USMCOB-RC4081-1",NA
"1643","USMCOB","W. END OF SHIP ISLAND, MS",30.21,-88.964,0.94,NA,"FL",1.02,"TL",1990-08-26,"USM",2,"USMCOB-RC4081",2026-05-05,"UTC",1990,8,26,238,00:00:00,NA,"POINT(-88.964 30.21)","USMCOB-RC4081","USMCOB-RC4081-2",NA
"1644","USMCOB","Dauphin I., AL - 20mi out",29.95,-88.17,1.09,NA,"FL",NA,NA,2019-06-22,"USM",2,"USMCOB-RC40843",2026-05-05,"UTC",2019,6,22,173,00:00:00,NA,"POINT(-88.17 29.95)","USMCOB-RC40843","USMCOB-RC40843-2",NA
"1645","USMCOB","Navarre Beach",30.378,-86.862,0.91,NA,"FL",0.99,"TL",2005-04-18,"USM",1,"USMCOB-RC40851",2026-05-05,"UTC",2005,4,18,108,00:00:00,NA,"POINT(-86.862 30.378)","USMCOB-RC40851","USMCOB-RC40851-1",NA
"1646","USMCOB","off Fourchon, LA",29.095,-90.194,NA,NA,NA,NA,NA,2006-08-06,"USM",2,"USMCOB-RC40851",2026-05-05,"UTC",2006,8,6,218,00:00:00,NA,"POINT(-90.194 29.095)","USMCOB-RC40851","USMCOB-RC40851-2",NA
"1647","USMCOB","Destin, FL",30.38,-86.5,0.86,NA,"FL",0.97,"TL",2004-04-22,"USM",1,"USMCOB-RC41043",2026-05-05,"UTC",2004,4,22,113,00:00:00,NA,"POINT(-86.5 30.38)","USMCOB-RC41043","USMCOB-RC41043-1",NA
"1648","USMCOB","5 miles off Jupiter Inlet",26.963,-79.993,1.21,NA,"TL",NA,NA,2005-07-27,"USM",2,"USMCOB-RC41043",2026-05-05,"UTC",2005,7,27,208,00:00:00,NA,"POINT(-79.993 26.963)","USMCOB-RC41043","USMCOB-RC41043-2",NA
"1649","USMCOB","Destin, FL",30.38,-86.5,0.76,NA,"FL",0.84,"TL",2004-04-22,"USM",1,"USMCOB-RC41044",2026-05-05,"UTC",2004,4,22,113,00:00:00,NA,"POINT(-86.5 30.38)","USMCOB-RC41044","USMCOB-RC41044-1",NA
"1650","USMCOB","Pensacola, FL",30.333,-87.15,0.76,NA,"FL",0.84,"TL",2004-04-23,"USM",2,"USMCOB-RC41044",2026-05-05,"UTC",2004,4,23,114,00:00:00,NA,"POINT(-87.15 30.333)","USMCOB-RC41044","USMCOB-RC41044-2",NA
"1651","USMCOB","Pensacola",30.315,-87.203,0.89,NA,"FL",NA,NA,2004-04-17,"USM",1,"USMCOB-RC41264",2026-05-05,"UTC",2004,4,17,108,00:00:00,NA,"POINT(-87.203 30.315)","USMCOB-RC41264","USMCOB-RC41264-1",3.04768800735474
"1652","USMCOB","off Stuart, FL",27.165,-80.15,NA,NA,NA,NA,NA,2005-03-31,"USM",2,"USMCOB-RC41264",2026-05-05,"UTC",2005,3,31,90,00:00:00,NA,"POINT(-80.15 27.165)","USMCOB-RC41264","USMCOB-RC41264-2",NA
"1653","USMCOB","Perdido Key",30.288,-87.427,1.17,NA,"FL",1.27,"TL",2004-04-21,"USM",1,"USMCOB-RC41364",2026-05-05,"UTC",2004,4,21,112,00:00:00,NA,"POINT(-87.427 30.288)","USMCOB-RC41364","USMCOB-RC41364-1",NA
"1654","USMCOB","25 mls S of Pcola",29.963,-87.159,NA,NA,NA,NA,NA,2006-06-28,"USM",2,"USMCOB-RC41364",2026-05-05,"UTC",2006,6,28,179,00:00:00,NA,"POINT(-87.159 29.963)","USMCOB-RC41364","USMCOB-RC41364-2",NA
"1655","USMCOB","Pensacola Beach (east end)",30.315,-87.203,1.02,NA,"FL",1.12,"TL",2004-04-25,"USM",1,"USMCOB-RC41370",2026-05-05,"UTC",2004,4,25,116,00:00:00,NA,"POINT(-87.203 30.315)","USMCOB-RC41370","USMCOB-RC41370-1",NA
"1656","USMCOB","20 miles south of Horn Island",29.942,-88.677,1.04,NA,"FL",NA,NA,2004-05-08,"USM",2,"USMCOB-RC41370",2026-05-05,"UTC",2004,5,8,129,00:00:00,NA,"POINT(-88.677 29.942)","USMCOB-RC41370","USMCOB-RC41370-2",NA
"1657","USMCOB","Ship Island",30.221,-88.919,0.51,NA,"FL",0.56,"TL",2006-06-23,"USM",1,"USMCOB-RC41481",2026-05-05,"UTC",2006,6,23,174,00:00:00,NA,"POINT(-88.919 30.221)","USMCOB-RC41481","USMCOB-RC41481-1",NA
"1658","USMCOB","MP116B",29.457,-88.84,0.74,NA,"FL",NA,NA,2007-05-05,"USM",2,"USMCOB-RC41481",2026-05-05,"UTC",2007,5,5,125,00:00:00,NA,"POINT(-88.84 29.457)","USMCOB-RC41481","USMCOB-RC41481-2",NA
"1659","USMCOB","Pensacola",30.315,-87.203,0.84,NA,"FL",0.91,"TL",2006-04-15,"USM",1,"USMCOB-RC41506",2026-05-05,"UTC",2006,4,15,105,00:00:00,NA,"POINT(-87.203 30.315)","USMCOB-RC41506","USMCOB-RC41506-1",NA
"1660","USMCOB","23 miles off New Smyrna Beach",29.245,-80.585,1.04,NA,"FL",NA,NA,2007-02-09,"USM",2,"USMCOB-RC41506",2026-05-05,"UTC",2007,2,9,40,00:00:00,NA,"POINT(-80.585 29.245)","USMCOB-RC41506","USMCOB-RC41506-2",1.2333670258522
"1661","USMCOB","Pensacola Beach",30.315,-87.203,1.12,NA,"FL",NA,NA,2005-05-29,"USM",1,"USMCOB-RC41532",2026-05-05,"UTC",2005,5,29,149,00:00:00,NA,"POINT(-87.203 30.315)","USMCOB-RC41532","USMCOB-RC41532-1",NA
"1662","USMCOB","120CA Main Pass",29.465,-88.664,1.37,NA,"TL",NA,NA,2008-06-01,"USM",2,"USMCOB-RC41532",2026-05-05,"UTC",2008,6,1,153,00:00:00,NA,"POINT(-88.664 29.465)","USMCOB-RC41532","USMCOB-RC41532-2",NA
"1663","USMCOB","Santa Rosa Beach",30.345,-86.23,1.12,NA,"FL",NA,NA,2005-04-26,"USM",1,"USMCOB-RC41536",2026-05-05,"UTC",2005,4,26,116,00:00:00,NA,"POINT(-86.23 30.345)","USMCOB-RC41536","USMCOB-RC41536-1",NA
"1664","USMCOB","Navarre, FL",30.378,-86.862,NA,NA,NA,NA,NA,2005-05-01,"USM",2,"USMCOB-RC41536",2026-05-05,"UTC",2005,5,1,121,00:00:00,NA,"POINT(-86.862 30.378)","USMCOB-RC41536","USMCOB-RC41536-2",NA
"1665","USMCOB","Pensacola",30.315,-87.203,1.14,NA,"FL",1.22,"TL",2005-04-28,"USM",1,"USMCOB-RC41576",2026-05-05,"UTC",2005,4,28,118,00:00:00,NA,"POINT(-87.203 30.315)","USMCOB-RC41576","USMCOB-RC41576-1",NA
"1666","USMCOB","off Boynton Beach, FL",26.545,-80.04,1.02,NA,"FL",NA,NA,2005-08-01,"USM",2,"USMCOB-RC41576",2026-05-05,"UTC",2005,8,1,213,00:00:00,NA,"POINT(-80.04 26.545)","USMCOB-RC41576","USMCOB-RC41576-2",NA
"1667","USMCOB","Pensacola",30.315,-87.203,1.14,NA,"FL",NA,NA,2007-04-24,"USM",1,"USMCOB-RC41627",2026-05-05,"UTC",2007,4,24,114,00:00:00,NA,"POINT(-87.203 30.315)","USMCOB-RC41627","USMCOB-RC41627-1",NA
"1668","USMCOB","north end of Chandeleur I.",30.043,-88.878,1.28,NA,"FL",NA,NA,2007-04-28,"USM",2,"USMCOB-RC41627",2026-05-05,"UTC",2007,4,28,118,00:00:00,NA,"POINT(-88.878 30.043)","USMCOB-RC41627","USMCOB-RC41627-2",NA
"1669","USMCOB","Pensacola Beach",30.315,-87.203,0.89,NA,"FL",0.99,"TL",2005-04-27,"USM",1,"USMCOB-RC41657",2026-05-05,"UTC",2005,4,27,117,00:00:00,NA,"POINT(-87.203 30.315)","USMCOB-RC41657","USMCOB-RC41657-1",NA
"1670","USMCOB","NE of St Lucie Inlet; 27 17' 80 08'",27.283,-80.13,1.07,NA,"FL",NA,NA,2006-03-06,"USM",2,"USMCOB-RC41657",2026-05-05,"UTC",2006,3,6,65,00:00:00,NA,"POINT(-80.13 27.283)","USMCOB-RC41657","USMCOB-RC41657-2",NA
"1671","USMCOB","Pensacola Beach",30.315,-87.203,0.81,NA,"FL",0.94,"TL",2005-04-28,"USM",1,"USMCOB-RC41665",2026-05-05,"UTC",2005,4,28,118,00:00:00,NA,"POINT(-87.203 30.315)","USMCOB-RC41665","USMCOB-RC41665-1",NA
"1672","USMCOB","18 ml S of Dauphin I. - Scott Barge",29.988,-88.215,NA,NA,NA,NA,NA,2006-06-06,"USM",2,"USMCOB-RC41665",2026-05-05,"UTC",2006,6,6,157,00:00:00,NA,"POINT(-88.215 29.988)","USMCOB-RC41665","USMCOB-RC41665-2",2.38866198062897
"1673","USMCOB","Orange Beach",30.267,-87.585,0.84,NA,"FL",NA,NA,2007-04-28,"USM",1,"USMCOB-RC41679",2026-05-05,"UTC",2007,4,28,118,00:00:00,NA,"POINT(-87.585 30.267)","USMCOB-RC41679","USMCOB-RC41679-1",NA
"1674","USMCOB","West Delta 143",28.672,-89.571,1.17,NA,"TL",NA,NA,2007-05-12,"USM",2,"USMCOB-RC41679",2026-05-05,"UTC",2007,5,12,132,00:00:00,NA,"POINT(-89.571 28.672)","USMCOB-RC41679","USMCOB-RC41679-2",NA
"1675","USMCOB","WEST END OF SHIP ISLAND",30.21,-88.964,0.76,NA,"FL",0.84,"TL",1990-09-28,"USM",1,"USMCOB-RC4168",2026-05-05,"UTC",1990,9,28,271,00:00:00,NA,"POINT(-88.964 30.21)","USMCOB-RC4168","USMCOB-RC4168-1",NA
"1676","USMCOB","10 MI. OFF MARINE ISLAND, FL",29.725,-81.058,0.94,NA,"FL",0.99,"TL",1991-08-05,"USM",2,"USMCOB-RC4168",2026-05-05,"UTC",1991,8,5,217,00:00:00,NA,"POINT(-81.058 29.725)","USMCOB-RC4168","USMCOB-RC4168-2",NA
"1677","USMCOB","Orange Beach, AL",30.267,-87.585,1.02,NA,"FL",NA,NA,2007-04-25,"USM",1,"USMCOB-RC41685",2026-05-05,"UTC",2007,4,25,115,00:00:00,NA,"POINT(-87.585 30.267)","USMCOB-RC41685","USMCOB-RC41685-1",NA
"1678","USMCOB","Horseshoe Rigs",29.425,-88.615,1.22,NA,"TL",NA,NA,2007-07-20,"USM",2,"USMCOB-RC41685",2026-05-05,"UTC",2007,7,20,201,00:00:00,NA,"POINT(-88.615 29.425)","USMCOB-RC41685","USMCOB-RC41685-2",NA
"1679","USMCOB","WEST END OF SHIP ISLAND",30.21,-88.964,0.81,NA,"FL",0.89,"TL",1990-09-28,"USM",1,"USMCOB-RC4170",2026-05-05,"UTC",1990,9,28,271,00:00:00,NA,"POINT(-88.964 30.21)","USMCOB-RC4170","USMCOB-RC4170-1",NA
"1680","USMCOB","MAIN PASS, BLOCK 129",29.387,-88.805,0.89,NA,"FL",NA,NA,1990-10-30,"USM",2,"USMCOB-RC4170",2026-05-05,"UTC",1990,10,30,303,00:00:00,NA,"POINT(-88.805 29.387)","USMCOB-RC4170","USMCOB-RC4170-2",NA
"1681","USMCOB","2 nm W of Naples",26.13946,-81.839495,0.83,NA,"FL",NA,NA,2005-03-05,"USM",1,"USMCOB-RC41770",2026-05-05,"UTC",2005,3,5,64,00:00:00,NA,"POINT(-81.839495 26.13946)","USMCOB-RC41770","USMCOB-RC41770-1",NA
"1682","USMCOB","Wiggins Pass, 3 ml off Naples",26.275,-81.877,0.86,NA,"FL",NA,NA,2005-07-17,"USM",2,"USMCOB-RC41770",2026-05-05,"UTC",2005,7,17,198,00:00:00,NA,"POINT(-81.877 26.275)","USMCOB-RC41770","USMCOB-RC41770-2",NA
"1683","USMCOB","Palm Island",25.78,-80.16,0.64,NA,"FL",NA,NA,2005-03-31,"USM",1,"USMCOB-RC41779",2026-05-05,"UTC",2005,3,31,90,00:00:00,NA,"POINT(-80.16 25.78)","USMCOB-RC41779","USMCOB-RC41779-1",NA
"1684","USMCOB","Key West, FL",24.563,-81.726,1,NA,"TL",NA,NA,2006-02-08,"USM",2,"USMCOB-RC41779",2026-05-05,"UTC",2006,2,8,39,00:00:00,NA,"POINT(-81.726 24.563)","USMCOB-RC41779","USMCOB-RC41779-2",NA
"1685","USMCOB","MAIN PASS, BLOCK 92",29.632,-88.846,0.53,NA,"FL",0.57,"TL",1989-07-19,"USM",1,"USMCOB-RC4185",2026-05-05,"UTC",1989,7,19,200,00:00:00,NA,"POINT(-88.846 29.632)","USMCOB-RC4185","USMCOB-RC4185-1",NA
"1686","USMCOB","5 MI. SE. PETIT BOIS ISLAND,MS",30.158,-88.365,1.02,NA,"FL",NA,NA,1990-09-22,"USM",2,"USMCOB-RC4185",2026-05-05,"UTC",1990,9,22,265,00:00:00,NA,"POINT(-88.365 30.158)","USMCOB-RC4185","USMCOB-RC4185-2",NA
"1687","USMCOB","28 25.829N 82 56.071W",28.43048,-82.93452,0.83,NA,"FL",0.89,"TL",2005-05-26,"USM",1,"USMCOB-RC41993",2026-05-05,"UTC",2005,5,26,146,00:00:00,NA,"POINT(-82.93452 28.43048)","USMCOB-RC41993","USMCOB-RC41993-1",NA
"1688","USMCOB","NW of Anclote Key, FL",28.242,-82.88,NA,NA,NA,NA,NA,2006-09-16,"USM",2,"USMCOB-RC41993",2026-05-05,"UTC",2006,9,16,259,00:00:00,NA,"POINT(-82.88 28.242)","USMCOB-RC41993","USMCOB-RC41993-2",NA
"1689","USMCOB","Navarre",30.378,-86.862,0.61,NA,"FL",0.69,"TL",2006-04-28,"USM",1,"USMCOB-RC42043",2026-05-05,"UTC",2006,4,28,118,00:00:00,NA,"POINT(-86.862 30.378)","USMCOB-RC42043","USMCOB-RC42043-1",NA
"1690","USMCOB","South Timbalier 128",28.674,-90.269,0.91,NA,"FL",NA,NA,2007-09-29,"USM",2,"USMCOB-RC42043",2026-05-05,"UTC",2007,9,29,272,00:00:00,NA,"POINT(-90.269 28.674)","USMCOB-RC42043","USMCOB-RC42043-2",NA
"1691","USMCOB","Navarre/FWB ???",30.385,-86.745,0.97,NA,"FL",1.07,"TL",2005-04-27,"USM",1,"USMCOB-RC42092",2026-05-05,"UTC",2005,4,27,117,00:00:00,NA,"POINT(-86.745 30.385)","USMCOB-RC42092","USMCOB-RC42092-1",NA
"1692","USMCOB","mouth of MS river at Venice, LA",29.274,-89.345,1.07,NA,"TL",NA,NA,2005-08-13,"USM",2,"USMCOB-RC42092",2026-05-05,"UTC",2005,8,13,225,00:00:00,NA,"POINT(-89.345 29.274)","USMCOB-RC42092","USMCOB-RC42092-2",NA
"1693","USMCOB","Pensacola",30.315,-87.203,0.97,NA,"FL",1.07,"TL",2005-05-07,"USM",1,"USMCOB-RC42097",2026-05-05,"UTC",2005,5,7,127,00:00:00,NA,"POINT(-87.203 30.315)","USMCOB-RC42097","USMCOB-RC42097-1",NA
"1694","USMCOB","off Port Canaveral",28.41,-80.584,0.91,NA,"FL",NA,NA,2006-04-01,"USM",2,"USMCOB-RC42097",2026-05-05,"UTC",2006,4,1,91,00:00:00,NA,"POINT(-80.584 28.41)","USMCOB-RC42097","USMCOB-RC42097-2",1.81420195102692
"1695","USMCOB","Pensacola Beach",30.315,-87.203,0.99,NA,"FL",NA,NA,2005-04-05,"USM",1,"USMCOB-RC42105",2026-05-05,"UTC",2005,4,5,95,00:00:00,NA,"POINT(-87.203 30.315)","USMCOB-RC42105","USMCOB-RC42105-1",NA
"1696","USMCOB","60 miles off Galveston, TX   E",28.703,-94.038,NA,NA,NA,NA,NA,2005-06-19,"USM",2,"USMCOB-RC42105",2026-05-05,"UTC",2005,6,19,170,00:00:00,NA,"POINT(-94.038 28.703)","USMCOB-RC42105","USMCOB-RC42105-2",0.441769503057003
"1697","USMCOB","Pensacola Beach",30.315,-87.203,1.07,NA,"FL",NA,NA,2005-04-09,"USM",1,"USMCOB-RC42108",2026-05-05,"UTC",2005,4,9,99,00:00:00,NA,"POINT(-87.203 30.315)","USMCOB-RC42108","USMCOB-RC42108-1",NA
"1698","USMCOB","30 ml SE of Cocodrie, LA",28.97,-90.22,1.35,NA,"TL",NA,NA,2005-04-27,"USM",2,"USMCOB-RC42108",2026-05-05,"UTC",2005,4,27,117,00:00:00,NA,"POINT(-90.22 28.97)","USMCOB-RC42108","USMCOB-RC42108-2",NA
"1699","USMCOB","Pensacola Beach",30.315,-87.203,0.94,NA,"FL",NA,NA,2005-04-09,"USM",1,"USMCOB-RC42110",2026-05-05,"UTC",2005,4,9,99,00:00:00,NA,"POINT(-87.203 30.315)","USMCOB-RC42110","USMCOB-RC42110-1",NA
"1700","USMCOB","off Pensacola Beach",30.333,-87.15,1.05,NA,"FL",NA,NA,2006-04-15,"USM",2,"USMCOB-RC42110",2026-05-05,"UTC",2006,4,15,105,00:00:00,NA,"POINT(-87.15 30.333)","USMCOB-RC42110","USMCOB-RC42110-2",NA
"1701","USMCOB","Pensacola Beach",30.315,-87.203,0.94,NA,"FL",NA,NA,2005-04-16,"USM",1,"USMCOB-RC42116",2026-05-05,"UTC",2005,4,16,106,00:00:00,NA,"POINT(-87.203 30.315)","USMCOB-RC42116","USMCOB-RC42116-1",3.17721796035767
"1702","USMCOB","Pensacola Beach",30.315,-87.203,1.07,NA,"FL",NA,NA,2005-04-17,"USM",1,"USMCOB-RC42119",2026-05-05,"UTC",2005,4,17,107,00:00:00,NA,"POINT(-87.203 30.315)","USMCOB-RC42119","USMCOB-RC42119-1",7.62558913230896
"1703","USMCOB","Heel Bank, 30 ml SE Galveston E",29.08,-94.27,NA,NA,NA,NA,NA,2005-06-12,"USM",2,"USMCOB-RC42119",2026-05-05,"UTC",2005,6,12,163,00:00:00,NA,"POINT(-94.27 29.08)","USMCOB-RC42119","USMCOB-RC42119-2",1.05199003219604
"1704","USMCOB","Pensacola Beach",30.315,-87.203,0.99,NA,"FL",NA,NA,2005-04-19,"USM",1,"USMCOB-RC42122",2026-05-05,"UTC",2005,4,19,109,00:00:00,NA,"POINT(-87.203 30.315)","USMCOB-RC42122","USMCOB-RC42122-1",NA
"1705","USMCOB","Grand Isle 78 rig",28.74,-89.93,1.12,NA,"FL",1.24,"TL",2005-07-15,"USM",2,"USMCOB-RC42122",2026-05-05,"UTC",2005,7,15,196,00:00:00,NA,"POINT(-89.93 28.74)","USMCOB-RC42122","USMCOB-RC42122-2",NA
"1706","USMCOB","Destin",30.38,-86.5,0.91,NA,"FL",NA,NA,2005-04-20,"USM",1,"USMCOB-RC42129",2026-05-05,"UTC",2005,4,20,110,00:00:00,NA,"POINT(-86.5 30.38)","USMCOB-RC42129","USMCOB-RC42129-1",NA
"1707","USMCOB","East Pass, Destin",30.383,-86.51,NA,NA,NA,NA,NA,2007-05-02,"USM",2,"USMCOB-RC42129",2026-05-05,"UTC",2007,5,2,122,00:00:00,NA,"POINT(-86.51 30.383)","USMCOB-RC42129","USMCOB-RC42129-2",0.749938011169434
"1708","USMCOB","Navarre",30.378,-86.862,0.97,NA,"FL",NA,NA,2005-04-24,"USM",1,"USMCOB-RC42140",2026-05-05,"UTC",2005,4,24,114,00:00:00,NA,"POINT(-86.862 30.378)","USMCOB-RC42140","USMCOB-RC42140-1",NA
"1709","USMCOB","off Orange Beach, AL",30.26,-87.58,1.31,NA,"FL",NA,NA,2007-04-24,"USM",2,"USMCOB-RC42140",2026-05-05,"UTC",2007,4,24,114,00:00:00,NA,"POINT(-87.58 30.26)","USMCOB-RC42140","USMCOB-RC42140-2",NA
"1710","USMCOB","GAS WELLS S. PETIT BOIS IS.",30.115,-88.45,0.74,NA,"FL",0.81,"TL",1989-08-21,"USM",1,"USMCOB-RC4215",2026-05-05,"UTC",1989,8,21,233,00:00:00,NA,"POINT(-88.45 30.115)","USMCOB-RC4215","USMCOB-RC4215-1",NA
"1711","USMCOB","ISLAMORADA, FLA.",24.924,-80.625,0.97,NA,"TL",NA,NA,1989-12-17,"USM",2,"USMCOB-RC4215",2026-05-05,"UTC",1989,12,17,351,00:00:00,NA,"POINT(-80.625 24.924)","USMCOB-RC4215","USMCOB-RC4215-2",NA
"1712","USMCOB","BUOY #48, GLPT. SHIP CHANNEL",30.298,-89.037,0.69,NA,"FL",0.74,"TL",1990-09-15,"USM",1,"USMCOB-RC4223",2026-05-05,"UTC",1990,9,15,258,00:00:00,NA,"POINT(-89.037 30.298)","USMCOB-RC4223","USMCOB-RC4223-1",NA
"1713","USMCOB","OFF JUPITER, FL",26.944,-80.07,1.02,NA,"TL",NA,NA,1991-07-13,"USM",2,"USMCOB-RC4223",2026-05-05,"UTC",1991,7,13,194,00:00:00,NA,"POINT(-80.07 26.944)","USMCOB-RC4223","USMCOB-RC4223-2",NA
"1714","USMCOB","4.5 mi Se Destin Pass",30.341,-86.45,1.27,NA,"FL",1.37,"TL",2005-05-07,"USM",1,"USMCOB-RC42281",2026-05-05,"UTC",2005,5,7,127,00:00:00,NA,"POINT(-86.45 30.341)","USMCOB-RC42281","USMCOB-RC42281-1",NA
"1715","USMCOB","near shallow field off Chandeleur I",29.544,-88.677,1.47,NA,"TL",NA,NA,2005-05-17,"USM",2,"USMCOB-RC42281",2026-05-05,"UTC",2005,5,17,137,00:00:00,NA,"POINT(-88.677 29.544)","USMCOB-RC42281","USMCOB-RC42281-2",1.09672701358795
"1716","USMCOB","Pensacola",30.315,-87.203,0.69,NA,"FL",0.76,"TL",2005-04-14,"USM",1,"USMCOB-RC42374",2026-05-05,"UTC",2005,4,14,104,00:00:00,NA,"POINT(-87.203 30.315)","USMCOB-RC42374","USMCOB-RC42374-1",NA
"1717","USMCOB","30 ml S of Port Fourchon",28.6615,-90.2,NA,NA,NA,NA,NA,2009-06-02,"USM",2,"USMCOB-RC42374",2026-05-05,"UTC",2009,6,2,153,00:00:00,NA,"POINT(-90.2 28.6615)","USMCOB-RC42374","USMCOB-RC42374-2",5.5638918876648
"1718","USMCOB","GULFPORT SHIP CHANNEL",30.349,-89.083,0.51,NA,"FL",0.56,"TL",1991-07-31,"USM",1,"USMCOB-RC4247",2026-05-05,"UTC",1991,7,31,212,00:00:00,NA,"POINT(-89.083 30.349)","USMCOB-RC4247","USMCOB-RC4247-1",NA
"1719","USMCOB","22 MI. SW. OF DESTIN, FL PASS",30.156,-86.77,0.71,NA,"FL",NA,NA,1991-11-07,"USM",2,"USMCOB-RC4247",2026-05-05,"UTC",1991,11,7,311,00:00:00,NA,"POINT(-86.77 30.156)","USMCOB-RC4247","USMCOB-RC4247-2",NA
"1720","USMCOB","2920.801N 8816.923W rig 265",29.346683,-88.28205,0.91,NA,"FL",0.99,"TL",2006-05-05,"USM",1,"USMCOB-RC42512",2026-05-05,"UTC",2006,5,5,125,00:00:00,NA,"POINT(-88.28205 29.346683)","USMCOB-RC42512","USMCOB-RC42512-1",NA
"1721","USMCOB","SE of Perdido Pass, FL - speared",30.288,-87.427,1.09,NA,"FL",1.17,"TL",2006-09-16,"USM",2,"USMCOB-RC42512",2026-05-05,"UTC",2006,9,16,259,00:00:00,NA,"POINT(-87.427 30.288)","USMCOB-RC42512","USMCOB-RC42512-2",3.01235389709473
"1722","USMCOB","2937.78N 8842.10W",29.629667,-88.701667,0.76,NA,"FL",0.83,"TL",2007-04-29,"USM",1,"USMCOB-RC42518",2026-05-05,"UTC",2007,4,29,119,00:00:00,NA,"POINT(-88.701667 29.629667)","USMCOB-RC42518","USMCOB-RC42518-1",2.14009177684784
"1723","USMCOB","12 ml south of west end (Dauph.I?)",30.05,-88.307,0.8,NA,"FL",0.89,"TL",2007-07-21,"USM",2,"USMCOB-RC42518",2026-05-05,"UTC",2007,7,21,202,00:00:00,NA,"POINT(-88.307 30.05)","USMCOB-RC42518","USMCOB-RC42518-2",NA
"1724","USMCOB","Pensacola",30.315,-87.203,0.89,NA,"FL",1.02,"TL",2006-04-12,"USM",1,"USMCOB-RC42574",2026-05-05,"UTC",2006,4,12,102,00:00:00,NA,"POINT(-87.203 30.315)","USMCOB-RC42574","USMCOB-RC42574-1",NA
"1725","USMCOB","off Cocodrie, LA",29.239,-90.66,NA,NA,NA,NA,NA,2008-04-26,"USM",2,"USMCOB-RC42574",2026-05-05,"UTC",2008,4,26,117,00:00:00,NA,"POINT(-90.66 29.239)","USMCOB-RC42574","USMCOB-RC42574-2",NA
"1726","USMCOB","north of St. Lucie Inlet",27.171,-80.15,NA,NA,NA,NA,NA,2008-08-05,"USM",2,"USMCOB-RC46088",2026-05-05,"UTC",2008,8,5,218,00:00:00,NA,"POINT(-80.15 27.171)","USMCOB-RC46088","USMCOB-RC46088-2",NA
"1727","USMCOB","Pensacola Beach",30.315,-87.203,0.99,NA,"FL",1.07,"TL",2005-04-27,"USM",1,"USMCOB-RC42795",2026-05-05,"UTC",2005,4,27,117,00:00:00,NA,"POINT(-87.203 30.315)","USMCOB-RC42795","USMCOB-RC42795-1",NA
"1728","USMCOB","Cameron/Intercoastal City, 80 mls",28.46,-92.8,NA,NA,NA,NA,NA,2005-07-07,"USM",2,"USMCOB-RC42795",2026-05-05,"UTC",2005,7,7,188,00:00:00,NA,"POINT(-92.8 28.46)","USMCOB-RC42795","USMCOB-RC42795-2",0.33754700422287
"1729","USMCOB","Siesta Key",27.26,-82.55,0.76,NA,"FL",0.84,"TL",2006-02-22,"USM",1,"USMCOB-RC42816",2026-05-05,"UTC",2006,2,22,53,00:00:00,NA,"POINT(-82.55 27.26)","USMCOB-RC42816","USMCOB-RC42816-1",NA
"1730","USMCOB","Ochlockonee R mouth, Carrabelle, FL",29.794,-84.876,0.76,NA,"FL",NA,NA,2006-06-20,"USM",2,"USMCOB-RC42816",2026-05-05,"UTC",2006,6,20,171,00:00:00,NA,"POINT(-84.876 29.794)","USMCOB-RC42816","USMCOB-RC42816-2",NA
"1731","USMCOB","Siesta Key",27.26,-82.55,0.84,NA,"FL",0.91,"TL",2006-02-23,"USM",1,"USMCOB-RC42817",2026-05-05,"UTC",2006,2,23,54,00:00:00,NA,"POINT(-82.55 27.26)","USMCOB-RC42817","USMCOB-RC42817-1",NA
"1732","USMCOB","off Englewood, FL",26.95,-82.38,1.31,NA,"FL",NA,NA,2008-03-13,"USM",2,"USMCOB-RC42817",2026-05-05,"UTC",2008,3,13,73,00:00:00,NA,"POINT(-82.38 26.95)","USMCOB-RC42817","USMCOB-RC42817-2",NA
"1733","USMCOB","9 ml E Port Canaveral",28.409854,-80.4398,0.86,NA,"FL",NA,NA,2008-03-14,"USM",1,"USMCOB-RC42821",2026-05-05,"UTC",2008,3,14,74,00:00:00,NA,"POINT(-80.4398 28.409854)","USMCOB-RC42821","USMCOB-RC42821-1",2.01511055231094
"1734","USMCOB","off St. Augustine, FL",29.902,-81.255,0.97,NA,"FL",NA,NA,2009-08-07,"USM",2,"USMCOB-RC42821",2026-05-05,"UTC",2009,8,7,219,00:00:00,NA,"POINT(-81.255 29.902)","USMCOB-RC42821","USMCOB-RC42821-2",NA
"1735","USMCOB","Tip of Cape Port Canavral, FL",28.45,-80.52,0.84,NA,"FL",NA,NA,2009-07-25,"USM",1,"USMCOB-RC42823",2026-05-05,"UTC",2009,7,25,206,00:00:00,NA,"POINT(-80.52 28.45)","USMCOB-RC42823","USMCOB-RC42823-1",NA
"1736","USMCOB","23 miles off Port Canaveral",28.406,-80.209,0.88,NA,"FL",NA,NA,2010-05-29,"USM",2,"USMCOB-RC42823",2026-05-05,"UTC",2010,5,29,149,00:00:00,NA,"POINT(-80.209 28.406)","USMCOB-RC42823","USMCOB-RC42823-2",0.147861003875732
"1737","USMCOB","FAREWELL BUOY(DOG KEYS PASS)MS",30.215,-88.791,0.53,NA,"FL",0.58,"TL",1990-08-21,"USM",1,"USMCOB-RC4283",2026-05-05,"UTC",1990,8,21,233,00:00:00,NA,"POINT(-88.791 30.215)","USMCOB-RC4283","USMCOB-RC4283-1",NA
"1738","USMCOB","25 MI. S. DAUPHIN ISL. AL",29.886,-88.215,1.12,NA,"FL",NA,NA,1994-06-14,"USM",2,"USMCOB-RC4283",2026-05-05,"UTC",1994,6,14,165,00:00:00,NA,"POINT(-88.215 29.886)","USMCOB-RC4283","USMCOB-RC4283-2",NA
"1739","USMCOB","West Delta 24",29.141,-89.53,1.17,NA,"FL",1.27,"TL",2014-09-14,"USM",1,"USMCOB-RC43013",2026-05-05,"UTC",2014,9,14,257,00:00:00,NA,"POINT(-89.53 29.141)","USMCOB-RC43013","USMCOB-RC43013-1",NA
"1740","USMCOB","West Delta  27",29.137,-89.532,1.27,NA,"TL",NA,NA,2015-11-05,"USM",2,"USMCOB-RC43013",2026-05-05,"UTC",2015,11,5,309,00:00:00,NA,"POINT(-89.532 29.137)","USMCOB-RC43013","USMCOB-RC43013-2",9.08509969711304
"1741","USMCOB","2855.504 8244.250",28.925067,-82.7375,0.66,NA,"FL",0.72,"TL",2008-07-05,"USM",1,"USMCOB-RC43064",2026-05-05,"UTC",2008,7,5,187,00:00:00,NA,"POINT(-82.7375 28.925067)","USMCOB-RC43064","USMCOB-RC43064-1",NA
"1742","USMCOB","Apollo Beach, FL",27.785,-82.428,0.91,NA,"FL",0.99,"TL",2010-01-24,"USM",2,"USMCOB-RC43064",2026-05-05,"UTC",2010,1,24,24,00:00:00,NA,"POINT(-82.428 27.785)","USMCOB-RC43064","USMCOB-RC43064-2",NA
"1743","USMCOB","10 MILES SE. OF DAUPHIN ISLAND",30.140823,-87.981352,0.56,NA,"FL",0.62,"TL",1990-05-05,"USM",1,"USMCOB-RC4315",2026-05-05,"UTC",1990,5,5,125,00:00:00,NA,"POINT(-87.981352 30.140823)","USMCOB-RC4315","USMCOB-RC4315-1",NA
"1744","USMCOB","10 MI. S. OF ORANGE BEACH, AL",30.121,-87.586,0.8,NA,"FL",0.99,"TL",1990-10-31,"USM",2,"USMCOB-RC4315",2026-05-05,"UTC",1990,10,31,304,00:00:00,NA,"POINT(-87.586 30.121)","USMCOB-RC4315","USMCOB-RC4315-2",NA
"1745","USMCOB","Pensacola Beach",30.315,-87.203,1.22,NA,"FL",1.3,"TL",2005-04-27,"USM",1,"USMCOB-RC43323",2026-05-05,"UTC",2005,4,27,117,00:00:00,NA,"POINT(-87.203 30.315)","USMCOB-RC43323","USMCOB-RC43323-1",NA
"1746","USMCOB","Navarre Beach, FL",30.378,-86.862,1.21,NA,"FL",1.32,"TL",2006-04-14,"USM",2,"USMCOB-RC43323",2026-05-05,"UTC",2006,4,14,104,00:00:00,NA,"POINT(-86.862 30.378)","USMCOB-RC43323","USMCOB-RC43323-2",NA
"1747","USMCOB","Perdido Pass, FL",30.28,-87.55,NA,NA,NA,NA,NA,2006-04-15,"USM",1,"USMCOB-RC43435",2026-05-05,"UTC",2006,4,15,105,00:00:00,NA,"POINT(-87.55 30.28)","USMCOB-RC43435","USMCOB-RC43435-1",NA
"1748","USMCOB","Orange Beach, AL",30.26,-87.58,0.74,NA,"FL",0.84,"TL",2007-04-25,"USM",2,"USMCOB-RC43435",2026-05-05,"UTC",2007,4,25,115,00:00:00,NA,"POINT(-87.58 30.26)","USMCOB-RC43435","USMCOB-RC43435-2",NA
"1749","USMCOB","City Pier, PCB, FL",30.212,-85.88,0.79,NA,"FL",0.89,"TL",2015-04-14,"USM",1,"USMCOB-RC43447",2026-05-05,"UTC",2015,4,14,104,00:00:00,NA,"POINT(-85.88 30.212)","USMCOB-RC43447","USMCOB-RC43447-1",NA
"1750","USMCOB","Navarre Beach, FL - 6 mi. W",30.378,-86.862,0.94,NA,"TL",NA,NA,2016-04-09,"USM",2,"USMCOB-RC43447",2026-05-05,"UTC",2016,4,9,100,00:00:00,NA,"POINT(-86.862 30.378)","USMCOB-RC43447","USMCOB-RC43447-2",NA
"1751","USMCOB","Lido Key, Sarasota",27.291,-82.576,0.81,NA,"FL",0.88,"TL",2006-04-18,"USM",1,"USMCOB-RC43472",2026-05-05,"UTC",2006,4,18,108,00:00:00,NA,"POINT(-82.576 27.291)","USMCOB-RC43472","USMCOB-RC43472-1",NA
"1752","USMCOB","Naples, FL  E",26.14,-81.81,0.99,NA,"TL",NA,NA,2007-01-24,"USM",2,"USMCOB-RC43472",2026-05-05,"UTC",2007,1,24,24,00:00:00,NA,"POINT(-81.81 26.14)","USMCOB-RC43472","USMCOB-RC43472-2",NA
"1753","USMCOB","Lido Key, Sarasota",27.291,-82.576,0.79,NA,"FL",0.88,"TL",2006-04-18,"USM",1,"USMCOB-RC43473",2026-05-05,"UTC",2006,4,18,108,00:00:00,NA,"POINT(-82.576 27.291)","USMCOB-RC43473","USMCOB-RC43473-1",NA
"1754","USMCOB","Cedar Key, FL",29.091613,-83.038337,0.89,NA,"TL",NA,NA,2007-06-16,"USM",2,"USMCOB-RC43473",2026-05-05,"UTC",2007,6,16,167,00:00:00,NA,"POINT(-83.038337 29.091613)","USMCOB-RC43473","USMCOB-RC43473-2",NA
"1755","USMCOB","Lido Key, Sarasota",27.291,-82.576,1.04,NA,"FL",1.19,"TL",2006-04-19,"USM",1,"USMCOB-RC43477",2026-05-05,"UTC",2006,4,19,109,00:00:00,NA,"POINT(-82.576 27.291)","USMCOB-RC43477","USMCOB-RC43477-1",NA
"1756","USMCOB","Lido Key",27.291,-82.576,NA,NA,NA,NA,NA,2006-04-21,"USM",2,"USMCOB-RC43477",2026-05-05,"UTC",2006,4,21,111,00:00:00,NA,"POINT(-82.576 27.291)","USMCOB-RC43477","USMCOB-RC43477-2",NA
"1757","USMCOB","Lido Key, Sarasota",27.291,-82.576,0.74,NA,"FL",0.81,"TL",2006-04-21,"USM",1,"USMCOB-RC43483",2026-05-05,"UTC",2006,4,21,111,00:00:00,NA,"POINT(-82.576 27.291)","USMCOB-RC43483","USMCOB-RC43483-1",NA
"1758","USMCOB","5 miles off Marco I. on reef",25.901,-81.806,0.91,NA,"FL",0.99,"TL",2006-11-29,"USM",2,"USMCOB-RC43483",2026-05-05,"UTC",2006,11,29,333,00:00:00,NA,"POINT(-81.806 25.901)","USMCOB-RC43483","USMCOB-RC43483-2",3.43264603614807
"1759","USMCOB","Siesta Key",27.26,-82.55,0.83,NA,"FL",0.89,"TL",2007-03-10,"USM",1,"USMCOB-RC43489",2026-05-05,"UTC",2007,3,10,69,00:00:00,NA,"POINT(-82.55 27.26)","USMCOB-RC43489","USMCOB-RC43489-1",NA
"1760","USMCOB","Tampa Bay - NE side",27.9,-82.453,0.89,NA,"FL",NA,NA,2007-06-08,"USM",2,"USMCOB-RC43489",2026-05-05,"UTC",2007,6,8,159,00:00:00,NA,"POINT(-82.453 27.9)","USMCOB-RC43489","USMCOB-RC43489-2",NA
"1761","USMCOB","Shallow Field",29.718,-88.797,1.02,NA,"FL",NA,NA,2006-09-10,"USM",1,"USMCOB-RC43493",2026-05-05,"UTC",2006,9,10,253,00:00:00,NA,"POINT(-88.797 29.718)","USMCOB-RC43493","USMCOB-RC43493-1",NA
"1762","USMCOB","West Delta 34-2",29.142,-89.759,1.2,NA,"TL",NA,NA,2008-05-10,"USM",2,"USMCOB-RC43493",2026-05-05,"UTC",2008,5,10,131,00:00:00,NA,"POINT(-89.759 29.142)","USMCOB-RC43493","USMCOB-RC43493-2",NA
"1763","USMCOB","Siesta Key",27.26,-82.55,0.71,NA,"FL",0.79,"TL",2006-03-04,"USM",1,"USMCOB-RC43509",2026-05-05,"UTC",2006,3,4,63,00:00:00,NA,"POINT(-82.55 27.26)","USMCOB-RC43509","USMCOB-RC43509-1",NA
"1764","USMCOB","S. Mat Lacha Pass, Sanibel I.",26.511,-82.06,0.97,NA,"FL",NA,NA,2007-04-25,"USM",2,"USMCOB-RC43509",2026-05-05,"UTC",2007,4,25,115,00:00:00,NA,"POINT(-82.06 26.511)","USMCOB-RC43509","USMCOB-RC43509-2",NA
"1765","USMCOB","Siesta Key",27.26,-82.55,0.79,NA,"FL",0.86,"TL",2006-03-04,"USM",1,"USMCOB-RC43512",2026-05-05,"UTC",2006,3,4,63,00:00:00,NA,"POINT(-82.55 27.26)","USMCOB-RC43512","USMCOB-RC43512-1",NA
"1766","USMCOB","St. Marks, FL",30.074,-84.185,0.79,NA,"FL",NA,NA,2006-05-05,"USM",2,"USMCOB-RC43512",2026-05-05,"UTC",2006,5,5,125,00:00:00,NA,"POINT(-84.185 30.074)","USMCOB-RC43512","USMCOB-RC43512-2",NA
"1767","USMCOB","Lido Key, Sarasota",27.291,-82.576,0.88,NA,"FL",0.98,"TL",2006-04-17,"USM",1,"USMCOB-RC43520",2026-05-05,"UTC",2006,4,17,107,00:00:00,NA,"POINT(-82.576 27.291)","USMCOB-RC43520","USMCOB-RC43520-1",NA
"1768","USMCOB","outside marker, St. Marks River",30.017,-84.175,0.88,NA,"FL",NA,NA,2006-06-09,"USM",2,"USMCOB-RC43520",2026-05-05,"UTC",2006,6,9,160,00:00:00,NA,"POINT(-84.175 30.017)","USMCOB-RC43520","USMCOB-RC43520-2",7.11001873016357
"1769","USMCOB","Block 93 South of Chandeleur",28.891167,-90.811167,0.99,NA,"TL",NA,NA,2007-05-05,"USM",1,"USMCOB-RC43594",2026-05-05,"UTC",2007,5,5,125,00:00:00,NA,"POINT(-90.811167 28.891167)","USMCOB-RC43594","USMCOB-RC43594-1",4.80341815948486
"1770","USMCOB","Chandeleur shallow field",29.544,-88.677,1.05,NA,"TL",NA,NA,2007-05-09,"USM",2,"USMCOB-RC43594",2026-05-05,"UTC",2007,5,9,129,00:00:00,NA,"POINT(-88.677 29.544)","USMCOB-RC43594","USMCOB-RC43594-2",NA
"1771","USMCOB","West Cameron 148-1",29.4286,-93.360353,0.66,NA,"FL",0.72,"TL",2005-07-16,"USM",1,"USMCOB-RC43669",2026-05-05,"UTC",2005,7,16,197,00:00:00,NA,"POINT(-93.360353 29.4286)","USMCOB-RC43669","USMCOB-RC43669-1",NA
"1772","USMCOB","S. Padre Island, TX",26.113,-97.15,NA,NA,NA,NA,NA,2006-06-07,"USM",2,"USMCOB-RC43669",2026-05-05,"UTC",2006,6,7,158,00:00:00,NA,"POINT(-97.15 26.113)","USMCOB-RC43669","USMCOB-RC43669-2",NA
"1773","USMCOB","Pensacola Beach",30.315,-87.203,0.89,NA,"FL",NA,NA,2006-04-10,"USM",1,"USMCOB-RC44005",2026-05-05,"UTC",2006,4,10,100,00:00:00,NA,"POINT(-87.203 30.315)","USMCOB-RC44005","USMCOB-RC44005-1",NA
"1774","USMCOB","Grand Isle 86",28.662,-90.11,1.12,NA,"TL",NA,NA,2006-06-03,"USM",2,"USMCOB-RC44005",2026-05-05,"UTC",2006,6,3,154,00:00:00,NA,"POINT(-90.11 28.662)","USMCOB-RC44005","USMCOB-RC44005-2",NA
"1775","USMCOB","SOUTH OF GETTY RIGS",29.544,-88.677,0.56,NA,"FL",0.61,"TL",1990-09-02,"USM",1,"USMCOB-RC4401",2026-05-05,"UTC",1990,9,2,245,00:00:00,NA,"POINT(-88.677 29.544)","USMCOB-RC4401","USMCOB-RC4401-1",NA
"1776","USMCOB","MAIN PASS, BLOCK 296 (OFF LA)",29.255,-88.66,0.84,NA,"FL",0.89,"TL",1992-02-09,"USM",2,"USMCOB-RC4401",2026-05-05,"UTC",1992,2,9,40,00:00:00,NA,"POINT(-88.66 29.255)","USMCOB-RC4401","USMCOB-RC4401-2",NA
"1777","USMCOB","Pensacola Beach",30.315,-87.203,0.91,NA,"FL",NA,NA,2006-04-21,"USM",1,"USMCOB-RC44016",2026-05-05,"UTC",2006,4,21,111,00:00:00,NA,"POINT(-87.203 30.315)","USMCOB-RC44016","USMCOB-RC44016-1",NA
"1778","USMCOB","Ship Shoal 200",28.537,-91.309,NA,NA,NA,NA,NA,2007-06-10,"USM",2,"USMCOB-RC44016",2026-05-05,"UTC",2007,6,10,161,00:00:00,NA,"POINT(-91.309 28.537)","USMCOB-RC44016","USMCOB-RC44016-2",NA
"1779","USMCOB","Pensacola Beach",30.315,-87.203,1.02,NA,"FL",NA,NA,2006-04-21,"USM",1,"USMCOB-RC44017",2026-05-05,"UTC",2006,4,21,111,00:00:00,NA,"POINT(-87.203 30.315)","USMCOB-RC44017","USMCOB-RC44017-1",NA
"1780","USMCOB","45 miles due S of Horn I",29.571,-88.672,1.27,NA,"FL",NA,NA,2006-06-09,"USM",2,"USMCOB-RC44017",2026-05-05,"UTC",2006,6,9,160,00:00:00,NA,"POINT(-88.672 29.571)","USMCOB-RC44017","USMCOB-RC44017-2",NA
"1781","USMCOB","Navarre Beach",30.378,-86.862,0.99,NA,"FL",NA,NA,2006-04-22,"USM",1,"USMCOB-RC44018",2026-05-05,"UTC",2006,4,22,112,00:00:00,NA,"POINT(-86.862 30.378)","USMCOB-RC44018","USMCOB-RC44018-1",NA
"1782","USMCOB","Shallow Field Block 90",29.67,-88.8,1.02,NA,"FL",NA,NA,2006-06-30,"USM",2,"USMCOB-RC44018",2026-05-05,"UTC",2006,6,30,181,00:00:00,NA,"POINT(-88.8 29.67)","USMCOB-RC44018","USMCOB-RC44018-2",NA
"1783","USMCOB","Navarre Beach, FL",30.378,-86.862,0.66,NA,"FL",0.74,"TL",2007-04-20,"USM",1,"USMCOB-RC44054",2026-05-05,"UTC",2007,4,20,110,00:00:00,NA,"POINT(-86.862 30.378)","USMCOB-RC44054","USMCOB-RC44054-1",NA
"1784","USMCOB","Grand Isle 82       E",28.7,-89.97,0.99,NA,"FL",NA,NA,2008-06-12,"USM",2,"USMCOB-RC44054",2026-05-05,"UTC",2008,6,12,164,00:00:00,NA,"POINT(-89.97 28.7)","USMCOB-RC44054","USMCOB-RC44054-2",NA
"1785","USMCOB","Navarre Beach, FL",30.378,-86.862,0.97,NA,"FL",1.07,"TL",2007-04-21,"USM",1,"USMCOB-RC44056",2026-05-05,"UTC",2007,4,21,111,00:00:00,NA,"POINT(-86.862 30.378)","USMCOB-RC44056","USMCOB-RC44056-1",0.673825979232788
"1786","USMCOB","South Marsh Island 33",28.834,-91.95,NA,NA,NA,NA,NA,2008-06-14,"USM",2,"USMCOB-RC44056",2026-05-05,"UTC",2008,6,14,166,00:00:00,NA,"POINT(-91.95 28.834)","USMCOB-RC44056","USMCOB-RC44056-2",NA
"1787","USMCOB","Navarre Beach, FL",30.378,-86.862,0.66,NA,"FL",0.74,"TL",2007-04-22,"USM",1,"USMCOB-RC44057",2026-05-05,"UTC",2007,4,22,112,00:00:00,NA,"POINT(-86.862 30.378)","USMCOB-RC44057","USMCOB-RC44057-1",NA
"1788","USMCOB","3006.700N 8725.300W",30.112,-87.422,NA,NA,NA,NA,NA,2007-09-01,"USM",2,"USMCOB-RC44057",2026-05-05,"UTC",2007,9,1,244,00:00:00,NA,"POINT(-87.422 30.112)","USMCOB-RC44057","USMCOB-RC44057-2",0.30434000492096
"1789","USMCOB","Pensacola Beach, FL",30.315,-87.203,0.58,NA,"FL",0.66,"TL",2007-04-22,"USM",1,"USMCOB-RC44059",2026-05-05,"UTC",2007,4,22,112,00:00:00,NA,"POINT(-87.203 30.315)","USMCOB-RC44059","USMCOB-RC44059-1",1.14056450128555
"1790","USMCOB","Main Pass 265 rig",29.332,-88.296,1.21,NA,"FL",NA,NA,2013-05-10,"USM",2,"USMCOB-RC44059",2026-05-05,"UTC",2013,5,10,130,00:00:00,NA,"POINT(-88.296 29.332)","USMCOB-RC44059","USMCOB-RC44059-2",NA
"1791","USMCOB","RIGS OFF S. END OF CHAND. ISL.",29.544,-88.677,0.84,NA,"FL",0.91,"TL",1991-07-27,"USM",1,"USMCOB-RC4408",2026-05-05,"UTC",1991,7,27,208,00:00:00,NA,"POINT(-88.677 29.544)","USMCOB-RC4408","USMCOB-RC4408-1",NA
"1792","USMCOB","GETTY RIGS,S. OF CHANDELEUR I.",29.544,-88.677,0.86,NA,"FL",NA,NA,1991-08-04,"USM",2,"USMCOB-RC4408",2026-05-05,"UTC",1991,8,4,216,00:00:00,NA,"POINT(-88.677 29.544)","USMCOB-RC4408","USMCOB-RC4408-2",NA
"1793","USMCOB","Pensacola Beach",30.315,-87.203,0.97,NA,"FL",1.07,"TL",2006-04-26,"USM",1,"USMCOB-RC44090",2026-05-05,"UTC",2006,4,26,116,00:00:00,NA,"POINT(-87.203 30.315)","USMCOB-RC44090","USMCOB-RC44090-1",NA
"1794","USMCOB","S Timbalier 100",28.689,-90.679,0.94,NA,"FL",NA,NA,2006-07-14,"USM",2,"USMCOB-RC44090",2026-05-05,"UTC",2006,7,14,195,00:00:00,NA,"POINT(-90.679 28.689)","USMCOB-RC44090","USMCOB-RC44090-2",NA
"1795","USMCOB","Phillips Inlet, FL",30.271,-85.986,0.95,NA,"FL",NA,NA,2007-04-23,"USM",1,"USMCOB-RC44093",2026-05-05,"UTC",2007,4,23,113,00:00:00,NA,"POINT(-85.986 30.271)","USMCOB-RC44093","USMCOB-RC44093-1",NA
"1796","USMCOB","Pensacola Beach",30.333,-87.15,0.99,NA,"FL",1.09,"TL",2007-04-24,"USM",2,"USMCOB-RC44093",2026-05-05,"UTC",2007,4,24,114,00:00:00,NA,"POINT(-87.15 30.333)","USMCOB-RC44093","USMCOB-RC44093-2",NA
"1797","USMCOB","Pensacola Beach",30.315,-87.203,1.07,NA,"FL",1.17,"TL",2006-04-07,"USM",1,"USMCOB-RC44155",2026-05-05,"UTC",2006,4,7,97,00:00:00,NA,"POINT(-87.203 30.315)","USMCOB-RC44155","USMCOB-RC44155-1",NA
"1798","USMCOB","off Cocodrie, LA",29.239,-90.66,NA,NA,NA,NA,NA,2007-06-14,"USM",2,"USMCOB-RC44155",2026-05-05,"UTC",2007,6,14,165,00:00:00,NA,"POINT(-90.66 29.239)","USMCOB-RC44155","USMCOB-RC44155-2",NA
"1799","USMCOB","Pensacola Beach",30.315,-87.203,1.02,NA,"FL",1.12,"TL",2006-04-08,"USM",1,"USMCOB-RC44156",2026-05-05,"UTC",2006,4,8,98,00:00:00,NA,"POINT(-87.203 30.315)","USMCOB-RC44156","USMCOB-RC44156-1",NA
"1800","USMCOB","15 ml off Dauphin Island",30.031,-88.215,1.22,NA,"TL",NA,NA,2007-07-14,"USM",2,"USMCOB-RC44156",2026-05-05,"UTC",2007,7,14,195,00:00:00,NA,"POINT(-88.215 30.031)","USMCOB-RC44156","USMCOB-RC44156-2",NA
"1801","USMCOB","Pensacola Beach",30.315,-87.203,1.07,NA,"FL",1.14,"TL",2006-04-19,"USM",1,"USMCOB-RC44178",2026-05-05,"UTC",2006,4,19,109,00:00:00,NA,"POINT(-87.203 30.315)","USMCOB-RC44178","USMCOB-RC44178-1",NA
"1802","USMCOB","Destin, FL",30.38,-86.5,1.23,NA,"FL",NA,NA,2010-04-13,"USM",2,"USMCOB-RC44178",2026-05-05,"UTC",2010,4,13,103,00:00:00,NA,"POINT(-86.5 30.38)","USMCOB-RC44178","USMCOB-RC44178-2",13.858678817749
"1803","USMCOB","Pensacola Beach",30.315,-87.203,NA,NA,NA,NA,NA,2006-04-22,"USM",1,"USMCOB-RC44181",2026-05-05,"UTC",2006,4,22,112,00:00:00,NA,"POINT(-87.203 30.315)","USMCOB-RC44181","USMCOB-RC44181-1",NA
"1804","USMCOB","Orange Beach, AL",30.267,-87.585,1.02,NA,"TL",NA,NA,2006-04-25,"USM",2,"USMCOB-RC44181",2026-05-05,"UTC",2006,4,25,115,00:00:00,NA,"POINT(-87.585 30.267)","USMCOB-RC44181","USMCOB-RC44181-2",NA
"1805","USMCOB","Pensacola Beach",30.315,-87.203,0.84,NA,"FL",0.91,"TL",2006-04-28,"USM",1,"USMCOB-RC44186",2026-05-05,"UTC",2006,4,28,118,00:00:00,NA,"POINT(-87.203 30.315)","USMCOB-RC44186","USMCOB-RC44186-1",NA
"1806","USMCOB","Ship Shoal 214",28.498,-91.872,0.91,NA,"TL",NA,NA,2006-07-03,"USM",2,"USMCOB-RC44186",2026-05-05,"UTC",2006,7,3,184,00:00:00,NA,"POINT(-91.872 28.498)","USMCOB-RC44186","USMCOB-RC44186-2",NA
"1807","USMCOB","Pensacola Beach",30.315,-87.203,1.14,NA,"FL",1.22,"TL",2006-05-01,"USM",1,"USMCOB-RC44197",2026-05-05,"UTC",2006,5,1,121,00:00:00,NA,"POINT(-87.203 30.315)","USMCOB-RC44197","USMCOB-RC44197-1",NA
"1808","USMCOB","15 miles off Clearwater (60')",28.001,-83.074,NA,NA,NA,NA,NA,2008-11-08,"USM",2,"USMCOB-RC44197",2026-05-05,"UTC",2008,11,8,313,00:00:00,NA,"POINT(-83.074 28.001)","USMCOB-RC44197","USMCOB-RC44197-2",NA
"1809","USMCOB","Phillips Inlet, PCB",30.271,-85.986,0.84,NA,"FL",NA,NA,2006-04-28,"USM",1,"USMCOB-RC44202",2026-05-05,"UTC",2006,4,28,118,00:00:00,NA,"POINT(-85.986 30.271)","USMCOB-RC44202","USMCOB-RC44202-1",NA
"1810","USMCOB","10 miles off Gordon Pass, Naples",26.087,-81.834,0.94,NA,"FL",NA,NA,2006-10-12,"USM",2,"USMCOB-RC44202",2026-05-05,"UTC",2006,10,12,285,00:00:00,NA,"POINT(-81.834 26.087)","USMCOB-RC44202","USMCOB-RC44202-2",NA
"1811","USMCOB","Seagrove",30.316,-86.131,1.02,NA,"FL",1.12,"TL",2007-04-20,"USM",1,"USMCOB-RC44204",2026-05-05,"UTC",2007,4,20,110,00:00:00,NA,"POINT(-86.131 30.316)","USMCOB-RC44204","USMCOB-RC44204-1",NA
"1812","USMCOB","Panama City",30.212,-85.88,NA,NA,NA,NA,NA,2010-04-11,"USM",2,"USMCOB-RC44204",2026-05-05,"UTC",2010,4,11,101,00:00:00,NA,"POINT(-85.88 30.212)","USMCOB-RC44204","USMCOB-RC44204-2",NA
"1813","USMCOB","Seagrove",30.316,-86.131,0.95,NA,"FL",NA,NA,2007-04-22,"USM",1,"USMCOB-RC44206",2026-05-05,"UTC",2007,4,22,112,00:00:00,NA,"POINT(-86.131 30.316)","USMCOB-RC44206","USMCOB-RC44206-1",NA
"1814","USMCOB","Liberty Ship 8 miles off Destin",30.30627,-86.6037,0.89,NA,"TL",NA,NA,2007-04-26,"USM",2,"USMCOB-RC44206",2026-05-05,"UTC",2007,4,26,116,00:00:00,NA,"POINT(-86.6037 30.30627)","USMCOB-RC44206","USMCOB-RC44206-2",NA
"1815","USMCOB","47045.0 / 12430.0",30.085,-88.57333,0.57,NA,"FL",0.64,"TL",1990-06-16,"USM",1,"USMCOB-RC4421",2026-05-05,"UTC",1990,6,16,167,00:00:00,NA,"POINT(-88.57333 30.085)","USMCOB-RC4421","USMCOB-RC4421-1",NA
"1816","USMCOB","PASCAGOULA SHIP CHANNEL, MS",30.241,-88.506,0.86,NA,"FL",NA,NA,1991-08-03,"USM",2,"USMCOB-RC4421",2026-05-05,"UTC",1991,8,3,215,00:00:00,NA,"POINT(-88.506 30.241)","USMCOB-RC4421","USMCOB-RC4421-2",NA
"1817","USMCOB","Panama City Beach",30.212,-85.88,0.99,NA,"FL",1.12,"TL",2006-04-12,"USM",1,"USMCOB-RC44210",2026-05-05,"UTC",2006,4,12,102,00:00:00,NA,"POINT(-85.88 30.212)","USMCOB-RC44210","USMCOB-RC44210-1",NA
"1818","USMCOB","Orange Beach, AL   E",30.267,-87.585,1.09,NA,"TL",NA,NA,2006-04-13,"USM",2,"USMCOB-RC44210",2026-05-05,"UTC",2006,4,13,103,00:00:00,NA,"POINT(-87.585 30.267)","USMCOB-RC44210","USMCOB-RC44210-2",NA
"1819","USMCOB","47030.0 / 12280.0",30.02667,-88.82167,0.55,NA,"FL",0.6,"TL",1990-07-06,"USM",1,"USMCOB-RC4426",2026-05-05,"UTC",1990,7,6,187,00:00:00,NA,"POINT(-88.82167 30.02667)","USMCOB-RC4426","USMCOB-RC4426-1",NA
"1820","USMCOB","45 ml S of W end of Horn I.",29.589569,-88.77492,0.79,NA,"FL",0.89,"TL",2006-06-24,"USM",1,"USMCOB-RC44322",2026-05-05,"UTC",2006,6,24,175,00:00:00,NA,"POINT(-88.77492 29.589569)","USMCOB-RC44322","USMCOB-RC44322-1",NA
"1821","USMCOB","Triple Rig, S of Petit Bois I.",30.083,-88.496,0.91,NA,"FL",NA,NA,2007-04-20,"USM",2,"USMCOB-RC44322",2026-05-05,"UTC",2007,4,20,110,00:00:00,NA,"POINT(-88.496 30.083)","USMCOB-RC44322","USMCOB-RC44322-2",1.41140475869179
"1822","USMCOB","47030.0 / 12280.0",30.02667,-88.82167,0.65,NA,"FL",0.71,"TL",1990-07-07,"USM",1,"USMCOB-RC4433",2026-05-05,"UTC",1990,7,7,188,00:00:00,NA,"POINT(-88.82167 30.02667)","USMCOB-RC4433","USMCOB-RC4433-1",NA
"1823","USMCOB","S. OF PETIT BOIS ISLAND, MS",30.202,-88.486,0.94,NA,"TL",NA,NA,1990-11-03,"USM",2,"USMCOB-RC4433",2026-05-05,"UTC",1990,11,3,307,00:00:00,NA,"POINT(-88.486 30.202)","USMCOB-RC4433","USMCOB-RC4433-2",NA
"1824","USMCOB","47080.0 / 12270.0",30.245,-88.83,0.61,NA,"FL",0.67,"TL",1990-07-21,"USM",1,"USMCOB-RC4439",2026-05-05,"UTC",1990,7,21,202,00:00:00,NA,"POINT(-88.83 30.245)","USMCOB-RC4439","USMCOB-RC4439-1",NA
"1825","USMCOB","PENSACOLA BAY, FLORIDA",30.415,-87.134,0.74,NA,"TL",NA,NA,1990-09-20,"USM",2,"USMCOB-RC4439",2026-05-05,"UTC",1990,9,20,263,00:00:00,NA,"POINT(-87.134 30.415)","USMCOB-RC4439","USMCOB-RC4439-2",NA
"1826","USMCOB","12266.3 / 46914.9",29.55833,-88.88,0.61,NA,"FL",0.66,"TL",1991-07-16,"USM",1,"USMCOB-RC4453",2026-05-05,"UTC",1991,7,16,197,00:00:00,NA,"POINT(-88.88 29.55833)","USMCOB-RC4453","USMCOB-RC4453-1",NA
"1827","USMCOB","RIGS AT S END OF CHANDELEUR I.",29.718,-88.797,0.89,NA,"FL",0.98,"TL",1992-07-16,"USM",2,"USMCOB-RC4453",2026-05-05,"UTC",1992,7,16,198,00:00:00,NA,"POINT(-88.797 29.718)","USMCOB-RC4453","USMCOB-RC4453-2",NA
"1828","USMCOB","12266.2 / 46915.0 (OFF E. LA)",29.56,-88.88,0.61,NA,"FL",0.66,"TL",1991-07-16,"USM",1,"USMCOB-RC4454",2026-05-05,"UTC",1991,7,16,197,00:00:00,NA,"POINT(-88.88 29.56)","USMCOB-RC4454","USMCOB-RC4454-1",NA
"1829","USMCOB","7MI OFF MELBOURNE BCH,FL (ATL)",28.068,-80.556,NA,NA,NA,NA,NA,1991-11-25,"USM",2,"USMCOB-RC4454",2026-05-05,"UTC",1991,11,25,329,00:00:00,NA,"POINT(-80.556 28.068)","USMCOB-RC4454","USMCOB-RC4454-2",NA
"1830","USMCOB","Pensacola",30.315,-87.203,1.02,NA,"FL",1.09,"TL",2007-04-25,"USM",1,"USMCOB-RC44541",2026-05-05,"UTC",2007,4,25,115,00:00:00,NA,"POINT(-87.203 30.315)","USMCOB-RC44541","USMCOB-RC44541-1",NA
"1831","USMCOB","off Perdido Pass",30.288,-87.427,1.07,NA,"FL",NA,NA,2008-03-30,"USM",2,"USMCOB-RC44541",2026-05-05,"UTC",2008,3,30,90,00:00:00,NA,"POINT(-87.427 30.288)","USMCOB-RC44541","USMCOB-RC44541-2",NA
"1832","USMCOB","Pensacola",30.315,-87.203,0.76,NA,"FL",0.84,"TL",2007-04-25,"USM",1,"USMCOB-RC44544",2026-05-05,"UTC",2007,4,25,115,00:00:00,NA,"POINT(-87.203 30.315)","USMCOB-RC44544","USMCOB-RC44544-1",NA
"1833","USMCOB","east of Navarre Pier",30.378,-86.862,1.05,NA,"FL",1.14,"TL",2012-04-07,"USM",2,"USMCOB-RC44544",2026-05-05,"UTC",2012,4,7,98,00:00:00,NA,"POINT(-86.862 30.378)","USMCOB-RC44544","USMCOB-RC44544-2",NA
"1834","USMCOB","Pensacola, FL",30.315,-87.203,0.76,NA,"FL",0.84,"TL",2007-04-27,"USM",1,"USMCOB-RC44550",2026-05-05,"UTC",2007,4,27,117,00:00:00,NA,"POINT(-87.203 30.315)","USMCOB-RC44550","USMCOB-RC44550-1",NA
"1835","USMCOB","Naples",26.14,-81.81,0.89,NA,"FL",0.99,"TL",2006-11-13,"USM",1,"USMCOB-RC44553",2026-05-05,"UTC",2006,11,13,317,00:00:00,NA,"POINT(-81.81 26.14)","USMCOB-RC44553","USMCOB-RC44553-1",NA
"1836","USMCOB","Crystal River, FL",28.915,-82.698,NA,NA,NA,NA,NA,2007-06-12,"USM",2,"USMCOB-RC44553",2026-05-05,"UTC",2007,6,12,163,00:00:00,NA,"POINT(-82.698 28.915)","USMCOB-RC44553","USMCOB-RC44553-2",NA
"1837","USMCOB","Naples",26.14,-81.81,0.89,NA,"FL",0.97,"TL",2006-11-13,"USM",1,"USMCOB-RC44554",2026-05-05,"UTC",2006,11,13,317,00:00:00,NA,"POINT(-81.81 26.14)","USMCOB-RC44554","USMCOB-RC44554-1",NA
"1838","USMCOB","24 42.551N 81 58.645W",24.709183,-81.977417,0.94,NA,"FL",NA,NA,2007-02-12,"USM",2,"USMCOB-RC44554",2026-05-05,"UTC",2007,2,12,43,00:00:00,NA,"POINT(-81.977417 24.709183)","USMCOB-RC44554","USMCOB-RC44554-2",NA
"1839","USMCOB","Naples",26.14,-81.81,0.91,NA,"FL",1.04,"TL",2006-08-18,"USM",1,"USMCOB-RC44560",2026-05-05,"UTC",2006,8,18,230,00:00:00,NA,"POINT(-81.81 26.14)","USMCOB-RC44560","USMCOB-RC44560-1",NA
"1840","USMCOB","north Miami Beach",25.928,-80.115,0.99,NA,"FL",NA,NA,2006-10-28,"USM",2,"USMCOB-RC44560",2026-05-05,"UTC",2006,10,28,301,00:00:00,NA,"POINT(-80.115 25.928)","USMCOB-RC44560","USMCOB-RC44560-2",NA
"1841","USMCOB","Data Buoy",30.17167,-88.77167,0.69,NA,"FL",0.76,"TL",2006-09-16,"USM",1,"USMCOB-RC44612",2026-05-05,"UTC",2006,9,16,259,00:00:00,NA,"POINT(-88.77167 30.17167)","USMCOB-RC44612","USMCOB-RC44612-1",2.15088796615601
"1842","USMCOB","MRGO",29.526,-89.169,0.97,NA,"FL",1.08,"TL",2007-12-13,"USM",2,"USMCOB-RC44612",2026-05-05,"UTC",2007,12,13,347,00:00:00,NA,"POINT(-89.169 29.526)","USMCOB-RC44612","USMCOB-RC44612-2",NA
"1843","USMCOB","#25 GPT channel",30.216,-88.996,0.85,NA,"FL",0.94,"TL",2006-09-27,"USM",1,"USMCOB-RC44661",2026-05-05,"UTC",2006,9,27,270,00:00:00,NA,"POINT(-88.996 30.216)","USMCOB-RC44661","USMCOB-RC44661-1",8.27980041503906
"1844","USMCOB","50 Miles SSW of Marco I.",25.256,-82.035,1.27,NA,"TL",NA,NA,2008-05-13,"USM",2,"USMCOB-RC44661",2026-05-05,"UTC",2008,5,13,134,00:00:00,NA,"POINT(-82.035 25.256)","USMCOB-RC44661","USMCOB-RC44661-2",NA
"1845","USMCOB","Ship Island #32",30.24,-89,0.74,NA,"FL",0.81,"TL",2007-08-09,"USM",1,"USMCOB-RC44701",2026-05-05,"UTC",2007,8,9,221,00:00:00,NA,"POINT(-89.0 30.24)","USMCOB-RC44701","USMCOB-RC44701-1",NA
"1846","USMCOB","2 miles N of Cat I - marker #7",30.281,-89.085,0.98,NA,"TL",NA,NA,2008-08-03,"USM",2,"USMCOB-RC44701",2026-05-05,"UTC",2008,8,3,216,00:00:00,NA,"POINT(-89.085 30.281)","USMCOB-RC44701","USMCOB-RC44701-2",NA
"1847","USMCOB","PILINGS N. OF SHIP ISLAND, MS",30.213,-88.966,0.66,NA,"FL",0.72,"TL",1991-07-25,"USM",1,"USMCOB-RC4475",2026-05-05,"UTC",1991,7,25,206,00:00:00,NA,"POINT(-88.966 30.213)","USMCOB-RC4475","USMCOB-RC4475-1",NA
"1848","USMCOB","MARATHON, FL  (GULF SIDE)",24.726,-81.089,0.84,NA,"FL",NA,NA,1991-12-15,"USM",2,"USMCOB-RC4475",2026-05-05,"UTC",1991,12,15,349,00:00:00,NA,"POINT(-81.089 24.726)","USMCOB-RC4475","USMCOB-RC4475-2",NA
"1849","USMCOB","Pensacola, FL",30.315,-87.203,0.86,NA,"FL",NA,NA,2007-04-27,"USM",1,"USMCOB-RC44794",2026-05-05,"UTC",2007,4,27,117,00:00:00,NA,"POINT(-87.203 30.315)","USMCOB-RC44794","USMCOB-RC44794-1",NA
"1850","USMCOB","30 ml SE of Freeport, TX",28.647,-94.927,1.12,NA,"TL",NA,NA,2009-04-22,"USM",2,"USMCOB-RC44794",2026-05-05,"UTC",2009,4,22,112,00:00:00,NA,"POINT(-94.927 28.647)","USMCOB-RC44794","USMCOB-RC44794-2",NA
"1851","USMCOB","Pensacola, FL",30.315,-87.203,0.79,NA,"FL",NA,NA,2007-04-29,"USM",1,"USMCOB-RC44802",2026-05-05,"UTC",2007,4,29,119,00:00:00,NA,"POINT(-87.203 30.315)","USMCOB-RC44802","USMCOB-RC44802-1",NA
"1852","USMCOB","rig 7 miles out of Mobile Bay",30.139,-88.078,0.86,NA,"FL",NA,NA,2007-06-16,"USM",2,"USMCOB-RC44802",2026-05-05,"UTC",2007,6,16,167,00:00:00,NA,"POINT(-88.078 30.139)","USMCOB-RC44802","USMCOB-RC44802-2",2.41302049160004
"1853","USMCOB","Destin",30.38,-86.5,1.02,NA,"FL",1.09,"TL",2007-05-02,"USM",1,"USMCOB-RC44841",2026-05-05,"UTC",2007,5,2,122,00:00:00,NA,"POINT(-86.5 30.38)","USMCOB-RC44841","USMCOB-RC44841-1",0.728913992643356
"1854","USMCOB","West Delta 45",29.085,-89.628,0.98,NA,"FL",NA,NA,2007-08-10,"USM",2,"USMCOB-RC44841",2026-05-05,"UTC",2007,8,10,222,00:00:00,NA,"POINT(-89.628 29.085)","USMCOB-RC44841","USMCOB-RC44841-2",NA
"1855","USMCOB","Pensacola",30.315,-87.203,0.84,NA,"FL",0.91,"TL",2007-05-03,"USM",1,"USMCOB-RC44849",2026-05-05,"UTC",2007,5,3,123,00:00:00,NA,"POINT(-87.203 30.315)","USMCOB-RC44849","USMCOB-RC44849-1",NA
"1856","USMCOB","12 ml off Cape Canaveral",28.365,-80.4,1.26,NA,"TL",NA,NA,2009-02-22,"USM",2,"USMCOB-RC44849",2026-05-05,"UTC",2009,2,22,53,00:00:00,NA,"POINT(-80.4 28.365)","USMCOB-RC44849","USMCOB-RC44849-2",NA
"1857","USMCOB","WRECK E. OF CHANDELEUR ISLANDS",29.911,-88.803,0.74,NA,"FL",0.76,"TL",1990-07-08,"USM",1,"USMCOB-RC4485",2026-05-05,"UTC",1990,7,8,189,00:00:00,NA,"POINT(-88.803 29.911)","USMCOB-RC4485","USMCOB-RC4485-1",NA
"1858","USMCOB","MONKEY BAYOU RIGS,S. OF CHAND.",29.718,-88.797,0.79,NA,"FL",0.86,"TL",1990-09-08,"USM",2,"USMCOB-RC4485",2026-05-05,"UTC",1990,9,8,251,00:00:00,NA,"POINT(-88.797 29.718)","USMCOB-RC4485","USMCOB-RC4485-2",NA
"1859","USMCOB","Destin",30.38,-86.5,1.02,NA,"FL",1.09,"TL",2007-04-30,"USM",1,"USMCOB-RC44854",2026-05-05,"UTC",2007,4,30,120,00:00:00,NA,"POINT(-86.5 30.38)","USMCOB-RC44854","USMCOB-RC44854-1",NA
"1860","USMCOB","S curves - Pensacola",30.318,-87.228,1.12,NA,"FL",1.24,"TL",2007-05-02,"USM",2,"USMCOB-RC44854",2026-05-05,"UTC",2007,5,2,122,00:00:00,NA,"POINT(-87.228 30.318)","USMCOB-RC44854","USMCOB-RC44854-2",1.70132195949554
"1861","USMCOB","Pensacola",30.315,-87.203,0.97,NA,"FL",1.04,"TL",2007-05-01,"USM",1,"USMCOB-RC44855",2026-05-05,"UTC",2007,5,1,121,00:00:00,NA,"POINT(-87.203 30.315)","USMCOB-RC44855","USMCOB-RC44855-1",NA
"1862","USMCOB","Pensacola, FL",30.333,-87.15,1.19,NA,"FL",NA,NA,2008-04-17,"USM",2,"USMCOB-RC44855",2026-05-05,"UTC",2008,4,17,108,00:00:00,NA,"POINT(-87.15 30.333)","USMCOB-RC44855","USMCOB-RC44855-2",NA
"1863","USMCOB","S Curves Pensacola",30.35,-87,0.97,NA,"FL",1.09,"TL",2008-04-28,"USM",1,"USMCOB-RC44868",2026-05-05,"UTC",2008,4,28,119,00:00:00,NA,"POINT(-87.0 30.35)","USMCOB-RC44868","USMCOB-RC44868-1",NA
"1864","USMCOB","Destin, FL",30.38,-86.5,NA,NA,NA,NA,NA,2010-07-16,"USM",2,"USMCOB-RC44868",2026-05-05,"UTC",2010,7,16,197,00:00:00,NA,"POINT(-86.5 30.38)","USMCOB-RC44868","USMCOB-RC44868-2",NA
"1865","USMCOB","Pensacola,Fl.",30.333,-87.15,1.09,NA,"FL",1.17,"TL",2011-04-19,"USM",1,"USMCOB-RC44885",2026-05-05,"UTC",2011,4,19,109,00:00:00,NA,"POINT(-87.15 30.333)","USMCOB-RC44885","USMCOB-RC44885-1",NA
"1866","USMCOB","8 miles south of Fort Morgan",30.108169,-88.02109,1.02,NA,"FL",NA,NA,2011-06-19,"USM",2,"USMCOB-RC44885",2026-05-05,"UTC",2011,6,19,170,00:00:00,NA,"POINT(-88.02109 30.108169)","USMCOB-RC44885","USMCOB-RC44885-2",11.2916431427002
"1867","USMCOB","Pensacola",30.315,-87.203,0.84,NA,"FL",0.91,"TL",2007-05-03,"USM",1,"USMCOB-RC44907",2026-05-05,"UTC",2007,5,3,123,00:00:00,NA,"POINT(-87.203 30.315)","USMCOB-RC44907","USMCOB-RC44907-1",NA
"1868","USMCOB","N of Horseshoe Rigs",29.425,-88.615,1.02,NA,"FL",1.14,"TL",2009-05-01,"USM",2,"USMCOB-RC44907",2026-05-05,"UTC",2009,5,1,121,00:00:00,NA,"POINT(-88.615 29.425)","USMCOB-RC44907","USMCOB-RC44907-2",NA
"1869","USMCOB","Destin Pass, FL - 20 mi. SSW",30.116,-86.648,0.83,NA,"FL",NA,NA,2017-06-09,"USM",1,"USMCOB-RC44978",2026-05-05,"UTC",2017,6,9,160,00:00:00,NA,"POINT(-86.648 30.116)","USMCOB-RC44978","USMCOB-RC44978-1",NA
"1870","USMCOB","Destin, FL 30 10, 86 19",30.167,-86.317,0.79,NA,"FL",0.86,"TL",2017-08-07,"USM",2,"USMCOB-RC44978",2026-05-05,"UTC",2017,8,7,219,00:00:00,NA,"POINT(-86.317 30.167)","USMCOB-RC44978","USMCOB-RC44978-2",NA
"1871","USMCOB","Siesta Key",27.26,-82.55,0.61,NA,"FL",0.69,"TL",2007-03-13,"USM",1,"USMCOB-RC45039",2026-05-05,"UTC",2007,3,13,72,00:00:00,NA,"POINT(-82.55 27.26)","USMCOB-RC45039","USMCOB-RC45039-1",NA
"1872","USMCOB","Green Key Beach, Pasco County",28.253,-82.757,0.66,NA,"FL",NA,NA,2007-05-27,"USM",2,"USMCOB-RC45039",2026-05-05,"UTC",2007,5,27,147,00:00:00,NA,"POINT(-82.757 28.253)","USMCOB-RC45039","USMCOB-RC45039-2",NA
"1873","USMCOB","Seaside, FL",30.32,-86.144,0.56,NA,"FL",0.61,"TL",2008-07-16,"USM",1,"USMCOB-RC45078",2026-05-05,"UTC",2008,7,16,198,00:00:00,NA,"POINT(-86.144 30.32)","USMCOB-RC45078","USMCOB-RC45078-1",NA
"1874","USMCOB","28.19.866/83.20.590",28.331,-83.343,0.74,NA,"FL",0.79,"TL",2010-07-10,"USM",2,"USMCOB-RC45078",2026-05-05,"UTC",2010,7,10,191,00:00:00,NA,"POINT(-83.343 28.331)","USMCOB-RC45078","USMCOB-RC45078-2",0.323807001113892
"1875","USMCOB","lower FL Keys",24.5,-81.6,0.75,NA,"FL",0.85,"TL",2008-07-24,"USM",1,"USMCOB-RC45154",2026-05-05,"UTC",2008,7,24,206,00:00:00,NA,"POINT(-81.6 24.5)","USMCOB-RC45154","USMCOB-RC45154-1",NA
"1876","USMCOB","15 miles N of Big Pine Key",24.963,-81.395,0.91,NA,"FL",NA,NA,2009-07-18,"USM",2,"USMCOB-RC45154",2026-05-05,"UTC",2009,7,18,199,00:00:00,NA,"POINT(-81.395 24.963)","USMCOB-RC45154","USMCOB-RC45154-2",NA
"1877","USMCOB","Juno Pier",26.894,-80.054,0.71,NA,"FL",0.81,"TL",2008-01-30,"USM",1,"USMCOB-RC45320",2026-05-05,"UTC",2008,1,30,30,00:00:00,NA,"POINT(-80.054 26.894)","USMCOB-RC45320","USMCOB-RC45320-1",NA
"1878","USMCOB","Jupiter, FL",26.944,-80.07,0.86,NA,"FL",NA,NA,2008-12-18,"USM",2,"USMCOB-RC45320",2026-05-05,"UTC",2008,12,18,353,00:00:00,NA,"POINT(-80.07 26.944)","USMCOB-RC45320","USMCOB-RC45320-2",NA
"1879","USMCOB","28 11' 60N 80 14' 37W",28.197222,-80.243611,0.72,NA,"FL",0.81,"TL",2008-11-28,"USM",1,"USMCOB-RC45330",2026-05-05,"UTC",2008,11,28,333,00:00:00,NA,"POINT(-80.243611 28.197222)","USMCOB-RC45330","USMCOB-RC45330-1",10.213095664978
"1880","USMCOB","off Sebastian Inlet",27.861,-80.447,0.97,NA,"FL",NA,NA,2009-11-17,"USM",2,"USMCOB-RC45330",2026-05-05,"UTC",2009,11,17,321,00:00:00,NA,"POINT(-80.447 27.861)","USMCOB-RC45330","USMCOB-RC45330-2",NA
"1881","USMCOB","Navarre, FL",30.378,-86.862,1.08,NA,"FL",NA,NA,2019-04-15,"USM",1,"USMCOB-RC45456",2026-05-05,"UTC",2019,4,15,105,00:00:00,NA,"POINT(-86.862 30.378)","USMCOB-RC45456","USMCOB-RC45456-1",NA
"1882","USMCOB","Ship Shoal 178",28.61,-91.16,1.15,NA,"TL",NA,NA,2019-07-07,"USM",2,"USMCOB-RC45456",2026-05-05,"UTC",2019,7,7,188,00:00:00,NA,"POINT(-91.16 28.61)","USMCOB-RC45456","USMCOB-RC45456-2",10.041579246521
"1883","USMCOB","Navarre, FL",30.378,-86.862,0.94,NA,"FL",1.02,"TL",2016-04-18,"USM",1,"USMCOB-RC45495",2026-05-05,"UTC",2016,4,18,109,00:00:00,NA,"POINT(-86.862 30.378)","USMCOB-RC45495","USMCOB-RC45495-1",30.8683052062988
"1884","USMCOB","Freshwater Bayou Buoy, LA - 44 mi S",28.895,-92.306,0.94,NA,"FL",NA,NA,2016-07-23,"USM",2,"USMCOB-RC45495",2026-05-05,"UTC",2016,7,23,205,00:00:00,NA,"POINT(-92.306 28.895)","USMCOB-RC45495","USMCOB-RC45495-2",NA
"1885","USMCOB","Hurlburt, FL",30.393,-86.688,0.91,NA,"FL",1.02,"TL",2016-04-18,"USM",1,"USMCOB-RC45498",2026-05-05,"UTC",2016,4,18,109,00:00:00,NA,"POINT(-86.688 30.393)","USMCOB-RC45498","USMCOB-RC45498-1",NA
"1886","USMCOB","28 42.95, 94 50.6",28.716,-94.843,0.89,NA,"FL",NA,NA,2016-08-03,"USM",2,"USMCOB-RC45498",2026-05-05,"UTC",2016,8,3,216,00:00:00,NA,"POINT(-94.843 28.716)","USMCOB-RC45498","USMCOB-RC45498-2",NA
"1887","USMCOB","Gulf Breeze, FL",30.354,-87.156,0.81,NA,"FL",0.91,"TL",2016-04-21,"USM",1,"USMCOB-RC45500",2026-05-05,"UTC",2016,4,21,112,00:00:00,NA,"POINT(-87.156 30.354)","USMCOB-RC45500","USMCOB-RC45500-1",NA
"1888","USMCOB","Pensacola, FL",30.333,-87.15,0.84,NA,"FL",0.94,"TL",2016-04-22,"USM",2,"USMCOB-RC45500",2026-05-05,"UTC",2016,4,22,113,00:00:00,NA,"POINT(-87.15 30.333)","USMCOB-RC45500","USMCOB-RC45500-2",NA
"1889","USMCOB","East Pensacola Pier",30.315,-87.1,1.02,NA,"FL",1.14,"TL",2008-04-08,"USM",1,"USMCOB-RC45634",2026-05-05,"UTC",2008,4,8,99,00:00:00,NA,"POINT(-87.1 30.315)","USMCOB-RC45634","USMCOB-RC45634-1",NA
"1890","USMCOB","60 miles S of Orange Beach   E",29.396,-87.585,NA,NA,NA,NA,NA,2008-06-13,"USM",2,"USMCOB-RC45634",2026-05-05,"UTC",2008,6,13,165,00:00:00,NA,"POINT(-87.585 29.396)","USMCOB-RC45634","USMCOB-RC45634-2",NA
"1891","USMCOB","Panama City Beach Fl",30.212,-85.88,1.09,NA,"FL",NA,NA,2010-04-12,"USM",1,"USMCOB-RC45683",2026-05-05,"UTC",2010,4,12,102,00:00:00,NA,"POINT(-85.88 30.212)","USMCOB-RC45683","USMCOB-RC45683-1",NA
"1892","USMCOB","off Pensacola Beach, FL",30.333,-87.15,1.18,NA,"FL",1.3,"TL",2011-04-19,"USM",2,"USMCOB-RC45683",2026-05-05,"UTC",2011,4,19,109,00:00:00,NA,"POINT(-87.15 30.333)","USMCOB-RC45683","USMCOB-RC45683-2",NA
"1893","USMCOB","Tyndall AFB",30.052,-85.605,0.99,NA,"FL",NA,NA,2010-04-13,"USM",1,"USMCOB-RC45687",2026-05-05,"UTC",2010,4,13,103,00:00:00,NA,"POINT(-85.605 30.052)","USMCOB-RC45687","USMCOB-RC45687-1",NA
"1894","USMCOB","Petit Bois I. - middle of south side",30.197,-88.455,1.07,NA,"TL",NA,NA,2010-04-20,"USM",2,"USMCOB-RC45687",2026-05-05,"UTC",2010,4,20,110,00:00:00,NA,"POINT(-88.455 30.197)","USMCOB-RC45687","USMCOB-RC45687-2",6.56611204147339
"1895","USMCOB","25 ml S Marco Island",25.565,-81.734233,0.81,NA,"FL",0.89,"TL",2008-05-10,"USM",1,"USMCOB-RC45760",2026-05-05,"UTC",2008,5,10,131,00:00:00,NA,"POINT(-81.734233 25.565)","USMCOB-RC45760","USMCOB-RC45760-1",NA
"1896","USMCOB","13 miles off Stump Pass",26.796,-82.52,1.02,NA,"FL",NA,NA,2009-05-13,"USM",2,"USMCOB-RC45760",2026-05-05,"UTC",2009,5,13,133,00:00:00,NA,"POINT(-82.52 26.796)","USMCOB-RC45760","USMCOB-RC45760-2",NA
"1897","USMCOB","28 47 3242    80 27 0975",28.78874,-80.451625,0.76,NA,"FL",0.84,"TL",2009-04-11,"USM",1,"USMCOB-RC45831",2026-05-05,"UTC",2009,4,11,101,00:00:00,NA,"POINT(-80.451625 28.78874)","USMCOB-RC45831","USMCOB-RC45831-1",NA
"1898","USMCOB","Port Canaveral",28.41,-80.584,NA,NA,NA,NA,NA,2010-03-31,"USM",2,"USMCOB-RC45831",2026-05-05,"UTC",2010,3,31,90,00:00:00,NA,"POINT(-80.584 28.41)","USMCOB-RC45831","USMCOB-RC45831-2",NA
"1899","USMCOB","28 19 2339    80 15 1991",28.320565,-80.253318,0.81,NA,"FL",0.91,"TL",2009-06-09,"USM",1,"USMCOB-RC45841",2026-05-05,"UTC",2009,6,9,160,00:00:00,NA,"POINT(-80.253318 28.320565)","USMCOB-RC45841","USMCOB-RC45841-1",0.339661508798599
"1900","USMCOB","14 miles off Pt Canaveral, reef 8A",28.406,-80.357,0.97,NA,"FL",NA,NA,2010-07-11,"USM",2,"USMCOB-RC45841",2026-05-05,"UTC",2010,7,11,192,00:00:00,NA,"POINT(-80.357 28.406)","USMCOB-RC45841","USMCOB-RC45841-2",NA
"1901","USMCOB","28 30 3091    80 20 7106",28.505,-80.345,0.74,NA,"FL",0.86,"TL",2009-06-21,"USM",1,"USMCOB-RC45847",2026-05-05,"UTC",2009,6,21,172,00:00:00,NA,"POINT(-80.345 28.505)","USMCOB-RC45847","USMCOB-RC45847-1",NA
"1902","USMCOB","Flagler Beach, FL",29.474,-81.122,0.79,NA,"FL",NA,NA,2009-08-07,"USM",2,"USMCOB-RC45847",2026-05-05,"UTC",2009,8,7,219,00:00:00,NA,"POINT(-81.122 29.474)","USMCOB-RC45847","USMCOB-RC45847-2",NA
"1903","USMCOB","BARGES S. OF HORN ISLAND, MS",30.16,-88.75,0.66,NA,"FL",0.74,"TL",1990-09-05,"USM",1,"USMCOB-RC4585",2026-05-05,"UTC",1990,9,5,248,00:00:00,NA,"POINT(-88.75 30.16)","USMCOB-RC4585","USMCOB-RC4585-1",NA
"1904","USMCOB","BARGES 8 MI. S. OF HORN IS.,MS",30.08,-88.55,0.67,NA,"FL",0.76,"TL",1990-10-21,"USM",2,"USMCOB-RC4585",2026-05-05,"UTC",1990,10,21,294,00:00:00,NA,"POINT(-88.55 30.08)","USMCOB-RC4585","USMCOB-RC4585-2",NA
"1905","USMCOB","Pensacola Pier",30.333,-87.15,1.12,NA,"FL",NA,NA,2010-04-13,"USM",2,"USMCOB-RC46635",2026-05-05,"UTC",2010,4,13,103,00:00:00,NA,"POINT(-87.15 30.333)","USMCOB-RC46635","USMCOB-RC46635-2",3.57900500297546
"1906","USMCOB","OFF SANDESTIN, FL",30.367,-86.331,0.81,NA,"FL",0.86,"TL",1992-05-02,"USM",1,"USMCOB-RC4601",2026-05-05,"UTC",1992,5,2,123,00:00:00,NA,"POINT(-86.331 30.367)","USMCOB-RC4601","USMCOB-RC4601-1",NA
"1907","USMCOB","20 MI WSW OF KEY WEST, FL",24.451,-82.111,1.12,NA,"TL",NA,NA,1994-04-08,"USM",2,"USMCOB-RC4601",2026-05-05,"UTC",1994,4,8,98,00:00:00,NA,"POINT(-82.111 24.451)","USMCOB-RC4601","USMCOB-RC4601-2",NA
"1908","USMCOB","OFF DESTIN, FL",30.38,-86.5,0.85,NA,"FL",NA,NA,1992-05-21,"USM",1,"USMCOB-RC4602",2026-05-05,"UTC",1992,5,21,142,00:00:00,NA,"POINT(-86.5 30.38)","USMCOB-RC4602","USMCOB-RC4602-1",NA
"1909","USMCOB","20MI N OF KEY WEST, FL (GULF)",24.845615,-81.734318,NA,NA,NA,NA,NA,1992-10-18,"USM",2,"USMCOB-RC4602",2026-05-05,"UTC",1992,10,18,292,00:00:00,NA,"POINT(-81.734318 24.845615)","USMCOB-RC4602","USMCOB-RC4602-2",NA
"1910","USMCOB","OFF SANDESTIN, FL",30.367,-86.331,0.76,NA,"FL",0.84,"TL",1992-05-02,"USM",1,"USMCOB-RC4603",2026-05-05,"UTC",1992,5,2,123,00:00:00,NA,"POINT(-86.331 30.367)","USMCOB-RC4603","USMCOB-RC4603-1",NA
"1911","USMCOB","Navarre Beach, FL",30.378,-86.862,1.27,NA,"FL",1.37,"TL",1995-04-20,"USM",2,"USMCOB-RC4603",2026-05-05,"UTC",1995,4,20,110,00:00:00,NA,"POINT(-86.862 30.378)","USMCOB-RC4603","USMCOB-RC4603-2",NA
"1912","USMCOB","2838.827 8027.029",28.647117,-80.450483,0.66,NA,"FL",0.72,"TL",2010-06-02,"USM",1,"USMCOB-RC46041",2026-05-05,"UTC",2010,6,2,153,00:00:00,NA,"POINT(-80.450483 28.647117)","USMCOB-RC46041","USMCOB-RC46041-1",NA
"1913","USMCOB","20 miles off Ponce Inlet, FL",29.197,-80.611,NA,NA,NA,NA,NA,2010-10-15,"USM",2,"USMCOB-RC46041",2026-05-05,"UTC",2010,10,15,288,00:00:00,NA,"POINT(-80.611 29.197)","USMCOB-RC46041","USMCOB-RC46041-2",NA
"1914","USMCOB","Juno Pier",26.894,-80.054,0.74,NA,"FL",0.81,"TL",2007-12-13,"USM",1,"USMCOB-RC46085",2026-05-05,"UTC",2007,12,13,347,00:00:00,NA,"POINT(-80.054 26.894)","USMCOB-RC46085","USMCOB-RC46085-1",NA
"1915","USMCOB","Islamorada",24.924,-80.625,NA,NA,NA,NA,NA,2010-02-20,"USM",2,"USMCOB-RC46085",2026-05-05,"UTC",2010,2,20,51,00:00:00,NA,"POINT(-80.625 24.924)","USMCOB-RC46085","USMCOB-RC46085-2",NA
"1916","USMCOB","Juno Pier",26.894,-80.054,0.76,NA,"FL",0.84,"TL",2007-12-12,"USM",1,"USMCOB-RC46088",2026-05-05,"UTC",2007,12,12,346,00:00:00,NA,"POINT(-80.054 26.894)","USMCOB-RC46088","USMCOB-RC46088-1",NA
"1917","USMCOB","Palm Beach Co.",26.6,-80,0.84,NA,"FL",0.91,"TL",2007-12-03,"USM",1,"USMCOB-RC46090",2026-05-05,"UTC",2007,12,3,337,00:00:00,NA,"POINT(-80.0 26.6)","USMCOB-RC46090","USMCOB-RC46090-1",NA
"1918","USMCOB","Jupiter, FL",26.944,-80.07,0.81,NA,"FL",NA,NA,2008-04-18,"USM",2,"USMCOB-RC46090",2026-05-05,"UTC",2008,4,18,109,00:00:00,NA,"POINT(-80.07 26.944)","USMCOB-RC46090","USMCOB-RC46090-2",NA
"1919","USMCOB","St. Marks, FL",30.074,-84.185,0.79,NA,"FL",0.84,"TL",2007-07-07,"USM",1,"USMCOB-RC46097",2026-05-05,"UTC",2007,7,7,188,00:00:00,NA,"POINT(-84.185 30.074)","USMCOB-RC46097","USMCOB-RC46097-1",NA
"1920","USMCOB","St. Marks, FL",30.074,-84.185,0.91,NA,"FL",NA,NA,2008-05-07,"USM",2,"USMCOB-RC46097",2026-05-05,"UTC",2008,5,7,128,00:00:00,NA,"POINT(-84.185 30.074)","USMCOB-RC46097","USMCOB-RC46097-2",NA
"1921","USMCOB","2642.988 8205.544 CharHarb",26.716467,-82.0924,0.5,NA,"FL",0.57,"TL",2008-08-07,"USM",1,"USMCOB-RC46177",2026-05-05,"UTC",2008,8,7,220,00:00:00,NA,"POINT(-82.0924 26.716467)","USMCOB-RC46177","USMCOB-RC46177-1",NA
"1922","USMCOB","Charlotte Harbor     E",26.955,-82.06,0.61,NA,"FL",NA,NA,2009-03-21,"USM",2,"USMCOB-RC46177",2026-05-05,"UTC",2009,3,21,80,00:00:00,NA,"POINT(-82.06 26.955)","USMCOB-RC46177","USMCOB-RC46177-2",NA
"1923","USMCOB","Pensacola Beach",30.315,-87.203,0.97,NA,"FL",1.07,"TL",2008-04-30,"USM",1,"USMCOB-RC46610",2026-05-05,"UTC",2008,4,30,121,00:00:00,NA,"POINT(-87.203 30.315)","USMCOB-RC46610","USMCOB-RC46610-1",2.69761002063751
"1924","USMCOB","Stuart Sandpile - 2 miles out",27.148,-80.137,1.09,NA,"FL",1.19,"TL",2009-05-07,"USM",2,"USMCOB-RC46610",2026-05-05,"UTC",2009,5,7,127,00:00:00,NA,"POINT(-80.137 27.148)","USMCOB-RC46610","USMCOB-RC46610-2",NA
"1925","USMCOB","Navarre FL",30.378,-86.862,1.04,NA,"FL",1.12,"TL",2009-04-17,"USM",1,"USMCOB-RC46635",2026-05-05,"UTC",2009,4,17,107,00:00:00,NA,"POINT(-86.862 30.378)","USMCOB-RC46635","USMCOB-RC46635-1",NA
"1926","USMCOB","Navarre FL",30.378,-86.862,1.02,NA,"FL",NA,NA,2009-04-17,"USM",1,"USMCOB-RC46639",2026-05-05,"UTC",2009,4,17,107,00:00:00,NA,"POINT(-86.862 30.378)","USMCOB-RC46639","USMCOB-RC46639-1",NA
"1927","USMCOB","Pensacola Beach",30.315,-87.203,1.14,NA,"FL",NA,NA,2009-04-27,"USM",1,"USMCOB-RC46648",2026-05-05,"UTC",2009,4,27,117,00:00:00,NA,"POINT(-87.203 30.315)","USMCOB-RC46648","USMCOB-RC46648-1",NA
"1928","USMCOB","25 ml SSE of Orange Beach",29.347,-87.387,NA,NA,NA,NA,NA,2011-06-10,"USM",2,"USMCOB-RC46648",2026-05-05,"UTC",2011,6,10,161,00:00:00,NA,"POINT(-87.387 29.347)","USMCOB-RC46648","USMCOB-RC46648-2",0.452546000480652
"1929","USMCOB","Pensacola Beach",30.315,-87.203,0.99,NA,"FL",1.12,"TL",2010-05-05,"USM",1,"USMCOB-RC46657",2026-05-05,"UTC",2010,5,5,125,00:00:00,NA,"POINT(-87.203 30.315)","USMCOB-RC46657","USMCOB-RC46657-1",NA
"1930","USMCOB","Grand Isle 76",28.744,-90.02,NA,NA,NA,NA,NA,2012-04-14,"USM",2,"USMCOB-RC46657",2026-05-05,"UTC",2012,4,14,105,00:00:00,NA,"POINT(-90.02 28.744)","USMCOB-RC46657","USMCOB-RC46657-2",1.59490746259689
"1931","USMCOB","Pensacola,Fl.",30.333,-87.15,0.97,NA,"FL",1.07,"TL",2012-04-29,"USM",1,"USMCOB-RC46667",2026-05-05,"UTC",2012,4,29,120,00:00:00,NA,"POINT(-87.15 30.333)","USMCOB-RC46667","USMCOB-RC46667-1",NA
"1932","USMCOB","8 miles SE of Key West, Florida",24.459,-81.713,1.02,NA,"FL",NA,NA,2013-04-03,"USM",2,"USMCOB-RC46667",2026-05-05,"UTC",2013,4,3,93,00:00:00,NA,"POINT(-81.713 24.459)","USMCOB-RC46667","USMCOB-RC46667-2",NA
"1933","USMCOB","St. Marks, FL",30.074,-84.185,0.61,NA,"FL",0.71,"TL",2008-06-07,"USM",1,"USMCOB-RC46712",2026-05-05,"UTC",2008,6,7,159,00:00:00,NA,"POINT(-84.185 30.074)","USMCOB-RC46712","USMCOB-RC46712-1",NA
"1934","USMCOB","30.01.044N 84.10.470W St. Marks",30.0174,-84.1745,0.86,NA,"FL",0.95,"TL",2008-11-16,"USM",2,"USMCOB-RC46712",2026-05-05,"UTC",2008,11,16,321,00:00:00,NA,"POINT(-84.1745 30.0174)","USMCOB-RC46712","USMCOB-RC46712-2",NA
"1935","USMCOB","Pensacola Beach, FL",30.315,-87.203,0.97,NA,"FL",1.04,"TL",2019-04-15,"USM",1,"USMCOB-RC46876",2026-05-05,"UTC",2019,4,15,105,00:00:00,NA,"POINT(-87.203 30.315)","USMCOB-RC46876","USMCOB-RC46876-1",1.89066737890244
"1936","USMCOB","Johnson's Beach, FL - 1.5 mi off",30.278,-87.407,NA,NA,NA,NA,NA,2019-07-21,"USM",2,"USMCOB-RC46876",2026-05-05,"UTC",2019,7,21,202,00:00:00,NA,"POINT(-87.407 30.278)","USMCOB-RC46876","USMCOB-RC46876-2",NA
"1937","USMCOB","Orange Beach, AL - 5 mi S.",30.193,-87.587,NA,NA,NA,NA,NA,2016-08-03,"USM",2,"USMCOB-RC46881",2026-05-05,"UTC",2016,8,3,216,00:00:00,NA,"POINT(-87.587 30.193)","USMCOB-RC46881","USMCOB-RC46881-2",NA
"1938","USMCOB","MONKEY BAYOU RIGS, LA",29.718,-88.797,0.69,NA,"FL",0.79,"TL",1992-07-25,"USM",1,"USMCOB-RC4689",2026-05-05,"UTC",1992,7,25,207,00:00:00,NA,"POINT(-88.797 29.718)","USMCOB-RC4689","USMCOB-RC4689-1",NA
"1939","USMCOB","30MI.S. PT.EDES, LA(OFF VENICE",28.578,-89.162,1.02,NA,"FL",NA,NA,1994-06-12,"USM",2,"USMCOB-RC4689",2026-05-05,"UTC",1994,6,12,163,00:00:00,NA,"POINT(-89.162 28.578)","USMCOB-RC4689","USMCOB-RC4689-2",NA
"1940","USMCOB","MP102C",29.607,-88.797,0.76,NA,"TL",NA,NA,2007-07-13,"USM",1,"USMCOB-RC46925",2026-05-05,"UTC",2007,7,13,194,00:00:00,NA,"POINT(-88.797 29.607)","USMCOB-RC46925","USMCOB-RC46925-1",NA
"1941","USMCOB","MP299",29.27,-88.76,NA,NA,NA,NA,NA,2009-02-06,"USM",2,"USMCOB-RC46925",2026-05-05,"UTC",2009,2,6,37,00:00:00,NA,"POINT(-88.76 29.27)","USMCOB-RC46925","USMCOB-RC46925-2",NA
"1942","USMCOB","MONKEY BAYOU RIGS, LA",29.718,-88.797,0.79,NA,"FL",0.86,"TL",1992-05-31,"USM",1,"USMCOB-RC4696",2026-05-05,"UTC",1992,5,31,152,00:00:00,NA,"POINT(-88.797 29.718)","USMCOB-RC4696","USMCOB-RC4696-1",NA
"1943","USMCOB","SOUTH OF CHANDELEUR ISL., LA",29.662,-88.945,0.85,NA,"FL",0.93,"TL",1992-07-30,"USM",2,"USMCOB-RC4696",2026-05-05,"UTC",1992,7,30,212,00:00:00,NA,"POINT(-88.945 29.662)","USMCOB-RC4696","USMCOB-RC4696-2",NA
"1944","USMCOB","WEST END OF SHIP ISLAND, MS",30.2114,-88.997,0.79,NA,"FL",0.86,"TL",1994-07-18,"USM",3,"USMCOB-RC4696",2026-05-05,"UTC",1994,7,18,199,00:00:00,NA,"POINT(-88.997 30.2114)","USMCOB-RC4696","USMCOB-RC4696-3",NA
"1945","USMCOB","West Ship Channel",30.243,-88.033,0.79,NA,"FL",0.91,"TL",2007-05-06,"USM",1,"USMCOB-RC46998",2026-05-05,"UTC",2007,5,6,126,00:00:00,NA,"POINT(-88.033 30.243)","USMCOB-RC46998","USMCOB-RC46998-1",NA
"1946","USMCOB","Gulfport Ship Channel",30.24,-89,0.94,NA,"FL",NA,NA,2007-08-19,"USM",2,"USMCOB-RC46998",2026-05-05,"UTC",2007,8,19,231,00:00:00,NA,"POINT(-89.0 30.24)","USMCOB-RC46998","USMCOB-RC46998-2",NA
"1947","USMCOB","Pensacola Beach",30.315,-87.203,0.81,NA,"FL",0.89,"TL",2008-04-13,"USM",1,"USMCOB-RC47061",2026-05-05,"UTC",2008,4,13,104,00:00:00,NA,"POINT(-87.203 30.315)","USMCOB-RC47061","USMCOB-RC47061-1",NA
"1948","USMCOB","Destin, FL",30.38,-86.5,1.09,NA,"FL",NA,NA,2010-04-20,"USM",2,"USMCOB-RC47061",2026-05-05,"UTC",2010,4,20,110,00:00:00,NA,"POINT(-86.5 30.38)","USMCOB-RC47061","USMCOB-RC47061-2",NA
"1949","USMCOB","Navarre Beach",30.378,-86.862,0.99,NA,"FL",1.07,"TL",2008-04-24,"USM",1,"USMCOB-RC47063",2026-05-05,"UTC",2008,4,24,115,00:00:00,NA,"POINT(-86.862 30.378)","USMCOB-RC47063","USMCOB-RC47063-1",NA
"1950","USMCOB","rig 10 ml S of Petit Bois",30.078,-88.42,1.04,NA,"FL",NA,NA,2008-06-24,"USM",2,"USMCOB-RC47063",2026-05-05,"UTC",2008,6,24,176,00:00:00,NA,"POINT(-88.42 30.078)","USMCOB-RC47063","USMCOB-RC47063-2",NA
"1951","USMCOB","Navarre Beach",30.378,-86.862,0.71,NA,"FL",0.81,"TL",2008-04-25,"USM",1,"USMCOB-RC47065",2026-05-05,"UTC",2008,4,25,116,00:00:00,NA,"POINT(-86.862 30.378)","USMCOB-RC47065","USMCOB-RC47065-1",NA
"1952","USMCOB","9 ml S of Pensacola Pass",30.197,-87.303,0.85,NA,"FL",NA,NA,2008-06-03,"USM",2,"USMCOB-RC47065",2026-05-05,"UTC",2008,6,3,155,00:00:00,NA,"POINT(-87.303 30.197)","USMCOB-RC47065","USMCOB-RC47065-2",3.1759660243988
"1953","USMCOB","Navarre Beach",30.378,-86.862,0.97,NA,"FL",1.07,"TL",2008-04-25,"USM",1,"USMCOB-RC47068",2026-05-05,"UTC",2008,4,25,116,00:00:00,NA,"POINT(-86.862 30.378)","USMCOB-RC47068","USMCOB-RC47068-1",NA
"1954","USMCOB","1 miles west of Pensacola Pier",30.324,-87.158,1.09,NA,"TL",NA,NA,2008-04-26,"USM",2,"USMCOB-RC47068",2026-05-05,"UTC",2008,4,26,117,00:00:00,NA,"POINT(-87.158 30.324)","USMCOB-RC47068","USMCOB-RC47068-2",NA
"1955","USMCOB","Navarre Beach",30.378,-86.862,0.89,NA,"FL",0.97,"TL",2008-04-27,"USM",1,"USMCOB-RC47076",2026-05-05,"UTC",2008,4,27,118,00:00:00,NA,"POINT(-86.862 30.378)","USMCOB-RC47076","USMCOB-RC47076-1",NA
"1956","USMCOB","Navarre Beach",30.378,-86.862,0.97,NA,"FL",1.07,"TL",2008-04-27,"USM",1,"USMCOB-RC47078",2026-05-05,"UTC",2008,4,27,118,00:00:00,NA,"POINT(-86.862 30.378)","USMCOB-RC47078","USMCOB-RC47078-1",NA
"1957","USMCOB","35 miles south of Petit Bois   E",29.688,-88.458,1.02,NA,"FL",NA,NA,2008-07-28,"USM",2,"USMCOB-RC47078",2026-05-05,"UTC",2008,7,28,210,00:00:00,NA,"POINT(-88.458 29.688)","USMCOB-RC47078","USMCOB-RC47078-2",NA
"1958","USMCOB","Navarre Beach",30.378,-86.862,1.07,NA,"FL",1.17,"TL",2008-04-17,"USM",1,"USMCOB-RC47088",2026-05-05,"UTC",2008,4,17,108,00:00:00,NA,"POINT(-86.862 30.378)","USMCOB-RC47088","USMCOB-RC47088-1",NA
"1959","USMCOB","Orange Beach, AL",30.267,-87.585,1.17,NA,"FL",NA,NA,2008-05-01,"USM",2,"USMCOB-RC47088",2026-05-05,"UTC",2008,5,1,122,00:00:00,NA,"POINT(-87.585 30.267)","USMCOB-RC47088","USMCOB-RC47088-2",NA
"1960","USMCOB","Navarre Beach",30.378,-86.862,0.91,NA,"FL",0.99,"TL",2008-04-17,"USM",1,"USMCOB-RC47089",2026-05-05,"UTC",2008,4,17,108,00:00:00,NA,"POINT(-86.862 30.378)","USMCOB-RC47089","USMCOB-RC47089-1",NA
"1961","USMCOB","Marathon, FL",24.726,-81.089,NA,NA,NA,NA,NA,2009-04-04,"USM",2,"USMCOB-RC47089",2026-05-05,"UTC",2009,4,4,94,00:00:00,NA,"POINT(-81.089 24.726)","USMCOB-RC47089","USMCOB-RC47089-2",NA
"1962","USMCOB","BUOY 8, GPT. SHIP CHANNEL, MS",30.121,-88.931,0.38,NA,"FL",0.41,"TL",1993-08-27,"USM",1,"USMCOB-RC4713",2026-05-05,"UTC",1993,8,27,239,00:00:00,NA,"POINT(-88.931 30.121)","USMCOB-RC4713","USMCOB-RC4713-1",NA
"1963","USMCOB","BUOY 2, GPT. SHIP CHANNEL, MS",30.12,-88.878,0.8,NA,"FL",0.89,"TL",1993-09-23,"USM",2,"USMCOB-RC4713",2026-05-05,"UTC",1993,9,23,266,00:00:00,NA,"POINT(-88.878 30.12)","USMCOB-RC4713","USMCOB-RC4713-2",NA
"1964","USMCOB","3002.732N 8821.052W",30.045533,-88.350867,0.79,NA,"FL",0.86,"TL",2007-05-04,"USM",1,"USMCOB-RC47163",2026-05-05,"UTC",2007,5,4,124,00:00:00,NA,"POINT(-88.350867 30.045533)","USMCOB-RC47163","USMCOB-RC47163-1",NA
"1965","USMCOB","MP299",29.266,-88.762,NA,NA,NA,NA,NA,2011-05-07,"USM",2,"USMCOB-RC47163",2026-05-05,"UTC",2011,5,7,127,00:00:00,NA,"POINT(-88.762 29.266)","USMCOB-RC47163","USMCOB-RC47163-2",3.54020595550537
"1966","USMCOB","Pensacola, FL",30.315,-87.203,0.99,NA,"FL",NA,NA,2013-04-23,"USM",1,"USMCOB-RC54089",2026-05-05,"UTC",2013,4,23,113,00:00:00,NA,"POINT(-87.203 30.315)","USMCOB-RC54089","USMCOB-RC54089-1",NA
"1967","USMCOB","Pensacola Beach Fl.",30.315,-87.203,1.09,NA,"FL",1.19,"TL",2010-04-05,"USM",1,"USMCOB-RC47527",2026-05-05,"UTC",2010,4,5,95,00:00:00,NA,"POINT(-87.203 30.315)","USMCOB-RC47527","USMCOB-RC47527-1",NA
"1968","USMCOB","off Fourchon, LA",29.095,-90.194,1.14,NA,"FL",NA,NA,2012-06-08,"USM",2,"USMCOB-RC47527",2026-05-05,"UTC",2012,6,8,160,00:00:00,NA,"POINT(-90.194 29.095)","USMCOB-RC47527","USMCOB-RC47527-2",NA
"1969","USMCOB","Pensacola Beach Fl.",30.315,-87.203,0.76,NA,"FL",0.86,"TL",2010-04-05,"USM",1,"USMCOB-RC47528",2026-05-05,"UTC",2010,4,5,95,00:00:00,NA,"POINT(-87.203 30.315)","USMCOB-RC47528","USMCOB-RC47528-1",NA
"1970","USMCOB","30 18 14      87 06 77",30.303889,-87.121389,0.56,NA,"FL",0.61,"TL",2008-04-13,"USM",1,"USMCOB-RC47544",2026-05-05,"UTC",2008,4,13,104,00:00:00,NA,"POINT(-87.121389 30.303889)","USMCOB-RC47544","USMCOB-RC47544-1",NA
"1971","USMCOB","off Destin, FL",30.38,-86.5,1.22,NA,"FL",NA,NA,2012-04-30,"USM",2,"USMCOB-RC47544",2026-05-05,"UTC",2012,4,30,121,00:00:00,NA,"POINT(-86.5 30.38)","USMCOB-RC47544","USMCOB-RC47544-2",NA
"1972","USMCOB","Pensacola Beach Fl.",30.315,-87.203,1.04,NA,"FL",1.14,"TL",2010-04-09,"USM",1,"USMCOB-RC47652",2026-05-05,"UTC",2010,4,9,99,00:00:00,NA,"POINT(-87.203 30.315)","USMCOB-RC47652","USMCOB-RC47652-1",NA
"1973","USMCOB","South Timbalier 21G",29.009,-90.263,1.02,NA,"TL",NA,NA,2010-07-02,"USM",2,"USMCOB-RC47652",2026-05-05,"UTC",2010,7,2,183,00:00:00,NA,"POINT(-90.263 29.009)","USMCOB-RC47652","USMCOB-RC47652-2",NA
"1974","USMCOB","Pensacola Beach Fl.",30.315,-87.203,1.03,NA,"FL",1.13,"TL",2010-04-22,"USM",1,"USMCOB-RC47656",2026-05-05,"UTC",2010,4,22,112,00:00:00,NA,"POINT(-87.203 30.315)","USMCOB-RC47656","USMCOB-RC47656-1",7.1447126865387
"1975","USMCOB","35 miles south of Pascagoula, MS",29.836,-88.557,NA,NA,NA,NA,NA,2011-06-07,"USM",2,"USMCOB-RC47656",2026-05-05,"UTC",2011,6,7,158,00:00:00,NA,"POINT(-88.557 29.836)","USMCOB-RC47656","USMCOB-RC47656-2",NA
"1976","USMCOB","Pensacola Beach",30.315,-87.203,0.79,NA,"FL",0.84,"TL",2008-04-29,"USM",1,"USMCOB-RC47690",2026-05-05,"UTC",2008,4,29,120,00:00:00,NA,"POINT(-87.203 30.315)","USMCOB-RC47690","USMCOB-RC47690-1",NA
"1977","USMCOB","3023.13N 8645.60",30.3855,-86.76,0.99,NA,"FL",NA,NA,2010-04-11,"USM",2,"USMCOB-RC47690",2026-05-05,"UTC",2010,4,11,101,00:00:00,NA,"POINT(-86.76 30.3855)","USMCOB-RC47690","USMCOB-RC47690-2",NA
"1978","USMCOB","Orange Beach",30.267,-87.585,0.53,NA,"FL",0.59,"TL",2008-04-30,"USM",1,"USMCOB-RC47692",2026-05-05,"UTC",2008,4,30,121,00:00:00,NA,"POINT(-87.585 30.267)","USMCOB-RC47692","USMCOB-RC47692-1",NA
"1979","USMCOB","Pascagoula Ship Channel",30.241,-88.506,0.66,NA,"FL",0.74,"TL",2012-09-16,"USM",1,"USMCOB-RC47760",2026-05-05,"UTC",2012,9,16,260,00:00:00,NA,"POINT(-88.506 30.241)","USMCOB-RC47760","USMCOB-RC47760-1",10.1690813700358
"1980","USMCOB","Grand Isle BOEM lease area, 32 block",29.028,-89.88,1.07,NA,"FL",NA,NA,2015-08-13,"USM",2,"USMCOB-RC47760",2026-05-05,"UTC",2015,8,13,225,00:00:00,NA,"POINT(-89.88 29.028)","USMCOB-RC47760","USMCOB-RC47760-2",NA
"1981","USMCOB","Orange Beach",30.267,-87.585,0.81,NA,"TL",NA,NA,2008-04-25,"USM",1,"USMCOB-RC47773",2026-05-05,"UTC",2008,4,25,116,00:00:00,NA,"POINT(-87.585 30.267)","USMCOB-RC47773","USMCOB-RC47773-1",NA
"1982","USMCOB","3.5 ml SSW of Pcola Pass w whl shar",30.266,-87.33,0.94,NA,"FL",NA,NA,2009-08-06,"USM",2,"USMCOB-RC47773",2026-05-05,"UTC",2009,8,6,218,00:00:00,NA,"POINT(-87.33 30.266)","USMCOB-RC47773","USMCOB-RC47773-2",NA
"1983","USMCOB","Orange Beach",30.267,-87.585,0.67,NA,"FL",0.71,"TL",2008-04-27,"USM",1,"USMCOB-RC47784",2026-05-05,"UTC",2008,4,27,118,00:00:00,NA,"POINT(-87.585 30.267)","USMCOB-RC47784","USMCOB-RC47784-1",NA
"1984","USMCOB","7 miles S of Dauphin I.",30.144,-88.215,0.91,NA,"FL",NA,NA,2009-06-24,"USM",2,"USMCOB-RC47784",2026-05-05,"UTC",2009,6,24,175,00:00:00,NA,"POINT(-88.215 30.144)","USMCOB-RC47784","USMCOB-RC47784-2",NA
"1985","USMCOB","2611.48 9703.05",26.191333,-97.050833,0.71,NA,"FL",0.8,"TL",2008-10-30,"USM",1,"USMCOB-RC47864",2026-05-05,"UTC",2008,10,30,304,00:00:00,NA,"POINT(-97.050833 26.191333)","USMCOB-RC47864","USMCOB-RC47864-1",3.88490545749664
"1986","USMCOB","30 mls E of Port Mansfield, TX",26.558,-96.792,0.69,NA,"FL",NA,NA,2009-07-19,"USM",2,"USMCOB-RC47864",2026-05-05,"UTC",2009,7,19,200,00:00:00,NA,"POINT(-96.792 26.558)","USMCOB-RC47864","USMCOB-RC47864-2",NA
"1987","USMCOB","2611.48 9703.05",26.191333,-97.050833,0.78,NA,"FL",0.88,"TL",2008-11-02,"USM",1,"USMCOB-RC47882",2026-05-05,"UTC",2008,11,2,307,00:00:00,NA,"POINT(-97.050833 26.191333)","USMCOB-RC47882","USMCOB-RC47882-1",4.66828989982605
"1988","USMCOB","26-11 / 97-03",26.183,-97.05,1.04,NA,"FL",1.19,"TL",2011-07-14,"USM",2,"USMCOB-RC47882",2026-05-05,"UTC",2011,7,14,195,00:00:00,NA,"POINT(-97.05 26.183)","USMCOB-RC47882","USMCOB-RC47882-2",0.532133996486664
"1989","USMCOB","east of Destin",29.9,-88.81,1.12,NA,"FL",NA,NA,2009-04-18,"USM",1,"USMCOB-RC47969",2026-05-05,"UTC",2009,4,18,108,00:00:00,NA,"POINT(-88.81 29.9)","USMCOB-RC47969","USMCOB-RC47969-1",NA
"1990","USMCOB","High Island 170",29.17,-93.805,NA,NA,NA,NA,NA,2009-05-28,"USM",2,"USMCOB-RC47969",2026-05-05,"UTC",2009,5,28,148,00:00:00,NA,"POINT(-93.805 29.17)","USMCOB-RC47969","USMCOB-RC47969-2",NA
"1991","USMCOB","Cedar Key",29.091613,-83.038337,0.72,NA,"FL",0.83,"TL",2008-08-23,"USM",1,"USMCOB-RC47982",2026-05-05,"UTC",2008,8,23,236,00:00:00,NA,"POINT(-83.038337 29.091613)","USMCOB-RC47982","USMCOB-RC47982-1",NA
"1992","USMCOB","Cedar Key",29.091613,-83.038337,0.9,NA,"FL",NA,NA,2009-07-25,"USM",2,"USMCOB-RC47982",2026-05-05,"UTC",2009,7,25,206,00:00:00,NA,"POINT(-83.038337 29.091613)","USMCOB-RC47982","USMCOB-RC47982-2",NA
"1993","USMCOB","Pensacola Beach",30.315,-87.203,0.97,NA,"FL",1.04,"TL",2007-04-17,"USM",1,"USMCOB-RC48080",2026-05-05,"UTC",2007,4,17,107,00:00:00,NA,"POINT(-87.203 30.315)","USMCOB-RC48080","USMCOB-RC48080-1",NA
"1994","USMCOB","Jupiter, FL (off Jupiter Inlet)",26.944,-80.07,1.06,NA,"FL",1.19,"TL",2008-12-06,"USM",2,"USMCOB-RC48080",2026-05-05,"UTC",2008,12,6,341,00:00:00,NA,"POINT(-80.07 26.944)","USMCOB-RC48080","USMCOB-RC48080-2",NA
"1995","USMCOB","Pensacola Beach",30.315,-87.203,0.99,NA,"FL",1.07,"TL",2007-04-16,"USM",1,"USMCOB-RC48088",2026-05-05,"UTC",2007,4,16,106,00:00:00,NA,"POINT(-87.203 30.315)","USMCOB-RC48088","USMCOB-RC48088-1",NA
"1996","USMCOB","40 miles south of Galveston E",28.712,-94.753,1.07,NA,"TL",NA,NA,2007-05-31,"USM",2,"USMCOB-RC48088",2026-05-05,"UTC",2007,5,31,151,00:00:00,NA,"POINT(-94.753 28.712)","USMCOB-RC48088","USMCOB-RC48088-2",NA
"1997","USMCOB","1 mile east of Pensacola pier",30.313,-87.275,1.14,NA,"FL",1.22,"TL",2007-04-21,"USM",1,"USMCOB-RC48096",2026-05-05,"UTC",2007,4,21,111,00:00:00,NA,"POINT(-87.275 30.313)","USMCOB-RC48096","USMCOB-RC48096-1",NA
"1998","USMCOB","Navarre Beach, FL",30.378,-86.862,1.45,NA,"FL",NA,NA,2010-04-17,"USM",2,"USMCOB-RC48096",2026-05-05,"UTC",2010,4,17,107,00:00:00,NA,"POINT(-86.862 30.378)","USMCOB-RC48096","USMCOB-RC48096-2",NA
"1999","USMCOB","Pensacola Beach",30.315,-87.203,0.91,NA,"FL",1.04,"TL",2007-04-21,"USM",1,"USMCOB-RC48128",2026-05-05,"UTC",2007,4,21,111,00:00:00,NA,"POINT(-87.203 30.315)","USMCOB-RC48128","USMCOB-RC48128-1",1.11035299301147
"2000","USMCOB","4 miles off Pensacola, FL TL est",30.364,-87.192,1.27,NA,"FL",NA,NA,2007-04-27,"USM",2,"USMCOB-RC48128",2026-05-05,"UTC",2007,4,27,117,00:00:00,NA,"POINT(-87.192 30.364)","USMCOB-RC48128","USMCOB-RC48128-2",NA
"2001","USMCOB","Pensacola, FL",30.315,-87.203,1.02,NA,"FL",NA,NA,2007-04-25,"USM",1,"USMCOB-RC48154",2026-05-05,"UTC",2007,4,25,115,00:00:00,NA,"POINT(-87.203 30.315)","USMCOB-RC48154","USMCOB-RC48154-1",NA
"2002","USMCOB","South Pass 70  est TL",29.011,-88.92,1.22,NA,"TL",NA,NA,2007-05-13,"USM",2,"USMCOB-RC48154",2026-05-05,"UTC",2007,5,13,133,00:00:00,NA,"POINT(-88.92 29.011)","USMCOB-RC48154","USMCOB-RC48154-2",NA
"2003","USMCOB","Orange Beach AL",30.267,-87.585,1.02,NA,"FL",NA,NA,2007-04-28,"USM",1,"USMCOB-RC48162",2026-05-05,"UTC",2007,4,28,118,00:00:00,NA,"POINT(-87.585 30.267)","USMCOB-RC48162","USMCOB-RC48162-1",NA
"2004","USMCOB","Grand Isle 78",28.74,-89.93,NA,NA,NA,NA,NA,2007-07-13,"USM",2,"USMCOB-RC48162",2026-05-05,"UTC",2007,7,13,194,00:00:00,NA,"POINT(-89.93 28.74)","USMCOB-RC48162","USMCOB-RC48162-2",NA
"2005","USMCOB","Pensacola",30.315,-87.203,1.02,NA,"FL",NA,NA,2007-04-22,"USM",1,"USMCOB-RC48197",2026-05-05,"UTC",2007,4,22,112,00:00:00,NA,"POINT(-87.203 30.315)","USMCOB-RC48197","USMCOB-RC48197-1",1.14056450128555
"2006","USMCOB","Eugene I 218",28.632,-91.637,0.91,NA,"FL",NA,NA,2007-06-02,"USM",2,"USMCOB-RC48197",2026-05-05,"UTC",2007,6,2,153,00:00:00,NA,"POINT(-91.637 28.632)","USMCOB-RC48197","USMCOB-RC48197-2",NA
"2007","USMCOB","OFF PORT CANAVERAL, FLA",28.41,-80.584,0.79,NA,"FL",NA,NA,1990-07-24,"USM",1,"USMCOB-RC4821",2026-05-05,"UTC",1990,7,24,205,00:00:00,NA,"POINT(-80.584 28.41)","USMCOB-RC4821","USMCOB-RC4821-1",NA
"2008","USMCOB","OFF GRAND ISLE, LA (BLOCK 102)",28.42,-90.07,1.04,NA,"TL",NA,NA,1991-06-16,"USM",2,"USMCOB-RC4821",2026-05-05,"UTC",1991,6,16,167,00:00:00,NA,"POINT(-90.07 28.42)","USMCOB-RC4821","USMCOB-RC4821-2",NA
"2009","USMCOB","Navarre Beach, FL",30.378,-86.862,1.12,NA,"FL",NA,NA,2020-04-28,"USM",1,"USMCOB-RC48244",2026-05-05,"UTC",2020,4,28,119,00:00:00,NA,"POINT(-86.862 30.378)","USMCOB-RC48244","USMCOB-RC48244-1",NA
"2010","USMCOB","13 mi S of Perdido Pass, AL",30.082,-87.555,0.99,NA,"FL",NA,NA,2020-06-17,"USM",2,"USMCOB-RC48244",2026-05-05,"UTC",2020,6,17,169,00:00:00,NA,"POINT(-87.555 30.082)","USMCOB-RC48244","USMCOB-RC48244-2",NA
"2011","USMCOB","Orange Beach, AL",30.267,-87.585,1.14,NA,"FL",NA,NA,2007-03-29,"USM",1,"USMCOB-RC48252",2026-05-05,"UTC",2007,3,29,88,00:00:00,NA,"POINT(-87.585 30.267)","USMCOB-RC48252","USMCOB-RC48252-1",NA
"2012","USMCOB","10 ml S of Perdido Pass",30.125,-87.555,1.04,NA,"FL",NA,NA,2007-06-24,"USM",2,"USMCOB-RC48252",2026-05-05,"UTC",2007,6,24,175,00:00:00,NA,"POINT(-87.555 30.125)","USMCOB-RC48252","USMCOB-RC48252-2",NA
"2013","USMCOB","Pensacola",30.315,-87.203,0.89,NA,"FL",NA,NA,2007-04-20,"USM",1,"USMCOB-RC48330",2026-05-05,"UTC",2007,4,20,110,00:00:00,NA,"POINT(-87.203 30.315)","USMCOB-RC48330","USMCOB-RC48330-1",1.2364159822464
"2014","USMCOB","off Jupiter Inlet, FL",26.944,-80.07,1.14,NA,"FL",NA,NA,2008-03-01,"USM",2,"USMCOB-RC48330",2026-05-05,"UTC",2008,3,1,61,00:00:00,NA,"POINT(-80.07 26.944)","USMCOB-RC48330","USMCOB-RC48330-2",NA
"2015","USMCOB","Pensacola Beach",30.315,-87.203,0.46,NA,"FL",0.48,"TL",2008-04-20,"USM",1,"USMCOB-RC48372",2026-05-05,"UTC",2008,4,20,111,00:00:00,NA,"POINT(-87.203 30.315)","USMCOB-RC48372","USMCOB-RC48372-1",NA
"2016","USMCOB","3 miles off Jupiter Inlet, FL",26.955,-80.024,0.8,NA,"FL",NA,NA,2009-03-11,"USM",2,"USMCOB-RC48372",2026-05-05,"UTC",2009,3,11,70,00:00:00,NA,"POINT(-80.024 26.955)","USMCOB-RC48372","USMCOB-RC48372-2",NA
"2017","USMCOB","Pensacola Beach Gulf Pier",30.315,-87.203,0.91,NA,"FL",0.99,"TL",2007-05-02,"USM",1,"USMCOB-RC48392",2026-05-05,"UTC",2007,5,2,122,00:00:00,NA,"POINT(-87.203 30.315)","USMCOB-RC48392","USMCOB-RC48392-1",1.70272296667099
"2018","USMCOB","9.5 miles SE of Pt Canaveral, FL",28.32,-80.468,0.93,NA,"FL",NA,NA,2008-01-11,"USM",2,"USMCOB-RC48392",2026-05-05,"UTC",2008,1,11,11,00:00:00,NA,"POINT(-80.468 28.32)","USMCOB-RC48392","USMCOB-RC48392-2",NA
"2019","USMCOB","Dune Allen",30.322,-86.248,0.61,NA,"FL",0.66,"TL",2007-04-29,"USM",1,"USMCOB-RC48407",2026-05-05,"UTC",2007,4,29,119,00:00:00,NA,"POINT(-86.248 30.322)","USMCOB-RC48407","USMCOB-RC48407-1",NA
"2020","USMCOB","3003.890N 8734.190W",30.065,-87.57,0.85,NA,"FL",NA,NA,2007-08-01,"USM",2,"USMCOB-RC48407",2026-05-05,"UTC",2007,8,1,213,00:00:00,NA,"POINT(-87.57 30.065)","USMCOB-RC48407","USMCOB-RC48407-2",NA
"2021","USMCOB","btw OrBch and PenBch Date = E",30.3,-87.35,NA,NA,NA,NA,NA,2007-04-15,"USM",1,"USMCOB-RC48422",2026-05-05,"UTC",2007,4,15,105,00:00:00,NA,"POINT(-87.35 30.3)","USMCOB-RC48422","USMCOB-RC48422-1",NA
"2022","USMCOB","35 ml off Port Aransas, TX - DO= E",27.616,-96.527,0.79,NA,"FL",NA,NA,2007-07-20,"USM",2,"USMCOB-RC48422",2026-05-05,"UTC",2007,7,20,201,00:00:00,NA,"POINT(-96.527 27.616)","USMCOB-RC48422","USMCOB-RC48422-2",NA
"2023","USMCOB","GETTY RIGS",29.544,-88.677,0.62,NA,"FL",0.69,"TL",1990-07-07,"USM",1,"USMCOB-RC4843",2026-05-05,"UTC",1990,7,7,188,00:00:00,NA,"POINT(-88.677 29.544)","USMCOB-RC4843","USMCOB-RC4843-1",NA
"2024","USMCOB","GETTY RIGS,S. OF CHAND ISL.,LA",29.544,-88.677,0.71,NA,"TL",NA,NA,1990-07-15,"USM",2,"USMCOB-RC4843",2026-05-05,"UTC",1990,7,15,196,00:00:00,NA,"POINT(-88.677 29.544)","USMCOB-RC4843","USMCOB-RC4843-2",NA
"2025","USMCOB","Pensacola, FL",30.315,-87.203,0.83,NA,"FL",0.91,"TL",2007-04-08,"USM",1,"USMCOB-RC48477",2026-05-05,"UTC",2007,4,8,98,00:00:00,NA,"POINT(-87.203 30.315)","USMCOB-RC48477","USMCOB-RC48477-1",NA
"2026","USMCOB","3008.500N, 8639.500W (Destin)",30.141667,-86.658333,1.27,NA,"FL",NA,NA,2011-04-18,"USM",2,"USMCOB-RC48477",2026-05-05,"UTC",2011,4,18,108,00:00:00,NA,"POINT(-86.658333 30.141667)","USMCOB-RC48477","USMCOB-RC48477-2",0.77759250998497
"2027","USMCOB","200 yds off Florabama",30.279,-87.518,0.84,NA,"FL",0.94,"TL",2007-04-16,"USM",1,"USMCOB-RC48480",2026-05-05,"UTC",2007,4,16,106,00:00:00,NA,"POINT(-87.518 30.279)","USMCOB-RC48480","USMCOB-RC48480-1",NA
"2028","USMCOB","35 mls off Cameron, LA",29.258,-93.285,1.07,NA,"FL",NA,NA,2007-05-10,"USM",2,"USMCOB-RC48480",2026-05-05,"UTC",2007,5,10,130,00:00:00,NA,"POINT(-93.285 29.258)","USMCOB-RC48480","USMCOB-RC48480-2",1.65227270126343
"2029","USMCOB","Pensacola",30.315,-87.203,0.76,NA,"FL",0.84,"TL",2007-04-23,"USM",1,"USMCOB-RC48583",2026-05-05,"UTC",2007,4,23,113,00:00:00,NA,"POINT(-87.203 30.315)","USMCOB-RC48583","USMCOB-RC48583-1",0.937404990196228
"2030","USMCOB","30 ml SE of Dauphin I    E",29.946,-87.827,NA,NA,NA,NA,NA,2007-06-30,"USM",2,"USMCOB-RC48583",2026-05-05,"UTC",2007,6,30,181,00:00:00,NA,"POINT(-87.827 29.946)","USMCOB-RC48583","USMCOB-RC48583-2",NA
"2031","USMCOB","2 miles east Portafino",30.341979,-87.04635,0.97,NA,"FL",1.04,"TL",2007-04-23,"USM",1,"USMCOB-RC48584",2026-05-05,"UTC",2007,4,23,113,00:00:00,NA,"POINT(-87.04635 30.341979)","USMCOB-RC48584","USMCOB-RC48584-1",0.678074479103088
"2032","USMCOB","West Delta 96",28.912,-89.845,0.97,NA,"FL",NA,NA,2007-07-03,"USM",2,"USMCOB-RC48584",2026-05-05,"UTC",2007,7,3,184,00:00:00,NA,"POINT(-89.845 28.912)","USMCOB-RC48584","USMCOB-RC48584-2",NA
"2033","USMCOB","south of Ship Island* or 48621, 48629",30.221,-88.919,0.69,NA,"FL",0.79,"TL",2010-09-19,"USM",1,"USMCOB-RC48626",2026-05-05,"UTC",2010,9,19,262,00:00:00,NA,"POINT(-88.919 30.221)","USMCOB-RC48626","USMCOB-RC48626-1",NA
"2034","USMCOB","Grand Isle Block 26",29.068,-90.104,NA,NA,NA,NA,NA,2011-06-23,"USM",2,"USMCOB-RC48626",2026-05-05,"UTC",2011,6,23,174,00:00:00,NA,"POINT(-90.104 29.068)","USMCOB-RC48626","USMCOB-RC48626-2",NA
"2035","USMCOB","CAPPED RIGS S. OF PETIT BOIS I",30.085,-88.497,0.58,NA,"FL",0.64,"TL",1990-06-10,"USM",1,"USMCOB-RC4867",2026-05-05,"UTC",1990,6,10,161,00:00:00,NA,"POINT(-88.497 30.085)","USMCOB-RC4867","USMCOB-RC4867-1",NA
"2036","USMCOB","8 MI. S. OF PETIT BOIS IS., MS",30.085,-88.497,0.58,NA,"FL",NA,NA,1990-06-16,"USM",2,"USMCOB-RC4867",2026-05-05,"UTC",1990,6,16,167,00:00:00,NA,"POINT(-88.497 30.085)","USMCOB-RC4867","USMCOB-RC4867-2",NA
"2037","USMCOB","Destin, FL",30.38,-86.5,0.97,NA,"FL",1.09,"TL",2018-04-03,"USM",1,"USMCOB-RC48717",2026-05-05,"UTC",2018,4,3,93,00:00:00,NA,"POINT(-86.5 30.38)","USMCOB-RC48717","USMCOB-RC48717-1",NA
"2038","USMCOB","WEST END OF SHIP ISLAND",30.21,-88.964,0.62,NA,"FL",0.69,"TL",1990-09-05,"USM",1,"USMCOB-RC4876",2026-05-05,"UTC",1990,9,5,248,00:00:00,NA,"POINT(-88.964 30.21)","USMCOB-RC4876","USMCOB-RC4876-1",NA
"2039","USMCOB","BEHIND SHELL IS. AT P.C.B., FL",30.095,-85.682,1.02,NA,"FL",NA,NA,1992-04-12,"USM",2,"USMCOB-RC4876",2026-05-05,"UTC",1992,4,12,103,00:00:00,NA,"POINT(-85.682 30.095)","USMCOB-RC4876","USMCOB-RC4876-2",NA
"2040","USMCOB","WEST END OF SHIP ISL.",30.21,-88.964,0.74,NA,"FL",NA,NA,1990-09-05,"USM",1,"USMCOB-RC4877",2026-05-05,"UTC",1990,9,5,248,00:00:00,NA,"POINT(-88.964 30.21)","USMCOB-RC4877","USMCOB-RC4877-1",NA
"2041","USMCOB","WRECK AT SHIP ISLAND, MS",30.22,-88.987,0.99,NA,"FL",1.07,"TL",1991-08-15,"USM",2,"USMCOB-RC4877",2026-05-05,"UTC",1991,8,15,227,00:00:00,NA,"POINT(-88.987 30.22)","USMCOB-RC4877","USMCOB-RC4877-2",NA
"2042","USMCOB","Navarre Beach, FL",30.378,-86.862,1.02,NA,"FL",NA,NA,2019-05-01,"USM",1,"USMCOB-RC48779",2026-05-05,"UTC",2019,5,1,121,00:00:00,NA,"POINT(-86.862 30.378)","USMCOB-RC48779","USMCOB-RC48779-1",0.899478137493134
"2043","USMCOB","Palm Beach Inlet, FL - S",26.7648,-80.032505,0.99,NA,"FL",NA,NA,2019-07-13,"USM",2,"USMCOB-RC48779",2026-05-05,"UTC",2019,7,13,194,00:00:00,NA,"POINT(-80.032505 26.7648)","USMCOB-RC48779","USMCOB-RC48779-2",NA
"2044","USMCOB","Navarre, FL",30.378,-86.862,0.86,NA,"FL",NA,NA,2018-05-02,"USM",1,"USMCOB-RC48788",2026-05-05,"UTC",2018,5,2,122,00:00:00,NA,"POINT(-86.862 30.378)","USMCOB-RC48788","USMCOB-RC48788-1",NA
"2045","USMCOB","Venice, LA",29.174,-89.451,NA,NA,NA,NA,NA,2019-06-01,"USM",2,"USMCOB-RC48788",2026-05-05,"UTC",2019,6,1,152,00:00:00,NA,"POINT(-89.451 29.174)","USMCOB-RC48788","USMCOB-RC48788-2",NA
"2046","USMCOB","CHANDELEUR ISL. AREA, BLOCK.34",29.713,-88.553,0.74,NA,"FL",0.81,"TL",1990-08-30,"USM",1,"USMCOB-RC4880",2026-05-05,"UTC",1990,8,30,242,00:00:00,NA,"POINT(-88.553 29.713)","USMCOB-RC4880","USMCOB-RC4880-1",NA
"2047","USMCOB","16MI SOUTH OF FREEPORT, TX",28.705,-95.298,NA,NA,NA,NA,NA,1992-06-09,"USM",2,"USMCOB-RC4880",2026-05-05,"UTC",1992,6,9,161,00:00:00,NA,"POINT(-95.298 28.705)","USMCOB-RC4880","USMCOB-RC4880-2",NA
"2048","USMCOB","Hurlburt, FL",30.393,-86.688,1.07,NA,"FL",NA,NA,2019-05-01,"USM",1,"USMCOB-RC48800",2026-05-05,"UTC",2019,5,1,121,00:00:00,NA,"POINT(-86.688 30.393)","USMCOB-RC48800","USMCOB-RC48800-1",NA
"2049","USMCOB","Sebastian, FL - Reef at 90'",27.8547,-80.4285,1.22,NA,"FL",NA,NA,2020-04-02,"USM",2,"USMCOB-RC48800",2026-05-05,"UTC",2020,4,2,93,00:00:00,NA,"POINT(-80.4285 27.8547)","USMCOB-RC48800","USMCOB-RC48800-2",NA
"2050","USMCOB","Pensacola Beach",30.315,-87.203,1.02,NA,"FL",NA,NA,2009-04-04,"USM",1,"USMCOB-RC48827",2026-05-05,"UTC",2009,4,4,94,00:00:00,NA,"POINT(-87.203 30.315)","USMCOB-RC48827","USMCOB-RC48827-1",NA
"2051","USMCOB","70 miles off Cocodrie, LA",28.226,-90.612,NA,NA,NA,NA,NA,2010-06-17,"USM",2,"USMCOB-RC48827",2026-05-05,"UTC",2010,6,17,168,00:00:00,NA,"POINT(-90.612 28.226)","USMCOB-RC48827","USMCOB-RC48827-2",NA
"2052","USMCOB","Pensacola,Fl.",30.333,-87.15,0.79,NA,"FL",0.89,"TL",2010-04-29,"USM",1,"USMCOB-RC48851",2026-05-05,"UTC",2010,4,29,119,00:00:00,NA,"POINT(-87.15 30.333)","USMCOB-RC48851","USMCOB-RC48851-1",5.03901815414429
"2053","USMCOB","Orange Beach, AL",30.267,-87.585,1.32,NA,"FL",NA,NA,2012-06-30,"USM",2,"USMCOB-RC48851",2026-05-05,"UTC",2012,6,30,182,00:00:00,NA,"POINT(-87.585 30.267)","USMCOB-RC48851","USMCOB-RC48851-2",8.17526817321777
"2054","USMCOB","Pensacola Beach",30.315,-87.203,0.97,NA,"FL",1.07,"TL",2010-04-29,"USM",1,"USMCOB-RC48867",2026-05-05,"UTC",2010,4,29,119,00:00:00,NA,"POINT(-87.203 30.315)","USMCOB-RC48867","USMCOB-RC48867-1",6.3984432220459
"2055","USMCOB","Navarre Beach, FL",30.378,-86.862,NA,NA,NA,NA,NA,2011-04-20,"USM",2,"USMCOB-RC48867",2026-05-05,"UTC",2011,4,20,110,00:00:00,NA,"POINT(-86.862 30.378)","USMCOB-RC48867","USMCOB-RC48867-2",NA
"2056","USMCOB","Ship Shoal BOEM lease area, block 178A",28.61,-91.12,NA,NA,NA,NA,NA,2020-07-16,"USM",2,"USMCOB-RC48888",2026-05-05,"UTC",2020,7,16,198,00:00:00,NA,"POINT(-91.12 28.61)","USMCOB-RC48888","USMCOB-RC48888-2",NA
"2057","USMCOB","Orange Beach",30.267,-87.585,0.94,NA,"FL",1.04,"TL",2008-04-23,"USM",1,"USMCOB-RC48985",2026-05-05,"UTC",2008,4,23,114,00:00:00,NA,"POINT(-87.585 30.267)","USMCOB-RC48985","USMCOB-RC48985-1",NA
"2058","USMCOB","Vermilion 161",28.948,-92.597,1.07,NA,"FL",NA,NA,2009-06-17,"USM",2,"USMCOB-RC48985",2026-05-05,"UTC",2009,6,17,168,00:00:00,NA,"POINT(-92.597 28.948)","USMCOB-RC48985","USMCOB-RC48985-2",NA
"2059","USMCOB","Orange Beach",30.267,-87.585,0.89,NA,"FL",NA,NA,2008-04-24,"USM",1,"USMCOB-RC48987",2026-05-05,"UTC",2008,4,24,115,00:00:00,NA,"POINT(-87.585 30.267)","USMCOB-RC48987","USMCOB-RC48987-1",NA
"2060","USMCOB","2 ml S of Perdido Pass",30.241,-87.556,0.85,NA,"FL",NA,NA,2008-07-27,"USM",2,"USMCOB-RC48987",2026-05-05,"UTC",2008,7,27,209,00:00:00,NA,"POINT(-87.556 30.241)","USMCOB-RC48987","USMCOB-RC48987-2",NA
"2061","USMCOB","Long Beach, PCB",30.178,-85.812,0.67,NA,"TL",NA,NA,2008-04-19,"USM",1,"USMCOB-RC48992",2026-05-05,"UTC",2008,4,19,110,00:00:00,NA,"POINT(-85.812 30.178)","USMCOB-RC48992","USMCOB-RC48992-1",NA
"2062","USMCOB","btw Navarre and FWB",30.387,-86.758,0.91,NA,"TL",NA,NA,2009-04-24,"USM",2,"USMCOB-RC48992",2026-05-05,"UTC",2009,4,24,114,00:00:00,NA,"POINT(-86.758 30.387)","USMCOB-RC48992","USMCOB-RC48992-2",NA
"2063","USMCOB","GREEN CAN, DOG KEYS PASS",30.255,-88.774,0.76,NA,"FL",0.81,"TL",1990-08-05,"USM",1,"USMCOB-RC4910",2026-05-05,"UTC",1990,8,5,217,00:00:00,NA,"POINT(-88.774 30.255)","USMCOB-RC4910","USMCOB-RC4910-1",NA
"2064","USMCOB","W. END OF HORN ISLAND, MS",30.246,-88.782,0.81,NA,"FL",0.9,"TL",1990-09-11,"USM",2,"USMCOB-RC4910",2026-05-05,"UTC",1990,9,11,254,00:00:00,NA,"POINT(-88.782 30.246)","USMCOB-RC4910","USMCOB-RC4910-2",NA
"2065","USMCOB","MONKEY BAYOU RIGS",29.718,-88.797,0.79,NA,"FL",0.84,"TL",1990-08-12,"USM",1,"USMCOB-RC4912",2026-05-05,"UTC",1990,8,12,224,00:00:00,NA,"POINT(-88.797 29.718)","USMCOB-RC4912","USMCOB-RC4912-1",NA
"2066","USMCOB","OFF PORT ARANSAS, TX",27.836,-97.043,1.07,NA,"FL",1.16,"TL",1991-07-14,"USM",2,"USMCOB-RC4912",2026-05-05,"UTC",1991,7,14,195,00:00:00,NA,"POINT(-97.043 27.836)","USMCOB-RC4912","USMCOB-RC4912-2",NA
"2067","USMCOB","FL Keys - Gulf",24.95,-80.7,0.91,NA,"FL",1.02,"TL",2008-11-15,"USM",1,"USMCOB-RC49219",2026-05-05,"UTC",2008,11,15,320,00:00:00,NA,"POINT(-80.7 24.95)","USMCOB-RC49219","USMCOB-RC49219-1",NA
"2068","USMCOB","50 mls off Islamorada, bay side",25.389,-81.249,0.97,NA,"FL",NA,NA,2008-12-29,"USM",2,"USMCOB-RC49219",2026-05-05,"UTC",2008,12,29,364,00:00:00,NA,"POINT(-81.249 25.389)","USMCOB-RC49219","USMCOB-RC49219-2",4.49622011184692
"2069","USMCOB","FL Keys - Gulf",24.95,-80.7,0.83,NA,"FL",0.89,"TL",2008-11-15,"USM",1,"USMCOB-RC49220",2026-05-05,"UTC",2008,11,15,320,00:00:00,NA,"POINT(-80.7 24.95)","USMCOB-RC49220","USMCOB-RC49220-1",NA
"2070","USMCOB","25o30', 81o45'",25.5,-81.75,0.89,NA,"FL",NA,NA,2009-05-06,"USM",2,"USMCOB-RC49220",2026-05-05,"UTC",2009,5,6,126,00:00:00,NA,"POINT(-81.75 25.5)","USMCOB-RC49220","USMCOB-RC49220-2",1.22738099098206
"2071","USMCOB","Ocracoke, NC",35.1,-75.95,0.69,NA,"FL",0.79,"TL",2009-05-13,"USM",1,"USMCOB-RC49358",2026-05-05,"UTC",2009,5,13,133,00:00:00,NA,"POINT(-75.95 35.1)","USMCOB-RC49358","USMCOB-RC49358-1",NA
"2072","USMCOB","St Marks",30.074,-84.185,0.74,NA,"FL",0.79,"TL",2010-10-13,"USM",1,"USMCOB-RC49426",2026-05-05,"UTC",2010,10,13,286,00:00:00,NA,"POINT(-84.185 30.074)","USMCOB-RC49426","USMCOB-RC49426-1",20.0838260650635
"2073","USMCOB","10 miles SE of Fort Morgan",30.129,-87.893,0.96,NA,"TL",NA,NA,2011-06-12,"USM",2,"USMCOB-RC49426",2026-05-05,"UTC",2011,6,12,163,00:00:00,NA,"POINT(-87.893 30.129)","USMCOB-RC49426","USMCOB-RC49426-2",1.08395397663116
"2074","USMCOB","Destin Harbor (30-23.575 86-30.430)",30.392917,-86.507167,0.48,NA,"FL",0.52,"TL",2013-05-20,"USM",1,"USMCOB-RC49542",2026-05-05,"UTC",2013,5,20,140,00:00:00,NA,"POINT(-86.507167 30.392917)","USMCOB-RC49542","USMCOB-RC49542-1",NA
"2075","USMCOB","3 miles off Pensacola Beach",30.284,-87.146,0.85,NA,"FL",NA,NA,2014-06-27,"USM",2,"USMCOB-RC49542",2026-05-05,"UTC",2014,6,27,178,00:00:00,NA,"POINT(-87.146 30.284)","USMCOB-RC49542","USMCOB-RC49542-2",NA
"2076","USMCOB","12277.6 / 47069.1",30.19667,-88.81833,0.74,NA,"FL",0.83,"TL",1990-09-16,"USM",1,"USMCOB-RC4958",2026-05-05,"UTC",1990,9,16,259,00:00:00,NA,"POINT(-88.81833 30.19667)","USMCOB-RC4958","USMCOB-RC4958-1",NA
"2077","USMCOB","RIGS S. OF PETIT BOIS ISL., MS",30.115,-88.45,0.91,NA,"FL",0.99,"TL",1991-09-14,"USM",2,"USMCOB-RC4958",2026-05-05,"UTC",1991,9,14,257,00:00:00,NA,"POINT(-88.45 30.115)","USMCOB-RC4958","USMCOB-RC4958-2",NA
"2078","USMCOB","12277.7 / 47069.0(S.OF SHIP IS",30.195,-88.81833,0.42,NA,"FL",0.46,"TL",1990-09-16,"USM",1,"USMCOB-RC4959",2026-05-05,"UTC",1990,9,16,259,00:00:00,NA,"POINT(-88.81833 30.195)","USMCOB-RC4959","USMCOB-RC4959-1",NA
"2079","USMCOB","SOUTH OF GULF SHORES, AL",30.245,-87.701,0.64,NA,"FL",NA,NA,1991-06-24,"USM",2,"USMCOB-RC4959",2026-05-05,"UTC",1991,6,24,175,00:00:00,NA,"POINT(-87.701 30.245)","USMCOB-RC4959","USMCOB-RC4959-2",NA
"2080","USMCOB","Pensacola Beach Fl.",30.315,-87.203,1.17,NA,"FL",1.27,"TL",2010-04-27,"USM",1,"USMCOB-RC49661",2026-05-05,"UTC",2010,4,27,117,00:00:00,NA,"POINT(-87.203 30.315)","USMCOB-RC49661","USMCOB-RC49661-1",NA
"2081","USMCOB","Navarre Beach, FL",30.378,-86.862,1.3,NA,"FL",NA,NA,2013-04-02,"USM",2,"USMCOB-RC49661",2026-05-05,"UTC",2013,4,2,92,00:00:00,NA,"POINT(-86.862 30.378)","USMCOB-RC49661","USMCOB-RC49661-2",NA
"2082","USMCOB","Crystal River, FL",28.915,-82.698,0.79,NA,"FL",0.88,"TL",2015-05-16,"USM",1,"USMCOB-RC49780",2026-05-05,"UTC",2015,5,16,136,00:00:00,NA,"POINT(-82.698 28.915)","USMCOB-RC49780","USMCOB-RC49780-1",NA
"2083","USMCOB","Hernando Beach, FL",28.472,-82.705,0.89,NA,"FL",0.97,"TL",2016-05-30,"USM",2,"USMCOB-RC49780",2026-05-05,"UTC",2016,5,30,151,00:00:00,NA,"POINT(-82.705 28.472)","USMCOB-RC49780","USMCOB-RC49780-2",NA
"2084","USMCOB","12330.5 / 46932.5",29.635,-88.75833,0.74,NA,"FL",NA,NA,1991-09-28,"USM",1,"USMCOB-RC4984",2026-05-05,"UTC",1991,9,28,271,00:00:00,NA,"POINT(-88.75833 29.635)","USMCOB-RC4984","USMCOB-RC4984-1",NA
"2085","USMCOB","WEST END OF SHIP ISLAND, MS",30.21,-88.964,0.86,NA,"FL",0.97,"TL",1992-05-11,"USM",2,"USMCOB-RC4984",2026-05-05,"UTC",1992,5,11,132,00:00:00,NA,"POINT(-88.964 30.21)","USMCOB-RC4984","USMCOB-RC4984-2",NA
"2086","USMCOB","Apalachicola, FL",29.725768,-84.983243,0.64,NA,"FL",0.76,"TL",2017-07-08,"USM",1,"USMCOB-RC50120",2026-05-05,"UTC",2017,7,8,189,00:00:00,NA,"POINT(-84.983243 29.725768)","USMCOB-RC50120","USMCOB-RC50120-1",NA
"2087","USMCOB","Pensacola Pass, FL - 9 mi. SE at San Pablo Wreck",30.188883,-87.217617,1.07,NA,"TL",NA,NA,2018-07-06,"USM",2,"USMCOB-RC50120",2026-05-05,"UTC",2018,7,6,187,00:00:00,NA,"POINT(-87.217617 30.188883)","USMCOB-RC50120","USMCOB-RC50120-2",1.00876319408417
"2088","USMCOB","NAVARRE BEACH, FL",30.378,-86.862,0.56,NA,"FL",NA,NA,1993-05-20,"USM",1,"USMCOB-RC5017",2026-05-05,"UTC",1993,5,20,140,00:00:00,NA,"POINT(-86.862 30.378)","USMCOB-RC5017","USMCOB-RC5017-1",NA
"2089","USMCOB","OFF MARATHON, FL",24.726,-81.089,0.86,NA,"TL",NA,NA,1994-05-02,"USM",2,"USMCOB-RC5017",2026-05-05,"UTC",1994,5,2,122,00:00:00,NA,"POINT(-81.089 24.726)","USMCOB-RC5017","USMCOB-RC5017-2",NA
"2090","USMCOB","Pensacola Beach, FL",30.315,-87.203,1.02,NA,"FL",NA,NA,1996-03-24,"USM",1,"USMCOB-RC5018",2026-05-05,"UTC",1996,3,24,84,00:00:00,NA,"POINT(-87.203 30.315)","USMCOB-RC5018","USMCOB-RC5018-1",NA
"2091","USMCOB","20 mi South of Grand Isle, LA",28.937,-89.989,NA,NA,NA,NA,NA,1997-03-21,"USM",2,"USMCOB-RC5018",2026-05-05,"UTC",1997,3,21,80,00:00:00,NA,"POINT(-89.989 28.937)","USMCOB-RC5018","USMCOB-RC5018-2",NA
"2092","USMCOB","Pensacola Beach, FL",30.315,-87.203,0.91,NA,"FL",0.97,"TL",1996-04-05,"USM",1,"USMCOB-RC5019",2026-05-05,"UTC",1996,4,5,96,00:00:00,NA,"POINT(-87.203 30.315)","USMCOB-RC5019","USMCOB-RC5019-1",NA
"2093","USMCOB","8 Mi E of Sebastian Inlet, FL",27.862,-80.316,NA,NA,NA,NA,NA,1997-01-04,"USM",2,"USMCOB-RC5019",2026-05-05,"UTC",1997,1,4,4,00:00:00,NA,"POINT(-80.316 27.862)","USMCOB-RC5019","USMCOB-RC5019-2",NA
"2094","USMCOB","Navarre",30.378,-86.862,0.89,NA,"FL",0.97,"TL",2010-04-11,"USM",1,"USMCOB-RC50212",2026-05-05,"UTC",2010,4,11,101,00:00:00,NA,"POINT(-86.862 30.378)","USMCOB-RC50212","USMCOB-RC50212-1",NA
"2095","USMCOB","Off Pensacola, FL",30.333,-87.15,1.24,NA,"FL",1.4,"TL",2015-03-27,"USM",2,"USMCOB-RC50212",2026-05-05,"UTC",2015,3,27,86,00:00:00,NA,"POINT(-87.15 30.333)","USMCOB-RC50212","USMCOB-RC50212-2",NA
"2096","USMCOB","40 miles S of Petit Bois Island",29.614,-88.466,0.66,NA,"FL",NA,NA,2013-06-02,"USM",1,"USMCOB-RC50351",2026-05-05,"UTC",2013,6,2,153,00:00:00,NA,"POINT(-88.466 29.614)","USMCOB-RC50351","USMCOB-RC50351-1",NA
"2097","USMCOB","17 miles SW of Mexico Beach, FL",29.763,-85.61,0.94,NA,"FL",NA,NA,2013-07-10,"USM",2,"USMCOB-RC50351",2026-05-05,"UTC",2013,7,10,191,00:00:00,NA,"POINT(-85.61 29.763)","USMCOB-RC50351","USMCOB-RC50351-2",NA
"2098","USMCOB","North End, Chandeleur Island",30.043,-88.878,0.71,NA,"FL",0.81,"TL",2014-05-19,"USM",1,"USMCOB-RC50354",2026-05-05,"UTC",2014,5,19,139,00:00:00,NA,"POINT(-88.878 30.043)","USMCOB-RC50354","USMCOB-RC50354-1",8.55288231372833
"2099","USMCOB","2 miles south of Destin, FL",30.352,-86.508,0.86,NA,"FL",NA,NA,2014-07-25,"USM",2,"USMCOB-RC50354",2026-05-05,"UTC",2014,7,25,206,00:00:00,NA,"POINT(-86.508 30.352)","USMCOB-RC50354","USMCOB-RC50354-2",NA
"2100","USMCOB","SOUTH OF EAST SHIP ISLAND",30.229,-88.886,0.71,NA,"FL",0.76,"TL",1990-09-14,"USM",1,"USMCOB-RC5038",2026-05-05,"UTC",1990,9,14,257,00:00:00,NA,"POINT(-88.886 30.229)","USMCOB-RC5038","USMCOB-RC5038-1",NA
"2101","USMCOB","SHIP SHOAL 118,W. OF MISS RIV.",28.804701,-90.868545,0.97,NA,"FL",NA,NA,1991-07-02,"USM",2,"USMCOB-RC5038",2026-05-05,"UTC",1991,7,2,183,00:00:00,NA,"POINT(-90.868545 28.804701)","USMCOB-RC5038","USMCOB-RC5038-2",NA
"2102","USMCOB","West End of Ship Island",30.21,-88.964,0.58,NA,"FL",0.69,"TL",2009-08-21,"USM",1,"USMCOB-RC50662",2026-05-05,"UTC",2009,8,21,233,00:00:00,NA,"POINT(-88.964 30.21)","USMCOB-RC50662","USMCOB-RC50662-1",NA
"2103","USMCOB","45 mls south of Fourchon, LA",28.442,-90.2,1.07,NA,"FL",NA,NA,2011-07-14,"USM",2,"USMCOB-RC50662",2026-05-05,"UTC",2011,7,14,195,00:00:00,NA,"POINT(-90.2 28.442)","USMCOB-RC50662","USMCOB-RC50662-2",NA
"2104","USMCOB","28 15.087/82 54.77",28.25145,-82.912833,0.84,NA,"FL",0.94,"TL",2011-05-09,"USM",1,"USMCOB-RC50805",2026-05-05,"UTC",2011,5,9,129,00:00:00,NA,"POINT(-82.912833 28.25145)","USMCOB-RC50805","USMCOB-RC50805-1",NA
"2105","USMCOB","28 15.47 / 82 57.21",28.257833,-82.9535,0.91,NA,"FL",NA,NA,2011-09-24,"USM",2,"USMCOB-RC50805",2026-05-05,"UTC",2011,9,24,267,00:00:00,NA,"POINT(-82.9535 28.257833)","USMCOB-RC50805","USMCOB-RC50805-2",3.30250179767609
"2106","USMCOB","28'15.320/82'57.233",28.255333,-82.953883,0.97,NA,"FL",1.07,"TL",2012-04-27,"USM",1,"USMCOB-RC50808",2026-05-05,"UTC",2012,4,27,118,00:00:00,NA,"POINT(-82.953883 28.255333)","USMCOB-RC50808","USMCOB-RC50808-1",1.92825621366501
"2107","USMCOB","5 miles off Tarpon Springs, FL",28.175,-82.795,1.09,NA,"FL",NA,NA,2014-05-06,"USM",2,"USMCOB-RC50808",2026-05-05,"UTC",2014,5,6,126,00:00:00,NA,"POINT(-82.795 28.175)","USMCOB-RC50808","USMCOB-RC50808-2",NA
"2108","USMCOB","St. Marks,Fl.",30.074,-84.185,0.64,NA,"FL",0.74,"TL",2011-05-23,"USM",1,"USMCOB-RC50812",2026-05-05,"UTC",2011,5,23,143,00:00:00,NA,"POINT(-84.185 30.074)","USMCOB-RC50812","USMCOB-RC50812-1",NA
"2109","USMCOB","St. Marks,Fl",30.074,-84.185,0.86,NA,"FL",NA,NA,2011-06-05,"USM",2,"USMCOB-RC50812",2026-05-05,"UTC",2011,6,5,156,00:00:00,NA,"POINT(-84.185 30.074)","USMCOB-RC50812","USMCOB-RC50812-2",NA
"2110","USMCOB","Perdido Key Fl",30.288,-87.427,0.64,NA,"FL",0.74,"TL",2009-09-26,"USM",1,"USMCOB-RC50941",2026-05-05,"UTC",2009,9,26,269,00:00:00,NA,"POINT(-87.427 30.288)","USMCOB-RC50941","USMCOB-RC50941-1",7.11043500900269
"2111","USMCOB","20 NE Sebastian Inlet 2806.2 8012.6",28.103333,-80.21,0.69,NA,"FL",NA,NA,2010-05-07,"USM",2,"USMCOB-RC50941",2026-05-05,"UTC",2010,5,7,127,00:00:00,NA,"POINT(-80.21 28.103333)","USMCOB-RC50941","USMCOB-RC50941-2",NA
"2112","USMCOB","Perdido Key, FL",30.288,-87.427,0.66,NA,"FL",0.76,"TL",2015-06-02,"USM",1,"USMCOB-RC50983",2026-05-05,"UTC",2015,6,2,153,00:00:00,NA,"POINT(-87.427 30.288)","USMCOB-RC50983","USMCOB-RC50983-1",NA
"2113","USMCOB","Pensacola Pass, FL - 5 mi. buoy",30.271,-87.29,0.91,NA,"FL",NA,NA,2016-06-21,"USM",2,"USMCOB-RC50983",2026-05-05,"UTC",2016,6,21,173,00:00:00,NA,"POINT(-87.29 30.271)","USMCOB-RC50983","USMCOB-RC50983-2",NA
"2114","USMCOB","Perdido Key, FL",30.288,-87.427,0.99,NA,"FL",NA,NA,2015-04-21,"USM",1,"USMCOB-RC50987",2026-05-05,"UTC",2015,4,21,111,00:00:00,NA,"POINT(-87.427 30.288)","USMCOB-RC50987","USMCOB-RC50987-1",NA
"2115","USMCOB","Destin, FL",30.38,-86.5,1.14,NA,"FL",NA,NA,2016-07-08,"USM",2,"USMCOB-RC50987",2026-05-05,"UTC",2016,7,8,190,00:00:00,NA,"POINT(-86.5 30.38)","USMCOB-RC50987","USMCOB-RC50987-2",NA
"2116","USMCOB","WEST END OF SHIP ISLAND",30.21,-88.964,0.81,NA,"FL",0.89,"TL",1990-09-15,"USM",1,"USMCOB-RC5107",2026-05-05,"UTC",1990,9,15,258,00:00:00,NA,"POINT(-88.964 30.21)","USMCOB-RC5107","USMCOB-RC5107-1",NA
"2117","USMCOB","SHELL RIG 70, SOUTH PASS AREA",29.01,-88.92,0.99,NA,"FL",NA,NA,1991-08-17,"USM",2,"USMCOB-RC5107",2026-05-05,"UTC",1991,8,17,229,00:00:00,NA,"POINT(-88.92 29.01)","USMCOB-RC5107","USMCOB-RC5107-2",NA
"2118","USMCOB","WEST END OF SHIP ISL.",30.21,-88.964,0.7,NA,"FL",0.76,"TL",1990-09-17,"USM",1,"USMCOB-RC5111",2026-05-05,"UTC",1990,9,17,260,00:00:00,NA,"POINT(-88.964 30.21)","USMCOB-RC5111","USMCOB-RC5111-1",NA
"2119","USMCOB","MARATHON, FL (OLD 7MI. BRIDGE)",24.726,-81.089,NA,NA,NA,NA,NA,1992-02-22,"USM",2,"USMCOB-RC5111",2026-05-05,"UTC",1992,2,22,53,00:00:00,NA,"POINT(-81.089 24.726)","USMCOB-RC5111","USMCOB-RC5111-2",NA
"2120","USMCOB","N of Port Canaveral",28.423,-80.574,0.76,NA,"FL",NA,NA,2010-05-22,"USM",1,"USMCOB-RC51122",2026-05-05,"UTC",2010,5,22,142,00:00:00,NA,"POINT(-80.574 28.423)","USMCOB-RC51122","USMCOB-RC51122-1",NA
"2121","USMCOB","St. Augustine, FL",29.902,-81.255,0.91,NA,"FL",NA,NA,2012-08-12,"USM",2,"USMCOB-RC51122",2026-05-05,"UTC",2012,8,12,225,00:00:00,NA,"POINT(-81.255 29.902)","USMCOB-RC51122","USMCOB-RC51122-2",NA
"2122","USMCOB","2 miles off S. Padre Island",26.112,-97.13,0.8,NA,"FL",NA,NA,2010-10-02,"USM",2,"USMCOB-RC51250",2026-05-05,"UTC",2010,10,2,275,00:00:00,NA,"POINT(-97.13 26.112)","USMCOB-RC51250","USMCOB-RC51250-2",3.94112145900726
"2123","USMCOB","26.03 97.06",26.05,-97.1,0.74,NA,"FL",0.83,"TL",2010-10-02,"USM",1,"USMCOB-RC51250",2026-05-05,"UTC",2010,10,2,275,00:00:00,NA,"POINT(-97.1 26.05)","USMCOB-RC51250","USMCOB-RC51250-1",4.64328861236572
"2124","USMCOB","Pensacola Fl",30.315,-87.203,0.89,NA,"FL",NA,NA,2010-04-07,"USM",1,"USMCOB-RC51299",2026-05-05,"UTC",2010,4,7,97,00:00:00,NA,"POINT(-87.203 30.315)","USMCOB-RC51299","USMCOB-RC51299-1",12.0159254074097
"2125","USMCOB","15 ml S of Dauphin I., AL",30.031,-88.215,NA,NA,NA,NA,NA,2011-07-03,"USM",2,"USMCOB-RC51299",2026-05-05,"UTC",2011,7,3,184,00:00:00,NA,"POINT(-88.215 30.031)","USMCOB-RC51299","USMCOB-RC51299-2",NA
"2126","USMCOB","Pensacola Beach Fl.",30.315,-87.203,0.91,NA,"FL",NA,NA,2010-04-05,"USM",1,"USMCOB-RC51361",2026-05-05,"UTC",2010,4,5,95,00:00:00,NA,"POINT(-87.203 30.315)","USMCOB-RC51361","USMCOB-RC51361-1",NA
"2127","USMCOB","2752.61N 8311.33W",27.876833,-83.188833,NA,NA,NA,NA,NA,2011-03-25,"USM",2,"USMCOB-RC51361",2026-05-05,"UTC",2011,3,25,84,00:00:00,NA,"POINT(-83.188833 27.876833)","USMCOB-RC51361","USMCOB-RC51361-2",0.3055439889431
"2128","USMCOB","Pensacola Beach Fl.",30.315,-87.203,0.97,NA,"FL",1.07,"TL",2010-04-10,"USM",1,"USMCOB-RC51366",2026-05-05,"UTC",2010,4,10,100,00:00:00,NA,"POINT(-87.203 30.315)","USMCOB-RC51366","USMCOB-RC51366-1",NA
"2129","USMCOB","South Timbalier 200",28.459,-90.584,NA,NA,NA,NA,NA,2011-06-20,"USM",2,"USMCOB-RC51366",2026-05-05,"UTC",2011,6,20,171,00:00:00,NA,"POINT(-90.584 28.459)","USMCOB-RC51366","USMCOB-RC51366-2",NA
"2130","USMCOB","Perdido",30.288,-87.427,0.99,NA,"FL",NA,NA,2010-04-12,"USM",1,"USMCOB-RC51367",2026-05-05,"UTC",2010,4,12,102,00:00:00,NA,"POINT(-87.427 30.288)","USMCOB-RC51367","USMCOB-RC51367-1",NA
"2131","USMCOB","Main Pass 265",29.335,-88.297,0.99,NA,"FL",1.09,"TL",2011-05-11,"USM",2,"USMCOB-RC51367",2026-05-05,"UTC",2011,5,11,131,00:00:00,NA,"POINT(-88.297 29.335)","USMCOB-RC51367","USMCOB-RC51367-2",4.13437898953756
"2132","USMCOB","WEST END OF SHIP ISLAND",30.21,-88.964,0.51,NA,"FL",0.57,"TL",1990-05-27,"USM",1,"USMCOB-RC5141",2026-05-05,"UTC",1990,5,27,147,00:00:00,NA,"POINT(-88.964 30.21)","USMCOB-RC5141","USMCOB-RC5141-1",NA
"2133","USMCOB","6 MI. SW. OF PETIT BOIS I., MS",30.135,-88.528,0.74,NA,"TL",NA,NA,1990-08-26,"USM",2,"USMCOB-RC5141",2026-05-05,"UTC",1990,8,26,238,00:00:00,NA,"POINT(-88.528 30.135)","USMCOB-RC5141","USMCOB-RC5141-2",NA
"2134","USMCOB","WEST END OF SHIP ISLAND",30.21,-88.964,0.56,NA,"FL",0.61,"TL",1990-05-27,"USM",1,"USMCOB-RC5142",2026-05-05,"UTC",1990,5,27,147,00:00:00,NA,"POINT(-88.964 30.21)","USMCOB-RC5142","USMCOB-RC5142-1",NA
"2135","USMCOB","BRETON ISLAND AREA, BLOCK 42",29.392,-89.037,0.97,NA,"TL",NA,NA,1991-08-17,"USM",2,"USMCOB-RC5142",2026-05-05,"UTC",1991,8,17,229,00:00:00,NA,"POINT(-89.037 29.392)","USMCOB-RC5142","USMCOB-RC5142-2",NA
"2136","USMCOB","WEST END OF SHIP ISL.",30.21,-88.964,0.71,NA,"FL",0.79,"TL",1990-06-19,"USM",1,"USMCOB-RC5147",2026-05-05,"UTC",1990,6,19,170,00:00:00,NA,"POINT(-88.964 30.21)","USMCOB-RC5147","USMCOB-RC5147-1",NA
"2137","USMCOB","SOUTH OF HORN ISLAND, MS",30.239,-88.749,0.74,NA,"FL",0.81,"TL",1990-08-15,"USM",2,"USMCOB-RC5147",2026-05-05,"UTC",1990,8,15,227,00:00:00,NA,"POINT(-88.749 30.239)","USMCOB-RC5147","USMCOB-RC5147-2",NA
"2138","USMCOB","Dog Ballard Reef/St.Marks,Fl.",29.951,-84.081,0.94,NA,"FL",0.99,"TL",2012-04-11,"USM",1,"USMCOB-RC51593",2026-05-05,"UTC",2012,4,11,102,00:00:00,NA,"POINT(-84.081 29.951)","USMCOB-RC51593","USMCOB-RC51593-1",6.11598610877991
"2139","USMCOB","St. Marks,Fl",30.074,-84.185,0.76,NA,"FL",NA,NA,2012-08-15,"USM",2,"USMCOB-RC51593",2026-05-05,"UTC",2012,8,15,228,00:00:00,NA,"POINT(-84.185 30.074)","USMCOB-RC51593","USMCOB-RC51593-2",NA
"2140","USMCOB","Navarre Beach,Fl.",30.378,-86.862,0.91,NA,"FL",1.02,"TL",2011-04-03,"USM",1,"USMCOB-RC51704",2026-05-05,"UTC",2011,4,3,93,00:00:00,NA,"POINT(-86.862 30.378)","USMCOB-RC51704","USMCOB-RC51704-1",NA
"2141","USMCOB","off Fourchon, LA",29.095,-90.194,1.1,NA,"FL",NA,NA,2012-08-04,"USM",2,"USMCOB-RC51704",2026-05-05,"UTC",2012,8,4,217,00:00:00,NA,"POINT(-90.194 29.095)","USMCOB-RC51704","USMCOB-RC51704-2",NA
"2142","USMCOB","Pensacola Beach,Fl.",30.315,-87.203,1.04,NA,"FL",1.12,"TL",2011-04-04,"USM",1,"USMCOB-RC51706",2026-05-05,"UTC",2011,4,4,94,00:00:00,NA,"POINT(-87.203 30.315)","USMCOB-RC51706","USMCOB-RC51706-1",NA
"2143","USMCOB","South Timbalier 205",28.455,-90.398,1.3,NA,"TL",NA,NA,2013-06-10,"USM",2,"USMCOB-RC51706",2026-05-05,"UTC",2013,6,10,161,00:00:00,NA,"POINT(-90.398 28.455)","USMCOB-RC51706","USMCOB-RC51706-2",NA
"2144","USMCOB","Pensacola Beach,Fl.",30.315,-87.203,1.07,NA,"FL",1.14,"TL",2011-04-14,"USM",1,"USMCOB-RC51760",2026-05-05,"UTC",2011,4,14,104,00:00:00,NA,"POINT(-87.203 30.315)","USMCOB-RC51760","USMCOB-RC51760-1",NA
"2145","USMCOB","40 miles S of Galveston",28.712,-94.753,1.24,NA,"TL",NA,NA,2012-06-09,"USM",2,"USMCOB-RC51760",2026-05-05,"UTC",2012,6,9,161,00:00:00,NA,"POINT(-94.753 28.712)","USMCOB-RC51760","USMCOB-RC51760-2",NA
"2146","USMCOB","Pensacola Beach,Fl.",30.315,-87.203,1.08,NA,"FL",NA,NA,2011-04-21,"USM",1,"USMCOB-RC51771",2026-05-05,"UTC",2011,4,21,111,00:00:00,NA,"POINT(-87.203 30.315)","USMCOB-RC51771","USMCOB-RC51771-1",NA
"2147","USMCOB","30 miles off Gulf Breeze, FL",29.892,-87.157,1.22,NA,"TL",NA,NA,2014-07-27,"USM",2,"USMCOB-RC51771",2026-05-05,"UTC",2014,7,27,208,00:00:00,NA,"POINT(-87.157 29.892)","USMCOB-RC51771","USMCOB-RC51771-2",NA
"2148","USMCOB","26.03/97.06",26.05,-97.1,0.49,NA,"FL",0.55,"TL",2011-08-18,"USM",1,"USMCOB-RC51912",2026-05-05,"UTC",2011,8,18,230,00:00:00,NA,"POINT(-97.1 26.05)","USMCOB-RC51912","USMCOB-RC51912-1",NA
"2149","USMCOB","26.03/97.06",26.03,-97.06,0.65,NA,"FL",0.74,"TL",2011-10-15,"USM",2,"USMCOB-RC51912",2026-05-05,"UTC",2011,10,15,288,00:00:00,NA,"POINT(-97.06 26.03)","USMCOB-RC51912","USMCOB-RC51912-2",NA
"2150","USMCOB","Pensacola Beach,Fl.",30.315,-87.203,1.12,NA,"FL",NA,NA,2011-04-20,"USM",1,"USMCOB-RC51943",2026-05-05,"UTC",2011,4,20,110,00:00:00,NA,"POINT(-87.203 30.315)","USMCOB-RC51943","USMCOB-RC51943-1",NA
"2151","USMCOB","Sandestin, FL",30.367,-86.331,1.32,NA,"FL",NA,NA,2014-04-11,"USM",2,"USMCOB-RC51943",2026-05-05,"UTC",2014,4,11,101,00:00:00,NA,"POINT(-86.331 30.367)","USMCOB-RC51943","USMCOB-RC51943-2",NA
"2152","USMCOB","Pensacola Beach,Fl.",30.315,-87.203,1.17,NA,"FL",NA,NA,2011-04-20,"USM",1,"USMCOB-RC51945",2026-05-05,"UTC",2011,4,20,110,00:00:00,NA,"POINT(-87.203 30.315)","USMCOB-RC51945","USMCOB-RC51945-1",NA
"2153","USMCOB","Palm Beach, Florida",26.705,-80.032,1.27,NA,"TL",NA,NA,2012-12-16,"USM",2,"USMCOB-RC51945",2026-05-05,"UTC",2012,12,16,351,00:00:00,NA,"POINT(-80.032 26.705)","USMCOB-RC51945","USMCOB-RC51945-2",NA
"2154","USMCOB","26' 11/97' 03",26.183,-97.05,0.84,NA,"FL",0.92,"TL",2011-07-19,"USM",1,"USMCOB-RC51959",2026-05-05,"UTC",2011,7,19,200,00:00:00,NA,"POINT(-97.05 26.183)","USMCOB-RC51959","USMCOB-RC51959-1",NA
"2155","USMCOB","South Padre Island, TX",26.113,-97.15,0.98,NA,"TL",NA,NA,2011-07-21,"USM",2,"USMCOB-RC51959",2026-05-05,"UTC",2011,7,21,202,00:00:00,NA,"POINT(-97.15 26.113)","USMCOB-RC51959","USMCOB-RC51959-2",NA
"2156","USMCOB","Orange Beach",30.267,-87.585,0.84,NA,"FL",0.94,"TL",2010-04-11,"USM",1,"USMCOB-RC52020",2026-05-05,"UTC",2010,4,11,101,00:00:00,NA,"POINT(-87.585 30.267)","USMCOB-RC52020","USMCOB-RC52020-1",NA
"2157","USMCOB","Vermilion 265 2830.639,9227.146",28.511,-92.452,1.03,NA,"FL",NA,NA,2013-08-10,"USM",2,"USMCOB-RC52020",2026-05-05,"UTC",2013,8,10,222,00:00:00,NA,"POINT(-92.452 28.511)","USMCOB-RC52020","USMCOB-RC52020-2",NA
"2158","USMCOB","Pensacola Fl",30.315,-87.203,0.89,NA,"FL",NA,NA,2010-04-05,"USM",1,"USMCOB-RC52031",2026-05-05,"UTC",2010,4,5,95,00:00:00,NA,"POINT(-87.203 30.315)","USMCOB-RC52031","USMCOB-RC52031-1",NA
"2159","USMCOB","25.54N 80.16W",25.54,-80.16,NA,NA,NA,NA,NA,2011-02-28,"USM",2,"USMCOB-RC52031",2026-05-05,"UTC",2011,2,28,59,00:00:00,NA,"POINT(-80.16 25.54)","USMCOB-RC52031","USMCOB-RC52031-2",NA
"2160","USMCOB","Pensacola Fl",30.315,-87.203,0.94,NA,"FL",NA,NA,2010-04-05,"USM",1,"USMCOB-RC52033",2026-05-05,"UTC",2010,4,5,95,00:00:00,NA,"POINT(-87.203 30.315)","USMCOB-RC52033","USMCOB-RC52033-1",NA
"2161","USMCOB","West Delta 109",28.84,-89.459,1.17,NA,"FL",NA,NA,2011-07-10,"USM",2,"USMCOB-RC52033",2026-05-05,"UTC",2011,7,10,191,00:00:00,NA,"POINT(-89.459 28.84)","USMCOB-RC52033","USMCOB-RC52033-2",14.6929035186768
"2162","USMCOB","DOG KEYS PASS, MS",30.246,-88.782,0.58,NA,"FL",0.66,"TL",1991-07-14,"USM",1,"USMCOB-RC5205",2026-05-05,"UTC",1991,7,14,195,00:00:00,NA,"POINT(-88.782 30.246)","USMCOB-RC5205","USMCOB-RC5205-1",NA
"2163","USMCOB","20 MI. S. OF DAUPHIN ISL., AL",29.958,-88.215,0.76,NA,"TL",NA,NA,1991-10-20,"USM",2,"USMCOB-RC5205",2026-05-05,"UTC",1991,10,20,293,00:00:00,NA,"POINT(-88.215 29.958)","USMCOB-RC5205","USMCOB-RC5205-2",NA
"2164","USMCOB","Pensacola Beach,Fl.",30.315,-87.203,0.84,NA,"TL",NA,NA,2011-04-14,"USM",1,"USMCOB-RC52057",2026-05-05,"UTC",2011,4,14,104,00:00:00,NA,"POINT(-87.203 30.315)","USMCOB-RC52057","USMCOB-RC52057-1",NA
"2165","USMCOB","Port Canaveral, FL",28.406,-80.584,0.93,NA,"FL",NA,NA,2012-03-17,"USM",2,"USMCOB-RC52057",2026-05-05,"UTC",2012,3,17,77,00:00:00,NA,"POINT(-80.584 28.406)","USMCOB-RC52057","USMCOB-RC52057-2",NA
"2166","USMCOB","DOG KEYS PASS, MS   RED CAN",30.246,-88.782,0.72,NA,"TL",NA,NA,1991-07-14,"USM",1,"USMCOB-RC5220",2026-05-05,"UTC",1991,7,14,195,00:00:00,NA,"POINT(-88.782 30.246)","USMCOB-RC5220","USMCOB-RC5220-1",NA
"2167","USMCOB","SE CHAN.I.(NOTE:1ST OF:DBL REC",29.718,-88.797,0.7,NA,"FL",0.78,"TL",1992-04-22,"USM",2,"USMCOB-RC5220",2026-05-05,"UTC",1992,4,22,113,00:00:00,NA,"POINT(-88.797 29.718)","USMCOB-RC5220","USMCOB-RC5220-2",NA
"2168","USMCOB","Seaside, Florida",30.32,-86.144,0.99,NA,"FL",NA,NA,2013-04-23,"USM",1,"USMCOB-RC52304",2026-05-05,"UTC",2013,4,23,113,00:00:00,NA,"POINT(-86.144 30.32)","USMCOB-RC52304","USMCOB-RC52304-1",NA
"2169","USMCOB","rig south of Cocodrie, LA",29.186,-90.641,1.02,NA,"TL",NA,NA,2013-09-29,"USM",2,"USMCOB-RC52304",2026-05-05,"UTC",2013,9,29,272,00:00:00,NA,"POINT(-90.641 29.186)","USMCOB-RC52304","USMCOB-RC52304-2",NA
"2170","USMCOB","Panama City Beach, Florida",30.212,-85.88,0.64,NA,"FL",NA,NA,2013-04-26,"USM",1,"USMCOB-RC52305",2026-05-05,"UTC",2013,4,26,116,00:00:00,NA,"POINT(-85.88 30.212)","USMCOB-RC52305","USMCOB-RC52305-1",NA
"2171","USMCOB","3 miles east of Pensacola Pass",30.311,-87.25,0.8,NA,"FL",NA,NA,2013-06-03,"USM",2,"USMCOB-RC52305",2026-05-05,"UTC",2013,6,3,154,00:00:00,NA,"POINT(-87.25 30.311)","USMCOB-RC52305","USMCOB-RC52305-2",NA
"2172","USMCOB","28.55.570 82.51.270",29.075,-82.925,0.81,NA,"FL",0.9,"TL",2010-07-18,"USM",1,"USMCOB-RC52372",2026-05-05,"UTC",2010,7,18,199,00:00:00,NA,"POINT(-82.925 29.075)","USMCOB-RC52372","USMCOB-RC52372-1",NA
"2173","USMCOB","Crystal Bay, FL",27.907,-82.668,0.94,NA,"FL",NA,NA,2011-04-30,"USM",2,"USMCOB-RC52372",2026-05-05,"UTC",2011,4,30,120,00:00:00,NA,"POINT(-82.668 27.907)","USMCOB-RC52372","USMCOB-RC52372-2",NA
"2174","USMCOB","28.55.570/82.51.270",29.075,-82.925,0.67,NA,"FL",0.72,"TL",2010-07-10,"USM",1,"USMCOB-RC52375",2026-05-05,"UTC",2010,7,10,191,00:00:00,NA,"POINT(-82.925 29.075)","USMCOB-RC52375","USMCOB-RC52375-1",NA
"2175","USMCOB","Crystal Bay, FL",27.907,-82.668,0.86,NA,"FL",NA,NA,2011-04-22,"USM",2,"USMCOB-RC52375",2026-05-05,"UTC",2011,4,22,112,00:00:00,NA,"POINT(-82.668 27.907)","USMCOB-RC52375","USMCOB-RC52375-2",NA
"2176","USMCOB","GREEN CAN N. OF HORN ISL., MS",30.255,-88.774,0.61,NA,"FL",0.69,"TL",1991-08-11,"USM",1,"USMCOB-RC5245",2026-05-05,"UTC",1991,8,11,223,00:00:00,NA,"POINT(-88.774 30.255)","USMCOB-RC5245","USMCOB-RC5245-1",NA
"2177","USMCOB","OFF BOYNTON BCH, FL (ATLANTIC)",26.545,-80.04,1.04,NA,"TL",NA,NA,1993-06-01,"USM",2,"USMCOB-RC5245",2026-05-05,"UTC",1993,6,1,152,00:00:00,NA,"POINT(-80.04 26.545)","USMCOB-RC5245","USMCOB-RC5245-2",NA
"2178","USMCOB","GULFPORT SHIP CHANNEL, MS",30.24,-89,0.72,NA,"FL",0.76,"TL",1993-09-07,"USM",1,"USMCOB-RC5253",2026-05-05,"UTC",1993,9,7,250,00:00:00,NA,"POINT(-89.0 30.24)","USMCOB-RC5253","USMCOB-RC5253-1",NA
"2179","USMCOB","KEY WEST HARBOR",24.563,-81.726,0.86,NA,"FL",NA,NA,1994-06-27,"USM",2,"USMCOB-RC5253",2026-05-05,"UTC",1994,6,27,178,00:00:00,NA,"POINT(-81.726 24.563)","USMCOB-RC5253","USMCOB-RC5253-2",NA
"2180","USMCOB","29.57.049/84.04.872(Dog Ballard Reef)",29.963611,-84.308889,0.74,NA,"FL",0.84,"TL",2011-07-29,"USM",1,"USMCOB-RC52539",2026-05-05,"UTC",2011,7,29,210,00:00:00,NA,"POINT(-84.308889 29.963611)","USMCOB-RC52539","USMCOB-RC52539-1",NA
"2181","USMCOB","Dog Ballard Reef, St. Marks, FL",29.951,-84.081,0.92,NA,"FL",NA,NA,2012-04-28,"USM",2,"USMCOB-RC52539",2026-05-05,"UTC",2012,4,28,119,00:00:00,NA,"POINT(-84.081 29.951)","USMCOB-RC52539","USMCOB-RC52539-2",5.74827498197556
"2182","USMCOB","80 mi. S Petit Bois, Island, MS",29.09,-88.44,0.89,NA,"TL",NA,NA,2020-06-22,"USM",2,"USMCOB-RC52680",2026-05-05,"UTC",2020,6,22,174,00:00:00,NA,"POINT(-88.44 29.09)","USMCOB-RC52680","USMCOB-RC52680-2",NA
"2183","USMCOB","Pascagoula Ship Channel, MS",30.241,-88.506,0.94,NA,"TL",NA,NA,2019-06-01,"USM",1,"USMCOB-RC52858",2026-05-05,"UTC",2019,6,1,152,00:00:00,NA,"POINT(-88.506 30.241)","USMCOB-RC52858","USMCOB-RC52858-1",NA
"2184","USMCOB","Stuart, FL - 6 mi out",27.2546,-80.0871,0.91,NA,"FL",NA,NA,2019-10-17,"USM",2,"USMCOB-RC52858",2026-05-05,"UTC",2019,10,17,290,00:00:00,NA,"POINT(-80.0871 27.2546)","USMCOB-RC52858","USMCOB-RC52858-2",0.288783580064774
"2185","USMCOB","28 33.289/80 08.519",28.554817,-80.141983,0.81,NA,"FL",0.86,"TL",2011-05-23,"USM",1,"USMCOB-RC53105",2026-05-05,"UTC",2011,5,23,143,00:00:00,NA,"POINT(-80.141983 28.554817)","USMCOB-RC53105","USMCOB-RC53105-1",0.150508999824524
"2186","USMCOB","off St. Augustine, FL    E",29.902,-81.255,1.02,NA,"TL",NA,NA,2012-04-30,"USM",2,"USMCOB-RC53105",2026-05-05,"UTC",2012,4,30,121,00:00:00,NA,"POINT(-81.255 29.902)","USMCOB-RC53105","USMCOB-RC53105-2",NA
"2187","USMCOB","28.18.185/80.29.026",28.303083,-80.483767,0.79,NA,"FL",0.84,"TL",2012-03-14,"USM",1,"USMCOB-RC53107",2026-05-05,"UTC",2012,3,14,74,00:00:00,NA,"POINT(-80.483767 28.303083)","USMCOB-RC53107","USMCOB-RC53107-1",NA
"2188","USMCOB","15 miles E of Altamaha Sound, GA",31.318,-81.293,0.97,NA,"TL",NA,NA,2012-06-22,"USM",2,"USMCOB-RC53107",2026-05-05,"UTC",2012,6,22,174,00:00:00,NA,"POINT(-81.293 31.318)","USMCOB-RC53107","USMCOB-RC53107-2",NA
"2189","USMCOB","Coast Guard Station, Pascagoula",30.334,-88.565,0.91,NA,"FL",1.02,"TL",2012-04-05,"USM",1,"USMCOB-RC53151",2026-05-05,"UTC",2012,4,5,96,00:00:00,NA,"POINT(-88.565 30.334)","USMCOB-RC53151","USMCOB-RC53151-1",NA
"2190","USMCOB","30 miles off Pascagoula, MS",29.906,-88.543,0.97,NA,"FL",1.1,"TL",2012-07-08,"USM",2,"USMCOB-RC53151",2026-05-05,"UTC",2012,7,8,190,00:00:00,NA,"POINT(-88.543 29.906)","USMCOB-RC53151","USMCOB-RC53151-2",NA
"2191","USMCOB","Navarre Beach,Fl.",30.378,-86.862,0.89,NA,"FL",0.97,"TL",2012-04-11,"USM",1,"USMCOB-RC53170",2026-05-05,"UTC",2012,4,11,102,00:00:00,NA,"POINT(-86.862 30.378)","USMCOB-RC53170","USMCOB-RC53170-1",NA
"2192","USMCOB","2958.400, 8712.630",29.973,-87.21,0.94,NA,"FL",NA,NA,2013-08-01,"USM",2,"USMCOB-RC53170",2026-05-05,"UTC",2013,8,1,213,00:00:00,NA,"POINT(-87.21 29.973)","USMCOB-RC53170","USMCOB-RC53170-2",NA
"2193","USMCOB","S of Port Fourchon, LA - oil rig",28.88,-90.19,1.35,NA,"TL",NA,NA,2020-08-01,"USM",2,"USMCOB-RC53171",2026-05-05,"UTC",2020,8,1,214,00:00:00,NA,"POINT(-90.19 28.88)","USMCOB-RC53171","USMCOB-RC53171-2",NA
"2194","USMCOB","SOUTH TIMBALIER, LA BLOCK 300",28.153485,-90.73,1.15,NA,"FL",1.27,"TL",1990-05-24,"USM",1,"USMCOB-RC5321",2026-05-05,"UTC",1990,5,24,144,00:00:00,NA,"POINT(-90.73 28.153485)","USMCOB-RC5321","USMCOB-RC5321-1",NA
"2195","USMCOB","SOUTH VERMILLON BAY, LA",29.63,-91.95,NA,NA,NA,NA,NA,1991-08-13,"USM",2,"USMCOB-RC5321",2026-05-05,"UTC",1991,8,13,225,00:00:00,NA,"POINT(-91.95 29.63)","USMCOB-RC5321","USMCOB-RC5321-2",NA
"2196","USMCOB","St. Marks",30.074,-84.185,0.7,NA,"FL",0.77,"TL",2011-06-08,"USM",1,"USMCOB-RC53290",2026-05-05,"UTC",2011,6,8,159,00:00:00,NA,"POINT(-84.185 30.074)","USMCOB-RC53290","USMCOB-RC53290-1",NA
"2197","USMCOB","28'55.570/82'51.270",28.926,-82.854,0.8,NA,"FL",0.88,"TL",2012-08-02,"USM",2,"USMCOB-RC53290",2026-05-05,"UTC",2012,8,2,215,00:00:00,NA,"POINT(-82.854 28.926)","USMCOB-RC53290","USMCOB-RC53290-2",NA
"2198","USMCOB","SOUTH MARSH ISLAND,LA  BLK 130",28.307173,-91.993,1.09,NA,"FL",1.22,"TL",1991-06-25,"USM",1,"USMCOB-RC5332",2026-05-05,"UTC",1991,6,25,176,00:00:00,NA,"POINT(-91.993 28.307173)","USMCOB-RC5332","USMCOB-RC5332-1",NA
"2199","USMCOB","APPROX 75MI S OF MARSH ISL.,LA",28.395,-91.883,NA,NA,NA,NA,NA,1992-05-07,"USM",2,"USMCOB-RC5332",2026-05-05,"UTC",1992,5,7,128,00:00:00,NA,"POINT(-91.883 28.395)","USMCOB-RC5332","USMCOB-RC5332-2",NA
"2200","USMCOB","SOUTH MARSH ISLAND,LA  BLK 130",28.307173,-91.993,1.07,NA,"FL",1.21,"TL",1991-06-25,"USM",1,"USMCOB-RC5333",2026-05-05,"UTC",1991,6,25,176,00:00:00,NA,"POINT(-91.993 28.307173)","USMCOB-RC5333","USMCOB-RC5333-1",NA
"2201","USMCOB","38 MI. OFF DAYTONA BEACH, FL",29.444,-80.428,NA,NA,NA,NA,NA,1992-02-17,"USM",2,"USMCOB-RC5333",2026-05-05,"UTC",1992,2,17,48,00:00:00,NA,"POINT(-80.428 29.444)","USMCOB-RC5333","USMCOB-RC5333-2",NA
"2202","USMCOB","West Delta, LA",28.87,-89.66,0.74,NA,"FL",0.85,"TL",2018-05-05,"USM",1,"USMCOB-RC53364",2026-05-05,"UTC",2018,5,5,125,00:00:00,NA,"POINT(-89.66 28.87)","USMCOB-RC53364","USMCOB-RC53364-1",NA
"2203","USMCOB","Oil Rig S Venice, LA",28.44,-89.31,0.91,NA,"FL",NA,NA,2020-06-26,"USM",2,"USMCOB-RC53364",2026-05-05,"UTC",2020,6,26,178,00:00:00,NA,"POINT(-89.31 28.44)","USMCOB-RC53364","USMCOB-RC53364-2",NA
"2204","USMCOB","Ship",30.221,-88.919,0.8,NA,"FL",0.86,"TL",2012-06-26,"USM",1,"USMCOB-RC53508",2026-05-05,"UTC",2012,6,26,178,00:00:00,NA,"POINT(-88.919 30.221)","USMCOB-RC53508","USMCOB-RC53508-1",NA
"2205","USMCOB","Ship Island Buoy 28",30.223,-88.996,0.93,NA,"FL",NA,NA,2012-10-16,"USM",2,"USMCOB-RC53508",2026-05-05,"UTC",2012,10,16,290,00:00:00,NA,"POINT(-88.996 30.223)","USMCOB-RC53508","USMCOB-RC53508-2",NA
"2206","USMCOB","26.03/97.06",26.05,-97.1,0.45,NA,"FL",0.5,"TL",2012-04-04,"USM",1,"USMCOB-RC53530",2026-05-05,"UTC",2012,4,4,95,00:00:00,NA,"POINT(-97.1 26.05)","USMCOB-RC53530","USMCOB-RC53530-1",NA
"2207","USMCOB","26.03/97.06",26.03,-97.06,NA,NA,NA,NA,NA,2012-04-06,"USM",2,"USMCOB-RC53530",2026-05-05,"UTC",2012,4,6,97,00:00:00,NA,"POINT(-97.06 26.03)","USMCOB-RC53530","USMCOB-RC53530-2",NA
"2208","USMCOB","St. Marks, FL",30.074,-84.185,0.73,NA,"FL",0.81,"TL",2013-05-30,"USM",1,"USMCOB-RC53608",2026-05-05,"UTC",2013,5,30,150,00:00:00,NA,"POINT(-84.185 30.074)","USMCOB-RC53608","USMCOB-RC53608-1",NA
"2209","USMCOB","Alligator Point, FL",29.896,-84.382,1.02,NA,"FL",NA,NA,2016-09-28,"USM",2,"USMCOB-RC53608",2026-05-05,"UTC",2016,9,28,272,00:00:00,NA,"POINT(-84.382 29.896)","USMCOB-RC53608","USMCOB-RC53608-2",10.352879524231
"2210","USMCOB","Rodanthe, NC",35.6078,-75.4675,0.75,NA,"FL",0.85,"TL",2013-05-27,"USM",1,"USMCOB-RC53643",2026-05-05,"UTC",2013,5,27,147,00:00:00,NA,"POINT(-75.4675 35.6078)","USMCOB-RC53643","USMCOB-RC53643-1",NA
"2211","USMCOB","Cape Charles, VA",37.266,-76.028,1.17,NA,"TL",NA,NA,2020-07-03,"USM",2,"USMCOB-RC53643",2026-05-05,"UTC",2020,7,3,185,00:00:00,NA,"POINT(-76.028 37.266)","USMCOB-RC53643","USMCOB-RC53643-2",NA
"2212","USMCOB","Oregon Inlet, NC",35.776,-75.512,0.74,NA,"FL",0.86,"TL",2013-06-06,"USM",1,"USMCOB-RC53649",2026-05-05,"UTC",2013,6,6,157,00:00:00,NA,"POINT(-75.512 35.776)","USMCOB-RC53649","USMCOB-RC53649-1",NA
"2213","USMCOB","Chesapeake Bay 37-27N, 76-00W",37.439,-76,0.94,NA,"TL",NA,NA,2014-08-20,"USM",2,"USMCOB-RC53649",2026-05-05,"UTC",2014,8,20,232,00:00:00,NA,"POINT(-76.0 37.439)","USMCOB-RC53649","USMCOB-RC53649-2",NA
"2214","USMCOB","Jeanette's Pier, Nags Head, NC",35.911,-75.593,0.81,NA,"FL",0.91,"TL",2013-09-09,"USM",1,"USMCOB-RC53784",2026-05-05,"UTC",2013,9,9,252,00:00:00,NA,"POINT(-75.593 35.911)","USMCOB-RC53784","USMCOB-RC53784-1",NA
"2215","USMCOB","Baltimore Channel, Chesapeake Bay, VA",39.277,-76.589,1.27,NA,"TL",NA,NA,2015-08-17,"USM",2,"USMCOB-RC53784",2026-05-05,"UTC",2015,8,17,229,00:00:00,NA,"POINT(-76.589 39.277)","USMCOB-RC53784","USMCOB-RC53784-2",NA
"2216","USMCOB","Nags Head, North Carolina - Jennette's Pier",35.911,-75.593,0.81,NA,"FL",0.86,"TL",2013-06-22,"USM",1,"USMCOB-RC53788",2026-05-05,"UTC",2013,6,22,173,00:00:00,NA,"POINT(-75.593 35.911)","USMCOB-RC53788","USMCOB-RC53788-1",NA
"2217","USMCOB","Baltimore Channel Buoy Line",39.262,-76.576,0.94,NA,"TL",NA,NA,2013-08-12,"USM",2,"USMCOB-RC53788",2026-05-05,"UTC",2013,8,12,224,00:00:00,NA,"POINT(-76.576 39.262)","USMCOB-RC53788","USMCOB-RC53788-2",NA
"2218","USMCOB","Pensacola,Fl.",30.333,-87.15,1.22,NA,"FL",1.3,"TL",2012-04-06,"USM",1,"USMCOB-RC54003",2026-05-05,"UTC",2012,4,6,97,00:00:00,NA,"POINT(-87.15 30.333)","USMCOB-RC54003","USMCOB-RC54003-1",NA
"2219","USMCOB","High Island 260",28.468,-93.788,1.37,NA,"TL",NA,NA,2012-06-10,"USM",2,"USMCOB-RC54003",2026-05-05,"UTC",2012,6,10,162,00:00:00,NA,"POINT(-93.788 28.468)","USMCOB-RC54003","USMCOB-RC54003-2",NA
"2220","USMCOB","Pensacola,Fl.",30.333,-87.15,1.04,NA,"FL",1.14,"TL",2012-04-07,"USM",1,"USMCOB-RC54004",2026-05-05,"UTC",2012,4,7,98,00:00:00,NA,"POINT(-87.15 30.333)","USMCOB-RC54004","USMCOB-RC54004-1",NA
"2221","USMCOB","Navarre, Florida",30.378,-86.862,1.12,NA,"FL",NA,NA,2013-04-09,"USM",2,"USMCOB-RC54004",2026-05-05,"UTC",2013,4,9,99,00:00:00,NA,"POINT(-86.862 30.378)","USMCOB-RC54004","USMCOB-RC54004-2",NA
"2222","USMCOB","Navarre Beach,Fl.",30.378,-86.862,1.02,NA,"FL",1.12,"TL",2012-04-12,"USM",1,"USMCOB-RC54010",2026-05-05,"UTC",2012,4,12,103,00:00:00,NA,"POINT(-86.862 30.378)","USMCOB-RC54010","USMCOB-RC54010-1",NA
"2223","USMCOB","Main Pass 299",29.266,-88.762,1.07,NA,"FL",NA,NA,2012-06-29,"USM",2,"USMCOB-RC54010",2026-05-05,"UTC",2012,6,29,181,00:00:00,NA,"POINT(-88.762 29.266)","USMCOB-RC54010","USMCOB-RC54010-2",0.166705995798111
"2224","USMCOB","Dog Ballard Reef/St.Marks,Fl.",29.951,-84.081,0.76,NA,"FL",0.84,"TL",2012-08-03,"USM",1,"USMCOB-RC54018",2026-05-05,"UTC",2012,8,3,216,00:00:00,NA,"POINT(-84.081 29.951)","USMCOB-RC54018","USMCOB-RC54018-1",NA
"2225","USMCOB","Cedar Key, FL",29.091613,-83.038337,0.97,NA,"FL",NA,NA,2013-06-25,"USM",2,"USMCOB-RC54018",2026-05-05,"UTC",2013,6,25,176,00:00:00,NA,"POINT(-83.038337 29.091613)","USMCOB-RC54018","USMCOB-RC54018-2",NA
"2226","USMCOB","Navarre Beach,Fl.",30.378,-86.862,1.12,NA,"FL",1.22,"TL",2012-04-12,"USM",1,"USMCOB-RC54025",2026-05-05,"UTC",2012,4,12,103,00:00:00,NA,"POINT(-86.862 30.378)","USMCOB-RC54025","USMCOB-RC54025-1",NA
"2227","USMCOB","15 miles off Port Canaveral, Florida",28.406,-80.34,1.17,NA,"FL",1.35,"TL",2013-01-06,"USM",2,"USMCOB-RC54025",2026-05-05,"UTC",2013,1,6,6,00:00:00,NA,"POINT(-80.34 28.406)","USMCOB-RC54025","USMCOB-RC54025-2",NA
"2228","USMCOB","Navarre Beach,Fl.",30.378,-86.862,0.99,NA,"FL",1.07,"TL",2012-04-28,"USM",1,"USMCOB-RC54030",2026-05-05,"UTC",2012,4,28,119,00:00:00,NA,"POINT(-86.862 30.378)","USMCOB-RC54030","USMCOB-RC54030-1",NA
"2229","USMCOB","Destin, Florida",30.38,-86.5,NA,NA,NA,NA,NA,2013-04-20,"USM",2,"USMCOB-RC54030",2026-05-05,"UTC",2013,4,20,110,00:00:00,NA,"POINT(-86.5 30.38)","USMCOB-RC54030","USMCOB-RC54030-2",NA
"2230","USMCOB","Pensacola, FL",30.315,-87.203,NA,NA,NA,NA,NA,2013-04-12,"USM",1,"USMCOB-RC54082",2026-05-05,"UTC",2013,4,12,102,00:00:00,NA,"POINT(-87.203 30.315)","USMCOB-RC54082","USMCOB-RC54082-1",NA
"2231","USMCOB","30-12N, 86-31W",30.2,-86.517,1.07,NA,"TL",NA,NA,2013-06-20,"USM",2,"USMCOB-RC54082",2026-05-05,"UTC",2013,6,20,171,00:00:00,NA,"POINT(-86.517 30.2)","USMCOB-RC54082","USMCOB-RC54082-2",NA
"2232","USMCOB","off Fourchon, LA (28-55.7 90-21.1)",28.928,-90.352,1.24,NA,"FL",NA,NA,2014-06-21,"USM",2,"USMCOB-RC54089",2026-05-05,"UTC",2014,6,21,172,00:00:00,NA,"POINT(-90.352 28.928)","USMCOB-RC54089","USMCOB-RC54089-2",NA
"2233","USMCOB","Panama City, FL",30.212,-85.88,0.81,NA,"FL",NA,NA,2013-04-27,"USM",1,"USMCOB-RC54091",2026-05-05,"UTC",2013,4,27,117,00:00:00,NA,"POINT(-85.88 30.212)","USMCOB-RC54091","USMCOB-RC54091-1",NA
"2234","USMCOB","Grand Isle Block 27",29.028,-90.016,0.97,NA,"TL",NA,NA,2013-06-30,"USM",2,"USMCOB-RC54091",2026-05-05,"UTC",2013,6,30,181,00:00:00,NA,"POINT(-90.016 29.028)","USMCOB-RC54091","USMCOB-RC54091-2",NA
"2235","USMCOB","Panama City, FL",30.212,-85.88,NA,NA,NA,NA,NA,2013-04-28,"USM",1,"USMCOB-RC54095",2026-05-05,"UTC",2013,4,28,118,00:00:00,NA,"POINT(-85.88 30.212)","USMCOB-RC54095","USMCOB-RC54095-1",NA
"2236","USMCOB","Panama City Beach, FL",30.212,-85.88,1.04,NA,"FL",NA,NA,2014-03-22,"USM",2,"USMCOB-RC54095",2026-05-05,"UTC",2014,3,22,81,00:00:00,NA,"POINT(-85.88 30.212)","USMCOB-RC54095","USMCOB-RC54095-2",NA
"2237","USMCOB","Pensacola,Fl.",30.333,-87.15,0.67,NA,"FL",0.73,"TL",2012-04-14,"USM",1,"USMCOB-RC54112",2026-05-05,"UTC",2012,4,14,105,00:00:00,NA,"POINT(-87.15 30.333)","USMCOB-RC54112","USMCOB-RC54112-1",NA
"2238","USMCOB","Pensacola Beach, FL",30.333,-87.15,0.94,NA,"FL",1.02,"TL",2013-04-06,"USM",2,"USMCOB-RC54112",2026-05-05,"UTC",2013,4,6,96,00:00:00,NA,"POINT(-87.15 30.333)","USMCOB-RC54112","USMCOB-RC54112-2",NA
"2239","USMCOB","29 17.231, -88 45.584",29.287183,-88.759733,0.97,NA,"FL",1.04,"TL",2019-06-25,"USM",2,"USMCOB-RC54150",2026-05-05,"UTC",2019,6,25,176,00:00:00,NA,"POINT(-88.759733 29.287183)","USMCOB-RC54150","USMCOB-RC54150-2",NA
"2240","USMCOB","26-03, 97-06",26.05,-97.1,0.71,NA,"FL",0.8,"TL",2012-12-04,"USM",1,"USMCOB-RC54163",2026-05-05,"UTC",2012,12,4,339,00:00:00,NA,"POINT(-97.1 26.05)","USMCOB-RC54163","USMCOB-RC54163-1",NA
"2241","USMCOB","15 miles south of Calcasieu Pass, LA",29.544,-93.341,0.91,NA,"TL",NA,NA,2014-08-14,"USM",2,"USMCOB-RC54163",2026-05-05,"UTC",2014,8,14,226,00:00:00,NA,"POINT(-93.341 29.544)","USMCOB-RC54163","USMCOB-RC54163-2",NA
"2242","USMCOB","S. OF CHAND. ISL. (GETTY RIGS)",29.544,-88.677,NA,NA,NA,NA,NA,1990-05-15,"USM",1,"USMCOB-RC5419",2026-05-05,"UTC",1990,5,15,135,00:00:00,NA,"POINT(-88.677 29.544)","USMCOB-RC5419","USMCOB-RC5419-1",NA
"2243","USMCOB","MAIN PASS  (BLOCK 165)",29.62,-88.43,0.83,NA,"FL",NA,NA,1990-07-06,"USM",2,"USMCOB-RC5419",2026-05-05,"UTC",1990,7,6,187,00:00:00,NA,"POINT(-88.43 29.62)","USMCOB-RC5419","USMCOB-RC5419-2",NA
"2244","USMCOB","26 03.91, 97 06.58",26.065,-97.11,0.75,NA,"FL",0.84,"TL",2016-10-17,"USM",1,"USMCOB-RC54200",2026-05-05,"UTC",2016,10,17,291,00:00:00,NA,"POINT(-97.11 26.065)","USMCOB-RC54200","USMCOB-RC54200-1",NA
"2245","USMCOB","Brazos Santiago Pass, TX - 13 mi. NE",26.183,-96.987,0.99,NA,"TL",NA,NA,2017-07-08,"USM",2,"USMCOB-RC54200",2026-05-05,"UTC",2017,7,8,189,00:00:00,NA,"POINT(-96.987 26.183)","USMCOB-RC54200","USMCOB-RC54200-2",NA
"2246","USMCOB","29'39.190/88'46.697",29.653167,-88.778283,0.84,NA,"TL",NA,NA,2012-06-13,"USM",1,"USMCOB-RC54213",2026-05-05,"UTC",2012,6,13,165,00:00:00,NA,"POINT(-88.778283 29.653167)","USMCOB-RC54213","USMCOB-RC54213-1",2.26375699043274
"2247","USMCOB","Pensacola, FL",30.333,-87.15,1.14,NA,"FL",1.24,"TL",2014-04-01,"USM",2,"USMCOB-RC54213",2026-05-05,"UTC",2014,4,1,91,00:00:00,NA,"POINT(-87.15 30.333)","USMCOB-RC54213","USMCOB-RC54213-2",1.19300901889801
"2248","USMCOB","CA29B",29.718,-88.797,0.91,NA,"TL",NA,NA,2012-06-14,"USM",1,"USMCOB-RC54216",2026-05-05,"UTC",2012,6,14,166,00:00:00,NA,"POINT(-88.797 29.718)","USMCOB-RC54216","USMCOB-RC54216-1",2.15617281198502
"2249","USMCOB","Grand Isle (off Fourchon)",29.063,-90.112,1.23,NA,"FL",NA,NA,2013-08-04,"USM",2,"USMCOB-RC54216",2026-05-05,"UTC",2013,8,4,216,00:00:00,NA,"POINT(-90.112 29.063)","USMCOB-RC54216","USMCOB-RC54216-2",NA
"2250","USMCOB","N. End Chandeleur",30.043,-88.878,0.48,NA,"FL",0.51,"TL",2014-05-20,"USM",1,"USMCOB-RC54236",2026-05-05,"UTC",2014,5,20,140,00:00:00,NA,"POINT(-88.878 30.043)","USMCOB-RC54236","USMCOB-RC54236-1",NA
"2251","USMCOB","27 31.669, 80 05.046",27.528,-80.084,1.04,NA,"FL",1.14,"TL",2017-02-02,"USM",2,"USMCOB-RC54236",2026-05-05,"UTC",2017,2,2,33,00:00:00,NA,"POINT(-80.084 27.528)","USMCOB-RC54236","USMCOB-RC54236-2",NA
"2252","USMCOB","Chandeleur Bar",30.043,-88.878,0.81,NA,"FL",0.91,"TL",2012-04-26,"USM",1,"USMCOB-RC54241",2026-05-05,"UTC",2012,4,26,117,00:00:00,NA,"POINT(-88.878 30.043)","USMCOB-RC54241","USMCOB-RC54241-1",4.69804501533508
"2253","USMCOB","30 07.20N 88 32.60W",30.12,-88.543,0.9,NA,"FL",0.93,"TL",2012-05-19,"USM",2,"USMCOB-RC54241",2026-05-05,"UTC",2012,5,19,140,00:00:00,NA,"POINT(-88.543 30.12)","USMCOB-RC54241","USMCOB-RC54241-2",1.75520435969035
"2254","USMCOB","28'50.324/82'58.652",28.838733,-82.977533,0.69,NA,"FL",0.76,"TL",2012-06-10,"USM",1,"USMCOB-RC54257",2026-05-05,"UTC",2012,6,10,162,00:00:00,NA,"POINT(-82.977533 28.838733)","USMCOB-RC54257","USMCOB-RC54257-1",NA
"2255","USMCOB","north of Grassy Key, FL",24.789,-80.952,0.84,NA,"FL",NA,NA,2013-01-03,"USM",2,"USMCOB-RC54257",2026-05-05,"UTC",2013,1,3,3,00:00:00,NA,"POINT(-80.952 24.789)","USMCOB-RC54257","USMCOB-RC54257-2",NA
"2256","USMCOB","28'50.324/82'58.652",28.838733,-82.977533,0.66,NA,"FL",0.74,"TL",2012-07-21,"USM",1,"USMCOB-RC54261",2026-05-05,"UTC",2012,7,21,203,00:00:00,NA,"POINT(-82.977533 28.838733)","USMCOB-RC54261","USMCOB-RC54261-1",NA
"2257","USMCOB","Crystal River, FL - 15 mi. offshore",28.915,-82.946,1.02,NA,"FL",NA,NA,2017-06-17,"USM",2,"USMCOB-RC54261",2026-05-05,"UTC",2017,6,17,168,00:00:00,NA,"POINT(-82.946 28.915)","USMCOB-RC54261","USMCOB-RC54261-2",NA
"2258","USMCOB","#2 Pascagoula Channel",30.153,-88.565,0.66,NA,"FL",0.71,"TL",2012-04-29,"USM",1,"USMCOB-RC54341",2026-05-05,"UTC",2012,4,29,120,00:00:00,NA,"POINT(-88.565 30.153)","USMCOB-RC54341","USMCOB-RC54341-1",NA
"2259","USMCOB","Dauphin Island, AL",30.24,-88.113,NA,NA,NA,NA,NA,2016-05-18,"USM",2,"USMCOB-RC54341",2026-05-05,"UTC",2016,5,18,139,00:00:00,NA,"POINT(-88.113 30.24)","USMCOB-RC54341","USMCOB-RC54341-2",NA
"2260","USMCOB","Little Dog Keys Pass, MS",30.25,-88.83,0.69,NA,"FL",0.83,"TL",2012-10-24,"USM",1,"USMCOB-RC54469",2026-05-05,"UTC",2012,10,24,298,00:00:00,NA,"POINT(-88.83 30.25)","USMCOB-RC54469","USMCOB-RC54469-1",5.36320352554321
"2261","USMCOB","Farewell Buoy, MS",30.119,-88.877,0.97,NA,"TL",NA,NA,2013-10-21,"USM",2,"USMCOB-RC54469",2026-05-05,"UTC",2013,10,21,294,00:00:00,NA,"POINT(-88.877 30.119)","USMCOB-RC54469","USMCOB-RC54469-2",NA
"2262","USMCOB","28'47.514/82'58.578",28.7919,-82.9763,0.94,NA,"FL",1.07,"TL",2012-05-05,"USM",1,"USMCOB-RC54484",2026-05-05,"UTC",2012,5,5,126,00:00:00,NA,"POINT(-82.9763 28.7919)","USMCOB-RC54484","USMCOB-RC54484-1",NA
"2263","USMCOB","Crystal River, FL",28.915,-82.698,0.97,NA,"FL",NA,NA,2012-07-14,"USM",2,"USMCOB-RC54484",2026-05-05,"UTC",2012,7,14,196,00:00:00,NA,"POINT(-82.698 28.915)","USMCOB-RC54484","USMCOB-RC54484-2",NA
"2264","USMCOB","Gulfport Ship Channel #22",30.194,-88.989,0.74,NA,"FL",NA,NA,2015-09-15,"USM",2,"USMCOB-RC54543",2026-05-05,"UTC",2015,9,15,258,00:00:00,NA,"POINT(-88.989 30.194)","USMCOB-RC54543","USMCOB-RC54543-2",NA
"2265","USMCOB","Pensacola Beach, FL",30.315,-87.203,1.12,NA,"FL",NA,NA,2016-04-24,"USM",1,"USMCOB-RC54658",2026-05-05,"UTC",2016,4,24,115,00:00:00,NA,"POINT(-87.203 30.315)","USMCOB-RC54658","USMCOB-RC54658-1",3.63698840141296
"2266","USMCOB","Grande Isle, LA - Offshore rig",29.141,-89.921,1.05,NA,"FL",NA,NA,2016-06-13,"USM",2,"USMCOB-RC54658",2026-05-05,"UTC",2016,6,13,165,00:00:00,NA,"POINT(-89.921 29.141)","USMCOB-RC54658","USMCOB-RC54658-2",NA
"2267","USMCOB","Navarre Beach, FL",30.378,-86.862,0.94,NA,"FL",0.99,"TL",2015-04-10,"USM",1,"USMCOB-RC54773",2026-05-05,"UTC",2015,4,10,100,00:00:00,NA,"POINT(-86.862 30.378)","USMCOB-RC54773","USMCOB-RC54773-1",NA
"2268","USMCOB","Off Mississippi MP 265",29.347,-88.282,0.97,NA,"FL",1.04,"TL",2015-05-03,"USM",2,"USMCOB-RC54773",2026-05-05,"UTC",2015,5,3,123,00:00:00,NA,"POINT(-88.282 29.347)","USMCOB-RC54773","USMCOB-RC54773-2",1.66141092777252
"2269","USMCOB","Navarre Beach, FL",30.378,-86.862,1.02,NA,"FL",1.04,"TL",2015-04-16,"USM",1,"USMCOB-RC54776",2026-05-05,"UTC",2015,4,16,106,00:00:00,NA,"POINT(-86.862 30.378)","USMCOB-RC54776","USMCOB-RC54776-1",NA
"2270","USMCOB","Off Panama City, FL (15 mi offshore)",30.045,-86.034,NA,NA,NA,NA,NA,2015-07-04,"USM",2,"USMCOB-RC54776",2026-05-05,"UTC",2015,7,4,185,00:00:00,NA,"POINT(-86.034 30.045)","USMCOB-RC54776","USMCOB-RC54776-2",NA
"2271","USMCOB","Navarre, FL",30.378,-86.862,1.08,NA,"FL",NA,NA,2015-04-13,"USM",1,"USMCOB-RC54780",2026-05-05,"UTC",2015,4,13,103,00:00:00,NA,"POINT(-86.862 30.378)","USMCOB-RC54780","USMCOB-RC54780-1",NA
"2272","USMCOB","Fouchon, LA - South Timbalier BOEM lease area rig",29.021,-90.14,1.19,NA,"FL",NA,NA,2016-05-13,"USM",2,"USMCOB-RC54780",2026-05-05,"UTC",2016,5,13,134,00:00:00,NA,"POINT(-90.14 29.021)","USMCOB-RC54780","USMCOB-RC54780-2",NA
"2273","USMCOB","MAIN PASS, BLOCK 116(DBL. REC)",29.457,-88.84,0.71,NA,"FL",0.79,"TL",1990-04-30,"USM",1,"USMCOB-RC5480",2026-05-05,"UTC",1990,4,30,120,00:00:00,NA,"POINT(-88.84 29.457)","USMCOB-RC5480","USMCOB-RC5480-1",NA
"2274","USMCOB","12 MI. S. OF PETIT BOIS IS.,MS",30.035,-88.401,0.89,NA,"FL",0.97,"TL",1990-09-15,"USM",2,"USMCOB-RC5480",2026-05-05,"UTC",1990,9,15,258,00:00:00,NA,"POINT(-88.401 30.035)","USMCOB-RC5480","USMCOB-RC5480-2",NA
"2275","USMCOB","Perdido Key,Fl.",30.288,-87.427,0.91,NA,"FL",1.02,"TL",2013-06-20,"USM",1,"USMCOB-RC54877",2026-05-05,"UTC",2013,6,20,171,00:00:00,NA,"POINT(-87.427 30.288)","USMCOB-RC54877","USMCOB-RC54877-1",NA
"2276","USMCOB","Off Destin, FL",30.38,-86.5,0.98,NA,"TL",NA,NA,2015-04-09,"USM",2,"USMCOB-RC54877",2026-05-05,"UTC",2015,4,9,99,00:00:00,NA,"POINT(-86.5 30.38)","USMCOB-RC54877","USMCOB-RC54877-2",0.766894578933716
"2277","USMCOB","9 MI. S. OF FORT MORGAN, AL",30.093879,-88.02109,0.55,NA,"FL",0.59,"TL",1990-05-23,"USM",1,"USMCOB-RC5491",2026-05-05,"UTC",1990,5,23,143,00:00:00,NA,"POINT(-88.02109 30.093879)","USMCOB-RC5491","USMCOB-RC5491-1",NA
"2278","USMCOB","BIG PINE KEY, FL (BAHIA HONDA)",24.628,-81.352,0.94,NA,"FL",NA,NA,1991-05-03,"USM",2,"USMCOB-RC5491",2026-05-05,"UTC",1991,5,3,123,00:00:00,NA,"POINT(-81.352 24.628)","USMCOB-RC5491","USMCOB-RC5491-2",NA
"2279","USMCOB","26'03/97'06",26.05,-97.1,0.7,NA,"FL",0.79,"TL",2012-08-11,"USM",1,"USMCOB-RC54982",2026-05-05,"UTC",2012,8,11,224,00:00:00,NA,"POINT(-97.1 26.05)","USMCOB-RC54982","USMCOB-RC54982-1",0.405347004532814
"2280","USMCOB","off Vera Cruz, Mexico",19.913,-96.097,0.99,NA,"TL",NA,NA,2013-12-27,"USM",2,"USMCOB-RC54982",2026-05-05,"UTC",2013,12,27,361,00:00:00,NA,"POINT(-96.097 19.913)","USMCOB-RC54982","USMCOB-RC54982-2",NA
"2281","USMCOB","3.5 MI. S. OF FORT MORGAN, ALA",30.17,-88.03,0.6,NA,"FL",0.65,"TL",1990-05-23,"USM",1,"USMCOB-RC5500",2026-05-05,"UTC",1990,5,23,143,00:00:00,NA,"POINT(-88.03 30.17)","USMCOB-RC5500","USMCOB-RC5500-1",NA
"2282","USMCOB","OFF FORT MORGAN, AL",30.218,-88.018,NA,NA,NA,NA,NA,1991-10-12,"USM",2,"USMCOB-RC5500",2026-05-05,"UTC",1991,10,12,285,00:00:00,NA,"POINT(-88.018 30.218)","USMCOB-RC5500","USMCOB-RC5500-2",NA
"2283","USMCOB","29'13.430/89'54.301",29.223833,-89.905017,0.99,NA,"FL",NA,NA,2012-08-21,"USM",1,"USMCOB-RC55023",2026-05-05,"UTC",2012,8,21,234,00:00:00,NA,"POINT(-89.905017 29.223833)","USMCOB-RC55023","USMCOB-RC55023-1",NA
"2284","USMCOB","NE of Ship Island, MS",30.257,-88.9,0.96,NA,"FL",1.08,"TL",2012-09-23,"USM",2,"USMCOB-RC55023",2026-05-05,"UTC",2012,9,23,267,00:00:00,NA,"POINT(-88.9 30.257)","USMCOB-RC55023","USMCOB-RC55023-2",19.2257022857666
"2285","USMCOB","28-37.051 80-24.335",28.617517,-80.405583,0.74,NA,"FL",0.81,"TL",2013-07-03,"USM",1,"USMCOB-RC55033",2026-05-05,"UTC",2013,7,3,184,00:00:00,NA,"POINT(-80.405583 28.617517)","USMCOB-RC55033","USMCOB-RC55033-1",NA
"2286","USMCOB","off Port Canaveral",28.41,-80.584,0.89,NA,"TL",NA,NA,2013-07-23,"USM",2,"USMCOB-RC55033",2026-05-05,"UTC",2013,7,23,204,00:00:00,NA,"POINT(-80.584 28.41)","USMCOB-RC55033","USMCOB-RC55033-2",NA
"2287","USMCOB","28-37.045 80-24.360",28.617417,-80.406,0.69,NA,"FL",0.74,"TL",2013-07-07,"USM",1,"USMCOB-RC55034",2026-05-05,"UTC",2013,7,7,188,00:00:00,NA,"POINT(-80.406 28.617417)","USMCOB-RC55034","USMCOB-RC55034-1",NA
"2288","USMCOB","Merritt Island, FL",28.313,-80.673,NA,NA,NA,NA,NA,2015-03-12,"USM",2,"USMCOB-RC55034",2026-05-05,"UTC",2015,3,12,71,00:00:00,NA,"POINT(-80.673 28.313)","USMCOB-RC55034","USMCOB-RC55034-2",NA
"2289","USMCOB","28-38.492N 80-25.600W",28.641533,-80.426667,0.79,NA,"FL",0.86,"TL",2014-06-10,"USM",1,"USMCOB-RC55037",2026-05-05,"UTC",2014,6,10,161,00:00:00,NA,"POINT(-80.426667 28.641533)","USMCOB-RC55037","USMCOB-RC55037-1",0.484130352735519
"2290","USMCOB","St. Lucie Inlet, FL ""the sand pile""",27.148,-80.137,0.91,NA,"TL",NA,NA,2016-03-20,"USM",2,"USMCOB-RC55037",2026-05-05,"UTC",2016,3,20,80,00:00:00,NA,"POINT(-80.137 27.148)","USMCOB-RC55037","USMCOB-RC55037-2",NA
"2291","USMCOB","88'25/30'05",30.211125,-87.660774,0.85,NA,"FL",0.89,"TL",2012-06-12,"USM",1,"USMCOB-RC55056",2026-05-05,"UTC",2012,6,12,164,00:00:00,NA,"POINT(-87.660774 30.211125)","USMCOB-RC55056","USMCOB-RC55056-1",NA
"2292","USMCOB","west of Destin Pass",30.383,-86.515,NA,NA,NA,NA,NA,2013-04-20,"USM",2,"USMCOB-RC55056",2026-05-05,"UTC",2013,4,20,110,00:00:00,NA,"POINT(-86.515 30.383)","USMCOB-RC55056","USMCOB-RC55056-2",NA
"2293","USMCOB","St. Marks FL",30.074,-84.185,0.7,NA,"FL",0.76,"TL",2015-04-26,"USM",1,"USMCOB-RC55305",2026-05-05,"UTC",2015,4,26,116,00:00:00,NA,"POINT(-84.185 30.074)","USMCOB-RC55305","USMCOB-RC55305-1",NA
"2294","USMCOB","St. Marks, Florida - Dog Ballard Reef",29.951,-84.081,1.07,NA,"FL",1.17,"TL",2018-06-24,"USM",2,"USMCOB-RC55305",2026-05-05,"UTC",2018,6,24,175,00:00:00,NA,"POINT(-84.081 29.951)","USMCOB-RC55305","USMCOB-RC55305-2",11.1639533042908
"2295","USMCOB","Jeanette's Pier, Nags Head, NC",35.911,-75.593,0.71,NA,"FL",0.81,"TL",2014-08-09,"USM",1,"USMCOB-RC55346",2026-05-05,"UTC",2014,8,9,221,00:00:00,NA,"POINT(-75.593 35.911)","USMCOB-RC55346","USMCOB-RC55346-1",NA
"2296","USMCOB","Virginia Beach, VA",36.851789,-75.972627,1.42,NA,"TL",NA,NA,2018-08-29,"USM",2,"USMCOB-RC55346",2026-05-05,"UTC",2018,8,29,241,00:00:00,NA,"POINT(-75.972627 36.851789)","USMCOB-RC55346","USMCOB-RC55346-2",NA
"2297","USMCOB","Jeanette's Pier, Nags Head, NC",35.911,-75.593,0.66,NA,"FL",0.74,"TL",2014-08-14,"USM",1,"USMCOB-RC55377",2026-05-05,"UTC",2014,8,14,226,00:00:00,NA,"POINT(-75.593 35.911)","USMCOB-RC55377","USMCOB-RC55377-1",NA
"2298","USMCOB","Chesapeake Bay at mouth of Rappahannock River",37.6,-76.236,0.91,NA,"FL",0.91,"TL",2015-07-17,"USM",2,"USMCOB-RC55377",2026-05-05,"UTC",2015,7,17,198,00:00:00,NA,"POINT(-76.236 37.6)","USMCOB-RC55377","USMCOB-RC55377-2",8.24126720428467
"2299","USMCOB","N 29 45.071 W 84 34.501",29.751183,-84.575017,0.81,NA,"FL",0.91,"TL",2017-05-06,"USM",1,"USMCOB-RC55407",2026-05-05,"UTC",2017,5,6,126,00:00:00,NA,"POINT(-84.575017 29.751183)","USMCOB-RC55407","USMCOB-RC55407-1",NA
"2300","USMCOB","29 45.068, 84 34.494",29.751,-84.575,0.85,NA,"FL",0.97,"TL",2017-07-05,"USM",2,"USMCOB-RC55407",2026-05-05,"UTC",2017,7,5,186,00:00:00,NA,"POINT(-84.575 29.751)","USMCOB-RC55407","USMCOB-RC55407-2",48.9250710805257
"2301","USMCOB","Destin, FL",30.38,-86.5,0.52,NA,"FL",0.56,"TL",2015-04-18,"USM",1,"USMCOB-RC55415",2026-05-05,"UTC",2015,4,18,108,00:00:00,NA,"POINT(-86.5 30.38)","USMCOB-RC55415","USMCOB-RC55415-1",NA
"2302","USMCOB","N 30 17.090 W -87 11.162",30.285,-87.186,NA,NA,NA,NA,NA,2015-05-01,"USM",2,"USMCOB-RC55415",2026-05-05,"UTC",2015,5,1,121,00:00:00,NA,"POINT(-87.186 30.285)","USMCOB-RC55415","USMCOB-RC55415-2",NA
"2303","USMCOB","St. Marks, Florida 29-56.94, 84-05.11",29.949,-84.085,0.94,NA,"FL",1.09,"TL",2013-04-27,"USM",1,"USMCOB-RC55492",2026-05-05,"UTC",2013,4,27,117,00:00:00,NA,"POINT(-84.085 29.949)","USMCOB-RC55492","USMCOB-RC55492-1",NA
"2304","USMCOB","St. Marks, Florida",30.074,-84.185,0.94,NA,"FL",1.06,"TL",2013-05-17,"USM",2,"USMCOB-RC55492",2026-05-05,"UTC",2013,5,17,137,00:00:00,NA,"POINT(-84.185 30.074)","USMCOB-RC55492","USMCOB-RC55492-2",NA
"2305","USMCOB","Shell Point, Florida",30.057,-84.29,0.74,NA,"FL",0.77,"TL",2013-07-24,"USM",1,"USMCOB-RC55500",2026-05-05,"UTC",2013,7,24,205,00:00:00,NA,"POINT(-84.29 30.057)","USMCOB-RC55500","USMCOB-RC55500-1",NA
"2306","USMCOB","mouth of St. Marks River",30.074,-84.185,0.91,NA,"FL",NA,NA,2014-06-21,"USM",2,"USMCOB-RC55500",2026-05-05,"UTC",2014,6,21,172,00:00:00,NA,"POINT(-84.185 30.074)","USMCOB-RC55500","USMCOB-RC55500-2",24.0433235168457
"2307","USMCOB","Pensacola, FL 30 19.914, 86 59.154",30.315,-87.203,0.48,NA,"FL",0.51,"TL",2017-05-02,"USM",1,"USMCOB-RC55519",2026-05-05,"UTC",2017,5,2,122,00:00:00,NA,"POINT(-87.203 30.315)","USMCOB-RC55519","USMCOB-RC55519-1",NA
"2308","USMCOB","Destin, FL",30.38,-86.5,NA,NA,NA,NA,NA,2017-07-14,"USM",2,"USMCOB-RC55519",2026-05-05,"UTC",2017,7,14,195,00:00:00,NA,"POINT(-86.5 30.38)","USMCOB-RC55519","USMCOB-RC55519-2",NA
"2309","USMCOB","Pensacola Beach",30.315,-87.203,0.91,NA,"FL",0.99,"TL",2014-04-23,"USM",1,"USMCOB-RC55606",2026-05-05,"UTC",2014,4,23,113,00:00:00,NA,"POINT(-87.203 30.315)","USMCOB-RC55606","USMCOB-RC55606-1",NA
"2310","USMCOB","Pensacola Bay, FL",30.415,-87.134,1.22,NA,"TL",NA,NA,2016-06-03,"USM",2,"USMCOB-RC55606",2026-05-05,"UTC",2016,6,3,155,00:00:00,NA,"POINT(-87.134 30.415)","USMCOB-RC55606","USMCOB-RC55606-2",NA
"2311","USMCOB","Pensacola",30.315,-87.203,1.09,NA,"FL",1.17,"TL",2014-04-25,"USM",1,"USMCOB-RC55608",2026-05-05,"UTC",2014,4,25,115,00:00:00,NA,"POINT(-87.203 30.315)","USMCOB-RC55608","USMCOB-RC55608-1",NA
"2312","USMCOB","Pensacola Beach, FL",30.333,-87.15,1.04,NA,"FL",NA,NA,2015-04-18,"USM",2,"USMCOB-RC55608",2026-05-05,"UTC",2015,4,18,108,00:00:00,NA,"POINT(-87.15 30.333)","USMCOB-RC55608","USMCOB-RC55608-2",NA
"2313","USMCOB","FH-1 (OFF HORN ISLAND, MS)",30.059,-88.611,0.74,NA,"FL",0.81,"TL",1992-03-07,"USM",1,"USMCOB-RC5561",2026-05-05,"UTC",1992,3,7,67,00:00:00,NA,"POINT(-88.611 30.059)","USMCOB-RC5561","USMCOB-RC5561-1",NA
"2314","USMCOB","BUOY 19, PASC. SHIP CHANNEL,MS",30.222,-88.508,0.91,NA,"TL",NA,NA,1992-06-16,"USM",2,"USMCOB-RC5561",2026-05-05,"UTC",1992,6,16,168,00:00:00,NA,"POINT(-88.508 30.222)","USMCOB-RC5561","USMCOB-RC5561-2",NA
"2315","USMCOB","Pensacola, FL",30.315,-87.203,0.84,NA,"FL",0.91,"TL",2015-04-17,"USM",1,"USMCOB-RC55648",2026-05-05,"UTC",2015,4,17,107,00:00:00,NA,"POINT(-87.203 30.315)","USMCOB-RC55648","USMCOB-RC55648-1",NA
"2316","USMCOB","S. of Pensacola, FL",30.333,-87.15,0.79,NA,"FL",NA,NA,2015-05-10,"USM",2,"USMCOB-RC55648",2026-05-05,"UTC",2015,5,10,130,00:00:00,NA,"POINT(-87.15 30.333)","USMCOB-RC55648","USMCOB-RC55648-2",NA
"2317","USMCOB","Pensacola, FL- 2 mi from Pass",30.289,-87.3,0.86,NA,"TL",NA,NA,2017-03-29,"USM",2,"USMCOB-RC55684",2026-05-05,"UTC",2017,3,29,88,00:00:00,NA,"POINT(-87.3 30.289)","USMCOB-RC55684","USMCOB-RC55684-2",5.71589767932892
"2318","USMCOB","DOG KEYS PASS, FAREWELL BUOY",30.201,-88.757,NA,NA,NA,NA,NA,1990-09-14,"USM",1,"USMCOB-RC5581",2026-05-05,"UTC",1990,9,14,257,00:00:00,NA,"POINT(-88.757 30.201)","USMCOB-RC5581","USMCOB-RC5581-1",NA
"2319","USMCOB","5 MI. SE. OF PETIT BOIS IS.,MS",30.158,-88.365,0.76,NA,"FL",NA,NA,1990-09-22,"USM",2,"USMCOB-RC5581",2026-05-05,"UTC",1990,9,22,265,00:00:00,NA,"POINT(-88.365 30.158)","USMCOB-RC5581","USMCOB-RC5581-2",NA
"2320","USMCOB","Ocean Springs, MS",30.406,-88.834,1.07,NA,"FL",1.22,"TL",2019-09-28,"USM",2,"USMCOB-RC56113",2026-05-05,"UTC",2019,9,28,271,00:00:00,NA,"POINT(-88.834 30.406)","USMCOB-RC56113","USMCOB-RC56113-2",NA
"2321","USMCOB","Pensacola Beach, FL - 4 mi. S",30.315,-87.203,0.74,NA,"FL",NA,NA,2015-06-23,"USM",1,"USMCOB-RC56164",2026-05-05,"UTC",2015,6,23,174,00:00:00,NA,"POINT(-87.203 30.315)","USMCOB-RC56164","USMCOB-RC56164-1",1.28171616792679
"2322","USMCOB","Pensacola Bay, FL - Farewell Buoy",30.263,-87.291,1,NA,"FL",NA,NA,2016-06-02,"USM",2,"USMCOB-RC56164",2026-05-05,"UTC",2016,6,2,154,00:00:00,NA,"POINT(-87.291 30.263)","USMCOB-RC56164","USMCOB-RC56164-2",NA
"2323","USMCOB","Pensacola Beach, FL - 2 mi. out",30.3,-87.15,0.41,NA,"TL",NA,NA,2018-05-22,"USM",2,"USMCOB-RC56169",2026-05-05,"UTC",2018,5,22,142,00:00:00,NA,"POINT(-87.15 30.3)","USMCOB-RC56169","USMCOB-RC56169-2",NA
"2324","USMCOB","Jennettes Pier, Nags Head, NC",35.911,-75.593,0.81,NA,"FL",0.89,"TL",2015-06-04,"USM",1,"USMCOB-RC56269",2026-05-05,"UTC",2015,6,4,155,00:00:00,NA,"POINT(-75.593 35.911)","USMCOB-RC56269","USMCOB-RC56269-1",NA
"2325","USMCOB","Chesapeake Bay - 37 05 51.8, 76 12 25.7",37.1,-76.207,0.94,NA,"FL",1.04,"TL",2016-06-22,"USM",2,"USMCOB-RC56269",2026-05-05,"UTC",2016,6,22,174,00:00:00,NA,"POINT(-76.207 37.1)","USMCOB-RC56269","USMCOB-RC56269-2",NA
"2326","USMCOB","Jennettes Pier, Nags Head, NC",35.911,-75.593,0.93,NA,"FL",1.02,"TL",2016-06-27,"USM",1,"USMCOB-RC56273",2026-05-05,"UTC",2016,6,27,179,00:00:00,NA,"POINT(-75.593 35.911)","USMCOB-RC56273","USMCOB-RC56273-1",NA
"2327","USMCOB","Cape Henry, VA",36.931153,-76.019931,1.37,NA,"TL",NA,NA,2018-08-17,"USM",2,"USMCOB-RC56273",2026-05-05,"UTC",2018,8,17,229,00:00:00,NA,"POINT(-76.019931 36.931153)","USMCOB-RC56273","USMCOB-RC56273-2",NA
"2328","USMCOB","Jennettes Pier, Nags Head, NC",35.911,-75.593,0.41,NA,"FL",0.44,"TL",2016-08-09,"USM",1,"USMCOB-RC56280",2026-05-05,"UTC",2016,8,9,222,00:00:00,NA,"POINT(-75.593 35.911)","USMCOB-RC56280","USMCOB-RC56280-1",NA
"2329","USMCOB","8.5 miles off Rodanthe, NC",35.6078,-75.2548,0.71,NA,"FL",0.8,"TL",2014-05-20,"USM",1,"USMCOB-RC56501",2026-05-05,"UTC",2014,5,20,140,00:00:00,NA,"POINT(-75.2548 35.6078)","USMCOB-RC56501","USMCOB-RC56501-1",0.688249498605728
"2330","USMCOB","Chesapeake Bay - offshore of Dividing Creek in Va waters",37.94,-76.722,1.16,NA,"TL",NA,NA,2015-07-03,"USM",2,"USMCOB-RC56501",2026-05-05,"UTC",2015,7,3,184,00:00:00,NA,"POINT(-76.722 37.94)","USMCOB-RC56501","USMCOB-RC56501-2",NA
"2331","USMCOB","12282.1 / 46968.2",29.65,-88.84333,0.48,NA,"FL",0.51,"TL",1990-10-21,"USM",1,"USMCOB-RC5655",2026-05-05,"UTC",1990,10,21,294,00:00:00,NA,"POINT(-88.84333 29.65)","USMCOB-RC5655","USMCOB-RC5655-1",NA
"2332","USMCOB","GRAND GOSIER IS., BRETON SOUND",29.546,-89.068,0.69,NA,"FL",NA,NA,1991-07-29,"USM",2,"USMCOB-RC5655",2026-05-05,"UTC",1991,7,29,210,00:00:00,NA,"POINT(-89.068 29.546)","USMCOB-RC5655","USMCOB-RC5655-2",NA
"2333","USMCOB","Off Sebastian Inlet, FL",27.861,-80.447,0.79,NA,"FL",NA,NA,2015-04-03,"USM",2,"USMCOB-RC56711",2026-05-05,"UTC",2015,4,3,93,00:00:00,NA,"POINT(-80.447 27.861)","USMCOB-RC56711","USMCOB-RC56711-2",NA
"2334","USMCOB","Homosassa, FL",28.785,-82.62,0.83,NA,"FL",NA,NA,2017-10-11,"USM",2,"USMCOB-RC56744",2026-05-05,"UTC",2017,10,11,284,00:00:00,NA,"POINT(-82.62 28.785)","USMCOB-RC56744","USMCOB-RC56744-2",NA
"2335","USMCOB","30 03.894, 88 30.299",30.0649,-88.50498,1.32,NA,"TL",NA,NA,2018-06-15,"USM",2,"USMCOB-RC56762",2026-05-05,"UTC",2018,6,15,166,00:00:00,NA,"POINT(-88.50498 30.0649)","USMCOB-RC56762","USMCOB-RC56762-2",2.48829364776611
"2336","USMCOB","Oregon Inlet, NC sea buoy",35.81,-75.51,0.76,NA,"FL",0.84,"TL",2015-05-31,"USM",1,"USMCOB-RC56838",2026-05-05,"UTC",2015,5,31,151,00:00:00,NA,"POINT(-75.51 35.81)","USMCOB-RC56838","USMCOB-RC56838-1",NA
"2337","USMCOB","Windmill Point Light, N of Rappahannock R.",37.6,-76.236,0.93,NA,"TL",NA,NA,2015-07-07,"USM",2,"USMCOB-RC56838",2026-05-05,"UTC",2015,7,7,188,00:00:00,NA,"POINT(-76.236 37.6)","USMCOB-RC56838","USMCOB-RC56838-2",NA
"2338","USMCOB","Moorehead City, NC - 30 mi. S",34.717,-76.726,0.99,NA,"TL",NA,NA,2017-07-20,"USM",2,"USMCOB-RC56839",2026-05-05,"UTC",2017,7,20,201,00:00:00,NA,"POINT(-76.726 34.717)","USMCOB-RC56839","USMCOB-RC56839-2",NA
"2339","USMCOB","Fish Haven 2, MS",30.085,-88.565,0.53,NA,"FL",0.58,"TL",2022-07-08,"USM",1,"USMCOB-RC56845",2026-05-05,"UTC",2022,7,8,189,00:00:00,NA,"POINT(-88.565 30.085)","USMCOB-RC56845","USMCOB-RC56845-1",1.39988785982132
"2340","USMCOB","Pascagoula Ship Channel, MS - farewell buoy",30.142,-88.578,0.58,NA,"TL",NA,NA,2022-07-28,"USM",2,"USMCOB-RC56845",2026-05-05,"UTC",2022,7,28,209,00:00:00,NA,"POINT(-88.578 30.142)","USMCOB-RC56845","USMCOB-RC56845-2",NA
"2341","USMCOB","OFF CHANDELEUR ISLANDS",29.819,-88.836,0.61,NA,"FL",0.66,"TL",1990-07-15,"USM",1,"USMCOB-RC5685",2026-05-05,"UTC",1990,7,15,196,00:00:00,NA,"POINT(-88.836 29.819)","USMCOB-RC5685","USMCOB-RC5685-1",NA
"2342","USMCOB","6 MI.S. OF CHANDELEUR IS.LIGHT",29.964,-88.873,0.61,NA,"FL",0.66,"TL",1990-07-16,"USM",2,"USMCOB-RC5685",2026-05-05,"UTC",1990,7,16,197,00:00:00,NA,"POINT(-88.873 29.964)","USMCOB-RC5685","USMCOB-RC5685-2",NA
"2343","USMCOB","Navarre, FL",30.378,-86.862,0.81,NA,"FL",0.89,"TL",2015-04-22,"USM",1,"USMCOB-RC56896",2026-05-05,"UTC",2015,4,22,112,00:00:00,NA,"POINT(-86.862 30.378)","USMCOB-RC56896","USMCOB-RC56896-1",NA
"2344","USMCOB","Orange Beach",30.267,-87.585,0.89,NA,"TL",NA,NA,2015-05-30,"USM",2,"USMCOB-RC56896",2026-05-05,"UTC",2015,5,30,150,00:00:00,NA,"POINT(-87.585 30.267)","USMCOB-RC56896","USMCOB-RC56896-2",NA
"2345","USMCOB","Pensacola Beach, FL",30.315,-87.203,0.71,NA,"FL",0.79,"TL",2015-04-26,"USM",1,"USMCOB-RC56902",2026-05-05,"UTC",2015,4,26,116,00:00:00,NA,"POINT(-87.203 30.315)","USMCOB-RC56902","USMCOB-RC56902-1",NA
"2346","USMCOB","Destin, FL",30.38,-86.5,1.02,NA,"FL",NA,NA,2017-07-18,"USM",2,"USMCOB-RC56902",2026-05-05,"UTC",2017,7,18,199,00:00:00,NA,"POINT(-86.5 30.38)","USMCOB-RC56902","USMCOB-RC56902-2",NA
"2347","USMCOB","Navarre, FL",30.378,-86.862,0.99,NA,"FL",1.12,"TL",2019-04-15,"USM",1,"USMCOB-RC57000",2026-05-05,"UTC",2019,4,15,105,00:00:00,NA,"POINT(-86.862 30.378)","USMCOB-RC57000","USMCOB-RC57000-1",NA
"2348","USMCOB","Jupiter Island, FL - 9 mi. off",27.071,-79.959,0.86,NA,"FL",NA,NA,2020-02-16,"USM",2,"USMCOB-RC57000",2026-05-05,"UTC",2020,2,16,47,00:00:00,NA,"POINT(-79.959 27.071)","USMCOB-RC57000","USMCOB-RC57000-2",NA
"2349","USMCOB","Mobile Bay, AL",30.428,-88.015,0.36,NA,"FL",0.38,"TL",2016-09-22,"USM",1,"USMCOB-RC57143",2026-05-05,"UTC",2016,9,22,266,00:00:00,NA,"POINT(-88.015 30.428)","USMCOB-RC57143","USMCOB-RC57143-1",NA
"2350","USMCOB","Mobile Bay, AL",30.428,-88.015,0.38,NA,"TL",NA,NA,2016-09-28,"USM",2,"USMCOB-RC57143",2026-05-05,"UTC",2016,9,28,272,00:00:00,NA,"POINT(-88.015 30.428)","USMCOB-RC57143","USMCOB-RC57143-2",NA
"2351","USMCOB","30 21.867, 86 54.114",30.36445,-86.9019,1.24,NA,"FL",1.33,"TL",2018-05-03,"USM",1,"USMCOB-RC57196",2026-05-05,"UTC",2018,5,3,123,00:00:00,NA,"POINT(-86.9019 30.36445)","USMCOB-RC57196","USMCOB-RC57196-1",NA
"2352","USMCOB","Ft. Morgan AL - 14 mi. S at Rig",30.02,-88.017,NA,NA,NA,NA,NA,2018-06-09,"USM",2,"USMCOB-RC57196",2026-05-05,"UTC",2018,6,9,160,00:00:00,NA,"POINT(-88.017 30.02)","USMCOB-RC57196","USMCOB-RC57196-2",NA
"2353","USMCOB","12850.0 / 47035.0",30.04333,-87.86667,0.64,NA,"TL",NA,NA,1990-10-18,"USM",1,"USMCOB-RC5720",2026-05-05,"UTC",1990,10,18,291,00:00:00,NA,"POINT(-87.86667 30.04333)","USMCOB-RC5720","USMCOB-RC5720-1",NA
"2354","USMCOB","SE.OF SAND IS. LIGHT HOUSE, AL",30.184,-88.046,0.74,NA,"TL",NA,NA,1990-11-23,"USM",2,"USMCOB-RC5720",2026-05-05,"UTC",1990,11,23,327,00:00:00,NA,"POINT(-88.046 30.184)","USMCOB-RC5720","USMCOB-RC5720-2",NA
"2355","USMCOB","WEST END OF SHIP ISL.",30.21,-88.964,0.74,NA,"FL",0.8,"TL",1990-08-12,"USM",1,"USMCOB-RC5721",2026-05-05,"UTC",1990,8,12,224,00:00:00,NA,"POINT(-88.964 30.21)","USMCOB-RC5721","USMCOB-RC5721-1",NA
"2356","USMCOB","0.5 MI.SW. OF GLPT. SHIP CHAN.",30.344,-89.09,0.84,NA,"TL",NA,NA,1990-10-06,"USM",2,"USMCOB-RC5721",2026-05-05,"UTC",1990,10,6,279,00:00:00,NA,"POINT(-89.09 30.344)","USMCOB-RC5721","USMCOB-RC5721-2",NA
"2357","USMCOB","WEST END OF SHIP ISL.",30.21,-88.964,0.72,NA,"FL",0.8,"TL",1990-08-20,"USM",1,"USMCOB-RC5726",2026-05-05,"UTC",1990,8,20,232,00:00:00,NA,"POINT(-88.964 30.21)","USMCOB-RC5726","USMCOB-RC5726-1",NA
"2358","USMCOB","8 MI. S. OF ORANGE BEACH, AL",30.151,-87.585,0.85,NA,"FL",0.96,"TL",1990-10-28,"USM",2,"USMCOB-RC5726",2026-05-05,"UTC",1990,10,28,301,00:00:00,NA,"POINT(-87.585 30.151)","USMCOB-RC5726","USMCOB-RC5726-2",NA
"2359","USMCOB","WEST END OF SHIP ISL.",30.21,-88.964,0.66,NA,"FL",0.74,"TL",1990-08-20,"USM",1,"USMCOB-RC5728",2026-05-05,"UTC",1990,8,20,232,00:00:00,NA,"POINT(-88.964 30.21)","USMCOB-RC5728","USMCOB-RC5728-1",NA
"2360","USMCOB","PENSACOLA PASS, FL",30.326,-87.307,1.14,NA,"FL",NA,NA,1992-10-13,"USM",2,"USMCOB-RC5728",2026-05-05,"UTC",1992,10,13,287,00:00:00,NA,"POINT(-87.307 30.326)","USMCOB-RC5728","USMCOB-RC5728-2",NA
"2361","USMCOB","WEST END OF SHIP ISLAND",30.21,-88.964,0.6,NA,"FL",0.65,"TL",1990-08-14,"USM",1,"USMCOB-RC5734",2026-05-05,"UTC",1990,8,14,226,00:00:00,NA,"POINT(-88.964 30.21)","USMCOB-RC5734","USMCOB-RC5734-1",NA
"2362","USMCOB","3 MI. S. OF DAUPHIN ISL., AL",30.203,-88.215,0.61,NA,"FL",NA,NA,1990-09-28,"USM",2,"USMCOB-RC5734",2026-05-05,"UTC",1990,9,28,271,00:00:00,NA,"POINT(-88.215 30.203)","USMCOB-RC5734","USMCOB-RC5734-2",NA
"2363","USMCOB","WEST END OF SHIP ISLAND",30.21,-88.964,0.79,NA,"FL",0.86,"TL",1990-08-14,"USM",1,"USMCOB-RC5736",2026-05-05,"UTC",1990,8,14,226,00:00:00,NA,"POINT(-88.964 30.21)","USMCOB-RC5736","USMCOB-RC5736-1",NA
"2364","USMCOB","SOUTH TIMBALIER, BLOCK 86, LA",28.768,-90.22,1.02,NA,"TL",NA,NA,1991-08-21,"USM",2,"USMCOB-RC5736",2026-05-05,"UTC",1991,8,21,233,00:00:00,NA,"POINT(-90.22 28.768)","USMCOB-RC5736","USMCOB-RC5736-2",NA
"2365","USMCOB","Pensacola, FL",30.315,-87.203,0.86,NA,"FL",0.94,"TL",2020-04-21,"USM",1,"USMCOB-RC57391",2026-05-05,"UTC",2020,4,21,112,00:00:00,NA,"POINT(-87.203 30.315)","USMCOB-RC57391","USMCOB-RC57391-1",NA
"2366","USMCOB","1.5 mi. S Navarre, FL",30.351,-86.897,0.86,NA,"FL",NA,NA,2020-05-31,"USM",2,"USMCOB-RC57391",2026-05-05,"UTC",2020,5,31,152,00:00:00,NA,"POINT(-86.897 30.351)","USMCOB-RC57391","USMCOB-RC57391-2",NA
"2367","USMCOB","W. END OF SHIP ISL.",30.21,-88.964,NA,NA,NA,NA,NA,1990-07-15,"USM",1,"USMCOB-RC5744",2026-05-05,"UTC",1990,7,15,196,00:00:00,NA,"POINT(-88.964 30.21)","USMCOB-RC5744","USMCOB-RC5744-1",NA
"2368","USMCOB","BLOCK #41, OFF BRETON ISL., LA",29.39,-89.99,0.81,NA,"FL",NA,NA,1990-09-21,"USM",2,"USMCOB-RC5744",2026-05-05,"UTC",1990,9,21,264,00:00:00,NA,"POINT(-89.99 29.39)","USMCOB-RC5744","USMCOB-RC5744-2",NA
"2369","USMCOB","Pensacola Beach, FL",30.315,-87.203,0.99,NA,"FL",NA,NA,2016-04-21,"USM",1,"USMCOB-RC57470",2026-05-05,"UTC",2016,4,21,112,00:00:00,NA,"POINT(-87.203 30.315)","USMCOB-RC57470","USMCOB-RC57470-1",NA
"2370","USMCOB","Sand Island, MS - 7 mi. S",30.086,-88.05,0.99,NA,"FL",NA,NA,2016-05-09,"USM",2,"USMCOB-RC57470",2026-05-05,"UTC",2016,5,9,130,00:00:00,NA,"POINT(-88.05 30.086)","USMCOB-RC57470","USMCOB-RC57470-2",NA
"2371","USMCOB","Westport, Massachusetts",41.5,-71.08,NA,NA,NA,NA,NA,2019-07-21,"USM",2,"USMCOB-RC58646",2026-05-05,"UTC",2019,7,21,202,00:00:00,NA,"POINT(-71.08 41.5)","USMCOB-RC58646","USMCOB-RC58646-2",NA
"2372","USMCOB","Tampa Bay, FL",27.757,-82.555,1.14,NA,"FL",1.22,"TL",2015-07-26,"USM",1,"USMCOB-RC57691",2026-05-05,"UTC",2015,7,26,207,00:00:00,NA,"POINT(-82.555 27.757)","USMCOB-RC57691","USMCOB-RC57691-1",NA
"2373","USMCOB","Tampa Bay, FL - Inside 27 45.422, 82 33.315",27.757,-82.555,1.1,NA,"TL",NA,NA,2016-04-16,"USM",2,"USMCOB-RC57691",2026-05-05,"UTC",2016,4,16,107,00:00:00,NA,"POINT(-82.555 27.757)","USMCOB-RC57691","USMCOB-RC57691-2",NA
"2374","USMCOB","265 Rig",29.347,-88.282,0.86,NA,"FL",NA,NA,2015-05-03,"USM",1,"USMCOB-RC57708",2026-05-05,"UTC",2015,5,3,123,00:00:00,NA,"POINT(-88.282 29.347)","USMCOB-RC57708","USMCOB-RC57708-1",1.66141092777252
"2375","USMCOB","Main Pass 265 off Venice, LA",29.347,-88.282,0.92,NA,"FL",NA,NA,2015-05-08,"USM",2,"USMCOB-RC57708",2026-05-05,"UTC",2015,5,8,128,00:00:00,NA,"POINT(-88.282 29.347)","USMCOB-RC57708","USMCOB-RC57708-2",NA
"2376","USMCOB","Destin, FL",30.38,-86.5,0.84,NA,"FL",0.91,"TL",2016-04-30,"USM",1,"USMCOB-RC57711",2026-05-05,"UTC",2016,4,30,121,00:00:00,NA,"POINT(-86.5 30.38)","USMCOB-RC57711","USMCOB-RC57711-1",NA
"2377","USMCOB","Navarre Beach, FL - 0.5 mi S",30.378,-86.862,0.9,NA,"TL",NA,NA,2016-05-03,"USM",2,"USMCOB-RC57711",2026-05-05,"UTC",2016,5,3,124,00:00:00,NA,"POINT(-86.862 30.378)","USMCOB-RC57711","USMCOB-RC57711-2",NA
"2378","USMCOB","Perdido Key, FL",30.288,-87.427,0.84,NA,"FL",0.89,"TL",2015-06-21,"USM",1,"USMCOB-RC57864",2026-05-05,"UTC",2015,6,21,172,00:00:00,NA,"POINT(-87.427 30.288)","USMCOB-RC57864","USMCOB-RC57864-1",2.65554141998291
"2379","USMCOB","30 13.095 87 28.341 South of Orange Beach, AL",30.218,-87.472,0.76,NA,"FL",NA,NA,2015-06-23,"USM",2,"USMCOB-RC57864",2026-05-05,"UTC",2015,6,23,174,00:00:00,NA,"POINT(-87.472 30.218)","USMCOB-RC57864","USMCOB-RC57864-2",1.50210165977478
"2380","USMCOB","30.02, 87.42",30.033333,-87.7,0.85,NA,"FL",0.94,"TL",2015-07-10,"USM",1,"USMCOB-RC57868",2026-05-05,"UTC",2015,7,10,191,00:00:00,NA,"POINT(-87.7 30.033333)","USMCOB-RC57868","USMCOB-RC57868-1",NA
"2381","USMCOB","Panama City, FL",30.0698,-85.7873,1.32,NA,"FL",1.4,"TL",2021-05-01,"USM",2,"USMCOB-RC57868",2026-05-05,"UTC",2021,5,1,121,00:00:00,NA,"POINT(-85.7873 30.0698)","USMCOB-RC57868","USMCOB-RC57868-2",NA
"2382","USMCOB","12498.9 / 46931.4",29.64833,-88.46333,0.79,NA,"FL",0.84,"TL",1990-04-30,"USM",1,"USMCOB-RC5791",2026-05-05,"UTC",1990,4,30,120,00:00:00,NA,"POINT(-88.46333 29.64833)","USMCOB-RC5791","USMCOB-RC5791-1",NA
"2383","USMCOB","EUGENE ISL.,BLOCK 325 (OFF LA)",28.232,-91.45,NA,NA,NA,NA,NA,1991-06-24,"USM",2,"USMCOB-RC5791",2026-05-05,"UTC",1991,6,24,175,00:00:00,NA,"POINT(-91.45 28.232)","USMCOB-RC5791","USMCOB-RC5791-2",NA
"2384","USMCOB","RIGS S. OF PETIT BOIS ISL., MS",30.115,-88.45,0.51,NA,"FL",0.56,"TL",1990-04-30,"USM",1,"USMCOB-RC5793",2026-05-05,"UTC",1990,4,30,120,00:00:00,NA,"POINT(-88.45 30.115)","USMCOB-RC5793","USMCOB-RC5793-1",NA
"2385","USMCOB","WEST DELTA, BLOCK 97  (OFF LA)",28.857,-89.846,0.84,NA,"FL",0.95,"TL",1991-08-18,"USM",2,"USMCOB-RC5793",2026-05-05,"UTC",1991,8,18,230,00:00:00,NA,"POINT(-89.846 28.857)","USMCOB-RC5793","USMCOB-RC5793-2",NA
"2386","USMCOB","Charlotte Harbor, FL",26.7165,-82.0924,0.8,NA,"FL",0.86,"TL",2021-05-05,"USM",1,"USMCOB-RC57930",2026-05-05,"UTC",2021,5,5,125,00:00:00,NA,"POINT(-82.0924 26.7165)","USMCOB-RC57930","USMCOB-RC57930-1",NA
"2387","USMCOB","Charlotte Harbor, FL - bridge",26.947,-82.06,0.89,NA,"FL",NA,NA,2022-04-16,"USM",2,"USMCOB-RC57930",2026-05-05,"UTC",2022,4,16,106,00:00:00,NA,"POINT(-82.06 26.947)","USMCOB-RC57930","USMCOB-RC57930-2",NA
"2388","USMCOB","Pensacola Beach, FL",30.315,-87.203,1.09,NA,"FL",1.22,"TL",2016-04-10,"USM",1,"USMCOB-RC58022",2026-05-05,"UTC",2016,4,10,101,00:00:00,NA,"POINT(-87.203 30.315)","USMCOB-RC58022","USMCOB-RC58022-1",NA
"2389","USMCOB","Navarre Beach, FL - off beach",30.378,-86.862,NA,NA,NA,NA,NA,2017-04-11,"USM",2,"USMCOB-RC58022",2026-05-05,"UTC",2017,4,11,101,00:00:00,NA,"POINT(-86.862 30.378)","USMCOB-RC58022","USMCOB-RC58022-2",1.16775894165039
"2390","USMCOB","Pensacola Beach, FL",30.315,-87.203,1.07,NA,"FL",1.14,"TL",2018-05-02,"USM",1,"USMCOB-RC58052",2026-05-05,"UTC",2018,5,2,122,00:00:00,NA,"POINT(-87.203 30.315)","USMCOB-RC58052","USMCOB-RC58052-1",NA
"2391","USMCOB","Destin, FL - 10 mi. off",30.2383,-86.5192,NA,NA,NA,NA,NA,2020-05-02,"USM",2,"USMCOB-RC58052",2026-05-05,"UTC",2020,5,2,123,00:00:00,NA,"POINT(-86.5192 30.2383)","USMCOB-RC58052","USMCOB-RC58052-2",1.82988202571869
"2392","USMCOB","Pensacola Beach, FL",30.315,-87.203,1.12,NA,"FL",1.19,"TL",2018-05-02,"USM",1,"USMCOB-RC58053",2026-05-05,"UTC",2018,5,2,122,00:00:00,NA,"POINT(-87.203 30.315)","USMCOB-RC58053","USMCOB-RC58053-1",NA
"2393","USMCOB","Grand Isle, LA - 25 mi. South",28.8711,-89.986,1.07,NA,"TL",NA,NA,2018-08-12,"USM",2,"USMCOB-RC58053",2026-05-05,"UTC",2018,8,12,224,00:00:00,NA,"POINT(-89.986 28.8711)","USMCOB-RC58053","USMCOB-RC58053-2",NA
"2394","USMCOB","Dauphin Island, AL - near bridge",30.266,-88.12,0.74,NA,"FL",NA,NA,2016-06-27,"USM",2,"USMCOB-RC58091",2026-05-05,"UTC",2016,6,27,179,00:00:00,NA,"POINT(-88.12 30.266)","USMCOB-RC58091","USMCOB-RC58091-2",NA
"2395","USMCOB","30 18.430, 87 08.450",30.307167,-87.140833,0.91,NA,"FL",1.02,"TL",2016-04-19,"USM",1,"USMCOB-RC58101",2026-05-05,"UTC",2016,4,19,110,00:00:00,NA,"POINT(-87.140833 30.307167)","USMCOB-RC58101","USMCOB-RC58101-1",NA
"2396","USMCOB","Cape Charles, VA - 2.5 mi. off coast",37.2538,-76.07,1.09,NA,"TL",NA,NA,2016-07-02,"USM",3,"USMCOB-RC58101",2026-05-05,"UTC",2016,7,2,184,00:00:00,NA,"POINT(-76.07 37.2538)","USMCOB-RC58101","USMCOB-RC58101-3",NA
"2397","USMCOB","Port Canaveral, FL - 3 mi off Beach",28.408,-80.535,1.04,NA,"TL",NA,NA,2016-12-28,"USM",2,"USMCOB-RC58101",2026-05-05,"UTC",2016,12,28,363,00:00:00,NA,"POINT(-80.535 28.408)","USMCOB-RC58101","USMCOB-RC58101-2",NA
"2398","USMCOB","12523.6 47020.0 S. Horn i",29.985,-88.41833,0.72,NA,"FL",0.79,"TL",1997-08-16,"USM",1,"USMCOB-RC5812",2026-05-05,"UTC",1997,8,16,228,00:00:00,NA,"POINT(-88.41833 29.985)","USMCOB-RC5812","USMCOB-RC5812-1",NA
"2399","USMCOB","South Timbilier #159",28.565,-90.314,0.91,NA,"TL",NA,NA,1998-05-10,"USM",2,"USMCOB-RC5812",2026-05-05,"UTC",1998,5,10,130,00:00:00,NA,"POINT(-90.314 28.565)","USMCOB-RC5812","USMCOB-RC5812-2",NA
"2400","USMCOB","4 MI. E. PETIT BOIS ISL. RIGS",30.083,-88.486,0.61,NA,"FL",NA,NA,1990-05-19,"USM",1,"USMCOB-RC5818",2026-05-05,"UTC",1990,5,19,139,00:00:00,NA,"POINT(-88.486 30.083)","USMCOB-RC5818","USMCOB-RC5818-1",NA
"2401","USMCOB","CARABELLE, FL",29.843,-84.856,0.79,NA,"FL",0.87,"TL",1991-03-19,"USM",2,"USMCOB-RC5818",2026-05-05,"UTC",1991,3,19,78,00:00:00,NA,"POINT(-84.856 29.843)","USMCOB-RC5818","USMCOB-RC5818-2",NA
"2402","USMCOB","29 45, 87 45",29.75,-87.75,0.76,NA,"TL",NA,NA,2017-07-23,"USM",1,"USMCOB-RC58263",2026-05-05,"UTC",2017,7,23,204,00:00:00,NA,"POINT(-87.75 29.75)","USMCOB-RC58263","USMCOB-RC58263-1",NA
"2403","USMCOB","South Pass, LA",28.994675,-89.142824,0.81,NA,"TL",NA,NA,2018-06-15,"USM",2,"USMCOB-RC58263",2026-05-05,"UTC",2018,6,15,166,00:00:00,NA,"POINT(-89.142824 28.994675)","USMCOB-RC58263","USMCOB-RC58263-2",NA
"2404","USMCOB","29 46.372, - 87 32.489",29.772867,-87.541483,0.99,NA,"FL",1.08,"TL",2020-06-20,"USM",2,"USMCOB-RC58270",2026-05-05,"UTC",2020,6,20,172,00:00:00,NA,"POINT(-87.541483 29.772867)","USMCOB-RC58270","USMCOB-RC58270-2",NA
"2405","USMCOB","Pascagoula Ship Channel, MS - Buoy 2",30.153,-88.565,0.71,NA,"FL",0.76,"TL",2018-06-23,"USM",1,"USMCOB-RC58428",2026-05-05,"UTC",2018,6,23,174,00:00:00,NA,"POINT(-88.565 30.153)","USMCOB-RC58428","USMCOB-RC58428-1",NA
"2406","USMCOB","Horn I., MS - 7 mi. S",30.129188,-88.673295,1.02,NA,"TL",NA,NA,2019-07-05,"USM",2,"USMCOB-RC58428",2026-05-05,"UTC",2019,7,5,186,00:00:00,NA,"POINT(-88.673295 30.129188)","USMCOB-RC58428","USMCOB-RC58428-2",NA
"2407","USMCOB","TERREBONNE BAY,CAT IS. PASS,LA",29.074,-90.566,0.74,NA,"FL",0.79,"TL",1991-07-22,"USM",1,"USMCOB-RC5844",2026-05-05,"UTC",1991,7,22,203,00:00:00,NA,"POINT(-90.566 29.074)","USMCOB-RC5844","USMCOB-RC5844-1",NA
"2408","USMCOB","WEST DELTA 29 C, OFF EMPIRE,LA",29.14,-89.596,1.12,NA,"FL",NA,NA,1992-08-15,"USM",2,"USMCOB-RC5844",2026-05-05,"UTC",1992,8,15,228,00:00:00,NA,"POINT(-89.596 29.14)","USMCOB-RC5844","USMCOB-RC5844-2",NA
"2409","USMCOB","St. Marks, FL",30.074,-84.185,0.76,NA,"FL",0.86,"TL",2016-05-24,"USM",1,"USMCOB-RC58466",2026-05-05,"UTC",2016,5,24,145,00:00:00,NA,"POINT(-84.185 30.074)","USMCOB-RC58466","USMCOB-RC58466-1",NA
"2410","USMCOB","Shell Point, FL",30.057,-84.29,0.79,NA,"FL",0.86,"TL",2016-07-23,"USM",2,"USMCOB-RC58466",2026-05-05,"UTC",2016,7,23,205,00:00:00,NA,"POINT(-84.29 30.057)","USMCOB-RC58466","USMCOB-RC58466-2",NA
"2411","USMCOB","Panacea, FL - Marker 24",30.016,-84.377,0.8,NA,"FL",0.91,"TL",2016-06-07,"USM",1,"USMCOB-RC58551",2026-05-05,"UTC",2016,6,7,159,00:00:00,NA,"POINT(-84.377 30.016)","USMCOB-RC58551","USMCOB-RC58551-1",NA
"2412","USMCOB","Carabelle, FL",29.843,-84.856,0.96,NA,"FL",NA,NA,2017-06-16,"USM",2,"USMCOB-RC58551",2026-05-05,"UTC",2017,6,16,167,00:00:00,NA,"POINT(-84.856 29.843)","USMCOB-RC58551","USMCOB-RC58551-2",NA
"2413","USMCOB","12890.0 / 47060.0  -GULF SHORE",30.13333,-87.82333,0.71,NA,"FL",0.76,"TL",1990-05-04,"USM",1,"USMCOB-RC5860",2026-05-05,"UTC",1990,5,4,124,00:00:00,NA,"POINT(-87.82333 30.13333)","USMCOB-RC5860","USMCOB-RC5860-1",NA
"2414","USMCOB","OFF PANAMA CITY, FL",30.212,-85.88,1.14,NA,"TL",NA,NA,1990-10-29,"USM",2,"USMCOB-RC5860",2026-05-05,"UTC",1990,10,29,302,00:00:00,NA,"POINT(-85.88 30.212)","USMCOB-RC5860","USMCOB-RC5860-2",NA
"2415","USMCOB","N of Freemason Island, in Chandeleur Sound, LA",29.918056,-89.0325,0.61,NA,"TL",NA,NA,2018-07-28,"USM",1,"USMCOB-RC58629",2026-05-05,"UTC",2018,7,28,209,00:00:00,NA,"POINT(-89.0325 29.918056)","USMCOB-RC58629","USMCOB-RC58629-1",NA
"2416","USMCOB","Cape Charles, VA - marker 27",37.26835,-76.087117,1.22,NA,"TL",NA,NA,2023-09-04,"USM",2,"USMCOB-RC58629",2026-05-05,"UTC",2023,9,4,247,00:00:00,NA,"POINT(-76.087117 37.26835)","USMCOB-RC58629","USMCOB-RC58629-2",NA
"2417","USMCOB","Jennettes Pier, Nags Head, NC",35.911,-75.593,0.69,NA,"FL",0.74,"TL",2017-05-28,"USM",1,"USMCOB-RC58632",2026-05-05,"UTC",2017,5,28,148,00:00:00,NA,"POINT(-75.593 35.911)","USMCOB-RC58632","USMCOB-RC58632-1",2.18282151222229
"2418","USMCOB","Cape Charles, VA",37.2585,-76.0347,1.12,NA,"TL",NA,NA,2021-07-11,"USM",2,"USMCOB-RC58632",2026-05-05,"UTC",2021,7,11,192,00:00:00,NA,"POINT(-76.0347 37.2585)","USMCOB-RC58632","USMCOB-RC58632-2",NA
"2419","USMCOB","Jennettes Pier, Nags Head, NC",35.911,-75.593,0.63,NA,"FL",0.69,"TL",2017-05-28,"USM",1,"USMCOB-RC58639",2026-05-05,"UTC",2017,5,28,148,00:00:00,NA,"POINT(-75.593 35.911)","USMCOB-RC58639","USMCOB-RC58639-1",2.18282151222229
"2420","USMCOB","York's spit, York River, VA",37.209,-76.254,0.71,NA,"TL",NA,NA,2017-06-23,"USM",2,"USMCOB-RC58639",2026-05-05,"UTC",2017,6,23,174,00:00:00,NA,"POINT(-76.254 37.209)","USMCOB-RC58639","USMCOB-RC58639-2",NA
"2421","USMCOB","Jennettes Pier, Nags Head, NC",35.911,-75.593,0.76,NA,"FL",0.84,"TL",2017-08-18,"USM",1,"USMCOB-RC58641",2026-05-05,"UTC",2017,8,18,230,00:00:00,NA,"POINT(-75.593 35.911)","USMCOB-RC58641","USMCOB-RC58641-1",1.93658566474915
"2422","USMCOB","Chesapeake Bay, MD - near Target Ship",38.040278,-76.154722,1.17,NA,"TL",NA,NA,2019-08-09,"USM",2,"USMCOB-RC58641",2026-05-05,"UTC",2019,8,9,221,00:00:00,NA,"POINT(-76.154722 38.040278)","USMCOB-RC58641","USMCOB-RC58641-2",NA
"2423","USMCOB","Jennettes Pier, Nags Head, NC",35.911,-75.593,0.54,NA,"FL",0.6,"TL",2017-08-20,"USM",1,"USMCOB-RC58642",2026-05-05,"UTC",2017,8,20,232,00:00:00,NA,"POINT(-75.593 35.911)","USMCOB-RC58642","USMCOB-RC58642-1",NA
"2424","USMCOB","Chesapeake Bay",37.12735,-76.14705,0.66,NA,"FL",0.75,"TL",2018-06-24,"USM",2,"USMCOB-RC58642",2026-05-05,"UTC",2018,6,24,175,00:00:00,NA,"POINT(-76.14705 37.12735)","USMCOB-RC58642","USMCOB-RC58642-2",NA
"2425","USMCOB","Jennettes Pier, Nags Head, NC",35.911,-75.593,0.74,NA,"FL",0.86,"TL",2017-08-18,"USM",1,"USMCOB-RC58645",2026-05-05,"UTC",2017,8,18,230,00:00:00,NA,"POINT(-75.593 35.911)","USMCOB-RC58645","USMCOB-RC58645-1",1.93658566474915
"2426","USMCOB","Chesapeake Bay",37.12735,-76.14705,1,NA,"TL",NA,NA,2018-08-28,"USM",2,"USMCOB-RC58645",2026-05-05,"UTC",2018,8,28,240,00:00:00,NA,"POINT(-76.14705 37.12735)","USMCOB-RC58645","USMCOB-RC58645-2",11.4691066741943
"2427","USMCOB","Jennettes Pier, Nags Head, NC",35.911,-75.593,0.72,NA,"FL",0.79,"TL",2017-06-04,"USM",1,"USMCOB-RC58646",2026-05-05,"UTC",2017,6,4,155,00:00:00,NA,"POINT(-75.593 35.911)","USMCOB-RC58646","USMCOB-RC58646-1",3.04775142669678
"2428","USMCOB","Jennettes Pier, Nags Head, NC",35.911,-75.593,0.74,NA,"FL",0.81,"TL",2017-06-04,"USM",1,"USMCOB-RC58647",2026-05-05,"UTC",2017,6,4,155,00:00:00,NA,"POINT(-75.593 35.911)","USMCOB-RC58647","USMCOB-RC58647-1",3.04775142669678
"2429","USMCOB","Chesapeake Bay Bridge Tunnel, VA",37.046138,-76.062751,1.22,NA,"TL",NA,NA,2018-08-30,"USM",2,"USMCOB-RC58647",2026-05-05,"UTC",2018,8,30,242,00:00:00,NA,"POINT(-76.062751 37.046138)","USMCOB-RC58647","USMCOB-RC58647-2",NA
"2430","USMCOB","Jennettes Pier, Nags Head, NC",35.911,-75.593,0.69,NA,"FL",0.74,"TL",2017-06-27,"USM",1,"USMCOB-RC58648",2026-05-05,"UTC",2017,6,27,178,00:00:00,NA,"POINT(-75.593 35.911)","USMCOB-RC58648","USMCOB-RC58648-1",NA
"2431","USMCOB","Jennettes Pier, Nags Head, NC",35.911,-75.593,0.64,NA,"FL",0.69,"TL",2017-06-04,"USM",1,"USMCOB-RC58649",2026-05-05,"UTC",2017,6,4,155,00:00:00,NA,"POINT(-75.593 35.911)","USMCOB-RC58649","USMCOB-RC58649-1",3.04775142669678
"2432","USMCOB","Plantation Flats Lighthouse, VA",37.28,-76.073,1.04,NA,"TL",NA,NA,2019-07-05,"USM",2,"USMCOB-RC58649",2026-05-05,"UTC",2019,7,5,186,00:00:00,NA,"POINT(-76.073 37.28)","USMCOB-RC58649","USMCOB-RC58649-2",15.5324907302856
"2433","USMCOB","SOUTH OF HORN ISLAND",30.239,-88.749,0.61,NA,"FL",0.69,"TL",1990-09-09,"USM",1,"USMCOB-RC5881",2026-05-05,"UTC",1990,9,9,252,00:00:00,NA,"POINT(-88.749 30.239)","USMCOB-RC5881","USMCOB-RC5881-1",NA
"2434","USMCOB","5 MI. SE, PETIT BOIS ISL., MS",30.158,-88.365,0.76,NA,"FL",NA,NA,1990-09-22,"USM",2,"USMCOB-RC5881",2026-05-05,"UTC",1990,9,22,265,00:00:00,NA,"POINT(-88.365 30.158)","USMCOB-RC5881","USMCOB-RC5881-2",NA
"2435","USMCOB","St. Marks, FL",30.074,-84.185,0.71,NA,"FL",0.79,"TL",2020-05-24,"USM",1,"USMCOB-RC58818",2026-05-05,"UTC",2020,5,24,145,00:00:00,NA,"POINT(-84.185 30.074)","USMCOB-RC58818","USMCOB-RC58818-1",NA
"2436","USMCOB","Clearwater Wreck, FL",27.5723,-83.0732,0.91,NA,"FL",NA,NA,2020-10-14,"USM",2,"USMCOB-RC58818",2026-05-05,"UTC",2020,10,14,288,00:00:00,NA,"POINT(-83.0732 27.5723)","USMCOB-RC58818","USMCOB-RC58818-2",2.04396367073059
"2437","USMCOB","St. Marks, FL",30.074,-84.185,0.77,NA,"FL",0.84,"TL",2017-08-19,"USM",1,"USMCOB-RC58823",2026-05-05,"UTC",2017,8,19,231,00:00:00,NA,"POINT(-84.185 30.074)","USMCOB-RC58823","USMCOB-RC58823-1",NA
"2438","USMCOB","Clearwater Pass, Clearwater, FL",27.965,-82.826,0.89,NA,"FL",NA,NA,2018-02-28,"USM",2,"USMCOB-RC58823",2026-05-05,"UTC",2018,2,28,59,00:00:00,NA,"POINT(-82.826 27.965)","USMCOB-RC58823","USMCOB-RC58823-2",NA
"2439","USMCOB","Pensacola Pier, FL - 1 mi. E",30.315,-87.203,0.83,NA,"FL",0.88,"TL",2018-07-15,"USM",1,"USMCOB-RC58905",2026-05-05,"UTC",2018,7,15,196,00:00:00,NA,"POINT(-87.203 30.315)","USMCOB-RC58905","USMCOB-RC58905-1",1.3643199801445
"2440","USMCOB","Pensacola Pass, FL - Buoy 2",30.2822,-87.294,NA,NA,NA,NA,NA,2019-05-13,"USM",2,"USMCOB-RC58905",2026-05-05,"UTC",2019,5,13,133,00:00:00,NA,"POINT(-87.294 30.2822)","USMCOB-RC58905","USMCOB-RC58905-2",NA
"2441","USMCOB","Bay Marchand BOEM Lease Area block 60",28.848,-90.134,1.02,NA,"FL",1.12,"TL",2020-05-29,"USM",1,"USMCOB-RC58936",2026-05-05,"UTC",2020,5,29,150,00:00:00,NA,"POINT(-90.134 28.848)","USMCOB-RC58936","USMCOB-RC58936-1",NA
"2442","USMCOB","Fouchon, LA - 12 mi. off at drill ship",28.9166,-90.1833,1.02,NA,"FL",NA,NA,2020-06-20,"USM",2,"USMCOB-RC58936",2026-05-05,"UTC",2020,6,20,172,00:00:00,NA,"POINT(-90.1833 28.9166)","USMCOB-RC58936","USMCOB-RC58936-2",NA
"2443","USMCOB","Jennettes Pier, Nags Head, NC",35.911,-75.593,0.81,NA,"FL",0.91,"TL",2018-06-08,"USM",1,"USMCOB-RC59016",2026-05-05,"UTC",2018,6,8,159,00:00:00,NA,"POINT(-75.593 35.911)","USMCOB-RC59016","USMCOB-RC59016-1",NA
"2444","USMCOB","Latimer Shoal, VA",37.13259,-75.99859,1.3,NA,"TL",NA,NA,2021-06-15,"USM",2,"USMCOB-RC59016",2026-05-05,"UTC",2021,6,15,166,00:00:00,NA,"POINT(-75.99859 37.13259)","USMCOB-RC59016","USMCOB-RC59016-2",8.14674091339111
"2445","USMCOB","Nags Head Fishing Pier, NC",35.973395,-75.630955,0.46,NA,"FL",0.51,"TL",2022-08-28,"USM",1,"USMCOB-RC59022",2026-05-05,"UTC",2022,8,28,240,00:00:00,NA,"POINT(-75.630955 35.973395)","USMCOB-RC59022","USMCOB-RC59022-1",NA
"2446","USMCOB","off Kiptopeke, VA, in Chesapeake Bay",37.1594,-76.0093,1.07,NA,"TL",NA,NA,2024-09-11,"USM",2,"USMCOB-RC59022",2026-05-05,"UTC",2024,9,11,255,00:00:00,NA,"POINT(-76.0093 37.1594)","USMCOB-RC59022","USMCOB-RC59022-2",NA
"2447","USMCOB","Jennettes Pier, Nags Head, NC",35.911,-75.593,0.64,NA,"FL",0.71,"TL",2018-06-08,"USM",1,"USMCOB-RC59182",2026-05-05,"UTC",2018,6,8,159,00:00:00,NA,"POINT(-75.593 35.911)","USMCOB-RC59182","USMCOB-RC59182-1",NA
"2448","USMCOB","Chesapeake Bay - York Spit",37.273,-76.158,1.04,NA,"TL",NA,NA,2020-06-01,"USM",2,"USMCOB-RC59182",2026-05-05,"UTC",2020,6,1,153,00:00:00,NA,"POINT(-76.158 37.273)","USMCOB-RC59182","USMCOB-RC59182-2",14.4918613433838
"2449","USMCOB","Jennettes Pier, Nags Head, NC",35.911,-75.593,0.89,NA,"FL",1.02,"TL",2018-06-08,"USM",1,"USMCOB-RC59187",2026-05-05,"UTC",2018,6,8,159,00:00:00,NA,"POINT(-75.593 35.911)","USMCOB-RC59187","USMCOB-RC59187-1",NA
"2450","USMCOB","Bethany Beach, DE - 2 mi. off",38.543,-75.0165,1.52,NA,"TL",NA,NA,2020-07-08,"USM",2,"USMCOB-RC59187",2026-05-05,"UTC",2020,7,8,190,00:00:00,NA,"POINT(-75.0165 38.543)","USMCOB-RC59187","USMCOB-RC59187-2",NA
"2451","USMCOB","Jennettes Pier, Nags Head, NC",35.911,-75.593,0.64,NA,"FL",0.69,"TL",2018-06-08,"USM",1,"USMCOB-RC59189",2026-05-05,"UTC",2018,6,8,159,00:00:00,NA,"POINT(-75.593 35.911)","USMCOB-RC59189","USMCOB-RC59189-1",NA
"2452","USMCOB","Buckroe Beach, VA - Pier",37.036,-76.289,0.81,NA,"TL",NA,NA,2018-06-17,"USM",2,"USMCOB-RC59189",2026-05-05,"UTC",2018,6,17,168,00:00:00,NA,"POINT(-76.289 37.036)","USMCOB-RC59189","USMCOB-RC59189-2",NA
"2453","USMCOB","Jennettes Pier, Nags Head, NC",35.911,-75.593,0.58,NA,"FL",0.62,"TL",2020-08-09,"USM",1,"USMCOB-RC59193",2026-05-05,"UTC",2020,8,9,222,00:00:00,NA,"POINT(-75.593 35.911)","USMCOB-RC59193","USMCOB-RC59193-1",NA
"2454","USMCOB","Chesapeake Bay, Oceanside - 4th Island",37.015517,-76.029217,1.22,NA,"FL",1.28,"TL",2023-07-15,"USM",2,"USMCOB-RC59193",2026-05-05,"UTC",2023,7,15,196,00:00:00,NA,"POINT(-76.029217 37.015517)","USMCOB-RC59193","USMCOB-RC59193-2",NA
"2455","USMCOB","Jennettes Pier, Nags Head, NC",35.911,-75.593,0.79,NA,"FL",0.89,"TL",2018-06-08,"USM",1,"USMCOB-RC59208",2026-05-05,"UTC",2018,6,8,159,00:00:00,NA,"POINT(-75.593 35.911)","USMCOB-RC59208","USMCOB-RC59208-1",NA
"2456","USMCOB","Chesapeake Bay - York Spit Area 37 10 82, 76 12 45.5",37.226,-76.283,0.99,NA,"TL",NA,NA,2018-07-27,"USM",2,"USMCOB-RC59208",2026-05-05,"UTC",2018,7,27,208,00:00:00,NA,"POINT(-76.283 37.226)","USMCOB-RC59208","USMCOB-RC59208-2",NA
"2457","USMCOB","Jennettes Pier, Nags Head, NC",35.911,-75.593,0.79,NA,"FL",0.86,"TL",2018-05-25,"USM",1,"USMCOB-RC59210",2026-05-05,"UTC",2018,5,25,145,00:00:00,NA,"POINT(-75.593 35.911)","USMCOB-RC59210","USMCOB-RC59210-1",NA
"2458","USMCOB","Baltimore Channel, MD - mouth at Chesapeake Bay",39.262,-76.576,0.97,NA,"TL",NA,NA,2018-08-07,"USM",2,"USMCOB-RC59210",2026-05-05,"UTC",2018,8,7,219,00:00:00,NA,"POINT(-76.576 39.262)","USMCOB-RC59210","USMCOB-RC59210-2",NA
"2459","USMCOB","47080.0 / 12270.0",30.245,-88.83,0.81,NA,"FL",0.91,"TL",1990-09-02,"USM",1,"USMCOB-RC5924",2026-05-05,"UTC",1990,9,2,245,00:00:00,NA,"POINT(-88.83 30.245)","USMCOB-RC5924","USMCOB-RC5924-1",NA
"2460","USMCOB","OFF DESTIN, FL",30.38,-86.5,1.27,NA,"TL",NA,NA,1992-04-21,"USM",2,"USMCOB-RC5924",2026-05-05,"UTC",1992,4,21,112,00:00:00,NA,"POINT(-86.5 30.38)","USMCOB-RC5924","USMCOB-RC5924-2",NA
"2461","USMCOB","26 03, 97 04",26.05,-97.066667,0.7,NA,"FL",0.79,"TL",2019-10-02,"USM",1,"USMCOB-RC59295",2026-05-05,"UTC",2019,10,2,275,00:00:00,NA,"POINT(-97.066667 26.05)","USMCOB-RC59295","USMCOB-RC59295-1",1.06791853904724
"2462","USMCOB","Padre Island, TX",26.02,-97.06,1,NA,"TL",NA,NA,2020-08-23,"USM",2,"USMCOB-RC59295",2026-05-05,"UTC",2020,8,23,236,00:00:00,NA,"POINT(-97.06 26.02)","USMCOB-RC59295","USMCOB-RC59295-2",NA
"2463","USMCOB","Port Isabel, TX",26.0793,-97.2066,0.99,NA,"FL",1.04,"TL",2021-07-31,"USM",3,"USMCOB-RC59295",2026-05-05,"UTC",2021,7,31,212,00:00:00,NA,"POINT(-97.2066 26.0793)","USMCOB-RC59295","USMCOB-RC59295-3",NA
"2464","USMCOB","26 03, 97 04",26.05,-97.066667,0.64,NA,"FL",0.75,"TL",2019-10-03,"USM",1,"USMCOB-RC59297",2026-05-05,"UTC",2019,10,3,276,00:00:00,NA,"POINT(-97.066667 26.05)","USMCOB-RC59297","USMCOB-RC59297-1",NA
"2465","USMCOB","Padre Island, TX",26.02,-97.06,1.12,NA,"TL",NA,NA,2020-10-01,"USM",2,"USMCOB-RC59297",2026-05-05,"UTC",2020,10,1,275,00:00:00,NA,"POINT(-97.06 26.02)","USMCOB-RC59297","USMCOB-RC59297-2",1.98314368724823
"2466","USMCOB","Yankeetown, FL 10 Miles off",29.075933,-82.91625,0.97,NA,"FL",1.07,"TL",2018-05-03,"USM",1,"USMCOB-RC59366",2026-05-05,"UTC",2018,5,3,123,00:00:00,NA,"POINT(-82.91625 29.075933)","USMCOB-RC59366","USMCOB-RC59366-1",NA
"2467","USMCOB","Crystal River, FL - 15 mi. W",28.915,-82.946,0.97,NA,"FL",1.07,"TL",2018-05-23,"USM",2,"USMCOB-RC59366",2026-05-05,"UTC",2018,5,23,143,00:00:00,NA,"POINT(-82.946 28.915)","USMCOB-RC59366","USMCOB-RC59366-2",NA
"2468","USMCOB","Yankeetown, FL 10 Miles off",29.075933,-82.91625,0.77,NA,"FL",0.84,"TL",2018-05-06,"USM",1,"USMCOB-RC59370",2026-05-05,"UTC",2018,5,6,126,00:00:00,NA,"POINT(-82.91625 29.075933)","USMCOB-RC59370","USMCOB-RC59370-1",NA
"2469","USMCOB","Bokeelia, FL - Danger Reef",26.759167,-82.18625,0.88,NA,"FL",NA,NA,2019-06-22,"USM",2,"USMCOB-RC59370",2026-05-05,"UTC",2019,6,22,173,00:00:00,NA,"POINT(-82.18625 26.759167)","USMCOB-RC59370","USMCOB-RC59370-2",10.1407842636108
"2470","USMCOB","Pensacola Beach, FL",30.315,-87.203,1.22,NA,"FL",1.3,"TL",2019-04-23,"USM",1,"USMCOB-RC59525",2026-05-05,"UTC",2019,4,23,113,00:00:00,NA,"POINT(-87.203 30.315)","USMCOB-RC59525","USMCOB-RC59525-1",1.67580044269562
"2471","USMCOB","Naples, FL - 35 mi. W",26.1409,-82.3744,1.32,NA,"TL",NA,NA,2019-09-17,"USM",2,"USMCOB-RC59525",2026-05-05,"UTC",2019,9,17,260,00:00:00,NA,"POINT(-82.3744 26.1409)","USMCOB-RC59525","USMCOB-RC59525-2",1.39003992080688
"2472","USMCOB","Pensacola Beach, FL",30.315,-87.203,1.02,NA,"FL",1.07,"TL",2018-05-03,"USM",1,"USMCOB-RC59642",2026-05-05,"UTC",2018,5,3,123,00:00:00,NA,"POINT(-87.203 30.315)","USMCOB-RC59642","USMCOB-RC59642-1",NA
"2473","USMCOB","Orange Beach, AL - 1.5 mi. S of Pass",30.25,-87.5577,1.08,NA,"TL",NA,NA,2018-07-08,"USM",2,"USMCOB-RC59642",2026-05-05,"UTC",2018,7,8,189,00:00:00,NA,"POINT(-87.5577 30.25)","USMCOB-RC59642","USMCOB-RC59642-2",NA
"2474","USMCOB","30 20.012, 87 05.480",30.3335,-87.09133,1.24,NA,"TL",NA,NA,2019-04-23,"USM",1,"USMCOB-RC59685",2026-05-05,"UTC",2019,4,23,113,00:00:00,NA,"POINT(-87.09133 30.3335)","USMCOB-RC59685","USMCOB-RC59685-1",1.17499679327011
"2475","USMCOB","Perdido Pass, AL - 4 mi. S",30.215606,-87.556061,1.07,NA,"FL",NA,NA,2020-05-19,"USM",2,"USMCOB-RC59685",2026-05-05,"UTC",2020,5,19,140,00:00:00,NA,"POINT(-87.556061 30.215606)","USMCOB-RC59685","USMCOB-RC59685-2",NA
"2476","USMCOB","S. OF SHIP ISLAND",30.207,-88.972,0.51,NA,"FL",0.53,"TL",1990-10-13,"USM",1,"USMCOB-RC5971",2026-05-05,"UTC",1990,10,13,286,00:00:00,NA,"POINT(-88.972 30.207)","USMCOB-RC5971","USMCOB-RC5971-1",NA
"2477","USMCOB","W. DELTA BLK #61, W. OF MS RIV",29.025,-89.651,0.97,NA,"FL",NA,NA,1993-07-22,"USM",2,"USMCOB-RC5971",2026-05-05,"UTC",1993,7,22,203,00:00:00,NA,"POINT(-89.651 29.025)","USMCOB-RC5971","USMCOB-RC5971-2",NA
"2478","USMCOB","30 13.736, - 89 00.644",30.228933,-89.010733,0.61,NA,"TL",NA,NA,2020-08-16,"USM",2,"USMCOB-RC59781",2026-05-05,"UTC",2020,8,16,229,00:00:00,NA,"POINT(-89.010733 30.228933)","USMCOB-RC59781","USMCOB-RC59781-2",NA
"2479","USMCOB","Gulfport Ship Channel - Marker G7",30.358,-89.087,NA,NA,NA,NA,NA,2019-08-19,"USM",1,"USMCOB-RC59830",2026-05-05,"UTC",2019,8,19,231,00:00:00,NA,"POINT(-89.087 30.358)","USMCOB-RC59830","USMCOB-RC59830-1",NA
"2480","USMCOB","Gulfport Ship Channel, MS",30.24,-89,NA,NA,NA,NA,NA,2019-08-27,"USM",2,"USMCOB-RC59830",2026-05-05,"UTC",2019,8,27,239,00:00:00,NA,"POINT(-89.0 30.24)","USMCOB-RC59830","USMCOB-RC59830-2",NA
"2481","USMCOB","MARATHON, FL (GULF)",24.726,-81.089,0.75,NA,"FL",0.85,"TL",1994-12-28,"USM",1,"USMCOB-RC5995",2026-05-05,"UTC",1994,12,28,362,00:00:00,NA,"POINT(-81.089 24.726)","USMCOB-RC5995","USMCOB-RC5995-1",NA
"2482","USMCOB","Marathon, FL (Gulf)",24.726,-81.089,1.02,NA,"FL",1.12,"TL",1995-12-10,"USM",2,"USMCOB-RC5995",2026-05-05,"UTC",1995,12,10,344,00:00:00,NA,"POINT(-81.089 24.726)","USMCOB-RC5995","USMCOB-RC5995-2",NA
"2483","USMCOB","W. END OF SHIP ISLAND, MS",30.21,-88.964,0.76,NA,"FL",0.84,"TL",1991-07-03,"USM",1,"USMCOB-RC6009",2026-05-05,"UTC",1991,7,3,184,00:00:00,NA,"POINT(-88.964 30.21)","USMCOB-RC6009","USMCOB-RC6009-1",NA
"2484","USMCOB","GULFPORT SHIP CHANNEL",30.349,-89.083,0.69,NA,"FL",NA,NA,1991-09-01,"USM",2,"USMCOB-RC6009",2026-05-05,"UTC",1991,9,1,244,00:00:00,NA,"POINT(-89.083 30.349)","USMCOB-RC6009","USMCOB-RC6009-2",NA
"2485","USMCOB","Jennettes Pier, Nags Head, NC",35.911,-75.593,0.69,NA,"FL",0.75,"TL",2018-08-15,"USM",1,"USMCOB-RC60244",2026-05-05,"UTC",2018,8,15,227,00:00:00,NA,"POINT(-75.593 35.911)","USMCOB-RC60244","USMCOB-RC60244-1",NA
"2486","USMCOB","Chesapeake Bay - Off York Spit Light, VA",37.2095,-76.2542,1.05,NA,"FL",NA,NA,2020-06-15,"USM",2,"USMCOB-RC60244",2026-05-05,"UTC",2020,6,15,167,00:00:00,NA,"POINT(-76.2542 37.2095)","USMCOB-RC60244","USMCOB-RC60244-2",NA
"2487","USMCOB","29 04.643, 82 54.980",29.077383,-82.916333,0.61,NA,"FL",0.66,"TL",2018-06-25,"USM",1,"USMCOB-RC60259",2026-05-05,"UTC",2018,6,25,176,00:00:00,NA,"POINT(-82.916333 29.077383)","USMCOB-RC60259","USMCOB-RC60259-1",8.99991917610168
"2488","USMCOB","Yankeetown, FL - 10 mi. W",28.9983,-82.9496,0.79,NA,"FL",0.89,"TL",2019-05-27,"USM",2,"USMCOB-RC60259",2026-05-05,"UTC",2019,5,27,147,00:00:00,NA,"POINT(-82.9496 28.9983)","USMCOB-RC60259","USMCOB-RC60259-2",8.62189435958862
"2489","USMCOB","28 58.299, 83 01.945",28.97165,-83.032417,0.56,NA,"FL",0.6,"TL",2018-06-25,"USM",1,"USMCOB-RC60263",2026-05-05,"UTC",2018,6,25,176,00:00:00,NA,"POINT(-83.032417 28.97165)","USMCOB-RC60263","USMCOB-RC60263-1",4.50266432762146
"2490","USMCOB","Yankeetown, FL",29.0759,-82.752,0.84,NA,"FL",NA,NA,2019-05-07,"USM",2,"USMCOB-RC60263",2026-05-05,"UTC",2019,5,7,127,00:00:00,NA,"POINT(-82.752 29.0759)","USMCOB-RC60263","USMCOB-RC60263-2",NA
"2491","USMCOB","Jennettes Pier, Nags Head, NC",35.911,-75.593,0.86,NA,"FL",0.91,"TL",2018-09-04,"USM",1,"USMCOB-RC60273",2026-05-05,"UTC",2018,9,4,247,00:00:00,NA,"POINT(-75.593 35.911)","USMCOB-RC60273","USMCOB-RC60273-1",1.86006192366282
"2492","USMCOB","Chesapeake Bay Bridge Tunnel, VA",37.046138,-76.062751,1.32,NA,"TL",NA,NA,2019-06-06,"USM",2,"USMCOB-RC60273",2026-05-05,"UTC",2019,6,6,157,00:00:00,NA,"POINT(-76.062751 37.046138)","USMCOB-RC60273","USMCOB-RC60273-2",NA
"2493","USMCOB","30 13.306, 86 55.706",30.221767,-86.928433,0.48,NA,"FL",0.53,"TL",2018-07-19,"USM",1,"USMCOB-RC60304",2026-05-05,"UTC",2018,7,19,200,00:00:00,NA,"POINT(-86.928433 30.221767)","USMCOB-RC60304","USMCOB-RC60304-1",NA
"2494","USMCOB","Yankeetown, FL - 10 mi. W",28.9983,-82.9496,0.53,NA,"FL",0.74,"TL",2019-05-10,"USM",1,"USMCOB-RC60324",2026-05-05,"UTC",2019,5,10,130,00:00:00,NA,"POINT(-82.9496 28.9983)","USMCOB-RC60324","USMCOB-RC60324-1",NA
"2495","USMCOB","Yankeetown, FL - 15 Miles W",29.000136,-83.021915,NA,NA,NA,NA,NA,2019-05-23,"USM",2,"USMCOB-RC60324",2026-05-05,"UTC",2019,5,23,143,00:00:00,NA,"POINT(-83.021915 29.000136)","USMCOB-RC60324","USMCOB-RC60324-2",NA
"2496","USMCOB","Yankeetown, FL - 15 Miles W",29.000136,-83.021915,0.67,NA,"FL",0.76,"TL",2019-05-20,"USM",1,"USMCOB-RC60352",2026-05-05,"UTC",2019,5,20,140,00:00:00,NA,"POINT(-83.021915 29.000136)","USMCOB-RC60352","USMCOB-RC60352-1",4.60461449623108
"2497","USMCOB","28.97383, -83.15725",28.97383,-83.15725,0.76,NA,"TL",NA,NA,2019-09-08,"USM",2,"USMCOB-RC60352",2026-05-05,"UTC",2019,9,8,251,00:00:00,NA,"POINT(-83.15725 28.97383)","USMCOB-RC60352","USMCOB-RC60352-2",7.71187019348145
"2498","USMCOB","Boca Grande, FL - 15 mi. out",26.75,-82.508,0.89,NA,"TL",NA,NA,2019-12-28,"USM",3,"USMCOB-RC60352",2026-05-05,"UTC",2019,12,28,362,00:00:00,NA,"POINT(-82.508 26.75)","USMCOB-RC60352","USMCOB-RC60352-3",NA
"2499","USMCOB","Yankeetown, FL 15 Miles W",29.000136,-83.021915,0.71,NA,"FL",0.84,"TL",2019-05-28,"USM",1,"USMCOB-RC60356",2026-05-05,"UTC",2019,5,28,148,00:00:00,NA,"POINT(-83.021915 29.000136)","USMCOB-RC60356","USMCOB-RC60356-1",5.9693431854248
"2500","USMCOB","Yankeetown, FL - 20 mi. W",28.9983,-83.1025,0.74,NA,"FL",NA,NA,2019-06-15,"USM",2,"USMCOB-RC60356",2026-05-05,"UTC",2019,6,15,166,00:00:00,NA,"POINT(-83.1025 28.9983)","USMCOB-RC60356","USMCOB-RC60356-2",NA
"2501","USMCOB","Yankeetown, FL - 10 mi. W",28.9983,-82.9496,NA,NA,NA,NA,NA,2019-05-27,"USM",1,"USMCOB-RC60357",2026-05-05,"UTC",2019,5,27,147,00:00:00,NA,"POINT(-82.9496 28.9983)","USMCOB-RC60357","USMCOB-RC60357-1",8.62189435958862
"2502","USMCOB","Crystal River, FL - 6 mi. W",28.9262,-82.7964,0.76,NA,"FL",NA,NA,2021-05-23,"USM",2,"USMCOB-RC60357",2026-05-05,"UTC",2021,5,23,143,00:00:00,NA,"POINT(-82.7964 28.9262)","USMCOB-RC60357","USMCOB-RC60357-2",NA
"2503","USMCOB","Jennettes Pier, Nags Head, NC",35.911,-75.593,0.55,NA,"FL",0.61,"TL",2019-06-15,"USM",1,"USMCOB-RC60363",2026-05-05,"UTC",2019,6,15,166,00:00:00,NA,"POINT(-75.593 35.911)","USMCOB-RC60363","USMCOB-RC60363-1",NA
"2504","USMCOB","Chesapeake Bay, VA - Bay Bridge Tunnel",37.046138,-76.062751,1.12,NA,"TL",NA,NA,2021-08-05,"USM",2,"USMCOB-RC60363",2026-05-05,"UTC",2021,8,5,217,00:00:00,NA,"POINT(-76.062751 37.046138)","USMCOB-RC60363","USMCOB-RC60363-2",NA
"2505","USMCOB","Jennettes Pier, Nags Head, NC",35.911,-75.593,0.86,NA,"FL",0.94,"TL",2019-06-08,"USM",1,"USMCOB-RC60369",2026-05-05,"UTC",2019,6,8,159,00:00:00,NA,"POINT(-75.593 35.911)","USMCOB-RC60369","USMCOB-RC60369-1",NA
"2506","USMCOB","York Spit, VA Chesapeake Bay",36.934,-76.025,1.07,NA,"FL",NA,NA,2020-06-06,"USM",2,"USMCOB-RC60369",2026-05-05,"UTC",2020,6,6,158,00:00:00,NA,"POINT(-76.025 36.934)","USMCOB-RC60369","USMCOB-RC60369-2",NA
"2507","USMCOB","Jennettes Pier, Nags Head, NC",35.911,-75.593,0.81,NA,"FL",0.89,"TL",2019-06-01,"USM",1,"USMCOB-RC60370",2026-05-05,"UTC",2019,6,1,152,00:00:00,NA,"POINT(-75.593 35.911)","USMCOB-RC60370","USMCOB-RC60370-1",NA
"2508","USMCOB","York Split, Cape Henry, VA",36.934,-76.025,0.99,NA,"TL",NA,NA,2019-09-02,"USM",2,"USMCOB-RC60370",2026-05-05,"UTC",2019,9,2,245,00:00:00,NA,"POINT(-76.025 36.934)","USMCOB-RC60370","USMCOB-RC60370-2",NA
"2509","USMCOB","Jennettes Pier, Nags Head, NC",35.911,-75.593,1.07,NA,"FL",1.19,"TL",2019-09-01,"USM",1,"USMCOB-RC60372",2026-05-05,"UTC",2019,9,1,244,00:00:00,NA,"POINT(-75.593 35.911)","USMCOB-RC60372","USMCOB-RC60372-1",NA
"2510","USMCOB","Chesapeake Bay, VA",37.46,-76.122,1.35,NA,"TL",NA,NA,2021-07-10,"USM",2,"USMCOB-RC60372",2026-05-05,"UTC",2021,7,10,191,00:00:00,NA,"POINT(-76.122 37.46)","USMCOB-RC60372","USMCOB-RC60372-2",8.29237246513367
"2511","USMCOB","30 12 42, - 89 02 23",30.211667,-89.039722,0.66,NA,"TL",NA,NA,2023-07-30,"USM",1,"USMCOB-RC60505",2026-05-05,"UTC",2023,7,30,211,00:00:00,NA,"POINT(-89.039722 30.211667)","USMCOB-RC60505","USMCOB-RC60505-1",NA
"2512","USMCOB","Marathon, FL - 87 ft",24.635,-80.941,NA,NA,NA,NA,NA,2023-09-07,"USM",2,"USMCOB-RC60505",2026-05-05,"UTC",2023,9,7,250,00:00:00,NA,"POINT(-80.941 24.635)","USMCOB-RC60505","USMCOB-RC60505-2",NA
"2513","USMCOB","RIGS S. OF PETIT BOIS ISL, MS",30.115,-88.45,0.66,NA,"FL",0.74,"TL",1991-05-03,"USM",1,"USMCOB-RC6077",2026-05-05,"UTC",1991,5,3,123,00:00:00,NA,"POINT(-88.45 30.115)","USMCOB-RC6077","USMCOB-RC6077-1",NA
"2514","USMCOB","OFF GULF SHORES, AL",30.245,-87.701,0.76,NA,"TL",NA,NA,1991-07-13,"USM",2,"USMCOB-RC6077",2026-05-05,"UTC",1991,7,13,194,00:00:00,NA,"POINT(-87.701 30.245)","USMCOB-RC6077","USMCOB-RC6077-2",NA
"2515","USMCOB","Chandeleur Island Bar, LA",30.043,-88.878,0.86,NA,"FL",0.94,"TL",2019-04-27,"USM",1,"USMCOB-RC61179",2026-05-05,"UTC",2019,4,27,117,00:00:00,NA,"POINT(-88.878 30.043)","USMCOB-RC61179","USMCOB-RC61179-1",14.1362535953522
"2516","USMCOB","Main Pass BOEM Lease Area - Block 296",29.258,-88.661,0.95,NA,"FL",1.07,"TL",2021-08-20,"USM",2,"USMCOB-RC61179",2026-05-05,"UTC",2021,8,20,232,00:00:00,NA,"POINT(-88.661 29.258)","USMCOB-RC61179","USMCOB-RC61179-2",NA
"2517","USMCOB","Virginia Beach, VA - oceanfront",36.844,-75.9695,0.94,NA,"TL",NA,NA,2022-06-02,"USM",2,"USMCOB-RC61346",2026-05-05,"UTC",2022,6,2,153,00:00:00,NA,"POINT(-75.9695 36.844)","USMCOB-RC61346","USMCOB-RC61346-2",NA
"2518","USMCOB","30 12.865, 87 03.213",30.214417,-87.05355,0.56,NA,"FL",0.6,"TL",2019-06-12,"USM",2,"USMCOB-RC61353",2026-05-05,"UTC",2019,6,12,163,00:00:00,NA,"POINT(-87.05355 30.214417)","USMCOB-RC61353","USMCOB-RC61353-2",NA
"2519","USMCOB","30 18.550, - 86 16.400",30.309167,-86.273333,NA,NA,NA,NA,NA,2020-10-08,"USM",3,"USMCOB-RC61353",2026-05-05,"UTC",2020,10,8,282,00:00:00,NA,"POINT(-86.273333 30.309167)","USMCOB-RC61353","USMCOB-RC61353-3",1.98446094989777
"2520","USMCOB","30 11.533, -87 12.685",30.192217,-87.211417,0.67,NA,"FL",0.76,"TL",2019-05-26,"USM",1,"USMCOB-RC61361",2026-05-05,"UTC",2019,5,26,146,00:00:00,NA,"POINT(-87.211417 30.192217)","USMCOB-RC61361","USMCOB-RC61361-1",2.08003783226013
"2521","USMCOB","Orange Beach, AL - 25 Mi. S of Pass",29.912458,-87.551847,0.69,NA,"TL",NA,NA,2019-06-01,"USM",2,"USMCOB-RC61361",2026-05-05,"UTC",2019,6,1,152,00:00:00,NA,"POINT(-87.551847 29.912458)","USMCOB-RC61361","USMCOB-RC61361-2",NA
"2522","USMCOB","Pensacola Beach, FL - 22 mi. S",30.0108,-87.134,0.71,NA,"TL",NA,NA,2019-07-22,"USM",2,"USMCOB-RC61363",2026-05-05,"UTC",2019,7,22,203,00:00:00,NA,"POINT(-87.134 30.0108)","USMCOB-RC61363","USMCOB-RC61363-2",NA
"2523","USMCOB","Destin, FL",30.367,-86.497,0.75,NA,"TL",NA,NA,2019-07-18,"USM",2,"USMCOB-RC61380",2026-05-05,"UTC",2019,7,18,199,00:00:00,NA,"POINT(-86.497 30.367)","USMCOB-RC61380","USMCOB-RC61380-2",3.4801127910614
"2524","USMCOB","Orange Beach, AL",30.267,-87.585,0.51,NA,"FL",NA,NA,2019-06-01,"USM",1,"USMCOB-RC61384",2026-05-05,"UTC",2019,6,1,152,00:00:00,NA,"POINT(-87.585 30.267)","USMCOB-RC61384","USMCOB-RC61384-1",NA
"2525","USMCOB","Pensacola Beach, FL - 5 mi. off",30.257053,-87.137472,NA,NA,NA,NA,NA,2019-06-12,"USM",2,"USMCOB-RC61384",2026-05-05,"UTC",2019,6,12,163,00:00:00,NA,"POINT(-87.137472 30.257053)","USMCOB-RC61384","USMCOB-RC61384-2",NA
"2526","USMCOB","Orange Beach, AL",30.267,-87.585,0.81,NA,"FL",NA,NA,2019-06-01,"USM",1,"USMCOB-RC61387",2026-05-05,"UTC",2019,6,1,152,00:00:00,NA,"POINT(-87.585 30.267)","USMCOB-RC61387","USMCOB-RC61387-1",NA
"2527","USMCOB","Orange Beach, AL",30.267,-87.585,1.32,NA,"FL",NA,NA,2020-06-29,"USM",2,"USMCOB-RC61387",2026-05-05,"UTC",2020,6,29,181,00:00:00,NA,"POINT(-87.585 30.267)","USMCOB-RC61387","USMCOB-RC61387-2",NA
"2528","USMCOB","Orange Beach, AL",30.267,-87.585,0.81,NA,"FL",NA,NA,2019-06-01,"USM",1,"USMCOB-RC61388",2026-05-05,"UTC",2019,6,1,152,00:00:00,NA,"POINT(-87.585 30.267)","USMCOB-RC61388","USMCOB-RC61388-1",NA
"2529","USMCOB","Orange Beach, AL - 12 Mi. Offshore",30.0972,-87.58,0.86,NA,"FL",0.91,"TL",2019-06-04,"USM",2,"USMCOB-RC61388",2026-05-05,"UTC",2019,6,4,155,00:00:00,NA,"POINT(-87.58 30.0972)","USMCOB-RC61388","USMCOB-RC61388-2",NA
"2530","USMCOB","Ship Island Channel, MS",30.24,-89,0.89,NA,"FL",NA,NA,2020-05-10,"USM",1,"USMCOB-RC61412",2026-05-05,"UTC",2020,5,10,131,00:00:00,NA,"POINT(-89.0 30.24)","USMCOB-RC61412","USMCOB-RC61412-1",NA
"2531","USMCOB","E end of Ship I., MS",30.245,-88.865,0.94,NA,"FL",NA,NA,2020-07-12,"USM",2,"USMCOB-RC61412",2026-05-05,"UTC",2020,7,12,194,00:00:00,NA,"POINT(-88.865 30.245)","USMCOB-RC61412","USMCOB-RC61412-2",18.0943908691406
"2532","USMCOB","Ship Island, MS",30.2156,-88.9634,0.81,NA,"FL",NA,NA,2020-05-10,"USM",1,"USMCOB-RC61413",2026-05-05,"UTC",2020,5,10,131,00:00:00,NA,"POINT(-88.9634 30.2156)","USMCOB-RC61413","USMCOB-RC61413-1",NA
"2533","USMCOB","35 mi. SE of Ocean Springs, MS",30.044765,-88.408284,0.84,NA,"TL",NA,NA,2020-05-26,"USM",2,"USMCOB-RC61413",2026-05-05,"UTC",2020,5,26,147,00:00:00,NA,"POINT(-88.408284 30.044765)","USMCOB-RC61413","USMCOB-RC61413-2",NA
"2534","USMCOB","Machipongo, VA - Hungars Creek",37.44265,-75.93,0.81,NA,"FL",0.86,"TL",2019-07-14,"USM",1,"USMCOB-RC61522",2026-05-05,"UTC",2019,7,14,195,00:00:00,NA,"POINT(-75.93 37.44265)","USMCOB-RC61522","USMCOB-RC61522-1",NA
"2535","USMCOB","Watts Island, VA",37.8023,-75.8982,1.27,NA,"TL",NA,NA,2021-06-16,"USM",2,"USMCOB-RC61522",2026-05-05,"UTC",2021,6,16,167,00:00:00,NA,"POINT(-75.8982 37.8023)","USMCOB-RC61522","USMCOB-RC61522-2",7.21756744384766
"2536","USMCOB","Machipongo, VA - Hungars Creek",37.44265,-75.93,0.81,NA,"FL",0.86,"TL",2019-07-14,"USM",1,"USMCOB-RC61523",2026-05-05,"UTC",2019,7,14,195,00:00:00,NA,"POINT(-75.93 37.44265)","USMCOB-RC61523","USMCOB-RC61523-1",NA
"2537","USMCOB","Chesapeake Bay, VA",37.4316,-76.1275,1.1,NA,"TL",NA,NA,2020-09-06,"USM",2,"USMCOB-RC61523",2026-05-05,"UTC",2020,9,6,250,00:00:00,NA,"POINT(-76.1275 37.4316)","USMCOB-RC61523","USMCOB-RC61523-2",NA
"2538","USMCOB","Keaton Beach, FL",29.8172,-83.5921,0.86,NA,"TL",NA,NA,2022-04-23,"USM",2,"USMCOB-RC61745",2026-05-05,"UTC",2022,4,23,113,00:00:00,NA,"POINT(-83.5921 29.8172)","USMCOB-RC61745","USMCOB-RC61745-2",NA
"2539","USMCOB","26 02, - 97 07",26.033333,-97.116667,0.75,NA,"FL",0.79,"TL",2020-08-24,"USM",1,"USMCOB-RC61783",2026-05-05,"UTC",2020,8,24,237,00:00:00,NA,"POINT(-97.116667 26.033333)","USMCOB-RC61783","USMCOB-RC61783-1",NA
"2540","USMCOB","South Padre Island, TX - 17 mi. E",26.1115,-96.8897,NA,NA,NA,NA,NA,2023-07-16,"USM",2,"USMCOB-RC61783",2026-05-05,"UTC",2023,7,16,197,00:00:00,NA,"POINT(-96.8897 26.1115)","USMCOB-RC61783","USMCOB-RC61783-2",NA
"2541","USMCOB","12900.0 / 47050.0 ORG. BCH, AL",30.09667,-87.805,0.58,NA,"TL",NA,NA,1990-08-12,"USM",1,"USMCOB-RC6182",2026-05-05,"UTC",1990,8,12,224,00:00:00,NA,"POINT(-87.805 30.09667)","USMCOB-RC6182","USMCOB-RC6182-1",NA
"2542","USMCOB","OFF PENSACOLA BEACH, FL",30.333,-87.15,0.71,NA,"FL",NA,NA,1991-05-05,"USM",2,"USMCOB-RC6182",2026-05-05,"UTC",1991,5,5,125,00:00:00,NA,"POINT(-87.15 30.333)","USMCOB-RC6182","USMCOB-RC6182-2",NA
"2543","USMCOB","Hernando Beach, FL",28.472,-82.705,0.75,NA,"FL",NA,NA,2021-05-12,"USM",1,"USMCOB-RC61892",2026-05-05,"UTC",2021,5,12,132,00:00:00,NA,"POINT(-82.705 28.472)","USMCOB-RC61892","USMCOB-RC61892-1",NA
"2544","USMCOB","Hudson, FL - 2 mi. out",28.3596,-82.7467,0.79,NA,"TL",NA,NA,2021-10-03,"USM",2,"USMCOB-RC61892",2026-05-05,"UTC",2021,10,3,276,00:00:00,NA,"POINT(-82.7467 28.3596)","USMCOB-RC61892","USMCOB-RC61892-2",NA
"2545","USMCOB","Hernando Beach, FL",28.472,-82.705,0.57,NA,"FL",0.62,"TL",2021-05-17,"USM",1,"USMCOB-RC61894",2026-05-05,"UTC",2021,5,17,137,00:00:00,NA,"POINT(-82.705 28.472)","USMCOB-RC61894","USMCOB-RC61894-1",9.36522197723389
"2546","USMCOB","Sarasota, FL",27.341,-82.563,0.91,NA,"TL",NA,NA,2022-02-18,"USM",2,"USMCOB-RC61894",2026-05-05,"UTC",2022,2,18,49,00:00:00,NA,"POINT(-82.563 27.341)","USMCOB-RC61894","USMCOB-RC61894-2",NA
"2547","USMCOB","Tampa Bay, FL - 4G Buoy",27.7866,-82.5584,0.36,NA,"TL",NA,NA,2020-10-10,"USM",1,"USMCOB-RC61946",2026-05-05,"UTC",2020,10,10,284,00:00:00,NA,"POINT(-82.5584 27.7866)","USMCOB-RC61946","USMCOB-RC61946-1",NA
"2548","USMCOB","MacDill AFB, Tampa, FL",27.825,-82.503,0.36,NA,"TL",NA,NA,2020-10-21,"USM",2,"USMCOB-RC61946",2026-05-05,"UTC",2020,10,21,295,00:00:00,NA,"POINT(-82.503 27.825)","USMCOB-RC61946","USMCOB-RC61946-2",NA
"2549","USMCOB","Davis Islands, Tampa, FL",27.9074,-82.4553,0.3,NA,"TL",NA,NA,2020-10-27,"USM",2,"USMCOB-RC61950",2026-05-05,"UTC",2020,10,27,301,00:00:00,NA,"POINT(-82.4553 27.9074)","USMCOB-RC61950","USMCOB-RC61950-2",NA
"2550","USMCOB","12900.0 / 47050.0 ORG. BCH. AL",30.09667,-87.805,0.64,NA,"TL",NA,NA,1990-08-12,"USM",1,"USMCOB-RC6196",2026-05-05,"UTC",1990,8,12,224,00:00:00,NA,"POINT(-87.805 30.09667)","USMCOB-RC6196","USMCOB-RC6196-1",NA
"2551","USMCOB","OFF MIAMI, FL",25.766,-80.126,0.96,NA,"TL",NA,NA,1991-04-10,"USM",2,"USMCOB-RC6196",2026-05-05,"UTC",1991,4,10,100,00:00:00,NA,"POINT(-80.126 25.766)","USMCOB-RC6196","USMCOB-RC6196-2",NA
"2552","USMCOB","12900.0 / 47050.0",30.09667,-87.805,0.56,NA,"FL",0.64,"TL",1990-08-12,"USM",1,"USMCOB-RC6197",2026-05-05,"UTC",1990,8,12,224,00:00:00,NA,"POINT(-87.805 30.09667)","USMCOB-RC6197","USMCOB-RC6197-1",NA
"2553","USMCOB","ISLAMORADA, FL  (ATL. OCEAN)",24.924,-80.625,0.84,NA,"FL",NA,NA,1991-02-15,"USM",2,"USMCOB-RC6197",2026-05-05,"UTC",1991,2,15,46,00:00:00,NA,"POINT(-80.625 24.924)","USMCOB-RC6197","USMCOB-RC6197-2",NA
"2554","USMCOB","Jennettes Pier, Nags Head, NC",35.911,-75.593,0.67,NA,"FL",0.74,"TL",2021-06-27,"USM",1,"USMCOB-RC61974",2026-05-05,"UTC",2021,6,27,178,00:00:00,NA,"POINT(-75.593 35.911)","USMCOB-RC61974","USMCOB-RC61974-1",NA
"2555","USMCOB","36 53.537, - 75 57.744",36.892278,-75.962389,1.17,NA,"TL",NA,NA,2024-06-16,"USM",2,"USMCOB-RC61974",2026-05-05,"UTC",2024,6,16,168,00:00:00,NA,"POINT(-75.962389 36.892278)","USMCOB-RC61974","USMCOB-RC61974-2",NA
"2556","USMCOB","Jennettes Pier, Nags Head, NC",35.911,-75.593,0.61,NA,"FL",0.69,"TL",2021-07-04,"USM",1,"USMCOB-RC61976",2026-05-05,"UTC",2021,7,4,185,00:00:00,NA,"POINT(-75.593 35.911)","USMCOB-RC61976","USMCOB-RC61976-1",NA
"2557","USMCOB","Cape Charles, VA",37.2527,-76.0282,0.99,NA,"TL",NA,NA,2024-07-21,"USM",2,"USMCOB-RC61976",2026-05-05,"UTC",2024,7,21,203,00:00:00,NA,"POINT(-76.0282 37.2527)","USMCOB-RC61976","USMCOB-RC61976-2",NA
"2558","USMCOB","Jennettes Pier, Nags Head, NC",35.911,-75.593,0.71,NA,"FL",0.79,"TL",2022-08-19,"USM",1,"USMCOB-RC61979",2026-05-05,"UTC",2022,8,19,231,00:00:00,NA,"POINT(-75.593 35.911)","USMCOB-RC61979","USMCOB-RC61979-1",NA
"2559","USMCOB","Nags Head, NC",35.974,-75.629,0.97,NA,"TL",NA,NA,2024-05-26,"USM",2,"USMCOB-RC61979",2026-05-05,"UTC",2024,5,26,147,00:00:00,NA,"POINT(-75.629 35.974)","USMCOB-RC61979","USMCOB-RC61979-2",NA
"2560","USMCOB","12900.0 / 47050.0",30.09667,-87.805,0.66,NA,"TL",NA,NA,1990-08-12,"USM",1,"USMCOB-RC6198",2026-05-05,"UTC",1990,8,12,224,00:00:00,NA,"POINT(-87.805 30.09667)","USMCOB-RC6198","USMCOB-RC6198-1",NA
"2561","USMCOB","7 MI. W. OF MOBILE PT., AL",30.225,-88.124,0.89,NA,"FL",NA,NA,1991-08-24,"USM",2,"USMCOB-RC6198",2026-05-05,"UTC",1991,8,24,236,00:00:00,NA,"POINT(-88.124 30.225)","USMCOB-RC6198","USMCOB-RC6198-2",NA
"2562","USMCOB","12900.0 / 47050.0",30.09667,-87.805,0.71,NA,"TL",NA,NA,1990-08-12,"USM",1,"USMCOB-RC6200",2026-05-05,"UTC",1990,8,12,224,00:00:00,NA,"POINT(-87.805 30.09667)","USMCOB-RC6200","USMCOB-RC6200-1",NA
"2563","USMCOB","PENSACOLA PASS, FL",30.326,-87.307,1.04,NA,"TL",NA,NA,1991-08-13,"USM",2,"USMCOB-RC6200",2026-05-05,"UTC",1991,8,13,225,00:00:00,NA,"POINT(-87.307 30.326)","USMCOB-RC6200","USMCOB-RC6200-2",NA
"2564","USMCOB","South Timbalier BOEM Lease Area, Block 52",28.855,-90.489,NA,NA,NA,NA,NA,2022-07-15,"USM",2,"USMCOB-RC62035",2026-05-05,"UTC",2022,7,15,196,00:00:00,NA,"POINT(-90.489 28.855)","USMCOB-RC62035","USMCOB-RC62035-2",NA
"2565","USMCOB","Dauphin Island, AL - 14 mi. S",30.046,-88.142,0.86,NA,"FL",0.94,"TL",2021-07-08,"USM",1,"USMCOB-RC62048",2026-05-05,"UTC",2021,7,8,189,00:00:00,NA,"POINT(-88.142 30.046)","USMCOB-RC62048","USMCOB-RC62048-1",NA
"2566","USMCOB","Dauphin Island, AL - farewell buoy",30.091,-88.212,0.94,NA,"TL",NA,NA,2021-07-24,"USM",2,"USMCOB-RC62048",2026-05-05,"UTC",2021,7,24,205,00:00:00,NA,"POINT(-88.212 30.091)","USMCOB-RC62048","USMCOB-RC62048-2",4.09012055397034
"2567","USMCOB","12900.0 / 47060.0",30.11667,-87.80833,0.71,NA,"TL",NA,NA,1990-05-24,"USM",1,"USMCOB-RC6213",2026-05-05,"UTC",1990,5,24,144,00:00:00,NA,"POINT(-87.80833 30.11667)","USMCOB-RC6213","USMCOB-RC6213-1",NA
"2568","USMCOB","OFF DESTIN, FL",30.38,-86.5,1.3,NA,"FL",NA,NA,1992-04-07,"USM",2,"USMCOB-RC6213",2026-05-05,"UTC",1992,4,7,98,00:00:00,NA,"POINT(-86.5 30.38)","USMCOB-RC6213","USMCOB-RC6213-2",NA
"2569","USMCOB","Fouchon, LA - 11 mi. S",28.9389,-90.1913,0.79,NA,"FL",0.89,"TL",2020-05-02,"USM",1,"USMCOB-RC62242",2026-05-05,"UTC",2020,5,2,123,00:00:00,NA,"POINT(-90.1913 28.9389)","USMCOB-RC62242","USMCOB-RC62242-1",NA
"2570","USMCOB","West Delta BOEM Lease Area - Block 117",28.805,-89.802,0.94,NA,"FL",NA,NA,2023-08-19,"USM",2,"USMCOB-RC62242",2026-05-05,"UTC",2023,8,19,231,00:00:00,NA,"POINT(-89.802 28.805)","USMCOB-RC62242","USMCOB-RC62242-2",NA
"2571","USMCOB","St. Marks, FL",30.074,-84.185,0.86,NA,"FL",0.91,"TL",2022-06-15,"USM",1,"USMCOB-RC62368",2026-05-05,"UTC",2022,6,15,166,00:00:00,NA,"POINT(-84.185 30.074)","USMCOB-RC62368","USMCOB-RC62368-1",NA
"2572","USMCOB","Naples, FL - 15 mi. off",26.1328,-82.0488,0.94,NA,"TL",NA,NA,2023-02-27,"USM",2,"USMCOB-RC62368",2026-05-05,"UTC",2023,2,27,58,00:00:00,NA,"POINT(-82.0488 26.1328)","USMCOB-RC62368","USMCOB-RC62368-2",NA
"2573","USMCOB","30 13.851, - 87 23.521",30.23085,-87.392017,NA,NA,NA,NA,NA,2021-05-26,"USM",1,"USMCOB-RC62396",2026-05-05,"UTC",2021,5,26,146,00:00:00,NA,"POINT(-87.392017 30.23085)","USMCOB-RC62396","USMCOB-RC62396-1",NA
"2574","USMCOB","20 mi. S Port Fourchon, LA - over art. Reef",28.81,-90.185,1.07,NA,"TL",NA,NA,2023-07-07,"USM",2,"USMCOB-RC62396",2026-05-05,"UTC",2023,7,7,188,00:00:00,NA,"POINT(-90.185 28.81)","USMCOB-RC62396","USMCOB-RC62396-2",NA
"2575","USMCOB","30 19.000, - 87 07.400",30.316667,-87.123333,0.64,NA,"FL",0.69,"TL",2020-09-05,"USM",1,"USMCOB-RC62407",2026-05-05,"UTC",2020,9,5,249,00:00:00,NA,"POINT(-87.123333 30.316667)","USMCOB-RC62407","USMCOB-RC62407-1",NA
"2576","USMCOB","Perdido Pass, AL - 5.5 mi. SSE",30.2003,-87.5166,1.05,NA,"FL",NA,NA,2022-07-23,"USM",2,"USMCOB-RC62407",2026-05-05,"UTC",2022,7,23,204,00:00:00,NA,"POINT(-87.5166 30.2003)","USMCOB-RC62407","USMCOB-RC62407-2",NA
"2577","USMCOB","Pensacola Pass, #1 Buoy",30.321,-87.309,0.76,NA,"FL",0.81,"TL",2020-11-12,"USM",1,"USMCOB-RC62409",2026-05-05,"UTC",2020,11,12,317,00:00:00,NA,"POINT(-87.309 30.321)","USMCOB-RC62409","USMCOB-RC62409-1",NA
"2578","USMCOB","Ship Island, MS - Squash Channel",30.245,-88.829,0.91,NA,"FL",0.99,"TL",2021-07-29,"USM",2,"USMCOB-RC62409",2026-05-05,"UTC",2021,7,29,210,00:00:00,NA,"POINT(-88.829 30.245)","USMCOB-RC62409","USMCOB-RC62409-2",NA
"2579","USMCOB","26 02, - 97 07",26.033333,-97.116667,0.88,NA,"FL",1,"TL",2021-10-22,"USM",1,"USMCOB-RC62457",2026-05-05,"UTC",2021,10,22,295,00:00:00,NA,"POINT(-97.116667 26.033333)","USMCOB-RC62457","USMCOB-RC62457-1",NA
"2580","USMCOB","26 02 18, - 97 07 41",26.038333,-97.128056,1.07,NA,"TL",NA,NA,2022-09-07,"USM",2,"USMCOB-RC62457",2026-05-05,"UTC",2022,9,7,250,00:00:00,NA,"POINT(-97.128056 26.038333)","USMCOB-RC62457","USMCOB-RC62457-2",NA
"2581","USMCOB","26 02, - 97 07",26.033333,-97.116667,0.81,NA,"FL",0.91,"TL",2021-10-25,"USM",1,"USMCOB-RC62459",2026-05-05,"UTC",2021,10,25,298,00:00:00,NA,"POINT(-97.116667 26.033333)","USMCOB-RC62459","USMCOB-RC62459-1",NA
"2582","USMCOB","26 02, - 97 07",26.033333,-97.116667,0.93,NA,"FL",1.04,"TL",2022-08-30,"USM",2,"USMCOB-RC62459",2026-05-05,"UTC",2022,8,30,242,00:00:00,NA,"POINT(-97.116667 26.033333)","USMCOB-RC62459","USMCOB-RC62459-2",NA
"2583","USMCOB","26 03, - 97 04",26.05,-97.066667,0.88,NA,"FL",0.99,"TL",2021-11-08,"USM",1,"USMCOB-RC62463",2026-05-05,"UTC",2021,11,8,312,00:00:00,NA,"POINT(-97.066667 26.05)","USMCOB-RC62463","USMCOB-RC62463-1",1.28515708446503
"2584","USMCOB","26 02, - 97 07",26.033333,-97.116667,0.97,NA,"FL",1.09,"TL",2022-10-07,"USM",2,"USMCOB-RC62463",2026-05-05,"UTC",2022,10,7,280,00:00:00,NA,"POINT(-97.116667 26.033333)","USMCOB-RC62463","USMCOB-RC62463-2",NA
"2585","USMCOB","MAIN PASS, BLOCK 113",29.507,-88.755,0.66,NA,"FL",0.74,"TL",1990-07-24,"USM",1,"USMCOB-RC6247",2026-05-05,"UTC",1990,7,24,205,00:00:00,NA,"POINT(-88.755 29.507)","USMCOB-RC6247","USMCOB-RC6247-1",NA
"2586","USMCOB","SHIP SHOALS (OFF LA)",28.903,-91.02,1.11,NA,"TL",NA,NA,1992-09-19,"USM",2,"USMCOB-RC6247",2026-05-05,"UTC",1992,9,19,263,00:00:00,NA,"POINT(-91.02 28.903)","USMCOB-RC6247","USMCOB-RC6247-2",NA
"2587","USMCOB","28 53 57N / 90 49 54W",28.899167,-90.831667,0.81,NA,"FL",0.91,"TL",1990-06-05,"USM",1,"USMCOB-RC6262",2026-05-05,"UTC",1990,6,5,156,00:00:00,NA,"POINT(-90.831667 28.899167)","USMCOB-RC6262","USMCOB-RC6262-1",NA
"2588","USMCOB","SHALLOW RIGS S. OF CHAND. ISL.",29.67,-88.8,0.94,NA,"FL",1,"TL",1990-08-02,"USM",2,"USMCOB-RC6262",2026-05-05,"UTC",1990,8,2,214,00:00:00,NA,"POINT(-88.8 29.67)","USMCOB-RC6262","USMCOB-RC6262-2",NA
"2589","USMCOB","BLK 12, SOUTH PETO. AREA, LA",28.918699,-90.677088,0.56,NA,"FL",0.61,"TL",1990-06-20,"USM",1,"USMCOB-RC6275",2026-05-05,"UTC",1990,6,20,171,00:00:00,NA,"POINT(-90.677088 28.918699)","USMCOB-RC6275","USMCOB-RC6275-1",NA
"2590","USMCOB","DUCK KEY, FL (ATLANTIC SIDE)",24.764,-80.91,0.81,NA,"FL",NA,NA,1991-06-24,"USM",2,"USMCOB-RC6275",2026-05-05,"UTC",1991,6,24,175,00:00:00,NA,"POINT(-80.91 24.764)","USMCOB-RC6275","USMCOB-RC6275-2",NA
"2591","USMCOB","BLK 93, SHIP SHOAL AREA, LA",28.891167,-90.811167,0.58,NA,"FL",0.64,"TL",1990-06-16,"USM",1,"USMCOB-RC6278",2026-05-05,"UTC",1990,6,16,167,00:00:00,NA,"POINT(-90.811167 28.891167)","USMCOB-RC6278","USMCOB-RC6278-1",NA
"2592","USMCOB","OFF PANAMA CITY, FL",30.212,-85.88,0.84,NA,"TL",NA,NA,1991-01-28,"USM",2,"USMCOB-RC6278",2026-05-05,"UTC",1991,1,28,28,00:00:00,NA,"POINT(-85.88 30.212)","USMCOB-RC6278","USMCOB-RC6278-2",NA
"2593","USMCOB","BLK 93, SHIP SHOAL AREA, LA",28.891167,-90.811167,0.57,NA,"FL",0.64,"TL",1990-06-11,"USM",1,"USMCOB-RC6280",2026-05-05,"UTC",1990,6,11,162,00:00:00,NA,"POINT(-90.811167 28.891167)","USMCOB-RC6280","USMCOB-RC6280-1",NA
"2594","USMCOB","SOUTH TIMBALIER, LA ,BLOCK 176",28.525,-90.406,0.89,NA,"TL",NA,NA,1991-08-16,"USM",2,"USMCOB-RC6280",2026-05-05,"UTC",1991,8,16,228,00:00:00,NA,"POINT(-90.406 28.525)","USMCOB-RC6280","USMCOB-RC6280-2",NA
"2595","USMCOB","GULFPORT SHIP CHANNEL,BUOY #43",30.285,-89.028,0.64,NA,"FL",0.69,"TL",1991-07-05,"USM",1,"USMCOB-RC6282",2026-05-05,"UTC",1991,7,5,186,00:00:00,NA,"POINT(-89.028 30.285)","USMCOB-RC6282","USMCOB-RC6282-1",NA
"2596","USMCOB","GULFPORT SHIP CHANNEL, MS",30.349,-89.083,0.64,NA,"FL",0.69,"TL",1991-08-08,"USM",2,"USMCOB-RC6282",2026-05-05,"UTC",1991,8,8,220,00:00:00,NA,"POINT(-89.083 30.349)","USMCOB-RC6282","USMCOB-RC6282-2",NA
"2597","USMCOB","Ecofina Flats, FL",30.035,-83.931,0.69,NA,"FL",0.77,"TL",2021-05-26,"USM",1,"USMCOB-RC62837",2026-05-05,"UTC",2021,5,26,146,00:00:00,NA,"POINT(-83.931 30.035)","USMCOB-RC62837","USMCOB-RC62837-1",NA
"2598","USMCOB","Wakulla Reef - 3 mi. S Apalachee Bay Light",30.0303,-84.1793,0.89,NA,"FL",NA,NA,2023-05-21,"USM",2,"USMCOB-RC62837",2026-05-05,"UTC",2023,5,21,141,00:00:00,NA,"POINT(-84.1793 30.0303)","USMCOB-RC62837","USMCOB-RC62837-2",NA
"2599","USMCOB","Port Canaveral, FL - 3 mi off Beach",28.408,-80.535,0.75,NA,"TL",NA,NA,2022-01-11,"USM",2,"USMCOB-RC62866",2026-05-05,"UTC",2022,1,11,11,00:00:00,NA,"POINT(-80.535 28.408)","USMCOB-RC62866","USMCOB-RC62866-2",NA
"2600","USMCOB","Fort Walton Beach, FL",30.39,-86.6,0.71,NA,"FL",0.81,"TL",2021-04-20,"USM",1,"USMCOB-RC62887",2026-05-05,"UTC",2021,4,20,110,00:00:00,NA,"POINT(-86.6 30.39)","USMCOB-RC62887","USMCOB-RC62887-1",NA
"2601","USMCOB","Port Fourchon, LA - 25 miles out",28.7266,-90.2043,NA,NA,NA,NA,NA,2022-05-01,"USM",2,"USMCOB-RC62887",2026-05-05,"UTC",2022,5,1,121,00:00:00,NA,"POINT(-90.2043 28.7266)","USMCOB-RC62887","USMCOB-RC62887-2",NA
"2602","USMCOB","Navarre, FL",30.378,-86.862,1.02,NA,"FL",1.14,"TL",2021-04-14,"USM",1,"USMCOB-RC62890",2026-05-05,"UTC",2021,4,14,104,00:00:00,NA,"POINT(-86.862 30.378)","USMCOB-RC62890","USMCOB-RC62890-1",NA
"2603","USMCOB","Grand Isle BOEM Lease Area, LA",28.9,-90,1.21,NA,"FL",NA,NA,2023-05-30,"USM",2,"USMCOB-RC62890",2026-05-05,"UTC",2023,5,30,150,00:00:00,NA,"POINT(-90.0 28.9)","USMCOB-RC62890","USMCOB-RC62890-2",NA
"2604","USMCOB","Destin, FL",30.367,-86.497,0.76,NA,"FL",0.84,"TL",2021-04-28,"USM",1,"USMCOB-RC62901",2026-05-05,"UTC",2021,4,28,118,00:00:00,NA,"POINT(-86.497 30.367)","USMCOB-RC62901","USMCOB-RC62901-1",0.763526171445847
"2605","USMCOB","BOEM South Pass Lease Area, Block 62",29.088,-88.734,0.92,NA,"FL",NA,NA,2023-03-07,"USM",2,"USMCOB-RC62901",2026-05-05,"UTC",2023,3,7,66,00:00:00,NA,"POINT(-88.734 29.088)","USMCOB-RC62901","USMCOB-RC62901-2",NA
"2606","USMCOB","Destin, FL",30.367,-86.497,0.61,NA,"FL",0.66,"TL",2021-05-01,"USM",1,"USMCOB-RC62902",2026-05-05,"UTC",2021,5,1,121,00:00:00,NA,"POINT(-86.497 30.367)","USMCOB-RC62902","USMCOB-RC62902-1",NA
"2607","USMCOB","30 21.387, - 86 19.342",30.35645,-86.322367,0.79,NA,"TL",NA,NA,2021-08-08,"USM",2,"USMCOB-RC62902",2026-05-05,"UTC",2021,8,8,220,00:00:00,NA,"POINT(-86.322367 30.35645)","USMCOB-RC62902","USMCOB-RC62902-2",0.709791123867035
"2608","USMCOB","N. OF SQUASH CHANNEL, SHIP ISL",30.245,-88.829,0.79,NA,"FL",0.86,"TL",1990-09-06,"USM",1,"USMCOB-RC6296",2026-05-05,"UTC",1990,9,6,249,00:00:00,NA,"POINT(-88.829 30.245)","USMCOB-RC6296","USMCOB-RC6296-1",NA
"2609","USMCOB","ISLAMORADA, FL.(ATLANTIC SIDE)",24.924,-80.625,0.88,NA,"FL",NA,NA,1990-12-15,"USM",2,"USMCOB-RC6296",2026-05-05,"UTC",1990,12,15,349,00:00:00,NA,"POINT(-80.625 24.924)","USMCOB-RC6296","USMCOB-RC6296-2",NA
"2610","USMCOB","Gulf Shores, AL - 0.5 mi. S Pier",30.2479,-87.6435,0.61,NA,"TL",NA,NA,2021-10-16,"USM",2,"USMCOB-RC63120",2026-05-05,"UTC",2021,10,16,289,00:00:00,NA,"POINT(-87.6435 30.2479)","USMCOB-RC63120","USMCOB-RC63120-2",NA
"2611","USMCOB","Fish Haven 1, MS",30.059,-88.611,0.84,NA,"TL",NA,NA,2023-09-02,"USM",2,"USMCOB-RC63179",2026-05-05,"UTC",2023,9,2,245,00:00:00,NA,"POINT(-88.611 30.059)","USMCOB-RC63179","USMCOB-RC63179-2",NA
"2612","USMCOB","Petit Bois I., MS - 10 mi. S",30.0522,-88.4508,0.81,NA,"FL",NA,NA,2022-04-28,"USM",1,"USMCOB-RC63231",2026-05-05,"UTC",2022,4,28,118,00:00:00,NA,"POINT(-88.4508 30.0522)","USMCOB-RC63231","USMCOB-RC63231-1",2.79687488079071
"2613","USMCOB","Main Pass BOEM Lease Area - Block 300 B Rig",29.263732,-88.781657,NA,NA,NA,NA,NA,2024-05-04,"USM",2,"USMCOB-RC63231",2026-05-05,"UTC",2024,5,4,125,00:00:00,NA,"POINT(-88.781657 29.263732)","USMCOB-RC63231","USMCOB-RC63231-2",NA
"2614","USMCOB","Ft. Morgan, AL - 15 mi. S",30.0063,-88.0205,0.97,NA,"TL",NA,NA,2024-09-15,"USM",2,"USMCOB-RC63236",2026-05-05,"UTC",2024,9,15,259,00:00:00,NA,"POINT(-88.0205 30.0063)","USMCOB-RC63236","USMCOB-RC63236-2",NA
"2615","USMCOB","2914.183N 8957.200W",29.23638,-89.95333,NA,NA,NA,NA,NA,2007-07-14,"USM",2,"USMCOB-SH145",2026-05-05,"UTC",2007,7,14,195,00:00:00,NA,"POINT(-89.95333 29.23638)","USMCOB-SH145","USMCOB-SH145-2",NA
"2616","USMCOB","SOUTH MARSH ISLAND,LA  BLK 130",28.307173,-91.993,1.16,NA,"FL",1.27,"TL",1991-06-26,"USM",1,"USMCOB-RC6337",2026-05-05,"UTC",1991,6,26,177,00:00:00,NA,"POINT(-91.993 28.307173)","USMCOB-RC6337","USMCOB-RC6337-1",NA
"2617","USMCOB","Off Destin Florida",30.38,-86.5,NA,NA,NA,NA,NA,1996-04-15,"USM",2,"USMCOB-RC6337",2026-05-05,"UTC",1996,4,15,106,00:00:00,NA,"POINT(-86.5 30.38)","USMCOB-RC6337","USMCOB-RC6337-2",NA
"2618","USMCOB","29 21.669, - 87 53.132",29.36115,-87.885533,1.04,NA,"TL",NA,NA,2025-05-05,"USM",2,"USMCOB-RC63379",2026-05-05,"UTC",2025,5,5,125,00:00:00,NA,"POINT(-87.885533 29.36115)","USMCOB-RC63379","USMCOB-RC63379-2",NA
"2619","USMCOB","SOUTH MARSH ISLAND,LA  BLK 130",28.307173,-91.993,1.17,NA,"FL",1.27,"TL",1991-06-26,"USM",1,"USMCOB-RC6338",2026-05-05,"UTC",1991,6,26,177,00:00:00,NA,"POINT(-91.993 28.307173)","USMCOB-RC6338","USMCOB-RC6338-1",NA
"2620","USMCOB","55MI. S. OF ST. PETERSBURG, FL",26.949,-82.762,1.21,NA,"FL",NA,NA,1993-01-06,"USM",2,"USMCOB-RC6338",2026-05-05,"UTC",1993,1,6,6,00:00:00,NA,"POINT(-82.762 26.949)","USMCOB-RC6338","USMCOB-RC6338-2",NA
"2621","USMCOB","Tampa Bay, FL - Pinellas Pt.",27.7028,-82.6686,0.84,NA,"FL",0.91,"TL",2021-10-24,"USM",1,"USMCOB-RC63403",2026-05-05,"UTC",2021,10,24,297,00:00:00,NA,"POINT(-82.6686 27.7028)","USMCOB-RC63403","USMCOB-RC63403-1",49.4454193115234
"2622","USMCOB","Misener Bridge, St. Petersburg, FL",27.692778,-82.679167,1.02,NA,"TL",NA,NA,2022-04-05,"USM",2,"USMCOB-RC63403",2026-05-05,"UTC",2022,4,5,95,00:00:00,NA,"POINT(-82.679167 27.692778)","USMCOB-RC63403","USMCOB-RC63403-2",NA
"2623","USMCOB","Pelican Flats, Cape Canaveral, FL",28.307867,-80.26,NA,NA,NA,NA,NA,2022-01-12,"USM",1,"USMCOB-RC63496",2026-05-05,"UTC",2022,1,12,12,00:00:00,NA,"POINT(-80.26 28.307867)","USMCOB-RC63496","USMCOB-RC63496-1",NA
"2624","USMCOB","Marathon, FL -5 mi. off S side in 154 ft",24.6477,-81.0526,1.21,NA,"TL",NA,NA,2024-02-08,"USM",2,"USMCOB-RC63496",2026-05-05,"UTC",2024,2,8,39,00:00:00,NA,"POINT(-81.0526 24.6477)","USMCOB-RC63496","USMCOB-RC63496-2",NA
"2625","USMCOB","Pelican Flats, Cape Canaveral, FL",28.307867,-80.26,0.66,NA,"TL",NA,NA,2022-01-19,"USM",1,"USMCOB-RC63499",2026-05-05,"UTC",2022,1,19,19,00:00:00,NA,"POINT(-80.26 28.307867)","USMCOB-RC63499","USMCOB-RC63499-1",1.55258464813232
"2626","USMCOB","28 29.485, -80 20.399",28.491417,-80.339983,0.74,NA,"FL",NA,NA,2024-07-24,"USM",2,"USMCOB-RC63499",2026-05-05,"UTC",2024,7,24,206,00:00:00,NA,"POINT(-80.339983 28.491417)","USMCOB-RC63499","USMCOB-RC63499-2",NA
"2627","USMCOB","Sarasota, FL",27.341,-82.563,0.81,NA,"FL",0.94,"TL",2022-05-10,"USM",1,"USMCOB-RC63504",2026-05-05,"UTC",2022,5,10,130,00:00:00,NA,"POINT(-82.563 27.341)","USMCOB-RC63504","USMCOB-RC63504-1",NA
"2628","USMCOB","Alan Fisher Reef, Sarasota, FL",27.30185,-82.61875,0.89,NA,"FL",NA,NA,2023-04-22,"USM",2,"USMCOB-RC63504",2026-05-05,"UTC",2023,4,22,112,00:00:00,NA,"POINT(-82.61875 27.30185)","USMCOB-RC63504","USMCOB-RC63504-2",NA
"2629","USMCOB","Gulfport Ship Channel, MS - Farewell Buoy",30.119,-88.877,0.58,NA,"FL",0.64,"TL",2022-07-14,"USM",1,"USMCOB-RC63573",2026-05-05,"UTC",2022,7,14,195,00:00:00,NA,"POINT(-88.877 30.119)","USMCOB-RC63573","USMCOB-RC63573-1",NA
"2630","USMCOB","Sand Island, MS - 1 mi. S",30.2063,-88.5133,0.71,NA,"TL",NA,NA,2022-07-24,"USM",2,"USMCOB-RC63573",2026-05-05,"UTC",2022,7,24,205,00:00:00,NA,"POINT(-88.5133 30.2063)","USMCOB-RC63573","USMCOB-RC63573-2",NA
"2631","USMCOB","Horn Island, MS - S",30.218,-88.6674,0.61,NA,"FL",0.71,"TL",2022-07-30,"USM",3,"USMCOB-RC63573",2026-05-05,"UTC",2022,7,30,211,00:00:00,NA,"POINT(-88.6674 30.218)","USMCOB-RC63573","USMCOB-RC63573-3",NA
"2632","USMCOB","Chandeleur Islands, LA",29.819,-88.836,0.86,NA,"FL",0.94,"TL",2022-08-07,"USM",1,"USMCOB-RC63576",2026-05-05,"UTC",2022,8,7,219,00:00:00,NA,"POINT(-88.836 29.819)","USMCOB-RC63576","USMCOB-RC63576-1",NA
"2633","USMCOB","Pascagoula Ship Channel, MS - Farewell Buoy",30.142,-88.578,0.92,NA,"FL",NA,NA,2022-09-26,"USM",2,"USMCOB-RC63576",2026-05-05,"UTC",2022,9,26,269,00:00:00,NA,"POINT(-88.578 30.142)","USMCOB-RC63576","USMCOB-RC63576-2",NA
"2634","USMCOB","DOG KEYS PASS (RED CAN)",30.246,-88.782,0.79,NA,"FL",0.85,"TL",1990-08-24,"USM",1,"USMCOB-RC6361",2026-05-05,"UTC",1990,8,24,236,00:00:00,NA,"POINT(-88.782 30.246)","USMCOB-RC6361","USMCOB-RC6361-1",NA
"2635","USMCOB","DOG KEYS PASS, MS  (RED CAN)",30.246,-88.782,1.02,NA,"FL",1.09,"TL",1991-07-15,"USM",2,"USMCOB-RC6361",2026-05-05,"UTC",1991,7,15,196,00:00:00,NA,"POINT(-88.782 30.246)","USMCOB-RC6361","USMCOB-RC6361-2",NA
"2636","USMCOB","Navarre Kayak Reef, FL",30.3567,-86.878733,0.8,NA,"TL",NA,NA,2023-06-18,"USM",2,"USMCOB-RC63628",2026-05-05,"UTC",2023,6,18,169,00:00:00,NA,"POINT(-86.878733 30.3567)","USMCOB-RC63628","USMCOB-RC63628-2",NA
"2637","USMCOB","30 08.542, - 88 34.699",30.142367,-88.578317,0.58,NA,"FL",0.66,"TL",2022-05-19,"USM",1,"USMCOB-RC63640",2026-05-05,"UTC",2022,5,19,139,00:00:00,NA,"POINT(-88.578317 30.142367)","USMCOB-RC63640","USMCOB-RC63640-1",NA
"2638","USMCOB","Pascagoula Ship Channel, MS - marker 1",30.154,-88.567,NA,NA,NA,NA,NA,2022-06-22,"USM",2,"USMCOB-RC63640",2026-05-05,"UTC",2022,6,22,173,00:00:00,NA,"POINT(-88.567 30.154)","USMCOB-RC63640","USMCOB-RC63640-2",2.72248554229736
"2639","USMCOB","70 Miles W of Steinhatchee, FL",29.6553,-84.5524,NA,NA,NA,NA,NA,2024-11-16,"USM",2,"USMCOB-RC63676",2026-05-05,"UTC",2024,11,16,321,00:00:00,NA,"POINT(-84.5524 29.6553)","USMCOB-RC63676","USMCOB-RC63676-2",NA
"2640","USMCOB","Petit Bois Ships - BOEM Mobile Lease Area - Block 904",30.084,-88.497,0.41,NA,"FL",NA,NA,2025-04-26,"USM",1,"USMCOB-RC63685",2026-05-05,"UTC",2025,4,26,116,00:00:00,NA,"POINT(-88.497 30.084)","USMCOB-RC63685","USMCOB-RC63685-1",NA
"2641","USMCOB","NOAA Station 121/E1104",30.020667,-88.343333,0.68,NA,"TL",NA,NA,2025-11-21,"USM",2,"USMCOB-RC63685",2026-05-05,"UTC",2025,11,21,325,00:00:00,NA,"POINT(-88.343333 30.020667)","USMCOB-RC63685","USMCOB-RC63685-2",NA
"2642","USMCOB","USM Weather Buoy",30.05,-88.583333,0.7,NA,"FL",0.79,"TL",2023-09-26,"USM",2,"USMCOB-RC63725",2026-05-05,"UTC",2023,9,26,269,00:00:00,NA,"POINT(-88.583333 30.05)","USMCOB-RC63725","USMCOB-RC63725-2",NA
"2643","USMCOB","DOG KEYS PASS (RED CAN)",30.246,-88.782,0.56,NA,"FL",0.61,"TL",1990-08-24,"USM",1,"USMCOB-RC6377",2026-05-05,"UTC",1990,8,24,236,00:00:00,NA,"POINT(-88.782 30.246)","USMCOB-RC6377","USMCOB-RC6377-1",NA
"2644","USMCOB","DOG KEYS PASS, MS",30.246,-88.782,NA,NA,NA,NA,NA,1990-09-13,"USM",2,"USMCOB-RC6377",2026-05-05,"UTC",1990,9,13,256,00:00:00,NA,"POINT(-88.782 30.246)","USMCOB-RC6377","USMCOB-RC6377-2",NA
"2645","USMCOB","29 22N / 88 15W",29.366667,-88.25,0.91,NA,"FL",0.99,"TL",1990-04-24,"USM",1,"USMCOB-RC6381",2026-05-05,"UTC",1990,4,24,114,00:00:00,NA,"POINT(-88.25 29.366667)","USMCOB-RC6381","USMCOB-RC6381-1",NA
"2646","USMCOB","OFF MOBILE BAY, AL",30.428,-88.015,NA,NA,NA,NA,NA,1992-05-12,"USM",2,"USMCOB-RC6381",2026-05-05,"UTC",1992,5,12,133,00:00:00,NA,"POINT(-88.015 30.428)","USMCOB-RC6381","USMCOB-RC6381-2",NA
"2647","USMCOB","30 03.457, - 88 32.187",30.057617,-88.53645,0.89,NA,"TL",NA,NA,2022-06-15,"USM",1,"USMCOB-RC63821",2026-05-05,"UTC",2022,6,15,166,00:00:00,NA,"POINT(-88.53645 30.057617)","USMCOB-RC63821","USMCOB-RC63821-1",9.12906646728516
"2648","USMCOB","Grand Isle, LA - 6.5 mi. off",29.1508,-89.9372,0.99,NA,"TL",NA,NA,2023-08-20,"USM",2,"USMCOB-RC63821",2026-05-05,"UTC",2023,8,20,232,00:00:00,NA,"POINT(-89.9372 29.1508)","USMCOB-RC63821","USMCOB-RC63821-2",NA
"2649","USMCOB","PETROLEUM BEACON, CAT ISL., MS",30.228,-89.012,0.47,NA,"FL",0.56,"TL",1990-06-27,"USM",1,"USMCOB-RC6402",2026-05-05,"UTC",1990,6,27,178,00:00:00,NA,"POINT(-89.012 30.228)","USMCOB-RC6402","USMCOB-RC6402-1",NA
"2650","USMCOB","W. END OF SHIP ISLAND, MS",30.21,-88.964,0.47,NA,"FL",0.56,"TL",1990-06-30,"USM",2,"USMCOB-RC6402",2026-05-05,"UTC",1990,6,30,181,00:00:00,NA,"POINT(-88.964 30.21)","USMCOB-RC6402","USMCOB-RC6402-2",NA
"2651","USMCOB","Sarasota, FL",27.341,-82.563,0.81,NA,"FL",0.91,"TL",2022-11-03,"USM",1,"USMCOB-RC64053",2026-05-05,"UTC",2022,11,3,307,00:00:00,NA,"POINT(-82.563 27.341)","USMCOB-RC64053","USMCOB-RC64053-1",NA
"2652","USMCOB","off Sarasota, FL",27.3254,-82.5948,0.9,NA,"FL",1.02,"TL",2023-08-11,"USM",2,"USMCOB-RC64053",2026-05-05,"UTC",2023,8,11,223,00:00:00,NA,"POINT(-82.5948 27.3254)","USMCOB-RC64053","USMCOB-RC64053-2",NA
"2653","USMCOB","Suwannee, FL",29.277284,-83.195001,NA,NA,NA,NA,NA,2023-08-25,"USM",2,"USMCOB-RC64081",2026-05-05,"UTC",2023,8,25,237,00:00:00,NA,"POINT(-83.195001 29.277284)","USMCOB-RC64081","USMCOB-RC64081-2",NA
"2654","USMCOB","29 07.129, - 80 24.784",29.118817,-80.413067,0.62,NA,"FL",0.67,"TL",2023-07-12,"USM",1,"USMCOB-RC64101",2026-05-05,"UTC",2023,7,12,193,00:00:00,NA,"POINT(-80.413067 29.118817)","USMCOB-RC64101","USMCOB-RC64101-1",NA
"2655","USMCOB","Cape Point, NC",35.2134,-75.5129,0.84,NA,"TL",NA,NA,2024-05-22,"USM",2,"USMCOB-RC64101",2026-05-05,"UTC",2024,5,22,143,00:00:00,NA,"POINT(-75.5129 35.2134)","USMCOB-RC64101","USMCOB-RC64101-2",NA
"2656","USMCOB","CAMILLE CUT, SHIP ISLAND, MS",30.221,-88.912,0.66,NA,"FL",NA,NA,1994-08-06,"USM",2,"USMCOB-RC6411",2026-05-05,"UTC",1994,8,6,218,00:00:00,NA,"POINT(-88.912 30.221)","USMCOB-RC6411","USMCOB-RC6411-2",NA
"2657","USMCOB","WEST END OF SHIP ISLAND, MS",30.21,-88.964,0.64,NA,"FL",0.7,"TL",1994-08-06,"USM",1,"USMCOB-RC6411",2026-05-05,"UTC",1994,8,6,218,00:00:00,NA,"POINT(-88.964 30.21)","USMCOB-RC6411","USMCOB-RC6411-1",NA
"2658","USMCOB","29 17 19, - 81 01 17",29.288611,-81.021389,0.64,NA,"TL",NA,NA,2023-04-06,"USM",1,"USMCOB-RC64128",2026-05-05,"UTC",2023,4,6,96,00:00:00,NA,"POINT(-81.021389 29.288611)","USMCOB-RC64128","USMCOB-RC64128-1",NA
"2659","USMCOB","Fernandina Beach, FL",30.6542,-81.42,0.74,NA,"FL",NA,NA,2023-06-22,"USM",2,"USMCOB-RC64128",2026-05-05,"UTC",2023,6,22,173,00:00:00,NA,"POINT(-81.42 30.6542)","USMCOB-RC64128","USMCOB-RC64128-2",NA
"2660","USMCOB","29 21 44, - 81 03 49",29.362222,-81.063611,0.91,NA,"TL",NA,NA,2023-04-06,"USM",1,"USMCOB-RC64130",2026-05-05,"UTC",2023,4,6,96,00:00:00,NA,"POINT(-81.063611 29.362222)","USMCOB-RC64130","USMCOB-RC64130-1",NA
"2661","USMCOB","Jacksonville Beach, FL - 13 mi. offshore",30.311966,-81.17117,0.94,NA,"TL",NA,NA,2024-06-25,"USM",2,"USMCOB-RC64130",2026-05-05,"UTC",2024,6,25,177,00:00:00,NA,"POINT(-81.17117 30.311966)","USMCOB-RC64130","USMCOB-RC64130-2",NA
"2662","USMCOB","29 07.606, - 80 24.808",29.126767,-80.413467,0.86,NA,"FL",0.97,"TL",2023-07-10,"USM",1,"USMCOB-RC64156",2026-05-05,"UTC",2023,7,10,191,00:00:00,NA,"POINT(-80.413467 29.126767)","USMCOB-RC64156","USMCOB-RC64156-1",NA
"2663","USMCOB","29 20.8146, - 80 27.5926",29.34691,-80.459877,0.88,NA,"FL",0.98,"TL",2023-08-07,"USM",2,"USMCOB-RC64156",2026-05-05,"UTC",2023,8,7,219,00:00:00,NA,"POINT(-80.459877 29.34691)","USMCOB-RC64156","USMCOB-RC64156-2",NA
"2664","USMCOB","Ft. Morgan, AL - 15 mi. S",30.0063,-88.0205,1.02,NA,"TL",NA,NA,2024-09-14,"USM",2,"USMCOB-RC64357",2026-05-05,"UTC",2024,9,14,258,00:00:00,NA,"POINT(-88.0205 30.0063)","USMCOB-RC64357","USMCOB-RC64357-2",NA
"2665","USMCOB","Pascagoula Ship Channel, MS",30.241,-88.506,0.88,NA,"TL",NA,NA,2023-05-13,"USM",1,"USMCOB-RC64361",2026-05-05,"UTC",2023,5,13,133,00:00:00,NA,"POINT(-88.506 30.241)","USMCOB-RC64361","USMCOB-RC64361-1",NA
"2666","USMCOB","Squash Channel, MS - N end",30.26,-88.845,NA,NA,NA,NA,NA,2023-05-26,"USM",2,"USMCOB-RC64361",2026-05-05,"UTC",2023,5,26,146,00:00:00,NA,"POINT(-88.845 30.26)","USMCOB-RC64361","USMCOB-RC64361-2",NA
"2667","USMCOB","Mobile Bay, AL - Mouth",30.376611,-88.025076,0.97,NA,"TL",NA,NA,2023-07-26,"USM",3,"USMCOB-RC64361",2026-05-05,"UTC",2023,7,26,207,00:00:00,NA,"POINT(-88.025076 30.376611)","USMCOB-RC64361","USMCOB-RC64361-3",NA
"2668","USMCOB","MAIN PASS, BLOCK 99",29.578,-88.661,0.69,NA,"FL",0.74,"TL",1991-08-24,"USM",1,"USMCOB-RC6474",2026-05-05,"UTC",1991,8,24,236,00:00:00,NA,"POINT(-88.661 29.578)","USMCOB-RC6474","USMCOB-RC6474-1",NA
"2669","USMCOB","30 MI. SOUTH OF HORN ISL., MS",29.795,-88.861,0.76,NA,"FL",NA,NA,1991-10-19,"USM",2,"USMCOB-RC6474",2026-05-05,"UTC",1991,10,19,292,00:00:00,NA,"POINT(-88.861 29.795)","USMCOB-RC6474","USMCOB-RC6474-2",NA
"2670","USMCOB","29 41.227, - 81 12.683",29.687117,-81.211383,0.97,NA,"FL",1.09,"TL",2024-05-04,"USM",1,"USMCOB-RC64828",2026-05-05,"UTC",2024,5,4,125,00:00:00,NA,"POINT(-81.211383 29.687117)","USMCOB-RC64828","USMCOB-RC64828-1",NA
"2671","USMCOB","28 11.673, - 80 07.576",28.19455,-80.126267,1.14,NA,"TL",NA,NA,2024-11-27,"USM",2,"USMCOB-RC64828",2026-05-05,"UTC",2024,11,27,332,00:00:00,NA,"POINT(-80.126267 28.19455)","USMCOB-RC64828","USMCOB-RC64828-2",NA
"2672","USMCOB","47019.0 / 12278.0",29.98,-88.82667,0.76,NA,"FL",0.84,"TL",1991-08-30,"USM",1,"USMCOB-RC6487",2026-05-05,"UTC",1991,8,30,242,00:00:00,NA,"POINT(-88.82667 29.98)","USMCOB-RC6487","USMCOB-RC6487-1",NA
"2673","USMCOB","RUBBLE SITE S. OF HORN ISLAND",30.165,-88.75,0.85,NA,"FL",NA,NA,1991-10-20,"USM",2,"USMCOB-RC6487",2026-05-05,"UTC",1991,10,20,293,00:00:00,NA,"POINT(-88.75 30.165)","USMCOB-RC6487","USMCOB-RC6487-2",NA
"2674","USMCOB","3 MI. S. OF DOG KEYS PASS",30.246,-88.782,0.64,NA,"FL",0.71,"TL",1990-08-17,"USM",1,"USMCOB-RC6501",2026-05-05,"UTC",1990,8,17,229,00:00:00,NA,"POINT(-88.782 30.246)","USMCOB-RC6501","USMCOB-RC6501-1",NA
"2675","USMCOB","VERMILION BLOCK 121, OFF LA",29.108,-92.595,1.27,NA,"FL",NA,NA,1994-07-16,"USM",2,"USMCOB-RC6501",2026-05-05,"UTC",1994,7,16,197,00:00:00,NA,"POINT(-92.595 29.108)","USMCOB-RC6501","USMCOB-RC6501-2",NA
"2676","USMCOB","29.808981, -84.047338",29.808981,-84.047338,0.64,NA,"FL",0.7,"TL",2024-11-16,"USM",1,"USMCOB-RC65111",2026-05-05,"UTC",2024,11,16,321,00:00:00,NA,"POINT(-84.047338 29.808981)","USMCOB-RC65111","USMCOB-RC65111-1",NA
"2677","USMCOB","29.808981, -84.047338",29.808981,-84.047338,0.7,NA,"FL",0.76,"TL",2025-04-26,"USM",2,"USMCOB-RC65111",2026-05-05,"UTC",2025,4,26,116,00:00:00,NA,"POINT(-84.047338 29.808981)","USMCOB-RC65111","USMCOB-RC65111-2",NA
"2678","USMCOB","USM Buoy 42067",30.05,-88.583,0.79,NA,"FL",NA,NA,2025-09-22,"USM",2,"USMCOB-RC65272",2026-05-05,"UTC",2025,9,22,265,00:00:00,NA,"POINT(-88.583 30.05)","USMCOB-RC65272","USMCOB-RC65272-2",NA
"2679","USMCOB","29 57.124, - 84 05.385",29.952067,-84.08975,0.81,NA,"FL",0.91,"TL",2025-05-04,"USM",1,"USMCOB-RC65581",2026-05-05,"UTC",2025,5,4,124,00:00:00,NA,"POINT(-84.08975 29.952067)","USMCOB-RC65581","USMCOB-RC65581-1",NA
"2680","USMCOB","29 57.286, - 84 05.317",29.954767,-84.088617,0.83,NA,"FL",0.91,"TL",2025-05-18,"USM",2,"USMCOB-RC65581",2026-05-05,"UTC",2025,5,18,138,00:00:00,NA,"POINT(-84.088617 29.954767)","USMCOB-RC65581","USMCOB-RC65581-2",NA
"2681","USMCOB","FF SHIP ISLAND, MS",30.119,-88.877,NA,NA,NA,NA,NA,1991-07-01,"USM",1,"USMCOB-RC6590",2026-05-05,"UTC",1991,7,1,182,00:00:00,NA,"POINT(-88.877 30.119)","USMCOB-RC6590","USMCOB-RC6590-1",NA
"2682","USMCOB","OFF DAUPHIN ISLAND, AL",30.235,-88.18,NA,NA,NA,NA,NA,1991-04-30,"USM",1,"USMCOB-RC6624",2026-05-05,"UTC",1991,4,30,120,00:00:00,NA,"POINT(-88.18 30.235)","USMCOB-RC6624","USMCOB-RC6624-1",NA
"2683","USMCOB","OFF GULF SHORES, AL",30.245,-87.701,0.94,NA,"FL",1.02,"TL",1992-04-16,"USM",2,"USMCOB-RC6624",2026-05-05,"UTC",1992,4,16,107,00:00:00,NA,"POINT(-87.701 30.245)","USMCOB-RC6624","USMCOB-RC6624-2",NA
"2684","USMCOB","10 MI. S. OF DAUPHIN ISL., AL",30.095574,-88.104951,0.71,NA,"FL",0.79,"TL",1991-04-20,"USM",1,"USMCOB-RC6627",2026-05-05,"UTC",1991,4,20,110,00:00:00,NA,"POINT(-88.104951 30.095574)","USMCOB-RC6627","USMCOB-RC6627-1",NA
"2685","USMCOB","1 MI.E.MOBILE BAY FAREWEL BUOY",30.125,-88.052,1.04,NA,"FL",1.09,"TL",1993-10-02,"USM",2,"USMCOB-RC6627",2026-05-05,"UTC",1993,10,2,275,00:00:00,NA,"POINT(-88.052 30.125)","USMCOB-RC6627","USMCOB-RC6627-2",NA
"2686","USMCOB","SHIP ISLAND CHANNEL C-5, MS",30.266,-88.962,0.71,NA,"FL",0.76,"TL",1994-07-01,"USM",1,"USMCOB-RC6675",2026-05-05,"UTC",1994,7,1,182,00:00:00,NA,"POINT(-88.962 30.266)","USMCOB-RC6675","USMCOB-RC6675-1",NA
"2687","USMCOB","W. OF SHIP ISLAND, MS",30.211,-88.991,0.71,NA,"FL",0.76,"TL",1994-07-03,"USM",2,"USMCOB-RC6675",2026-05-05,"UTC",1994,7,3,184,00:00:00,NA,"POINT(-88.991 30.211)","USMCOB-RC6675","USMCOB-RC6675-2",NA
"2688","USMCOB","BUOY #9 SHIP ISL. CHAN., MS",30.131,-88.942,0.27,NA,"FL",0.3,"TL",1993-08-27,"USM",1,"USMCOB-RC6682",2026-05-05,"UTC",1993,8,27,239,00:00:00,NA,"POINT(-88.942 30.131)","USMCOB-RC6682","USMCOB-RC6682-1",NA
"2689","USMCOB","SHIP ISLAND CHANNEL C-5, MS",30.266,-88.962,0.89,NA,"FL",0.91,"TL",1994-07-01,"USM",2,"USMCOB-RC6682",2026-05-05,"UTC",1994,7,1,182,00:00:00,NA,"POINT(-88.962 30.266)","USMCOB-RC6682","USMCOB-RC6682-2",NA
"2690","USMCOB","47030.0 / 12280.0",30.02667,-88.82167,0.71,NA,"FL",0.79,"TL",1990-08-17,"USM",1,"USMCOB-RC6697",2026-05-05,"UTC",1990,8,17,229,00:00:00,NA,"POINT(-88.82167 30.02667)","USMCOB-RC6697","USMCOB-RC6697-1",NA
"2691","USMCOB","30 MI. S. MARCO ISL., FL",25.495,-81.74,1.4,NA,"FL",1.52,"TL",1994-11-11,"USM",2,"USMCOB-RC6697",2026-05-05,"UTC",1994,11,11,315,00:00:00,NA,"POINT(-81.74 25.495)","USMCOB-RC6697","USMCOB-RC6697-2",NA
"2692","USMCOB","47080.0 / 12270.0",30.245,-88.83,0.71,NA,"FL",0.79,"TL",1990-09-01,"USM",1,"USMCOB-RC6698",2026-05-05,"UTC",1990,9,1,244,00:00:00,NA,"POINT(-88.83 30.245)","USMCOB-RC6698","USMCOB-RC6698-1",NA
"2693","USMCOB","27 12/83 14 OFF TAMPA BAY, FL",27.2,-83.233,NA,NA,NA,NA,NA,1992-07-08,"USM",2,"USMCOB-RC6698",2026-05-05,"UTC",1992,7,8,190,00:00:00,NA,"POINT(-83.233 27.2)","USMCOB-RC6698","USMCOB-RC6698-2",NA
"2694","USMCOB","CHANDELEUR SOUND, BLOCK 111",29.466,-88.71,1.12,NA,"TL",NA,NA,1993-09-11,"USM",2,"USMCOB-RC6703",2026-05-05,"UTC",1993,9,11,254,00:00:00,NA,"POINT(-88.71 29.466)","USMCOB-RC6703","USMCOB-RC6703-2",NA
"2695","USMCOB","5 MI. SW. OF DAUPHIN ISL., AL",30.158,-88.365,0.76,NA,"FL",0.81,"TL",1991-08-21,"USM",2,"USMCOB-RC6707",2026-05-05,"UTC",1991,8,21,233,00:00:00,NA,"POINT(-88.365 30.158)","USMCOB-RC6707","USMCOB-RC6707-2",NA
"2696","USMCOB","MONKEY BAYOU RIGS, S. OF CHAND",29.718,-88.797,0.74,NA,"FL",0.81,"TL",1990-04-22,"USM",1,"USMCOB-RC6723",2026-05-05,"UTC",1990,4,22,112,00:00:00,NA,"POINT(-88.797 29.718)","USMCOB-RC6723","USMCOB-RC6723-1",NA
"2697","USMCOB","30 MI. S. OF HORN ISL., MS",29.91,-89.02,0.81,NA,"TL",NA,NA,1990-05-02,"USM",2,"USMCOB-RC6723",2026-05-05,"UTC",1990,5,2,122,00:00:00,NA,"POINT(-89.02 29.91)","USMCOB-RC6723","USMCOB-RC6723-2",NA
"2698","USMCOB","MONKEY BAYOU, LA",29.718,-88.797,0.6,NA,"FL",0.66,"TL",1993-07-03,"USM",1,"USMCOB-RC6753",2026-05-05,"UTC",1993,7,3,184,00:00:00,NA,"POINT(-88.797 29.718)","USMCOB-RC6753","USMCOB-RC6753-1",NA
"2699","USMCOB","SOUTH WEST PASS, LA",28.92,-89.42,NA,NA,NA,NA,NA,1995-03-18,"USM",2,"USMCOB-RC6753",2026-05-05,"UTC",1995,3,18,77,00:00:00,NA,"POINT(-89.42 28.92)","USMCOB-RC6753","USMCOB-RC6753-2",NA
"2700","USMCOB","S. OF DAUPHIN ISLAND, AL",30.235,-88.18,0.71,NA,"FL",0.79,"TL",1991-04-07,"USM",1,"USMCOB-RC6765",2026-05-05,"UTC",1991,4,7,97,00:00:00,NA,"POINT(-88.18 30.235)","USMCOB-RC6765","USMCOB-RC6765-1",NA
"2701","USMCOB","30 MI. NW OF KEY WEST,FL(GULF)",24.842,-82.165,NA,NA,NA,NA,NA,1992-01-30,"USM",2,"USMCOB-RC6765",2026-05-05,"UTC",1992,1,30,30,00:00:00,NA,"POINT(-82.165 24.842)","USMCOB-RC6765","USMCOB-RC6765-2",NA
"2702","USMCOB","15 MI. SW. OF ORANGE BEACH, AL",30.048762,-87.749,0.71,NA,"FL",0.76,"TL",1991-05-02,"USM",1,"USMCOB-RC6783",2026-05-05,"UTC",1991,5,2,122,00:00:00,NA,"POINT(-87.749 30.048762)","USMCOB-RC6783","USMCOB-RC6783-1",NA
"2703","USMCOB","17.5 MI. S.OF PAN. CTY BEA.,FL",29.917,-85.803,1.03,NA,"FL",NA,NA,1991-12-07,"USM",2,"USMCOB-RC6783",2026-05-05,"UTC",1991,12,7,341,00:00:00,NA,"POINT(-85.803 29.917)","USMCOB-RC6783","USMCOB-RC6783-2",NA
"2704","USMCOB","65 MI. SW. OF ORANGE BEACH, AL",29.614224,-88.370764,1.09,NA,"TL",NA,NA,1991-05-03,"USM",1,"USMCOB-RC6790",2026-05-05,"UTC",1991,5,3,123,00:00:00,NA,"POINT(-88.370764 29.614224)","USMCOB-RC6790","USMCOB-RC6790-1",NA
"2705","USMCOB","OFF NAVARRE BEACH, FL",30.378,-86.862,NA,NA,NA,NA,NA,1993-04-16,"USM",2,"USMCOB-RC6790",2026-05-05,"UTC",1993,4,16,106,00:00:00,NA,"POINT(-86.862 30.378)","USMCOB-RC6790","USMCOB-RC6790-2",NA
"2706","USMCOB","15 MI. SW. OF ORANGE BEACH, AL",30.048762,-87.749,0.71,NA,"TL",NA,NA,1991-05-04,"USM",1,"USMCOB-RC6791",2026-05-05,"UTC",1991,5,4,124,00:00:00,NA,"POINT(-87.749 30.048762)","USMCOB-RC6791","USMCOB-RC6791-1",NA
"2707","USMCOB","55 MI. S. BILOXI, MS",29.592,-88.88,NA,NA,NA,NA,NA,1994-04-11,"USM",2,"USMCOB-RC6791",2026-05-05,"UTC",1994,4,11,101,00:00:00,NA,"POINT(-88.88 29.592)","USMCOB-RC6791","USMCOB-RC6791-2",NA
"2708","USMCOB","15 MI. SW. OF ORANGE BEACH, AL",30.048762,-87.749,0.61,NA,"TL",NA,NA,1991-05-05,"USM",1,"USMCOB-RC6797",2026-05-05,"UTC",1991,5,5,125,00:00:00,NA,"POINT(-87.749 30.048762)","USMCOB-RC6797","USMCOB-RC6797-1",NA
"2709","USMCOB","S. OF GULF SHORES, AL",30.245,-87.701,0.58,NA,"FL",0.62,"TL",1991-07-04,"USM",2,"USMCOB-RC6797",2026-05-05,"UTC",1991,7,4,185,00:00:00,NA,"POINT(-87.701 30.245)","USMCOB-RC6797","USMCOB-RC6797-2",NA
"2710","USMCOB","5 MI. S. OF HORN ISLAND, MS",30.157552,-88.670527,0.61,NA,"FL",0.65,"TL",1991-08-02,"USM",1,"USMCOB-RC6859",2026-05-05,"UTC",1991,8,2,214,00:00:00,NA,"POINT(-88.670527 30.157552)","USMCOB-RC6859","USMCOB-RC6859-1",NA
"2711","USMCOB","30 MI. S. OF HORN ISLAND, MS",29.91,-89.02,0.66,NA,"TL",NA,NA,1991-09-07,"USM",2,"USMCOB-RC6859",2026-05-05,"UTC",1991,9,7,250,00:00:00,NA,"POINT(-89.02 29.91)","USMCOB-RC6859","USMCOB-RC6859-2",NA
"2712","USMCOB","12441.3 / 47044.1",30.08167,-88.555,0.61,NA,"FL",0.67,"TL",1991-07-12,"USM",1,"USMCOB-RC6885",2026-05-05,"UTC",1991,7,12,193,00:00:00,NA,"POINT(-88.555 30.08167)","USMCOB-RC6885","USMCOB-RC6885-1",NA
"2713","USMCOB","GETTY RIGS OFF CHAND. ISL., MS",29.544,-88.677,0.76,NA,"FL",0.81,"TL",1992-05-03,"USM",2,"USMCOB-RC6885",2026-05-05,"UTC",1992,5,3,124,00:00:00,NA,"POINT(-88.677 29.544)","USMCOB-RC6885","USMCOB-RC6885-2",NA
"2714","USMCOB","15MI. S OF HORN ISL. PASS, MS",29.97,-88.6,0.75,NA,"FL",NA,NA,1992-04-30,"USM",1,"USMCOB-RC7114",2026-05-05,"UTC",1992,4,30,121,00:00:00,NA,"POINT(-88.6 29.97)","USMCOB-RC7114","USMCOB-RC7114-1",NA
"2715","USMCOB","13979.0/47001.0  W OF P.C., FL",30.09333,-85.94333,0.89,NA,"TL",NA,NA,1992-08-15,"USM",2,"USMCOB-RC7114",2026-05-05,"UTC",1992,8,15,228,00:00:00,NA,"POINT(-85.94333 30.09333)","USMCOB-RC7114","USMCOB-RC7114-2",NA
"2716","USMCOB","12 MI. SE. OF DAUPHIN ISL., AL",30.123,-88.039,0.6,NA,"FL",0.66,"TL",1991-05-02,"USM",1,"USMCOB-RC7182",2026-05-05,"UTC",1991,5,2,122,00:00:00,NA,"POINT(-88.039 30.123)","USMCOB-RC7182","USMCOB-RC7182-1",NA
"2717","USMCOB","Main Pass 15 Mi E of Vince, LA",29.346,-89.109,0.97,NA,"TL",NA,NA,1997-01-30,"USM",2,"USMCOB-RC7182",2026-05-05,"UTC",1997,1,30,30,00:00:00,NA,"POINT(-89.109 29.346)","USMCOB-RC7182","USMCOB-RC7182-2",NA
"2718","USMCOB","12 MI. SE. OF DAUPHIN ISL., AL",30.123,-88.039,0.75,NA,"FL",0.84,"TL",1991-05-02,"USM",1,"USMCOB-RC7185",2026-05-05,"UTC",1991,5,2,122,00:00:00,NA,"POINT(-88.039 30.123)","USMCOB-RC7185","USMCOB-RC7185-1",NA
"2719","USMCOB","OFF FT. MORGAN, AL",30.218,-88.018,0.84,NA,"TL",NA,NA,1991-05-03,"USM",2,"USMCOB-RC7185",2026-05-05,"UTC",1991,5,3,123,00:00:00,NA,"POINT(-88.018 30.218)","USMCOB-RC7185","USMCOB-RC7185-2",NA
"2720","USMCOB","GULFPORT SHIP CHANNEL,BUOY #42",30.276,-89.018,0.51,NA,"FL",0.56,"TL",1991-07-05,"USM",1,"USMCOB-RC7191",2026-05-05,"UTC",1991,7,5,186,00:00:00,NA,"POINT(-89.018 30.276)","USMCOB-RC7191","USMCOB-RC7191-1",NA
"2721","USMCOB","SE. OF DOG KEYS PASS, MS",30.165,-88.75,0.51,NA,"FL",0.56,"TL",1991-07-28,"USM",2,"USMCOB-RC7191",2026-05-05,"UTC",1991,7,28,209,00:00:00,NA,"POINT(-88.75 30.165)","USMCOB-RC7191","USMCOB-RC7191-2",NA
"2722","USMCOB","30 MI. S. OF HORN ISLAND, MS",29.76,-88.6,0.74,NA,"FL",NA,NA,1991-09-11,"USM",1,"USMCOB-RC7218",2026-05-05,"UTC",1991,9,11,254,00:00:00,NA,"POINT(-88.6 29.76)","USMCOB-RC7218","USMCOB-RC7218-1",NA
"2723","USMCOB","HORSESHOE RIGS",29.425,-88.615,1.1,NA,"FL",1.18,"TL",1992-11-30,"USM",2,"USMCOB-RC7218",2026-05-05,"UTC",1992,11,30,335,00:00:00,NA,"POINT(-88.615 29.425)","USMCOB-RC7218","USMCOB-RC7218-2",NA
"2724","USMCOB","DESTIN, FL",30.38,-86.5,0.64,NA,"FL",0.71,"TL",1991-04-07,"USM",1,"USMCOB-RC7222",2026-05-05,"UTC",1991,4,7,97,00:00:00,NA,"POINT(-86.5 30.38)","USMCOB-RC7222","USMCOB-RC7222-1",NA
"2725","USMCOB","E OF CURLEW I. (S OF CHAN. I.)",29.543,-88.668,1.07,NA,"TL",NA,NA,1992-08-01,"USM",2,"USMCOB-RC7222",2026-05-05,"UTC",1992,8,1,214,00:00:00,NA,"POINT(-88.668 29.543)","USMCOB-RC7222","USMCOB-RC7222-2",NA
"2726","USMCOB","B. WALKER SITE, S. OF HORN ISL",30.088,-88.553,0.53,NA,"FL",0.57,"TL",1991-06-29,"USM",1,"USMCOB-RC7275",2026-05-05,"UTC",1991,6,29,180,00:00:00,NA,"POINT(-88.553 30.088)","USMCOB-RC7275","USMCOB-RC7275-1",NA
"2727","USMCOB","SEAWAY AT MOBILE, AL SHIP CHAN",30.125,-88.07,NA,NA,NA,NA,NA,1992-06-12,"USM",2,"USMCOB-RC7275",2026-05-05,"UTC",1992,6,12,164,00:00:00,NA,"POINT(-88.07 30.125)","USMCOB-RC7275","USMCOB-RC7275-2",NA
"2728","USMCOB","47051.5 / 12380.0",30.115,-88.65333,0.84,NA,"FL",0.94,"TL",1992-04-30,"USM",1,"USMCOB-RC7280",2026-05-05,"UTC",1992,4,30,121,00:00:00,NA,"POINT(-88.65333 30.115)","USMCOB-RC7280","USMCOB-RC7280-1",NA
"2729","USMCOB","SE OF CHANDELEUR ISLANDS, LA",29.718,-88.797,0.99,NA,"TL",NA,NA,1992-07-25,"USM",2,"USMCOB-RC7280",2026-05-05,"UTC",1992,7,25,207,00:00:00,NA,"POINT(-88.797 29.718)","USMCOB-RC7280","USMCOB-RC7280-2",NA
"2730","USMCOB","47035.6 / 12384.4",30.04833,-88.64833,0.53,NA,"FL",0.58,"TL",1992-04-30,"USM",1,"USMCOB-RC7288",2026-05-05,"UTC",1992,4,30,121,00:00:00,NA,"POINT(-88.64833 30.04833)","USMCOB-RC7288","USMCOB-RC7288-1",NA
"2731","USMCOB","MAIN PASS, BLOCK 41, LA",29.389,-88.991,1.22,NA,"FL",NA,NA,1994-08-30,"USM",2,"USMCOB-RC7288",2026-05-05,"UTC",1994,8,30,242,00:00:00,NA,"POINT(-88.991 29.389)","USMCOB-RC7288","USMCOB-RC7288-2",NA
"2732","USMCOB","47035.6 / 12384.4",30.04833,-88.64833,0.69,NA,"FL",0.77,"TL",1992-04-30,"USM",1,"USMCOB-RC7289",2026-05-05,"UTC",1992,4,30,121,00:00:00,NA,"POINT(-88.64833 30.04833)","USMCOB-RC7289","USMCOB-RC7289-1",NA
"2733","USMCOB","FH-1 (12404.5/47038.8) MS",30.08,-88.56,0.79,NA,"FL",0.89,"TL",1992-11-01,"USM",2,"USMCOB-RC7289",2026-05-05,"UTC",1992,11,1,306,00:00:00,NA,"POINT(-88.56 30.08)","USMCOB-RC7289","USMCOB-RC7289-2",NA
"2734","USMCOB","SOUTH SIDE OF EAST SHIP ISLAND",30.229,-88.886,0.51,NA,"FL",0.56,"TL",1991-08-20,"USM",1,"USMCOB-RC7294",2026-05-05,"UTC",1991,8,20,232,00:00:00,NA,"POINT(-88.886 30.229)","USMCOB-RC7294","USMCOB-RC7294-1",NA
"2735","USMCOB","7MI N OF BIMINI ISL.--ATLANTIC",24.741,-79.871,NA,NA,NA,NA,NA,1993-01-23,"USM",2,"USMCOB-RC7294",2026-05-05,"UTC",1993,1,23,23,00:00:00,NA,"POINT(-79.871 24.741)","USMCOB-RC7294","USMCOB-RC7294-2",NA
"2736","USMCOB","N. SIDE OF W. SHIP ISLAND, MS",30.22,-88.987,0.77,NA,"FL",0.84,"TL",1991-08-25,"USM",1,"USMCOB-RC7312",2026-05-05,"UTC",1991,8,25,237,00:00:00,NA,"POINT(-88.987 30.22)","USMCOB-RC7312","USMCOB-RC7312-1",NA
"2737","USMCOB","3 MI.W. DEEP BARGE,S.OF HORN I",30.365,-88.8,0.84,NA,"FL",NA,NA,1991-10-20,"USM",2,"USMCOB-RC7312",2026-05-05,"UTC",1991,10,20,293,00:00:00,NA,"POINT(-88.8 30.365)","USMCOB-RC7312","USMCOB-RC7312-2",NA
"2738","USMCOB","NORTH SIDE OF SHIP ISLAND, MS",30.219,-88.943,0.69,NA,"FL",0.76,"TL",1991-08-16,"USM",1,"USMCOB-RC7315",2026-05-05,"UTC",1991,8,16,228,00:00:00,NA,"POINT(-88.943 30.219)","USMCOB-RC7315","USMCOB-RC7315-1",NA
"2739","USMCOB","GULFPORT SHIP CHANNEL, BUOY 34",30.248,-89.002,0.69,NA,"FL",0.76,"TL",1991-08-16,"USM",2,"USMCOB-RC7315",2026-05-05,"UTC",1991,8,16,228,00:00:00,NA,"POINT(-89.002 30.248)","USMCOB-RC7315","USMCOB-RC7315-2",NA
"2740","USMCOB","KEY WEST, FLA.  GULF SIDE",24.57,-81.79,0.81,NA,"FL",0.91,"TL",1991-03-18,"USM",1,"USMCOB-RC7326",2026-05-05,"UTC",1991,3,18,77,00:00:00,NA,"POINT(-81.79 24.57)","USMCOB-RC7326","USMCOB-RC7326-1",NA
"2741","USMCOB","KEY WEST, FL",24.563,-81.726,1.02,NA,"FL",NA,NA,1991-11-22,"USM",2,"USMCOB-RC7326",2026-05-05,"UTC",1991,11,22,326,00:00:00,NA,"POINT(-81.726 24.563)","USMCOB-RC7326","USMCOB-RC7326-2",NA
"2742","USMCOB","KEY WEST, FLA.  GULF SIDE",24.57,-81.79,0.81,NA,"FL",0.91,"TL",1991-03-18,"USM",1,"USMCOB-RC7327",2026-05-05,"UTC",1991,3,18,77,00:00:00,NA,"POINT(-81.79 24.57)","USMCOB-RC7327","USMCOB-RC7327-1",NA
"2743","USMCOB","10 MI. OFF KEY WEST, FL (GULF)",24.646,-81.929,0.86,NA,"FL",NA,NA,1991-11-20,"USM",2,"USMCOB-RC7327",2026-05-05,"UTC",1991,11,20,324,00:00:00,NA,"POINT(-81.929 24.646)","USMCOB-RC7327","USMCOB-RC7327-2",NA
"2744","USMCOB","KEY WEST, FL (KEY WEST HARBOR)",24.563,-81.726,0.83,NA,"FL",0.86,"TL",1991-04-12,"USM",1,"USMCOB-RC7340",2026-05-05,"UTC",1991,4,12,102,00:00:00,NA,"POINT(-81.726 24.563)","USMCOB-RC7340","USMCOB-RC7340-1",NA
"2745","USMCOB","KEY WEST, FL (KEY WEST HARBOR)",24.563,-81.726,0.83,NA,"FL",0.86,"TL",1991-04-18,"USM",2,"USMCOB-RC7340",2026-05-05,"UTC",1991,4,18,108,00:00:00,NA,"POINT(-81.726 24.563)","USMCOB-RC7340","USMCOB-RC7340-2",NA
"2746","USMCOB","90 Mi South of Biloxi, MS",29.082361,-88.879253,0.9,NA,"TL",NA,NA,1994-07-30,"USM",1,"USMCOB-RC7356",2026-05-05,"UTC",1994,7,30,211,00:00:00,NA,"POINT(-88.879253 29.082361)","USMCOB-RC7356","USMCOB-RC7356-1",NA
"2747","USMCOB","Panama City Beach, FL",30.212,-85.88,1.32,NA,"TL",NA,NA,1996-04-12,"USM",2,"USMCOB-RC7356",2026-05-05,"UTC",1996,4,12,103,00:00:00,NA,"POINT(-85.88 30.212)","USMCOB-RC7356","USMCOB-RC7356-2",NA
"2748","USMCOB","GULFPORT SHIP CHANNEL",30.349,-89.083,0.58,NA,"FL",0.64,"TL",1991-07-21,"USM",1,"USMCOB-RC7379",2026-05-05,"UTC",1991,7,21,202,00:00:00,NA,"POINT(-89.083 30.349)","USMCOB-RC7379","USMCOB-RC7379-1",NA
"2749","USMCOB","NAVARRE BEACH FISHING PIER, FL",30.378,-86.862,0.94,NA,"FL",1.02,"TL",1993-05-11,"USM",2,"USMCOB-RC7379",2026-05-05,"UTC",1993,5,11,131,00:00:00,NA,"POINT(-86.862 30.378)","USMCOB-RC7379","USMCOB-RC7379-2",NA
"2750","USMCOB","PETIT BOIS RIGS, MS",30.115,-88.45,0.62,NA,"FL",NA,NA,1993-07-08,"USM",1,"USMCOB-RC7392",2026-05-05,"UTC",1993,7,8,189,00:00:00,NA,"POINT(-88.45 30.115)","USMCOB-RC7392","USMCOB-RC7392-1",NA
"2751","USMCOB","FAREWELL BUOY, HORN IS.PASS,MS",30.215,-88.791,0.97,NA,"FL",1.07,"TL",1994-08-10,"USM",2,"USMCOB-RC7392",2026-05-05,"UTC",1994,8,10,222,00:00:00,NA,"POINT(-88.791 30.215)","USMCOB-RC7392","USMCOB-RC7392-2",NA
"2752","USMCOB","E CHANDELEUR ISL., LA",29.9,-88.81,0.38,NA,"FL",0.46,"TL",1992-07-10,"USM",1,"USMCOB-RC7428",2026-05-05,"UTC",1992,7,10,192,00:00:00,NA,"POINT(-88.81 29.9)","USMCOB-RC7428","USMCOB-RC7428-1",NA
"2753","USMCOB","RIGS S. OF HORN ISL., MS",30.115,-88.45,1.05,NA,"FL",NA,NA,1993-07-17,"USM",2,"USMCOB-RC7428",2026-05-05,"UTC",1993,7,17,198,00:00:00,NA,"POINT(-88.45 30.115)","USMCOB-RC7428","USMCOB-RC7428-2",NA
"2754","USMCOB","5 MI. N. OF KEY WEST, FL (GULF",24.638233,-81.788261,0.83,NA,"FL",0.91,"TL",1991-03-29,"USM",1,"USMCOB-RC7434",2026-05-05,"UTC",1991,3,29,88,00:00:00,NA,"POINT(-81.788261 24.638233)","USMCOB-RC7434","USMCOB-RC7434-1",NA
"2755","USMCOB","SNIPE KEY(LOWER FL KEYS), GULF",24.674,-81.652,0.95,NA,"FL",1.03,"TL",1992-12-10,"USM",2,"USMCOB-RC7434",2026-05-05,"UTC",1992,12,10,345,00:00:00,NA,"POINT(-81.652 24.674)","USMCOB-RC7434","USMCOB-RC7434-2",NA
"2756","USMCOB","5 MI. N. OF KEY WEST, FL (GULF",24.638233,-81.788261,0.79,NA,"FL",0.86,"TL",1991-03-30,"USM",1,"USMCOB-RC7436",2026-05-05,"UTC",1991,3,30,89,00:00:00,NA,"POINT(-81.788261 24.638233)","USMCOB-RC7436","USMCOB-RC7436-1",NA
"2757","USMCOB","5MI N OF KEY WEST, FL (GULF)",24.658,-81.75,NA,NA,NA,NA,NA,1992-02-14,"USM",2,"USMCOB-RC7436",2026-05-05,"UTC",1992,2,14,45,00:00:00,NA,"POINT(-81.75 24.658)","USMCOB-RC7436","USMCOB-RC7436-2",NA
"2758","USMCOB","5 MI. N. OF KEY WEST, FL (GULF",24.638233,-81.788261,0.71,NA,"FL",0.79,"TL",1991-03-29,"USM",1,"USMCOB-RC7443",2026-05-05,"UTC",1991,3,29,88,00:00:00,NA,"POINT(-81.788261 24.638233)","USMCOB-RC7443","USMCOB-RC7443-1",NA
"2759","USMCOB","OFF KEY WEST, FL (GULF SIDE)",24.57,-81.79,0.81,NA,"FL",0.89,"TL",1991-12-27,"USM",2,"USMCOB-RC7443",2026-05-05,"UTC",1991,12,27,361,00:00:00,NA,"POINT(-81.79 24.57)","USMCOB-RC7443","USMCOB-RC7443-2",NA
"2760","USMCOB","RED CAN AT DOG KEYS PASS,MS",30.246,-88.782,0.64,NA,"FL",0.69,"TL",1991-07-17,"USM",1,"USMCOB-RC7465",2026-05-05,"UTC",1991,7,17,198,00:00:00,NA,"POINT(-88.782 30.246)","USMCOB-RC7465","USMCOB-RC7465-1",NA
"2761","USMCOB","BETWN. HORN & SHIP I.,MS(GULF)",30.245,-88.829,1.24,NA,"TL",NA,NA,1993-09-15,"USM",2,"USMCOB-RC7465",2026-05-05,"UTC",1993,9,15,258,00:00:00,NA,"POINT(-88.829 30.245)","USMCOB-RC7465","USMCOB-RC7465-2",NA
"2762","USMCOB","30MI NE OF KEY WEST, FL",24.91,-81.48,0.58,NA,"FL",0.61,"TL",1992-08-09,"USM",1,"USMCOB-RC7488",2026-05-05,"UTC",1992,8,9,222,00:00:00,NA,"POINT(-81.48 24.91)","USMCOB-RC7488","USMCOB-RC7488-1",NA
"2763","USMCOB","20 MI. NW SUGARLOAF KEY (GULF)",24.963,-81.645,0.89,NA,"FL",NA,NA,1994-07-19,"USM",2,"USMCOB-RC7488",2026-05-05,"UTC",1994,7,19,200,00:00:00,NA,"POINT(-81.645 24.963)","USMCOB-RC7488","USMCOB-RC7488-2",NA
"2764","USMCOB","OFF KEY WEST, FL (GULF SIDE)",24.57,-81.79,0.74,NA,"FL",0.81,"TL",1991-12-07,"USM",1,"USMCOB-RC7491",2026-05-05,"UTC",1991,12,7,341,00:00:00,NA,"POINT(-81.79 24.57)","USMCOB-RC7491","USMCOB-RC7491-1",NA
"2765","USMCOB","OFF SARASOTA, FL",27.302,-82.608,0.76,NA,"FL",NA,NA,1992-04-12,"USM",2,"USMCOB-RC7491",2026-05-05,"UTC",1992,4,12,103,00:00:00,NA,"POINT(-82.608 27.302)","USMCOB-RC7491","USMCOB-RC7491-2",NA
"2766","USMCOB","OFF KEY WEST, FL (GULF SIDE)",24.57,-81.79,0.79,NA,"FL",0.84,"TL",1991-11-19,"USM",1,"USMCOB-RC7496",2026-05-05,"UTC",1991,11,19,323,00:00:00,NA,"POINT(-81.79 24.57)","USMCOB-RC7496","USMCOB-RC7496-1",NA
"2767","USMCOB","10MI S OF KEY WEST, FL (GULF)",24.407,-81.758,0.86,NA,"FL",0.97,"TL",1992-04-13,"USM",2,"USMCOB-RC7496",2026-05-05,"UTC",1992,4,13,104,00:00:00,NA,"POINT(-81.758 24.407)","USMCOB-RC7496","USMCOB-RC7496-2",NA
"2768","USMCOB","MAIN PASS 7 (N2938/W8853) LA",29.639,-88.881,0.48,NA,"FL",0.53,"TL",1992-05-23,"USM",1,"USMCOB-RC7541",2026-05-05,"UTC",1992,5,23,144,00:00:00,NA,"POINT(-88.881 29.639)","USMCOB-RC7541","USMCOB-RC7541-1",NA
"2769","USMCOB","SE OF CHANDELEUR IS., LA",29.718,-88.797,1.12,NA,"FL",NA,NA,1994-07-17,"USM",2,"USMCOB-RC7541",2026-05-05,"UTC",1994,7,17,198,00:00:00,NA,"POINT(-88.797 29.718)","USMCOB-RC7541","USMCOB-RC7541-2",NA
"2770","USMCOB","West Cameron, Rig 225",29.188,-93.309,1.07,NA,"FL",NA,NA,2005-05-07,"USM",2,"USMCOB-T998",2026-05-05,"UTC",2005,5,7,127,00:00:00,NA,"POINT(-93.309 29.188)","USMCOB-T998","USMCOB-T998-2",NA
"2771","USMCOB","SOUTH OF PETIT BOIS IS., MS",30.202,-88.486,0.61,NA,"FL",0.69,"TL",1994-10-23,"USM",1,"USMCOB-RC7589",2026-05-05,"UTC",1994,10,23,296,00:00:00,NA,"POINT(-88.486 30.202)","USMCOB-RC7589","USMCOB-RC7589-1",NA
"2772","USMCOB","Petit Bois Rigs, MS",30.115,-88.45,0.66,NA,"FL",NA,NA,1995-05-15,"USM",2,"USMCOB-RC7589",2026-05-05,"UTC",1995,5,15,135,00:00:00,NA,"POINT(-88.45 30.115)","USMCOB-RC7589","USMCOB-RC7589-2",NA
"2773","USMCOB","OFF ORANGE BEACH, ALABAMA",30.267,-87.585,0.51,NA,"FL",0.55,"TL",1991-04-02,"USM",1,"USMCOB-RC7705",2026-05-05,"UTC",1991,4,2,92,00:00:00,NA,"POINT(-87.585 30.267)","USMCOB-RC7705","USMCOB-RC7705-1",NA
"2774","USMCOB","SHOALS AT SHIP ISLAND, MS",30.221,-88.912,0.97,NA,"TL",NA,NA,1992-07-05,"USM",2,"USMCOB-RC7705",2026-05-05,"UTC",1992,7,5,187,00:00:00,NA,"POINT(-88.912 30.221)","USMCOB-RC7705","USMCOB-RC7705-2",NA
"2775","USMCOB","15 MI. SW. OF ORANGE BEACH, AL",30.048762,-87.749,0.83,NA,"FL",0.89,"TL",1991-04-18,"USM",1,"USMCOB-RC7721",2026-05-05,"UTC",1991,4,18,108,00:00:00,NA,"POINT(-87.749 30.048762)","USMCOB-RC7721","USMCOB-RC7721-1",NA
"2776","USMCOB","OFF PANAMA CITY BEACH, FL",30.212,-85.88,1,NA,"FL",1.09,"TL",1991-11-15,"USM",2,"USMCOB-RC7721",2026-05-05,"UTC",1991,11,15,319,00:00:00,NA,"POINT(-85.88 30.212)","USMCOB-RC7721","USMCOB-RC7721-2",NA
"2777","USMCOB","15 MI. SW. OF ORANGE BEACH, AL",30.048762,-87.749,0.89,NA,"FL",NA,NA,1991-04-17,"USM",1,"USMCOB-RC7726",2026-05-05,"UTC",1991,4,17,107,00:00:00,NA,"POINT(-87.749 30.048762)","USMCOB-RC7726","USMCOB-RC7726-1",NA
"2778","USMCOB","10 MI. OFF FORT MORGAN, AL",30.078351,-88.017,0.99,NA,"FL",1.04,"TL",1991-06-01,"USM",2,"USMCOB-RC7726",2026-05-05,"UTC",1991,6,1,152,00:00:00,NA,"POINT(-88.017 30.078351)","USMCOB-RC7726","USMCOB-RC7726-2",NA
"2779","USMCOB","15 MI. S. OF ORANGE BEACH, AL",30.048762,-87.749,0.56,NA,"FL",NA,NA,1991-04-17,"USM",1,"USMCOB-RC7737",2026-05-05,"UTC",1991,4,17,107,00:00:00,NA,"POINT(-87.749 30.048762)","USMCOB-RC7737","USMCOB-RC7737-1",NA
"2780","USMCOB","BET. CORPUS C.&PT MANSFIELD,TX",27.177,-97.336,NA,NA,NA,NA,NA,1992-05-08,"USM",2,"USMCOB-RC7737",2026-05-05,"UTC",1992,5,8,129,00:00:00,NA,"POINT(-97.336 27.177)","USMCOB-RC7737","USMCOB-RC7737-2",NA
"2781","USMCOB","9 MI. SSE. OF FORT MORGAN, AL",30.108761,-87.955022,0.62,NA,"FL",0.69,"TL",1991-04-16,"USM",1,"USMCOB-RC7777",2026-05-05,"UTC",1991,4,16,106,00:00:00,NA,"POINT(-87.955022 30.108761)","USMCOB-RC7777","USMCOB-RC7777-1",NA
"2782","USMCOB","OFF GULF SHORES, AL",30.245,-87.701,1.22,NA,"TL",NA,NA,1992-07-05,"USM",2,"USMCOB-RC7777",2026-05-05,"UTC",1992,7,5,187,00:00:00,NA,"POINT(-87.701 30.245)","USMCOB-RC7777","USMCOB-RC7777-2",NA
"2783","USMCOB","9 MI. SSE. OF FORT MORGAN, AL",30.108761,-87.955022,0.72,NA,"FL",0.8,"TL",1991-04-16,"USM",1,"USMCOB-RC7784",2026-05-05,"UTC",1991,4,16,106,00:00:00,NA,"POINT(-87.955022 30.108761)","USMCOB-RC7784","USMCOB-RC7784-1",NA
"2784","USMCOB","10-12 MI. SE DAUPHIN IS., AL",30.140823,-87.981352,0.97,NA,"FL",NA,NA,1993-08-05,"USM",2,"USMCOB-RC7784",2026-05-05,"UTC",1993,8,5,217,00:00:00,NA,"POINT(-87.981352 30.140823)","USMCOB-RC7784","USMCOB-RC7784-2",NA
"2785","USMCOB","10 MI. S. OF FT. MORGAN, AL",30.078351,-88.017,0.51,NA,"FL",0.56,"TL",1991-04-19,"USM",1,"USMCOB-RC7794",2026-05-05,"UTC",1991,4,19,109,00:00:00,NA,"POINT(-88.017 30.078351)","USMCOB-RC7794","USMCOB-RC7794-1",NA
"2786","USMCOB","OFF NAPLES, FL (GORDON PASS)",26.093,-81.8,1.22,NA,"TL",NA,NA,1994-12-30,"USM",2,"USMCOB-RC7794",2026-05-05,"UTC",1994,12,30,364,00:00:00,NA,"POINT(-81.8 26.093)","USMCOB-RC7794","USMCOB-RC7794-2",NA
"2787","USMCOB","9 MI. SSE. FT. MORGAN, AL",30.108761,-87.955022,0.81,NA,"FL",0.91,"TL",1991-04-19,"USM",1,"USMCOB-RC7795",2026-05-05,"UTC",1991,4,19,109,00:00:00,NA,"POINT(-87.955022 30.108761)","USMCOB-RC7795","USMCOB-RC7795-1",NA
"2788","USMCOB","OFF GRANDE ISLE, LA (#94b)",28.54,-90.113,NA,NA,NA,NA,NA,1994-08-05,"USM",2,"USMCOB-RC7795",2026-05-05,"UTC",1994,8,5,217,00:00:00,NA,"POINT(-90.113 28.54)","USMCOB-RC7795","USMCOB-RC7795-2",NA
"2789","USMCOB","9 MI. SSE. OF FORT MORGAN, AL",30.108761,-87.955022,0.58,NA,"FL",0.64,"TL",1991-05-01,"USM",1,"USMCOB-RC7797",2026-05-05,"UTC",1991,5,1,121,00:00:00,NA,"POINT(-87.955022 30.108761)","USMCOB-RC7797","USMCOB-RC7797-1",NA
"2790","USMCOB","BETW ORNG BCH & GULF SHORES,AL",30.25,-87.639,0.7,NA,"FL",NA,NA,1992-04-08,"USM",2,"USMCOB-RC7797",2026-05-05,"UTC",1992,4,8,99,00:00:00,NA,"POINT(-87.639 30.25)","USMCOB-RC7797","USMCOB-RC7797-2",NA
"2791","USMCOB","RED CAN AT DOG KEYS PASS, MS",30.246,-88.782,0.41,NA,"FL",0.46,"TL",1991-07-23,"USM",1,"USMCOB-RC7841",2026-05-05,"UTC",1991,7,23,204,00:00:00,NA,"POINT(-88.782 30.246)","USMCOB-RC7841","USMCOB-RC7841-1",NA
"2792","USMCOB","RED CAN, DOG KEYS PASS, MS",30.246,-88.782,0.89,NA,"FL",0.99,"TL",1992-07-15,"USM",2,"USMCOB-RC7841",2026-05-05,"UTC",1992,7,15,197,00:00:00,NA,"POINT(-88.782 30.246)","USMCOB-RC7841","USMCOB-RC7841-2",NA
"2793","USMCOB","OFF PORT CANAVERAL, FL",28.41,-80.584,0.83,NA,"FL",NA,NA,1991-04-11,"USM",1,"USMCOB-RC7917",2026-05-05,"UTC",1991,4,11,101,00:00:00,NA,"POINT(-80.584 28.41)","USMCOB-RC7917","USMCOB-RC7917-1",NA
"2794","USMCOB",".5MI OFF MARINE LAND, FL",29.671,-81.204,NA,NA,NA,NA,NA,1992-04-16,"USM",2,"USMCOB-RC7917",2026-05-05,"UTC",1992,4,16,107,00:00:00,NA,"POINT(-81.204 29.671)","USMCOB-RC7917","USMCOB-RC7917-2",NA
"2795","USMCOB","KEY WEST, FL",24.563,-81.726,0.89,NA,"FL",1.02,"TL",1991-12-23,"USM",1,"USMCOB-RC7964",2026-05-05,"UTC",1991,12,23,357,00:00:00,NA,"POINT(-81.726 24.563)","USMCOB-RC7964","USMCOB-RC7964-1",NA
"2796","USMCOB","25MI. NW OF KEY WEST, FL",24.794,-82.105,NA,NA,NA,NA,NA,1992-02-16,"USM",2,"USMCOB-RC7964",2026-05-05,"UTC",1992,2,16,47,00:00:00,NA,"POINT(-82.105 24.794)","USMCOB-RC7964","USMCOB-RC7964-2",NA
"2797","USMCOB","KEY WEST, FL (KEY WEST HARBOR)",24.563,-81.726,0.81,NA,"FL",0.89,"TL",1991-02-01,"USM",1,"USMCOB-RC7978",2026-05-05,"UTC",1991,2,1,32,00:00:00,NA,"POINT(-81.726 24.563)","USMCOB-RC7978","USMCOB-RC7978-1",NA
"2798","USMCOB","KEY WEST, FL (KEY WEST HARBOR)",24.563,-81.726,0.89,NA,"FL",NA,NA,1991-03-28,"USM",2,"USMCOB-RC7978",2026-05-05,"UTC",1991,3,28,87,00:00:00,NA,"POINT(-81.726 24.563)","USMCOB-RC7978","USMCOB-RC7978-2",NA
"2799","USMCOB","MAIN PASS RIG 107 (OFF LA)",29.555,-88.717,0.61,NA,"FL",0.69,"TL",1992-08-02,"USM",1,"USMCOB-RC8006",2026-05-05,"UTC",1992,8,2,215,00:00:00,NA,"POINT(-88.717 29.555)","USMCOB-RC8006","USMCOB-RC8006-1",NA
"2800","USMCOB","MAIN PASS BLOCK 106 OFF LA",29.551,-88.751,NA,NA,NA,NA,NA,1992-08-22,"USM",2,"USMCOB-RC8006",2026-05-05,"UTC",1992,8,22,235,00:00:00,NA,"POINT(-88.751 29.551)","USMCOB-RC8006","USMCOB-RC8006-2",NA
"2801","USMCOB","WEST END OF SHIP ISLAND, MS",30.21,-88.964,0.76,NA,"FL",0.86,"TL",1994-07-25,"USM",1,"USMCOB-RC8075",2026-05-05,"UTC",1994,7,25,206,00:00:00,NA,"POINT(-88.964 30.21)","USMCOB-RC8075","USMCOB-RC8075-1",NA
"2802","USMCOB","Gulfport Ship Channel, .5 Ship",30.243,-88.033,1.02,NA,"TL",NA,NA,1995-06-22,"USM",2,"USMCOB-RC8075",2026-05-05,"UTC",1995,6,22,173,00:00:00,NA,"POINT(-88.033 30.243)","USMCOB-RC8075","USMCOB-RC8075-2",NA
"2803","USMCOB","WEST END OF SHIP ISLAND, MS",30.21,-88.964,0.71,NA,"FL",0.8,"TL",1994-07-25,"USM",1,"USMCOB-RC8077",2026-05-05,"UTC",1994,7,25,206,00:00:00,NA,"POINT(-88.964 30.21)","USMCOB-RC8077","USMCOB-RC8077-1",NA
"2804","USMCOB","GLPT. SHIP CHANNEL, MS",30.349,-89.083,0.81,NA,"FL",0.89,"TL",1994-08-30,"USM",2,"USMCOB-RC8077",2026-05-05,"UTC",1994,8,30,242,00:00:00,NA,"POINT(-89.083 30.349)","USMCOB-RC8077","USMCOB-RC8077-2",NA
"2805","USMCOB","WEST END OF SHIP ISLAND, MS",30.21,-88.964,0.58,NA,"FL",0.64,"TL",1994-07-25,"USM",1,"USMCOB-RC8080",2026-05-05,"UTC",1994,7,25,206,00:00:00,NA,"POINT(-88.964 30.21)","USMCOB-RC8080","USMCOB-RC8080-1",NA
"2806","USMCOB","FAREWELL BUOY,DOG KEYS PASS,MS",30.215,-88.791,0.64,NA,"FL",0.7,"TL",1994-09-07,"USM",2,"USMCOB-RC8080",2026-05-05,"UTC",1994,9,7,250,00:00:00,NA,"POINT(-88.791 30.215)","USMCOB-RC8080","USMCOB-RC8080-2",NA
"2807","USMCOB","BILL WALKER SITE OFF MS",30.088,-88.553,0.53,NA,"FL",0.58,"TL",1994-08-05,"USM",1,"USMCOB-RC8089",2026-05-05,"UTC",1994,8,5,217,00:00:00,NA,"POINT(-88.553 30.088)","USMCOB-RC8089","USMCOB-RC8089-1",NA
"2808","USMCOB","10MI. SE OF HORN ISL., MS",30.142,-88.578,0.66,NA,"FL",0.71,"TL",1994-08-12,"USM",2,"USMCOB-RC8089",2026-05-05,"UTC",1994,8,12,224,00:00:00,NA,"POINT(-88.578 30.142)","USMCOB-RC8089","USMCOB-RC8089-2",NA
"2809","USMCOB","KEY WEST HARBOR, FL",24.563,-81.726,0.74,NA,"FL",0.84,"TL",1992-02-18,"USM",1,"USMCOB-RC8105",2026-05-05,"UTC",1992,2,18,49,00:00:00,NA,"POINT(-81.726 24.563)","USMCOB-RC8105","USMCOB-RC8105-1",NA
"2810","USMCOB","6MI. W. OF TIP OF KEY WEST, FL",24.545,-81.908,0.91,NA,"FL",NA,NA,1992-12-27,"USM",2,"USMCOB-RC8105",2026-05-05,"UTC",1992,12,27,362,00:00:00,NA,"POINT(-81.908 24.545)","USMCOB-RC8105","USMCOB-RC8105-2",NA
"2811","USMCOB","KEY WEST, FL (GULF)",24.57,-81.79,0.81,NA,"FL",0.91,"TL",1993-04-13,"USM",1,"USMCOB-RC8107",2026-05-05,"UTC",1993,4,13,103,00:00:00,NA,"POINT(-81.79 24.57)","USMCOB-RC8107","USMCOB-RC8107-1",NA
"2812","USMCOB","16 MI. S. OF ALLIGATOR PT., FL",29.66,-84.382,1.07,NA,"TL",NA,NA,1994-04-18,"USM",2,"USMCOB-RC8107",2026-05-05,"UTC",1994,4,18,108,00:00:00,NA,"POINT(-84.382 29.66)","USMCOB-RC8107","USMCOB-RC8107-2",NA
"2813","USMCOB","KEY WEST, FL (GULF)",24.57,-81.79,0.74,NA,"FL",0.86,"TL",1993-04-13,"USM",1,"USMCOB-RC8108",2026-05-05,"UTC",1993,4,13,103,00:00:00,NA,"POINT(-81.79 24.57)","USMCOB-RC8108","USMCOB-RC8108-1",NA
"2814","USMCOB","Horseshoe Rigs",29.425,-88.615,1.22,NA,"FL",NA,NA,1999-05-01,"USM",2,"USMCOB-RC8108",2026-05-05,"UTC",1999,5,1,121,00:00:00,NA,"POINT(-88.615 29.425)","USMCOB-RC8108","USMCOB-RC8108-2",NA
"2815","USMCOB","KEY WEST, FL (GULF)",24.57,-81.79,0.81,NA,"FL",0.86,"TL",1993-05-05,"USM",1,"USMCOB-RC8116",2026-05-05,"UTC",1993,5,5,125,00:00:00,NA,"POINT(-81.79 24.57)","USMCOB-RC8116","USMCOB-RC8116-1",NA
"2816","USMCOB","Pensacola Beach, FL",30.333,-87.15,1.12,NA,"FL",NA,NA,1995-04-16,"USM",2,"USMCOB-RC8116",2026-05-05,"UTC",1995,4,16,106,00:00:00,NA,"POINT(-87.15 30.333)","USMCOB-RC8116","USMCOB-RC8116-2",NA
"2817","USMCOB","OFF KEY WEST, FL (GULF SIDE)",24.57,-81.79,0.79,NA,"FL",0.89,"TL",1992-02-18,"USM",1,"USMCOB-RC8125",2026-05-05,"UTC",1992,2,18,49,00:00:00,NA,"POINT(-81.79 24.57)","USMCOB-RC8125","USMCOB-RC8125-1",NA
"2818","USMCOB","30MI. NW OF KEY WEST, FL",24.842,-82.165,0.93,NA,"FL",1.02,"TL",1993-02-27,"USM",2,"USMCOB-RC8125",2026-05-05,"UTC",1993,2,27,58,00:00:00,NA,"POINT(-82.165 24.842)","USMCOB-RC8125","USMCOB-RC8125-2",NA
"2819","USMCOB","OFF KEY WEST, FL (GULF SIDE)",24.57,-81.79,0.74,NA,"FL",0.81,"TL",1992-02-18,"USM",1,"USMCOB-RC8126",2026-05-05,"UTC",1992,2,18,49,00:00:00,NA,"POINT(-81.79 24.57)","USMCOB-RC8126","USMCOB-RC8126-1",NA
"2820","USMCOB","South of Grande Isle, LA",29.23,-89.98,1.22,NA,"TL",NA,NA,1995-08-07,"USM",2,"USMCOB-RC8126",2026-05-05,"UTC",1995,8,7,219,00:00:00,NA,"POINT(-89.98 29.23)","USMCOB-RC8126","USMCOB-RC8126-2",NA
"2821","USMCOB","OFF KEY WEST, FL (GULF SIDE)",24.57,-81.79,0.74,NA,"FL",0.81,"TL",1992-02-18,"USM",1,"USMCOB-RC8128",2026-05-05,"UTC",1992,2,18,49,00:00:00,NA,"POINT(-81.79 24.57)","USMCOB-RC8128","USMCOB-RC8128-1",NA
"2822","USMCOB","ABOUT 5MI. S. OF PENSACOLA, FL",30.255,-87.303,NA,NA,NA,NA,NA,1993-06-11,"USM",2,"USMCOB-RC8128",2026-05-05,"UTC",1993,6,11,162,00:00:00,NA,"POINT(-87.303 30.255)","USMCOB-RC8128","USMCOB-RC8128-2",NA
"2823","USMCOB","SOUTH TIMBALIER, LA   BLOCK 52",28.851115,-90.492,0.71,NA,"FL",0.76,"TL",1991-09-02,"USM",1,"USMCOB-RC8191",2026-05-05,"UTC",1991,9,2,245,00:00:00,NA,"POINT(-90.492 28.851115)","USMCOB-RC8191","USMCOB-RC8191-1",NA
"2824","USMCOB","S OF MARSH ISL., LA (BLOCK 10)",28.956,-91.952,0.94,NA,"TL",NA,NA,1992-06-07,"USM",2,"USMCOB-RC8191",2026-05-05,"UTC",1992,6,7,159,00:00:00,NA,"POINT(-91.952 28.956)","USMCOB-RC8191","USMCOB-RC8191-2",NA
"2825","USMCOB","SOUTH TIMBALIER, LA   BLOCK 52",28.851115,-90.492,0.69,NA,"FL",0.74,"TL",1991-09-02,"USM",1,"USMCOB-RC8195",2026-05-05,"UTC",1991,9,2,245,00:00:00,NA,"POINT(-90.492 28.851115)","USMCOB-RC8195","USMCOB-RC8195-1",NA
"2826","USMCOB","120 MI. E. OF GALVESTON, TX",29.27,-92.776,0.97,NA,"FL",1.07,"TL",1993-07-27,"USM",2,"USMCOB-RC8195",2026-05-05,"UTC",1993,7,27,208,00:00:00,NA,"POINT(-92.776 29.27)","USMCOB-RC8195","USMCOB-RC8195-2",NA
"2827","USMCOB","OFF MARATHON, FL  (GULF SIDE)",24.726,-81.089,1.04,NA,"FL",1.17,"TL",1992-02-21,"USM",1,"USMCOB-RC8229",2026-05-05,"UTC",1992,2,21,52,00:00:00,NA,"POINT(-81.089 24.726)","USMCOB-RC8229","USMCOB-RC8229-1",NA
"2828","USMCOB","40MI N OF MARATHON, FL (GULF)",25.287,-81.196,1.09,NA,"FL",NA,NA,1992-03-06,"USM",2,"USMCOB-RC8229",2026-05-05,"UTC",1992,3,6,66,00:00:00,NA,"POINT(-81.196 25.287)","USMCOB-RC8229","USMCOB-RC8229-2",NA
"2829","USMCOB","OFF MARATHON, FL  (GULF SIDE)",24.726,-81.089,0.91,NA,"FL",1.04,"TL",1992-02-21,"USM",1,"USMCOB-RC8230",2026-05-05,"UTC",1992,2,21,52,00:00:00,NA,"POINT(-81.089 24.726)","USMCOB-RC8230","USMCOB-RC8230-1",NA
"2830","USMCOB","OFF MARATHON, FL",24.726,-81.089,NA,NA,NA,NA,NA,1992-11-07,"USM",2,"USMCOB-RC8230",2026-05-05,"UTC",1992,11,7,312,00:00:00,NA,"POINT(-81.089 24.726)","USMCOB-RC8230","USMCOB-RC8230-2",NA
"2831","USMCOB","6 MILES SOUTH OF HORN ISL., MS",30.141,-88.669,0.61,NA,"FL",0.64,"TL",1991-08-14,"USM",1,"USMCOB-RC8235",2026-05-05,"UTC",1991,8,14,226,00:00:00,NA,"POINT(-88.669 30.141)","USMCOB-RC8235","USMCOB-RC8235-1",NA
"2832","USMCOB","6MI SE OF W TIP OF HORN IS.,MS",30.184,-88.731,0.66,NA,"FL",0.72,"TL",1991-08-17,"USM",2,"USMCOB-RC8235",2026-05-05,"UTC",1991,8,17,229,00:00:00,NA,"POINT(-88.731 30.184)","USMCOB-RC8235","USMCOB-RC8235-2",NA
"2833","USMCOB","15 MI. SW. OF ORANGE BEACH, AL",30.048762,-87.749,0.53,NA,"TL",NA,NA,1991-04-21,"USM",1,"USMCOB-RC8255",2026-05-05,"UTC",1991,4,21,111,00:00:00,NA,"POINT(-87.749 30.048762)","USMCOB-RC8255","USMCOB-RC8255-1",NA
"2834","USMCOB","SOUTH OF DAUPHIN ISLAND, AL",30.24,-88.113,0.76,NA,"TL",NA,NA,1991-08-14,"USM",2,"USMCOB-RC8255",2026-05-05,"UTC",1991,8,14,226,00:00:00,NA,"POINT(-88.113 30.24)","USMCOB-RC8255","USMCOB-RC8255-2",NA
"2835","USMCOB","15 MI. SW. OF ORANGE BEACH, AL",30.048762,-87.749,0.79,NA,"TL",NA,NA,1991-04-21,"USM",1,"USMCOB-RC8266",2026-05-05,"UTC",1991,4,21,111,00:00:00,NA,"POINT(-87.749 30.048762)","USMCOB-RC8266","USMCOB-RC8266-1",NA
"2836","USMCOB","OFF DESTIN, FLA",30.38,-86.5,0.89,NA,"FL",0.99,"TL",1991-10-04,"USM",2,"USMCOB-RC8266",2026-05-05,"UTC",1991,10,4,277,00:00:00,NA,"POINT(-86.5 30.38)","USMCOB-RC8266","USMCOB-RC8266-2",NA
"2837","USMCOB","15 MI. SW. OF ORANGE BEACH, AL",30.048762,-87.749,0.91,NA,"TL",NA,NA,1991-04-21,"USM",1,"USMCOB-RC8267",2026-05-05,"UTC",1991,4,21,111,00:00:00,NA,"POINT(-87.749 30.048762)","USMCOB-RC8267","USMCOB-RC8267-1",NA
"2838","USMCOB","10 MI. S. OF ORANGE BEACH, AL",30.121,-87.586,0.93,NA,"FL",1.04,"TL",1991-05-12,"USM",2,"USMCOB-RC8267",2026-05-05,"UTC",1991,5,12,132,00:00:00,NA,"POINT(-87.586 30.121)","USMCOB-RC8267","USMCOB-RC8267-2",NA
"2839","USMCOB","15 MI. SW. OF ORANGE BEACH, AL",30.048762,-87.749,0.71,NA,"TL",NA,NA,1991-04-23,"USM",1,"USMCOB-RC8271",2026-05-05,"UTC",1991,4,23,113,00:00:00,NA,"POINT(-87.749 30.048762)","USMCOB-RC8271","USMCOB-RC8271-1",NA
"2840","USMCOB","OFF PERDIDO PASS, AL",30.265,-87.555,0.76,NA,"FL",NA,NA,1993-04-19,"USM",1,"USMCOB-RC8325",2026-05-05,"UTC",1993,4,19,109,00:00:00,NA,"POINT(-87.555 30.265)","USMCOB-RC8325","USMCOB-RC8325-1",NA
"2841","USMCOB","17 MI. S. PASCAGOULA, MS(GULF)",30.089,-88.503,0.99,NA,"FL",1.07,"TL",1994-04-22,"USM",2,"USMCOB-RC8325",2026-05-05,"UTC",1994,4,22,112,00:00:00,NA,"POINT(-88.503 30.089)","USMCOB-RC8325","USMCOB-RC8325-2",NA
"2842","USMCOB","1MI W OF PERDIDO PASS, O.B.,AL",30.227849,-87.557713,0.76,NA,"FL",0.86,"TL",1993-04-20,"USM",1,"USMCOB-RC8335",2026-05-05,"UTC",1993,4,20,110,00:00:00,NA,"POINT(-87.557713 30.227849)","USMCOB-RC8335","USMCOB-RC8335-1",NA
"2843","USMCOB","E. CAMERON 47B,GRANDE CHEN,LA",29.425,-92.99,1.12,NA,"TL",NA,NA,1994-07-30,"USM",2,"USMCOB-RC8335",2026-05-05,"UTC",1994,7,30,211,00:00:00,NA,"POINT(-92.99 29.425)","USMCOB-RC8335","USMCOB-RC8335-2",NA
"2844","USMCOB","E. OF CHANDELEUR ISLANDS",29.9,-88.81,0.8,NA,"FL",0.83,"TL",1991-05-04,"USM",1,"USMCOB-RC8376",2026-05-05,"UTC",1991,5,4,124,00:00:00,NA,"POINT(-88.81 29.9)","USMCOB-RC8376","USMCOB-RC8376-1",NA
"2845","USMCOB","N. END OF CHANDELEUR ISL., LA",30.043,-88.878,1.22,NA,"FL",1.37,"TL",1993-06-04,"USM",2,"USMCOB-RC8376",2026-05-05,"UTC",1993,6,4,155,00:00:00,NA,"POINT(-88.878 30.043)","USMCOB-RC8376","USMCOB-RC8376-2",NA
"2846","USMCOB","RUBBLE S. OF HORN ISLAND, MS",30.165,-88.75,0.61,NA,"FL",0.66,"TL",1991-08-03,"USM",1,"USMCOB-RC8429",2026-05-05,"UTC",1991,8,3,215,00:00:00,NA,"POINT(-88.75 30.165)","USMCOB-RC8429","USMCOB-RC8429-1",NA
"2847","USMCOB","8MI OFF FT. MORGAN, AL OIL RIG",30.108169,-88.02109,0.97,NA,"TL",NA,NA,1992-07-31,"USM",2,"USMCOB-RC8429",2026-05-05,"UTC",1992,7,31,213,00:00:00,NA,"POINT(-88.02109 30.108169)","USMCOB-RC8429","USMCOB-RC8429-2",NA
"2848","USMCOB","RED CAN AT DOG KEYS PASS",30.246,-88.782,0.69,NA,"FL",0.74,"TL",1991-07-16,"USM",1,"USMCOB-RC8443",2026-05-05,"UTC",1991,7,16,197,00:00:00,NA,"POINT(-88.782 30.246)","USMCOB-RC8443","USMCOB-RC8443-1",NA
"2849","USMCOB","GREEN CAN AT HORN ISLAND, MS",30.255,-88.774,0.69,NA,"FL",0.74,"TL",1991-07-16,"USM",2,"USMCOB-RC8443",2026-05-05,"UTC",1991,7,16,197,00:00:00,NA,"POINT(-88.774 30.255)","USMCOB-RC8443","USMCOB-RC8443-2",NA
"2850","USMCOB","GREEN CAN AT DOG KEYS PASS",30.255,-88.774,0.51,NA,"FL",0.56,"TL",1991-07-16,"USM",1,"USMCOB-RC8445",2026-05-05,"UTC",1991,7,16,197,00:00:00,NA,"POINT(-88.774 30.255)","USMCOB-RC8445","USMCOB-RC8445-1",NA
"2851","USMCOB","DOG KEYS PASS, MS  (RED CAN)",30.246,-88.782,0.51,NA,"FL",0.56,"TL",1991-07-18,"USM",2,"USMCOB-RC8445",2026-05-05,"UTC",1991,7,18,199,00:00:00,NA,"POINT(-88.782 30.246)","USMCOB-RC8445","USMCOB-RC8445-2",NA
"2852","USMCOB","CAPE SAN BLAS, FLA",29.6632,-85.3556,0.58,NA,"FL",0.64,"TL",1991-09-09,"USM",1,"USMCOB-RC8450",2026-05-05,"UTC",1991,9,9,252,00:00:00,NA,"POINT(-85.3556 29.6632)","USMCOB-RC8450","USMCOB-RC8450-1",NA
"2853","USMCOB","60 MI. S. OF DAUPHIN ISL, AL",29.377,-88.215,0.94,NA,"FL",1.04,"TL",1994-05-07,"USM",2,"USMCOB-RC8450",2026-05-05,"UTC",1994,5,7,127,00:00:00,NA,"POINT(-88.215 29.377)","USMCOB-RC8450","USMCOB-RC8450-2",NA
"2854","USMCOB","12 MI. SE. OF FORT MORGAN, AL",30.11,-87.883,0.83,NA,"FL",0.9,"TL",1991-05-11,"USM",1,"USMCOB-RC8485",2026-05-05,"UTC",1991,5,11,131,00:00:00,NA,"POINT(-87.883 30.11)","USMCOB-RC8485","USMCOB-RC8485-1",NA
"2855","USMCOB","4.0 MI. OFF PANAMA CITY, FL",30.127,-85.85,0.91,NA,"FL",NA,NA,1991-10-15,"USM",2,"USMCOB-RC8485",2026-05-05,"UTC",1991,10,15,288,00:00:00,NA,"POINT(-85.85 30.127)","USMCOB-RC8485","USMCOB-RC8485-2",NA
"2856","USMCOB","OFF GULF SHORES, AL",30.245,-87.701,1.17,NA,"TL",NA,NA,1992-04-14,"USM",1,"USMCOB-RC8533",2026-05-05,"UTC",1992,4,14,105,00:00:00,NA,"POINT(-87.701 30.245)","USMCOB-RC8533","USMCOB-RC8533-1",NA
"2857","USMCOB","#5 CHAN. BUOY, PENSA. PASS, FL",30.3,-87.304,1.18,NA,"FL",NA,NA,1992-05-15,"USM",2,"USMCOB-RC8533",2026-05-05,"UTC",1992,5,15,136,00:00:00,NA,"POINT(-87.304 30.3)","USMCOB-RC8533","USMCOB-RC8533-2",NA
"2858","USMCOB","24 MI. S. OF SAND ISL., AL",29.832055,-88.05,NA,NA,NA,NA,NA,1992-10-12,"USM",1,"USMCOB-RC8582",2026-05-05,"UTC",1992,10,12,286,00:00:00,NA,"POINT(-88.05 29.832055)","USMCOB-RC8582","USMCOB-RC8582-1",NA
"2859","USMCOB","50 MI. SE OF DRY TORTUGAS, FL",24.177,-82.268,0.69,NA,"TL",NA,NA,1993-01-24,"USM",2,"USMCOB-RC8582",2026-05-05,"UTC",1993,1,24,24,00:00:00,NA,"POINT(-82.268 24.177)","USMCOB-RC8582","USMCOB-RC8582-2",NA
"2860","USMCOB","GULFPORT SHIP CHANNEL,  #32",30.24,-89,0.58,NA,"FL",0.64,"TL",1991-08-30,"USM",1,"USMCOB-RC8607",2026-05-05,"UTC",1991,8,30,242,00:00:00,NA,"POINT(-89.0 30.24)","USMCOB-RC8607","USMCOB-RC8607-1",NA
"2861","USMCOB","SE OF CHANDELEUR ISLANDS, LA",29.718,-88.797,1.07,NA,"FL",1.19,"TL",1993-10-04,"USM",2,"USMCOB-RC8607",2026-05-05,"UTC",1993,10,4,277,00:00:00,NA,"POINT(-88.797 29.718)","USMCOB-RC8607","USMCOB-RC8607-2",NA
"2862","USMCOB","GREEN CAN AT DOG KEYS PASS, MS",30.255,-88.774,0.61,NA,"FL",0.66,"TL",1991-07-28,"USM",1,"USMCOB-RC8660",2026-05-05,"UTC",1991,7,28,209,00:00:00,NA,"POINT(-88.774 30.255)","USMCOB-RC8660","USMCOB-RC8660-1",NA
"2863","USMCOB","OFF ORANGE BEACH, AL",30.26,-87.58,0.64,NA,"FL",NA,NA,1991-08-08,"USM",2,"USMCOB-RC8660",2026-05-05,"UTC",1991,8,8,220,00:00:00,NA,"POINT(-87.58 30.26)","USMCOB-RC8660","USMCOB-RC8660-2",NA
"2864","USMCOB","SOUTH PASS BLOCK 62 (OFF LA)",29.09,-88.92,0.74,NA,"FL",0.83,"TL",1993-05-21,"USM",1,"USMCOB-RC8699",2026-05-05,"UTC",1993,5,21,141,00:00:00,NA,"POINT(-88.92 29.09)","USMCOB-RC8699","USMCOB-RC8699-1",NA
"2865","USMCOB","3 MI.S. OF PANAMA CITY,FL CHAN",30.076,-85.732,0.86,NA,"FL",0.97,"TL",1993-09-24,"USM",2,"USMCOB-RC8699",2026-05-05,"UTC",1993,9,24,267,00:00:00,NA,"POINT(-85.732 30.076)","USMCOB-RC8699","USMCOB-RC8699-2",NA
"2866","USMCOB","SOUTH PASS BLOCK 62 (OFF LA)",29.09,-88.92,0.99,NA,"FL",1.09,"TL",1993-05-23,"USM",1,"USMCOB-RC8703",2026-05-05,"UTC",1993,5,23,143,00:00:00,NA,"POINT(-88.92 29.09)","USMCOB-RC8703","USMCOB-RC8703-1",NA
"2867","USMCOB","MAIN PASS 313, LA",29.13,-88.78,NA,NA,NA,NA,NA,1994-06-12,"USM",2,"USMCOB-RC8703",2026-05-05,"UTC",1994,6,12,163,00:00:00,NA,"POINT(-88.78 29.13)","USMCOB-RC8703","USMCOB-RC8703-2",NA
"2868","USMCOB","OFF ORANGE BEACH, AL",30.267,-87.585,1.04,NA,"TL",NA,NA,1991-08-17,"USM",1,"USMCOB-RC8713",2026-05-05,"UTC",1991,8,17,229,00:00:00,NA,"POINT(-87.585 30.267)","USMCOB-RC8713","USMCOB-RC8713-1",NA
"2869","USMCOB","45 MI. S. OF MOBILE, AL",30.039,-88.039,1.12,NA,"FL",NA,NA,1994-04-27,"USM",2,"USMCOB-RC8713",2026-05-05,"UTC",1994,4,27,117,00:00:00,NA,"POINT(-88.039 30.039)","USMCOB-RC8713","USMCOB-RC8713-2",NA
"2870","USMCOB","OFF GULF SHORES, AL",30.245,-87.701,1.22,NA,"TL",NA,NA,1992-04-11,"USM",1,"USMCOB-RC8722",2026-05-05,"UTC",1992,4,11,102,00:00:00,NA,"POINT(-87.701 30.245)","USMCOB-RC8722","USMCOB-RC8722-1",NA
"2871","USMCOB","17MI. S OF DAUPHIN ISL., AL",30.002,-88.215,1.31,NA,"TL",NA,NA,1992-06-15,"USM",2,"USMCOB-RC8722",2026-05-05,"UTC",1992,6,15,167,00:00:00,NA,"POINT(-88.215 30.002)","USMCOB-RC8722","USMCOB-RC8722-2",NA
"2872","USMCOB","15 MI. SW. OF ORANGE BEACH, AL",30.048762,-87.749,0.58,NA,"TL",NA,NA,1991-08-02,"USM",1,"USMCOB-RC8738",2026-05-05,"UTC",1991,8,2,214,00:00:00,NA,"POINT(-87.749 30.048762)","USMCOB-RC8738","USMCOB-RC8738-1",NA
"2873","USMCOB","IN GULF NEAR NAPLES, FL",26.14,-81.81,0.89,NA,"TL",NA,NA,1992-02-26,"USM",2,"USMCOB-RC8738",2026-05-05,"UTC",1992,2,26,57,00:00:00,NA,"POINT(-81.81 26.14)","USMCOB-RC8738","USMCOB-RC8738-2",NA
"2874","USMCOB","SOUTH TIMBALIER, LA   BLOCK 72",28.80476,-90.628445,0.81,NA,"FL",0.86,"TL",1991-10-13,"USM",1,"USMCOB-RC8824",2026-05-05,"UTC",1991,10,13,286,00:00:00,NA,"POINT(-90.628445 28.80476)","USMCOB-RC8824","USMCOB-RC8824-1",NA
"2875","USMCOB","70 Mi South Grand Isle, LA",28.209,-89.968,1.14,NA,"TL",NA,NA,1996-03-15,"USM",2,"USMCOB-RC8824",2026-05-05,"UTC",1996,3,15,75,00:00:00,NA,"POINT(-89.968 28.209)","USMCOB-RC8824","USMCOB-RC8824-2",NA
"2876","USMCOB","SOUTH TIMBALIER, LA   BLOCK 74",28.805,-90.725,0.71,NA,"FL",0.76,"TL",1991-09-13,"USM",1,"USMCOB-RC8839",2026-05-05,"UTC",1991,9,13,256,00:00:00,NA,"POINT(-90.725 28.805)","USMCOB-RC8839","USMCOB-RC8839-1",NA
"2877","USMCOB","OFF E. LA,5 MI.SE OF GETTY RIG",29.494,-88.617,0.98,NA,"TL",NA,NA,1993-08-24,"USM",2,"USMCOB-RC8839",2026-05-05,"UTC",1993,8,24,236,00:00:00,NA,"POINT(-88.617 29.494)","USMCOB-RC8839","USMCOB-RC8839-2",NA
"2878","USMCOB","#1 BUOY, HORN ISLAND PASS, MS",30.215,-88.791,0.56,NA,"FL",0.62,"TL",1991-08-29,"USM",1,"USMCOB-RC8896",2026-05-05,"UTC",1991,8,29,241,00:00:00,NA,"POINT(-88.791 30.215)","USMCOB-RC8896","USMCOB-RC8896-1",NA
"2879","USMCOB","F-1 SITE OFF HORN ISLAND, MS",30.08,-88.56,0.71,NA,"TL",NA,NA,1992-04-11,"USM",2,"USMCOB-RC8896",2026-05-05,"UTC",1992,4,11,102,00:00:00,NA,"POINT(-88.56 30.08)","USMCOB-RC8896","USMCOB-RC8896-2",NA
"2880","USMCOB","GAS RIGS S OF PETIT BOIS I.,MS",30.115,-88.45,0.53,NA,"FL",0.58,"TL",1992-05-23,"USM",1,"USMCOB-RC8911",2026-05-05,"UTC",1992,5,23,144,00:00:00,NA,"POINT(-88.45 30.115)","USMCOB-RC8911","USMCOB-RC8911-1",NA
"2881","USMCOB","25 MI. SE CURLEW ISL., LA",29.421,-88.649,0.76,NA,"FL",0.86,"TL",1993-06-11,"USM",2,"USMCOB-RC8911",2026-05-05,"UTC",1993,6,11,162,00:00:00,NA,"POINT(-88.649 29.421)","USMCOB-RC8911","USMCOB-RC8911-2",NA
"2882","USMCOB","65 MI. SW. OF ORANGE BEACH, AL",29.614224,-88.370764,1.12,NA,"TL",NA,NA,1991-05-03,"USM",1,"USMCOB-RC8938",2026-05-05,"UTC",1991,5,3,123,00:00:00,NA,"POINT(-88.370764 29.614224)","USMCOB-RC8938","USMCOB-RC8938-1",NA
"2883","USMCOB","40 MI. S. OF GULF SHORES, AL",29.663,-87.696,NA,NA,NA,NA,NA,1993-05-07,"USM",2,"USMCOB-RC8938",2026-05-05,"UTC",1993,5,7,127,00:00:00,NA,"POINT(-87.696 29.663)","USMCOB-RC8938","USMCOB-RC8938-2",NA
"2884","USMCOB","65 MI. SW. OF ORANGE BEACH, AL",29.614224,-88.370764,1.02,NA,"FL",NA,NA,1991-05-03,"USM",1,"USMCOB-RC8942",2026-05-05,"UTC",1991,5,3,123,00:00:00,NA,"POINT(-88.370764 29.614224)","USMCOB-RC8942","USMCOB-RC8942-1",NA
"2885","USMCOB","OFF CORAL GABLES, FLA",25.714,-80.245,1.02,NA,"FL",1.09,"TL",1991-08-27,"USM",2,"USMCOB-RC8942",2026-05-05,"UTC",1991,8,27,239,00:00:00,NA,"POINT(-80.245 25.714)","USMCOB-RC8942","USMCOB-RC8942-2",NA
"2886","USMCOB","65 MI. SW. OF ORANGE BEACH, AL",29.614224,-88.370764,1.14,NA,"TL",NA,NA,1991-05-03,"USM",1,"USMCOB-RC8944",2026-05-05,"UTC",1991,5,3,123,00:00:00,NA,"POINT(-88.370764 29.614224)","USMCOB-RC8944","USMCOB-RC8944-1",NA
"2887","USMCOB","APPROX. 60MI SE DAUPHIN IS.,AL",29.67,-87.464,1.25,NA,"TL",NA,NA,1994-07-16,"USM",2,"USMCOB-RC8944",2026-05-05,"UTC",1994,7,16,197,00:00:00,NA,"POINT(-87.464 29.67)","USMCOB-RC8944","USMCOB-RC8944-2",NA
"2888","USMCOB","MARATHON, FL (GULF)",24.726,-81.089,0.8,NA,"FL",0.9,"TL",1994-12-01,"USM",1,"USMCOB-RC8949",2026-05-05,"UTC",1994,12,1,335,00:00:00,NA,"POINT(-81.089 24.726)","USMCOB-RC8949","USMCOB-RC8949-1",NA
"2889","USMCOB","1/2 Cape Sable-Marathon FL.",24.94,-81.104,0.85,NA,"FL",NA,NA,1995-04-16,"USM",2,"USMCOB-RC8949",2026-05-05,"UTC",1995,4,16,106,00:00:00,NA,"POINT(-81.104 24.94)","USMCOB-RC8949","USMCOB-RC8949-2",NA
"2890","USMCOB","W. END OF SHIP ISLAND, MS",30.21,-88.964,0.56,NA,"FL",0.61,"TL",1991-07-21,"USM",1,"USMCOB-RC8954",2026-05-05,"UTC",1991,7,21,202,00:00:00,NA,"POINT(-88.964 30.21)","USMCOB-RC8954","USMCOB-RC8954-1",NA
"2891","USMCOB","GULFPORT SHIP CHANNEL",30.349,-89.083,0.51,NA,"FL",0.61,"TL",1991-08-08,"USM",2,"USMCOB-RC8954",2026-05-05,"UTC",1991,8,8,220,00:00:00,NA,"POINT(-89.083 30.349)","USMCOB-RC8954","USMCOB-RC8954-2",NA
"2892","USMCOB","WEST END OF SHIP ISLAND, MS",30.21,-88.964,0.66,NA,"FL",0.74,"TL",1991-07-25,"USM",1,"USMCOB-RC8955",2026-05-05,"UTC",1991,7,25,206,00:00:00,NA,"POINT(-88.964 30.21)","USMCOB-RC8955","USMCOB-RC8955-1",NA
"2893","USMCOB","OFF SUGARLOAF KEY, FL",24.63,-81.524,0.94,NA,"FL",NA,NA,1992-11-18,"USM",2,"USMCOB-RC8955",2026-05-05,"UTC",1992,11,18,323,00:00:00,NA,"POINT(-81.524 24.63)","USMCOB-RC8955","USMCOB-RC8955-2",NA
"2894","USMCOB","WEST END OF SHIP ISLAND, MS",30.21,-88.964,0.65,NA,"FL",0.71,"TL",1991-08-05,"USM",1,"USMCOB-RC8965",2026-05-05,"UTC",1991,8,5,217,00:00:00,NA,"POINT(-88.964 30.21)","USMCOB-RC8965","USMCOB-RC8965-1",NA
"2895","USMCOB",".5MI. E. OF E. PASS, DESTIN,FL",30.38,-86.499,0.86,NA,"TL",NA,NA,1993-04-29,"USM",2,"USMCOB-RC8965",2026-05-05,"UTC",1993,4,29,119,00:00:00,NA,"POINT(-86.499 30.38)","USMCOB-RC8965","USMCOB-RC8965-2",NA
"2896","USMCOB","12 MI. S. OF HORN ISLAND, MS",30.056216,-88.678024,0.6,NA,"FL",0.66,"TL",1992-08-08,"USM",1,"USMCOB-RC9013",2026-05-05,"UTC",1992,8,8,221,00:00:00,NA,"POINT(-88.678024 30.056216)","USMCOB-RC9013","USMCOB-RC9013-1",NA
"2897","USMCOB","5 MI. SW BOCA GRANDE PASS, FL",26.661,-82.315,1.09,NA,"FL",NA,NA,1994-03-24,"USM",2,"USMCOB-RC9013",2026-05-05,"UTC",1994,3,24,83,00:00:00,NA,"POINT(-82.315 26.661)","USMCOB-RC9013","USMCOB-RC9013-2",NA
"2898","USMCOB","FLORIDA BAY OFF MARATHON, FL",24.726,-81.089,0.79,NA,"FL",0.84,"TL",1991-02-24,"USM",1,"USMCOB-RC9031",2026-05-05,"UTC",1991,2,24,55,00:00:00,NA,"POINT(-81.089 24.726)","USMCOB-RC9031","USMCOB-RC9031-1",NA
"2899","USMCOB","OFF PANAMA CITY, FL",30.212,-85.88,0.88,NA,"FL",NA,NA,1991-05-13,"USM",2,"USMCOB-RC9031",2026-05-05,"UTC",1991,5,13,133,00:00:00,NA,"POINT(-85.88 30.212)","USMCOB-RC9031","USMCOB-RC9031-2",NA
"2900","USMCOB","MARATHON, FLA   GULF SIDE",24.726,-81.089,0.91,NA,"FL",0.99,"TL",1991-03-01,"USM",1,"USMCOB-RC9047",2026-05-05,"UTC",1991,3,1,60,00:00:00,NA,"POINT(-81.089 24.726)","USMCOB-RC9047","USMCOB-RC9047-1",NA
"2901","USMCOB","OFF ST. PETERSBURG, FL",27.766,-82.776,1.12,NA,"TL",NA,NA,1991-05-27,"USM",2,"USMCOB-RC9047",2026-05-05,"UTC",1991,5,27,147,00:00:00,NA,"POINT(-82.776 27.766)","USMCOB-RC9047","USMCOB-RC9047-2",NA
"2902","USMCOB","OFF MARATHON, FL",24.726,-81.089,NA,NA,NA,NA,NA,1991-07-01,"USM",1,"USMCOB-RC9051",2026-05-05,"UTC",1991,7,1,182,00:00:00,NA,"POINT(-81.089 24.726)","USMCOB-RC9051","USMCOB-RC9051-1",NA
"2903","USMCOB","OFF FLAMINGO, FL (GULF)",25.121,-81.925,0.74,NA,"TL",NA,NA,1991-09-24,"USM",2,"USMCOB-RC9051",2026-05-05,"UTC",1991,9,24,267,00:00:00,NA,"POINT(-81.925 25.121)","USMCOB-RC9051","USMCOB-RC9051-2",NA
"2904","USMCOB","KEY WEST, FLA.  GULF SIDE",24.57,-81.79,0.79,NA,"FL",0.86,"TL",1991-02-21,"USM",1,"USMCOB-RC9064",2026-05-05,"UTC",1991,2,21,52,00:00:00,NA,"POINT(-81.79 24.57)","USMCOB-RC9064","USMCOB-RC9064-1",NA
"2905","USMCOB","TIGER PASS, LA (WEST DELTA 25)",29.112,-89.478,NA,NA,NA,NA,NA,1992-05-02,"USM",2,"USMCOB-RC9064",2026-05-05,"UTC",1992,5,2,123,00:00:00,NA,"POINT(-89.478 29.112)","USMCOB-RC9064","USMCOB-RC9064-2",NA
"2906","USMCOB","KEY WEST, FLA.  GULF SIDE",24.57,-81.79,0.76,NA,"FL",0.84,"TL",1991-02-23,"USM",1,"USMCOB-RC9069",2026-05-05,"UTC",1991,2,23,54,00:00:00,NA,"POINT(-81.79 24.57)","USMCOB-RC9069","USMCOB-RC9069-1",NA
"2907","USMCOB","SE. OF DESTIN, FL",30.378,-86.482,0.76,NA,"FL",NA,NA,1991-06-30,"USM",2,"USMCOB-RC9069",2026-05-05,"UTC",1991,6,30,181,00:00:00,NA,"POINT(-86.482 30.378)","USMCOB-RC9069","USMCOB-RC9069-2",NA
"2908","USMCOB","KEY WEST, FLA.  GULF SIDE",24.57,-81.79,0.74,NA,"FL",0.79,"TL",1991-02-23,"USM",1,"USMCOB-RC9070",2026-05-05,"UTC",1991,2,23,54,00:00:00,NA,"POINT(-81.79 24.57)","USMCOB-RC9070","USMCOB-RC9070-1",NA
"2909","USMCOB","35MI. SW OF MARCO ISLAND, FL",25.572,-82.137,1.07,NA,"FL",1.14,"TL",1992-10-08,"USM",2,"USMCOB-RC9070",2026-05-05,"UTC",1992,10,8,282,00:00:00,NA,"POINT(-82.137 25.572)","USMCOB-RC9070","USMCOB-RC9070-2",NA
"2910","USMCOB","S. OF HORN ISLAND, MS",30.239,-88.749,0.64,NA,"FL",0.69,"TL",1991-06-15,"USM",1,"USMCOB-RC9101",2026-05-05,"UTC",1991,6,15,166,00:00:00,NA,"POINT(-88.749 30.239)","USMCOB-RC9101","USMCOB-RC9101-1",NA
"2911","USMCOB","10.5 MI. SE. DAUPHIN IS. LIGHT",30.042,-88.08,0.71,NA,"FL",0.76,"TL",1991-09-14,"USM",2,"USMCOB-RC9101",2026-05-05,"UTC",1991,9,14,257,00:00:00,NA,"POINT(-88.08 30.042)","USMCOB-RC9101","USMCOB-RC9101-2",NA
"2912","USMCOB","12504.0 / 47065.2, AL",30.16667,-88.45167,0.79,NA,"FL",0.86,"TL",1993-06-07,"USM",1,"USMCOB-RC9125",2026-05-05,"UTC",1993,6,7,158,00:00:00,NA,"POINT(-88.45167 30.16667)","USMCOB-RC9125","USMCOB-RC9125-1",NA
"2913","USMCOB","SOUTH OF EAST KEY,DRY TORTUGAS",24.63,-82.806,1.02,NA,"FL",1.13,"TL",1994-03-25,"USM",2,"USMCOB-RC9125",2026-05-05,"UTC",1994,3,25,84,00:00:00,NA,"POINT(-82.806 24.63)","USMCOB-RC9125","USMCOB-RC9125-2",NA
"2914","USMCOB","SSE. OF SAND IS.LIGHT HOUSE,AL",30.184,-88.046,0.61,NA,"FL",0.66,"TL",1991-07-11,"USM",1,"USMCOB-RC9143",2026-05-05,"UTC",1991,7,11,192,00:00:00,NA,"POINT(-88.046 30.184)","USMCOB-RC9143","USMCOB-RC9143-1",NA
"2915","USMCOB","OFF PANAMA CITY, FL",30.212,-85.88,1.07,NA,"FL",NA,NA,1993-04-15,"USM",2,"USMCOB-RC9143",2026-05-05,"UTC",1993,4,15,105,00:00:00,NA,"POINT(-85.88 30.212)","USMCOB-RC9143","USMCOB-RC9143-2",NA
"2916","USMCOB","PORT CANAVERAL, FL",28.395,-80.587,0.76,NA,"FL",NA,NA,1992-03-15,"USM",1,"USMCOB-RC9308",2026-05-05,"UTC",1992,3,15,75,00:00:00,NA,"POINT(-80.587 28.395)","USMCOB-RC9308","USMCOB-RC9308-1",NA
"2917","USMCOB","OFF CAPE CANAVERAL,FL(1MI OFF)",28.388,-80.578,0.94,NA,"FL",1.07,"TL",1992-10-17,"USM",2,"USMCOB-RC9308",2026-05-05,"UTC",1992,10,17,291,00:00:00,NA,"POINT(-80.578 28.388)","USMCOB-RC9308","USMCOB-RC9308-2",NA
"2918","USMCOB","4.5MI NE OF PORT CANAVERAL, FL",28.450472,-80.526715,0.81,NA,"FL",0.91,"TL",1992-04-24,"USM",1,"USMCOB-RC9311",2026-05-05,"UTC",1992,4,24,115,00:00:00,NA,"POINT(-80.526715 28.450472)","USMCOB-RC9311","USMCOB-RC9311-1",NA
"2919","USMCOB",".25MI OFF PT. CANAVERAL, FL",28.41,-80.584,0.94,NA,"TL",NA,NA,1992-07-16,"USM",2,"USMCOB-RC9311",2026-05-05,"UTC",1992,7,16,198,00:00:00,NA,"POINT(-80.584 28.41)","USMCOB-RC9311","USMCOB-RC9311-2",NA
"2920","USMCOB","PORT CANAVERAL, FL",28.395,-80.587,0.89,NA,"FL",0.94,"TL",1994-03-12,"USM",1,"USMCOB-RC9340",2026-05-05,"UTC",1994,3,12,71,00:00:00,NA,"POINT(-80.587 28.395)","USMCOB-RC9340","USMCOB-RC9340-1",NA
"2921","USMCOB","6 Mi off St. Lucie Inlet, FL",27.197,-80.058,1.14,NA,"TL",NA,NA,1995-06-27,"USM",2,"USMCOB-RC9340",2026-05-05,"UTC",1995,6,27,178,00:00:00,NA,"POINT(-80.058 27.197)","USMCOB-RC9340","USMCOB-RC9340-2",NA
"2922","USMCOB","PORT CANAVERAL, FL",28.395,-80.587,0.79,NA,"FL",NA,NA,1992-03-27,"USM",1,"USMCOB-RC9346",2026-05-05,"UTC",1992,3,27,87,00:00:00,NA,"POINT(-80.587 28.395)","USMCOB-RC9346","USMCOB-RC9346-1",NA
"2923","USMCOB","ISLAMORADA, FL",24.924,-80.625,NA,NA,NA,NA,NA,1994-04-10,"USM",2,"USMCOB-RC9346",2026-05-05,"UTC",1994,4,10,100,00:00:00,NA,"POINT(-80.625 24.924)","USMCOB-RC9346","USMCOB-RC9346-2",NA
"2924","USMCOB","PORT CANAVERAL, FL",28.395,-80.587,0.79,NA,"FL",NA,NA,1992-03-27,"USM",1,"USMCOB-RC9351",2026-05-05,"UTC",1992,3,27,87,00:00:00,NA,"POINT(-80.587 28.395)","USMCOB-RC9351","USMCOB-RC9351-1",NA
"2925","USMCOB","SOUTH TIMBALIER, LA   BLOCK 72",28.80476,-90.628445,0.76,NA,"FL",0.81,"TL",1991-10-17,"USM",1,"USMCOB-RC9493",2026-05-05,"UTC",1991,10,17,290,00:00:00,NA,"POINT(-90.628445 28.80476)","USMCOB-RC9493","USMCOB-RC9493-1",NA
"2926","USMCOB","S. TIMBALIER, LA (BLOCK 67)",28.81,-90.405,0.84,NA,"FL",NA,NA,1992-03-14,"USM",2,"USMCOB-RC9493",2026-05-05,"UTC",1992,3,14,74,00:00:00,NA,"POINT(-90.405 28.81)","USMCOB-RC9493","USMCOB-RC9493-2",NA
"2927","USMCOB","KEY WEST, FL",24.563,-81.726,0.72,NA,"FL",0.82,"TL",1992-01-28,"USM",1,"USMCOB-RC9552",2026-05-05,"UTC",1992,1,28,28,00:00:00,NA,"POINT(-81.726 24.563)","USMCOB-RC9552","USMCOB-RC9552-1",NA
"2928","USMCOB","OFF NAVARRE BEACH, FL",30.378,-86.862,NA,NA,NA,NA,NA,1993-04-24,"USM",2,"USMCOB-RC9552",2026-05-05,"UTC",1993,4,24,114,00:00:00,NA,"POINT(-86.862 30.378)","USMCOB-RC9552","USMCOB-RC9552-2",NA
"2929","USMCOB","KEY WEST, FL",24.563,-81.726,0.83,NA,"FL",0.91,"TL",1992-02-21,"USM",1,"USMCOB-RC9569",2026-05-05,"UTC",1992,2,21,52,00:00:00,NA,"POINT(-81.726 24.563)","USMCOB-RC9569","USMCOB-RC9569-1",NA
"2930","USMCOB","Pensacola Beach, FL",30.333,-87.15,1.07,NA,"FL",1.16,"TL",1995-04-18,"USM",2,"USMCOB-RC9569",2026-05-05,"UTC",1995,4,18,108,00:00:00,NA,"POINT(-87.15 30.333)","USMCOB-RC9569","USMCOB-RC9569-2",NA
"2931","USMCOB","PENSACOLA BEACH, FL",30.315,-87.203,1.02,NA,"FL",NA,NA,1994-04-11,"USM",1,"USMCOB-RC9589",2026-05-05,"UTC",1994,4,11,101,00:00:00,NA,"POINT(-87.203 30.315)","USMCOB-RC9589","USMCOB-RC9589-1",NA
"2932","USMCOB","South Timberlier 130, LA",28.685,-90.174,NA,NA,NA,NA,NA,1996-07-04,"USM",2,"USMCOB-RC9589",2026-05-05,"UTC",1996,7,4,186,00:00:00,NA,"POINT(-90.174 28.685)","USMCOB-RC9589","USMCOB-RC9589-2",NA
"2933","USMCOB","WEST END OF SHIP ISLAND, MS",30.21,-88.964,0.58,NA,"FL",0.64,"TL",1994-07-24,"USM",1,"USMCOB-RC9707",2026-05-05,"UTC",1994,7,24,205,00:00:00,NA,"POINT(-88.964 30.21)","USMCOB-RC9707","USMCOB-RC9707-1",NA
"2934","USMCOB","BETWEEN CAT AND SHIP ISL., MS",30.214,-89.031,0.69,NA,"TL",NA,NA,1994-09-18,"USM",2,"USMCOB-RC9707",2026-05-05,"UTC",1994,9,18,261,00:00:00,NA,"POINT(-89.031 30.214)","USMCOB-RC9707","USMCOB-RC9707-2",NA
"2935","USMCOB","West End Ship Island",30.21,-88.964,0.71,NA,"FL",0.79,"TL",1994-07-20,"USM",1,"USMCOB-RC9710",2026-05-05,"UTC",1994,7,20,201,00:00:00,NA,"POINT(-88.964 30.21)","USMCOB-RC9710","USMCOB-RC9710-1",NA
"2936","USMCOB","Ship Island?",30.223,-88.521,0.98,NA,"FL",1.09,"TL",1995-05-04,"USM",2,"USMCOB-RC9710",2026-05-05,"UTC",1995,5,4,124,00:00:00,NA,"POINT(-88.521 30.223)","USMCOB-RC9710","USMCOB-RC9710-2",NA
"2937","USMCOB","KEY WEST, FL-CAPT. CHRIS WRECK",24.5,-81.6,0.71,NA,"FL",0.8,"TL",1992-03-29,"USM",1,"USMCOB-RC9721",2026-05-05,"UTC",1992,3,29,89,00:00:00,NA,"POINT(-81.6 24.5)","USMCOB-RC9721","USMCOB-RC9721-1",NA
"2938","USMCOB","KEY WEST, FL-CAPT. CHRIS WRECK",24.5,-81.6,0.71,NA,"FL",0.79,"TL",1992-03-29,"USM",1,"USMCOB-RC9726",2026-05-05,"UTC",1992,3,29,89,00:00:00,NA,"POINT(-81.6 24.5)","USMCOB-RC9726","USMCOB-RC9726-1",NA
"2939","USMCOB","OFF CAPE ROMANO, FL (GULF)",25.845,-81.679,1.12,NA,"FL",NA,NA,1994-02-08,"USM",2,"USMCOB-RC9726",2026-05-05,"UTC",1994,2,8,39,00:00:00,NA,"POINT(-81.679 25.845)","USMCOB-RC9726","USMCOB-RC9726-2",NA
"2940","USMCOB","KEY WEST,FL WRECK OF THE CHRIS",24.5,-81.6,0.8,NA,"FL",0.91,"TL",1992-04-04,"USM",1,"USMCOB-RC9733",2026-05-05,"UTC",1992,4,4,95,00:00:00,NA,"POINT(-81.6 24.5)","USMCOB-RC9733","USMCOB-RC9733-1",NA
"2941","USMCOB","E END OF SHELL IS., P.C.B., FL",30.002,-85.536,1.04,NA,"FL",1.14,"TL",1993-04-19,"USM",2,"USMCOB-RC9733",2026-05-05,"UTC",1993,4,19,109,00:00:00,NA,"POINT(-85.536 30.002)","USMCOB-RC9733","USMCOB-RC9733-2",NA
"2942","USMCOB","KEY WEST,FL WRK OF THE GARDNER",24.5,-81.6,0.69,NA,"FL",0.76,"TL",1992-04-01,"USM",1,"USMCOB-RC9743",2026-05-05,"UTC",1992,4,1,92,00:00:00,NA,"POINT(-81.6 24.5)","USMCOB-RC9743","USMCOB-RC9743-1",NA
"2943","USMCOB","STUART, FL WRK OF THE DAVID T.",27.203817,-80.036433,0.86,NA,"FL",0.97,"TL",1992-12-13,"USM",2,"USMCOB-RC9743",2026-05-05,"UTC",1992,12,13,348,00:00:00,NA,"POINT(-80.036433 27.203817)","USMCOB-RC9743","USMCOB-RC9743-2",NA
"2944","USMCOB","KEY WEST, FL-CAPT. CHRIS WRECK",24.5,-81.6,0.7,NA,"FL",0.79,"TL",1992-03-26,"USM",1,"USMCOB-RC9755",2026-05-05,"UTC",1992,3,26,86,00:00:00,NA,"POINT(-81.6 24.5)","USMCOB-RC9755","USMCOB-RC9755-1",NA
"2945","USMCOB","PANAMA CITY, FL",30.212,-85.88,NA,NA,NA,NA,NA,1994-04-05,"USM",2,"USMCOB-RC9755",2026-05-05,"UTC",1994,4,5,95,00:00:00,NA,"POINT(-85.88 30.212)","USMCOB-RC9755","USMCOB-RC9755-2",NA
"2946","USMCOB","OFF GULF SHORES, AL",30.245,-87.701,1.19,NA,"TL",NA,NA,1992-04-15,"USM",1,"USMCOB-RC9776",2026-05-05,"UTC",1992,4,15,106,00:00:00,NA,"POINT(-87.701 30.245)","USMCOB-RC9776","USMCOB-RC9776-1",NA
"2947","USMCOB","ST. GEORGE I., APALACHICOLA,FL",29.652,-84.88,1.24,NA,"TL",NA,NA,1992-09-19,"USM",2,"USMCOB-RC9776",2026-05-05,"UTC",1992,9,19,263,00:00:00,NA,"POINT(-84.88 29.652)","USMCOB-RC9776","USMCOB-RC9776-2",NA
"2948","USMCOB","OFF GULF SHORES, AL",30.245,-87.701,1.24,NA,"TL",NA,NA,1992-04-15,"USM",1,"USMCOB-RC9780",2026-05-05,"UTC",1992,4,15,106,00:00:00,NA,"POINT(-87.701 30.245)","USMCOB-RC9780","USMCOB-RC9780-1",NA
"2949","USMCOB","12MI N OF ST LUCY IS,STUART,FL",27.339,-80.147,NA,NA,NA,NA,NA,1993-02-21,"USM",2,"USMCOB-RC9780",2026-05-05,"UTC",1993,2,21,52,00:00:00,NA,"POINT(-80.147 27.339)","USMCOB-RC9780","USMCOB-RC9780-2",NA
"2950","USMCOB","PENSACOLA BCH, FL 13283/47116",30.315,-87.203,0.74,NA,"FL",0.79,"TL",1993-04-13,"USM",1,"USMCOB-RC9804",2026-05-05,"UTC",1993,4,13,103,00:00:00,NA,"POINT(-87.203 30.315)","USMCOB-RC9804","USMCOB-RC9804-1",NA
"2951","USMCOB","PENSACOLA BEACH, FL",30.333,-87.15,0.89,NA,"FL",NA,NA,1993-05-06,"USM",2,"USMCOB-RC9804",2026-05-05,"UTC",1993,5,6,126,00:00:00,NA,"POINT(-87.15 30.333)","USMCOB-RC9804","USMCOB-RC9804-2",NA
"2952","USMCOB","OFF GULF SHORES, AL",30.245,-87.701,0.99,NA,"TL",NA,NA,1992-04-17,"USM",1,"USMCOB-RC9808",2026-05-05,"UTC",1992,4,17,108,00:00:00,NA,"POINT(-87.701 30.245)","USMCOB-RC9808","USMCOB-RC9808-1",NA
"2953","USMCOB","1 mile South P'Cola Pass",30.313,-87.275,0.61,NA,"FL",NA,NA,1993-06-06,"USM",1,"USMCOB-RC9831",2026-05-05,"UTC",1993,6,6,157,00:00:00,NA,"POINT(-87.275 30.313)","USMCOB-RC9831","USMCOB-RC9831-1",NA
"2954","USMCOB","Ft. Walton Beach, Destin FL",30.383,-86.51,1.02,NA,"TL",NA,NA,1995-04-16,"USM",2,"USMCOB-RC9831",2026-05-05,"UTC",1995,4,16,106,00:00:00,NA,"POINT(-86.51 30.383)","USMCOB-RC9831","USMCOB-RC9831-2",NA
"2955","USMCOB","12355.8/47030.4 (DEEP SHIPS)",30.02667,-88.69667,0.66,NA,"FL",0.71,"TL",1992-08-14,"USM",1,"USMCOB-RC9906",2026-05-05,"UTC",1992,8,14,227,00:00:00,NA,"POINT(-88.69667 30.02667)","USMCOB-RC9906","USMCOB-RC9906-1",NA
"2956","USMCOB","BUOY 8, GPT. SHIP CHANNEL, MS",30.121,-88.931,0.97,NA,"FL",1.04,"TL",1993-09-23,"USM",2,"USMCOB-RC9906",2026-05-05,"UTC",1993,9,23,266,00:00:00,NA,"POINT(-88.931 30.121)","USMCOB-RC9906","USMCOB-RC9906-2",NA
"2957","USMCOB","5 MI. S. OF HORN ISLAND, MS",30.157552,-88.670527,0.67,NA,"TL",NA,NA,1991-09-06,"USM",1,"USMCOB-RC9911",2026-05-05,"UTC",1991,9,6,249,00:00:00,NA,"POINT(-88.670527 30.157552)","USMCOB-RC9911","USMCOB-RC9911-1",NA
"2958","USMCOB","SOUTH OF CEDAR KEYS, FL",29.067,-83.038,NA,NA,NA,NA,NA,1992-05-24,"USM",2,"USMCOB-RC9911",2026-05-05,"UTC",1992,5,24,145,00:00:00,NA,"POINT(-83.038 29.067)","USMCOB-RC9911","USMCOB-RC9911-2",NA
"2959","USMCOB","SOUTH OF PETIT BOIS ISL., MS",30.202,-88.486,0.74,NA,"FL",0.79,"TL",1992-04-30,"USM",1,"USMCOB-RC9965",2026-05-05,"UTC",1992,4,30,121,00:00:00,NA,"POINT(-88.486 30.202)","USMCOB-RC9965","USMCOB-RC9965-1",NA
"2960","USMCOB","10 MI. SE OF GETTY RIGS, LA",29.446,-88.555,0.94,NA,"FL",0.99,"TL",1993-09-19,"USM",2,"USMCOB-RC9965",2026-05-05,"UTC",1993,9,19,262,00:00:00,NA,"POINT(-88.555 29.446)","USMCOB-RC9965","USMCOB-RC9965-2",NA
"2961","USMCOB","S. OF PETIT BOIS ISLAND, MS",30.202,-88.486,0.64,NA,"FL",0.71,"TL",1992-04-30,"USM",1,"USMCOB-RC9968",2026-05-05,"UTC",1992,4,30,121,00:00:00,NA,"POINT(-88.486 30.202)","USMCOB-RC9968","USMCOB-RC9968-1",NA
"2962","USMCOB","5 MI.SE OF CHANDELEUR LIGHT,LA",30.009,-88.816,0.79,NA,"FL",0.86,"TL",1993-07-31,"USM",1,"USMCOB-RC9990",2026-05-05,"UTC",1993,7,31,212,00:00:00,NA,"POINT(-88.816 30.009)","USMCOB-RC9990","USMCOB-RC9990-1",NA
"2963","USMCOB","FAREWELL BUOY,GPT. SH.CHAN, MS",30.119,-88.877,0.79,NA,"FL",0.86,"TL",1993-08-27,"USM",2,"USMCOB-RC9990",2026-05-05,"UTC",1993,8,27,239,00:00:00,NA,"POINT(-88.877 30.119)","USMCOB-RC9990","USMCOB-RC9990-2",NA
"2964","USMCOB","Pensacola Beach, FL",30.315,-87.203,0.64,NA,"TL",NA,NA,2021-08-07,"USM",1,"USMCOB-RD2153",2026-05-05,"UTC",2021,8,7,219,00:00:00,NA,"POINT(-87.203 30.315)","USMCOB-RD2153","USMCOB-RD2153-1",NA
"2965","USMCOB","Sebastian, FL - 20 mi. SE",27.5869,-80.2224,0.81,NA,"TL",NA,NA,2022-07-23,"USM",2,"USMCOB-RD2153",2026-05-05,"UTC",2022,7,23,204,00:00:00,NA,"POINT(-80.2224 27.5869)","USMCOB-RD2153","USMCOB-RD2153-2",NA
"2966","USMCOB","Sarasota Bay, FL",27.322122,-82.609683,0.79,NA,"TL",NA,NA,2021-12-07,"USM",1,"USMCOB-RD2190",2026-05-05,"UTC",2021,12,7,341,00:00:00,NA,"POINT(-82.609683 27.322122)","USMCOB-RD2190","USMCOB-RD2190-1",NA
"2967","USMCOB","Alan Fisher Reef, Sarasota, FL 27° 18.111 ‘ 82° 37.125’",27.30185,-82.61875,0.83,NA,"FL",NA,NA,2022-05-08,"USM",2,"USMCOB-RD2190",2026-05-05,"UTC",2022,5,8,128,00:00:00,NA,"POINT(-82.61875 27.30185)","USMCOB-RD2190","USMCOB-RD2190-2",NA
"2968","USMCOB","Cat Island",30.225,-89.092,0.45,NA,"TL",NA,NA,2004-10-27,"USM",1,"USMCOB-SH145",2026-05-05,"UTC",2004,10,27,301,00:00:00,NA,"POINT(-89.092 30.225)","USMCOB-SH145","USMCOB-SH145-1",NA
"2969","USMCOB","3000.079 8851.974",30.001317,-88.866233,0.75,NA,"FL",0.86,"TL",2006-06-01,"USM",1,"USMCOB-SH435",2026-05-05,"UTC",2006,6,1,152,00:00:00,NA,"POINT(-88.866233 30.001317)","USMCOB-SH435","USMCOB-SH435-1",NA
"2970","USMCOB","data buoy (42007?) off Horn I.",30.09,-88.769,0.91,NA,"FL",0.99,"TL",2007-06-10,"USM",2,"USMCOB-SH435",2026-05-05,"UTC",2007,6,10,161,00:00:00,NA,"POINT(-88.769 30.09)","USMCOB-SH435","USMCOB-SH435-2",NA
"2971","USMCOB","Curlew rigs",29.543,-88.668,0.94,NA,"TL",NA,NA,2000-06-23,"USM",1,"USMCOB-ST24373",2026-05-05,"UTC",2000,6,23,175,00:00:00,NA,"POINT(-88.668 29.543)","USMCOB-ST24373","USMCOB-ST24373-1",NA
"2972","USMCOB","35 ml SE of Savannah, GA",31.687,-80.415,1.09,NA,"FL",NA,NA,2002-07-05,"USM",2,"USMCOB-ST24373",2026-05-05,"UTC",2002,7,5,186,00:00:00,NA,"POINT(-80.415 31.687)","USMCOB-ST24373","USMCOB-ST24373-2",NA
"2973","USMCOB","Monkey Bayou rigs",29.718,-88.797,0.56,NA,"TL",NA,NA,2000-06-24,"USM",1,"USMCOB-ST24419",2026-05-05,"UTC",2000,6,24,176,00:00:00,NA,"POINT(-88.797 29.718)","USMCOB-ST24419","USMCOB-ST24419-1",NA
"2974","USMCOB","Main Pass Block 93",29.632,-88.798,0.86,NA,"TL",NA,NA,2000-06-28,"USM",2,"USMCOB-ST24419",2026-05-05,"UTC",2000,6,28,180,00:00:00,NA,"POINT(-88.798 29.632)","USMCOB-ST24419","USMCOB-ST24419-2",NA
"2975","USMCOB","Monkey Bayou",29.718,-88.797,0.51,NA,"TL",NA,NA,2000-06-23,"USM",1,"USMCOB-ST24422",2026-05-05,"UTC",2000,6,23,175,00:00:00,NA,"POINT(-88.797 29.718)","USMCOB-ST24422","USMCOB-ST24422-1",NA
"2976","USMCOB","Petit Bois rig",30.115,-88.45,0.64,NA,"TL",NA,NA,2000-05-29,"USM",1,"USMCOB-ST24535",2026-05-05,"UTC",2000,5,29,150,00:00:00,NA,"POINT(-88.45 30.115)","USMCOB-ST24535","USMCOB-ST24535-1",NA
"2977","USMCOB","Fish Haven 2",30.085,-88.569,0.86,NA,"TL",NA,NA,2000-05-29,"USM",2,"USMCOB-ST24535",2026-05-05,"UTC",2000,5,29,150,00:00:00,NA,"POINT(-88.569 30.085)","USMCOB-ST24535","USMCOB-ST24535-2",NA
"2978","USMCOB","Petit Bois rig",30.115,-88.45,0.76,NA,"TL",NA,NA,2000-05-29,"USM",1,"USMCOB-ST24537",2026-05-05,"UTC",2000,5,29,150,00:00:00,NA,"POINT(-88.45 30.115)","USMCOB-ST24537","USMCOB-ST24537-1",NA
"2979","USMCOB","Destin, FL",30.38,-86.5,0.91,NA,"TL",NA,NA,2001-07-20,"USM",2,"USMCOB-ST24537",2026-05-05,"UTC",2001,7,20,201,00:00:00,NA,"POINT(-86.5 30.38)","USMCOB-ST24537","USMCOB-ST24537-2",NA
"2980","USMCOB","Navarre, FL",30.378,-86.862,0.61,NA,"FL",0.7,"TL",1998-04-26,"USM",1,"USMCOB-ST29169",2026-05-05,"UTC",1998,4,26,116,00:00:00,NA,"POINT(-86.862 30.378)","USMCOB-ST29169","USMCOB-ST29169-1",NA
"2981","USMCOB","12 miles S of Freeport,TX",28.763,-95.298,1.04,NA,"TL",NA,NA,1999-08-12,"USM",2,"USMCOB-ST29169",2026-05-05,"UTC",1999,8,12,224,00:00:00,NA,"POINT(-95.298 28.763)","USMCOB-ST29169","USMCOB-ST29169-2",NA
"2982","USMCOB","Navarre",30.378,-86.862,0.97,NA,"FL",1.12,"TL",2000-04-21,"USM",1,"USMCOB-ST30340",2026-05-05,"UTC",2000,4,21,112,00:00:00,NA,"POINT(-86.862 30.378)","USMCOB-ST30340","USMCOB-ST30340-1",NA
"2983","USMCOB","71 miles S of Gulfport",29.234,-89.14,1.12,NA,"TL",NA,NA,2001-07-01,"USM",2,"USMCOB-ST30340",2026-05-05,"UTC",2001,7,1,182,00:00:00,NA,"POINT(-89.14 29.234)","USMCOB-ST30340","USMCOB-ST30340-2",NA
"2984","USMCOB","Key West Harbor",24.563,-81.726,0.71,NA,"FL",0.76,"TL",2000-04-16,"USM",1,"USMCOB-ST31412",2026-05-05,"UTC",2000,4,16,107,00:00:00,NA,"POINT(-81.726 24.563)","USMCOB-ST31412","USMCOB-ST31412-1",NA
"2985","USMCOB","Key West",24.563,-81.726,0.81,NA,"FL",0.89,"TL",2000-06-19,"USM",2,"USMCOB-ST31412",2026-05-05,"UTC",2000,6,19,171,00:00:00,NA,"POINT(-81.726 24.563)","USMCOB-ST31412","USMCOB-ST31412-2",NA
"2986","USMCOB","South Pelto Blk 11",29.05,-90.53,0.58,NA,"FL",0.64,"TL",2000-06-22,"USM",1,"USMCOB-ST32127",2026-05-05,"UTC",2000,6,22,174,00:00:00,NA,"POINT(-90.53 29.05)","USMCOB-ST32127","USMCOB-ST32127-1",NA
"2987","USMCOB","Grand Isle Block 40",28.988,-90.017,0.86,NA,"TL",NA,NA,2000-10-29,"USM",2,"USMCOB-ST32127",2026-05-05,"UTC",2000,10,29,303,00:00:00,NA,"POINT(-90.017 28.988)","USMCOB-ST32127","USMCOB-ST32127-2",NA
"2988","USMCOB","off Destin beach",30.38,-86.5,0.91,NA,"FL",NA,NA,2000-04-13,"USM",1,"USMCOB-ST32901",2026-05-05,"UTC",2000,4,13,104,00:00:00,NA,"POINT(-86.5 30.38)","USMCOB-ST32901","USMCOB-ST32901-1",NA
"2989","USMCOB","29.04N 88.57W    est wt",29.0667,-88.95,NA,NA,NA,NA,NA,2004-05-22,"USM",2,"USMCOB-ST32901",2026-05-05,"UTC",2004,5,22,143,00:00:00,NA,"POINT(-88.95 29.0667)","USMCOB-ST32901","USMCOB-ST32901-2",11.9116878509521
"2990","USMCOB","28.55  82.56",28.916667,-82.933333,0.56,NA,"FL",0.61,"TL",2000-05-26,"USM",1,"USMCOB-ST33640",2026-05-05,"UTC",2000,5,26,147,00:00:00,NA,"POINT(-82.933333 28.916667)","USMCOB-ST33640","USMCOB-ST33640-1",NA
"2991","USMCOB","25 ml W of Englewood, FL",26.952,-82.782,NA,NA,NA,NA,NA,2001-12-19,"USM",2,"USMCOB-ST33640",2026-05-05,"UTC",2001,12,19,353,00:00:00,NA,"POINT(-82.782 26.952)","USMCOB-ST33640","USMCOB-ST33640-2",NA
"2992","USMCOB","S. of Chandeleur",29.662,-88.945,0.61,NA,"TL",NA,NA,1997-06-20,"USM",1,"USMCOB-ST900",2026-05-05,"UTC",1997,6,20,171,00:00:00,NA,"POINT(-88.945 29.662)","USMCOB-ST900","USMCOB-ST900-1",NA
"2993","USMCOB","Shallow rig by Chandeleur",29.67,-88.8,1.02,NA,"TL",NA,NA,1997-09-27,"USM",2,"USMCOB-ST900",2026-05-05,"UTC",1997,9,27,270,00:00:00,NA,"POINT(-88.8 29.67)","USMCOB-ST900","USMCOB-ST900-2",NA
"2994","USMCOB","9 miles S Port Canaveral",28.278,-80.587,0.71,NA,"FL",NA,NA,2002-03-10,"USM",1,"USMCOB-T1080",2026-05-05,"UTC",2002,3,10,69,00:00:00,NA,"POINT(-80.587 28.278)","USMCOB-T1080","USMCOB-T1080-1",NA
"2995","USMCOB","off Islamorada, FL",24.924,-80.625,0.95,NA,"FL",NA,NA,2003-04-08,"USM",2,"USMCOB-T1080",2026-05-05,"UTC",2003,4,8,98,00:00:00,NA,"POINT(-80.625 24.924)","USMCOB-T1080","USMCOB-T1080-2",NA
"2996","USMCOB","12 miles E Port Canavera",28.409,-80.389,0.94,NA,"FL",NA,NA,2002-01-31,"USM",1,"USMCOB-T1082",2026-05-05,"UTC",2002,1,31,31,00:00:00,NA,"POINT(-80.389 28.409)","USMCOB-T1082","USMCOB-T1082-1",NA
"2997","USMCOB","Pan. City - 3ml W of Pass",30.119,-85.783,1.07,NA,"TL",NA,NA,2002-04-17,"USM",2,"USMCOB-T1082",2026-05-05,"UTC",2002,4,17,107,00:00:00,NA,"POINT(-85.783 30.119)","USMCOB-T1082","USMCOB-T1082-2",NA
"2998","USMCOB","9 miles out Port Canaveral",28.409854,-80.4398,0.74,NA,"FL",0.79,"TL",2006-03-11,"USM",1,"USMCOB-T1597",2026-05-05,"UTC",2006,3,11,70,00:00:00,NA,"POINT(-80.4398 28.409854)","USMCOB-T1597","USMCOB-T1597-1",NA
"2999","USMCOB","24.28'N 81.55'W",24.46667,-81.91667,1.12,NA,"FL",NA,NA,2007-03-29,"USM",2,"USMCOB-T1597",2026-05-05,"UTC",2007,3,29,88,00:00:00,NA,"POINT(-81.91667 24.46667)","USMCOB-T1597","USMCOB-T1597-2",0.213754497468472
"3000","USMCOB","Venice, FL",27.0683,-82.45585,0.74,NA,"TL",NA,NA,2023-11-08,"USM",1,"USMCOB-T31827",2026-05-05,"UTC",2023,11,8,312,00:00:00,NA,"POINT(-82.45585 27.0683)","USMCOB-T31827","USMCOB-T31827-1",NA
"3001","USMCOB","Arbutus wreck, FL",24.58834,-82.28294,1.16,NA,"TL",NA,NA,2024-12-06,"USM",2,"USMCOB-T31827",2026-05-05,"UTC",2024,12,6,341,00:00:00,NA,"POINT(-82.28294 24.58834)","USMCOB-T31827","USMCOB-T31827-2",NA
"3002","USMCOB","Gulfport, MS",30.365,-89.095,0.41,NA,"FL",NA,NA,2016-06-29,"USM",1,"USMCOB-T48215",2026-05-05,"UTC",2016,6,29,181,00:00:00,NA,"POINT(-89.095 30.365)","USMCOB-T48215","USMCOB-T48215-1",NA
"3003","USMCOB","Gulfport, MS",30.365,-89.095,0.41,NA,"TL",NA,NA,2016-06-29,"USM",1,"USMCOB-T48215",2026-05-05,"UTC",2016,6,29,181,00:00:00,NA,"POINT(-89.095 30.365)","USMCOB-T48215","USMCOB-T48215-1",NA
"3004","USMCOB","Graveline Bayou - mouth",30.362,-88.664,0.46,NA,"TL",NA,NA,2016-06-30,"USM",2,"USMCOB-T48215",2026-05-05,"UTC",2016,6,30,182,00:00:00,NA,"POINT(-88.664 30.362)","USMCOB-T48215","USMCOB-T48215-2",NA
"3005","USMCOB","N. Ship I. Channel",30.216,-88.994,0.79,NA,"FL",0.89,"TL",2003-06-22,"USM",1,"USMCOB-T991",2026-05-05,"UTC",2003,6,22,173,00:00:00,NA,"POINT(-88.994 30.216)","USMCOB-T991","USMCOB-T991-1",NA
"3006","USMCOB","Ship I. channel        E",30.243,-88.033,0.91,NA,"TL",NA,NA,2003-10-07,"USM",2,"USMCOB-T991",2026-05-05,"UTC",2003,10,7,280,00:00:00,NA,"POINT(-88.033 30.243)","USMCOB-T991","USMCOB-T991-2",NA
"3007","USMCOB","Ship I. #16",30.164,-88.967,0.56,NA,"FL",0.64,"TL",2002-08-07,"USM",1,"USMCOB-T998",2026-05-05,"UTC",2002,8,7,219,00:00:00,NA,"POINT(-88.967 30.164)","USMCOB-T998","USMCOB-T998-1",NA
"3008","USMCOB","Pensacola, FL",30.29515,-87.047117,0.61,NA,"FL",0.69,"TL",2025-06-26,"USM",1,"USMCOB-USM1922",2026-05-05,"UTC",2025,6,26,177,00:00:00,NA,"POINT(-87.047117 30.29515)","USMCOB-USM1922","USMCOB-USM1922-1",NA
"3009","USMCOB","Navarre Beach, FL",30.378,-86.862,NA,NA,NA,NA,NA,2025-07-10,"USM",2,"USMCOB-USM1922",2026-05-05,"UTC",2025,7,10,191,00:00:00,NA,"POINT(-86.862 30.378)","USMCOB-USM1922","USMCOB-USM1922-2",NA
"3010","USMCOB","Dog Keys Pass, MS",30.246,-88.782,0.53,NA,"FL",0.61,"TL",2025-09-05,"USM",1,"USMCOB-USM3622",2026-05-05,"UTC",2025,9,5,248,00:00:00,NA,"POINT(-88.782 30.246)","USMCOB-USM3622","USMCOB-USM3622-1",NA
"3011","USMCOB","30 16.515, - 88 50.323",30.27525,-88.838717,0.57,NA,"FL",0.61,"TL",2025-10-12,"USM",2,"USMCOB-USM3622",2026-05-05,"UTC",2025,10,12,285,00:00:00,NA,"POINT(-88.838717 30.27525)","USMCOB-USM3622","USMCOB-USM3622-2",NA
"3012","USMCOB","27.41816, -82.67623",27.41816,-82.67623,0.86,NA,"FL",0.94,"TL",2025-09-29,"USM",1,"USMCOB-USM571",2026-05-05,"UTC",2025,9,29,272,00:00:00,NA,"POINT(-82.67623 27.41816)","USMCOB-USM571","USMCOB-USM571-1",NA
"3013","USMCOB","27 21 38.3, - 82 37 23.5",27.360639,-82.623194,0.95,NA,"FL",1.02,"TL",2025-10-25,"USM",2,"USMCOB-USM571",2026-05-05,"UTC",2025,10,25,298,00:00:00,NA,"POINT(-82.623194 27.360639)","USMCOB-USM571","USMCOB-USM571-2",NA
