"project_shortcode","locality","latitude","longitude","length","observedweight","lengthtype","length2","length2type","datecollected","institutioncode","interaction_order","catalognumber","datelastmodified","timezone","yearcollected","monthcollected","daycollected","julianday","timeofday","sex","the_geom","catalognumber"
CTCCOB,,24.58,-81.83,0.762,,FL,,,1992-06-13 00:00:00.000,SEFSC,1,CTCCOB-228842,2026-05-05 00:00:00.000,UTC,1992,6,13,165,"00:00:00",,POINT(-81.83 24.58),CTCCOB-228842
CTCCOB,,28.41667,-80.5,0.8128,,FL,,,1992-06-15 00:00:00.000,SEFSC,2,CTCCOB-56157,2026-05-05 00:00:00.000,UTC,1992,6,15,167,"00:00:00",,POINT(-80.5 28.41667),CTCCOB-56157
CTCCOB,,24.58333,-81.08333,0.8382,,FL,,,1992-06-15 00:00:00.000,SEFSC,2,CTCCOB-194519,2026-05-05 00:00:00.000,UTC,1992,6,15,167,"00:00:00",,POINT(-81.08333 24.58333),CTCCOB-194519
CTCCOB,,30.0,-84.0,0.889,,FL,,,1994-05-28 00:00:00.000,SEFSC,2,CTCCOB-55198,2026-05-05 00:00:00.000,UTC,1994,5,28,148,"00:00:00",,POINT(-84.0 30.0),CTCCOB-55198
CTCCOB,,24.66667,-81.83333,0.9398,,FL,,,1992-10-10 00:00:00.000,SEFSC,2,CTCCOB-159910,2026-05-05 00:00:00.000,UTC,1992,10,10,284,"00:00:00",,POINT(-81.83333 24.66667),CTCCOB-159910
CTCCOB,,35.018,-76.014,0.9652,,FL,,,2019-10-13 00:00:00.000,SEFSC,2,CTCCOB-443939,2026-05-05 00:00:00.000,UTC,2019,10,13,286,"00:00:00",,POINT(-76.014 35.018),CTCCOB-443939
CTCCOB,,28.75,-95.33333,1.016,,FL,,,1993-08-05 00:00:00.000,SEFSC,2,CTCCOB-205002,2026-05-05 00:00:00.000,UTC,1993,8,5,217,"00:00:00",,POINT(-95.33333 28.75),CTCCOB-205002
CTCCOB,,30.08333,-84.2,1.016,,FL,,,1998-07-18 00:00:00.000,SEFSC,2,CTCCOB-339839,2026-05-05 00:00:00.000,UTC,1998,7,18,199,"00:00:00",,POINT(-84.2 30.08333),CTCCOB-339839
CTCCOB,,33.6905,-76.69733,1.0922,,FL,,,1992-04-05 00:00:00.000,SEFSC,2,CTCCOB-178675,2026-05-05 00:00:00.000,UTC,1992,4,5,96,"00:00:00",,POINT(-76.69733 33.6905),CTCCOB-178675
CTCCOB,,24.33,-81.75,0.762,5.44310844,FL,,,1991-03-29 00:00:00.000,SEFSC,1,CTCCOB-159910,2026-05-05 00:00:00.000,UTC,1991,3,29,88,"00:00:00",,POINT(-81.75 24.33),CTCCOB-159910
CTCCOB,,29.0,-95.0,0.6858,5.67,FL,,,1995-08-12 00:00:00.000,SEFSC,2,CTCCOB-253161,2026-05-05 00:00:00.000,UTC,1995,8,12,224,"00:00:00",,POINT(-95.0 29.0),CTCCOB-253161
CTCCOB,,28.5,-80.33,0.8128,6.35029318,FL,,,2001-03-24 00:00:00.000,SEFSC,1,CTCCOB-381742,2026-05-05 00:00:00.000,UTC,2001,3,24,83,"00:00:00",,POINT(-80.33 28.5),CTCCOB-381742
CTCCOB,,24.83333,-80.5,0.8128,6.3504,FL,,,1992-03-15 00:00:00.000,SEFSC,2,CTCCOB-195545,2026-05-05 00:00:00.000,UTC,1992,3,15,75,"00:00:00",,POINT(-80.5 24.83333),CTCCOB-195545
CTCCOB,,28.5,-80.33,0.889,6.80388555,FL,,,1990-11-29 00:00:00.000,SEFSC,1,CTCCOB-176014,2026-05-05 00:00:00.000,UTC,1990,11,29,333,"00:00:00",,POINT(-80.33 28.5),CTCCOB-176014
CTCCOB,,30.0,-86.5,0.8382,6.804,FL,,,1992-09-10 00:00:00.000,SEFSC,2,CTCCOB-55752,2026-05-05 00:00:00.000,UTC,1992,9,10,254,"00:00:00",,POINT(-86.5 30.0),CTCCOB-55752
CTCCOB,,26.0,-82.0,0.8636,6.804,FL,,,1994-05-21 00:00:00.000,SEFSC,2,CTCCOB-199284,2026-05-05 00:00:00.000,UTC,1994,5,21,141,"00:00:00",,POINT(-82.0 26.0),CTCCOB-199284
CTCCOB,,26.46667,-82.0,0.889,6.804,FL,,,1992-10-30 00:00:00.000,SEFSC,2,CTCCOB-116423,2026-05-05 00:00:00.000,UTC,1992,10,30,304,"00:00:00",,POINT(-82.0 26.46667),CTCCOB-116423
CTCCOB,,30.33333,-81.16667,0.8382,7.2576,FL,,,1993-05-25 00:00:00.000,SEFSC,2,CTCCOB-183198,2026-05-05 00:00:00.000,UTC,1993,5,25,145,"00:00:00",,POINT(-81.16667 30.33333),CTCCOB-183198
CTCCOB,,28.5,-80.33333,0.8382,7.2576,FL,,,1993-07-18 00:00:00.000,SEFSC,2,CTCCOB-202998,2026-05-05 00:00:00.000,UTC,1993,7,18,199,"00:00:00",,POINT(-80.33333 28.5),CTCCOB-202998
CTCCOB,,30.41667,-86.58333,0.9144,7.2576,FL,,,1992-06-16 00:00:00.000,SEFSC,2,CTCCOB-56217,2026-05-05 00:00:00.000,UTC,1992,6,16,168,"00:00:00",,POINT(-86.58333 30.41667),CTCCOB-56217
CTCCOB,,24.83333,-80.5,0.9652,7.7112,FL,,,1991-02-25 00:00:00.000,SEFSC,2,CTCCOB-181945,2026-05-05 00:00:00.000,UTC,1991,2,25,56,"00:00:00",,POINT(-80.5 24.83333),CTCCOB-181945
CTCCOB,,28.5,-80.5,0.889,9.072,FL,,,1993-06-22 00:00:00.000,SEFSC,2,CTCCOB-203000,2026-05-05 00:00:00.000,UTC,1993,6,22,173,"00:00:00",,POINT(-80.5 28.5),CTCCOB-203000
CTCCOB,,24.83333,-80.5,0.9398,10.4328,FL,,,1994-01-30 00:00:00.000,SEFSC,2,CTCCOB-56346,2026-05-05 00:00:00.000,UTC,1994,1,30,30,"00:00:00",,POINT(-80.5 24.83333),CTCCOB-56346
CTCCOB,,29.83333,-88.0,1.0414,10.895472,FL,,,1992-07-18 00:00:00.000,SEFSC,2,CTCCOB-177104,2026-05-05 00:00:00.000,UTC,1992,7,18,200,"00:00:00",,POINT(-88.0 29.83333),CTCCOB-177104
CTCCOB,,30.35583,-86.8605,1.016,11.5668,FL,,,1996-05-05 00:00:00.000,SEFSC,2,CTCCOB-249914,2026-05-05 00:00:00.000,UTC,1996,5,5,126,"00:00:00",,POINT(-86.8605 30.35583),CTCCOB-249914
CTCCOB,,28.5,-80.33,0.889,13.6077711,FL,,,1990-12-30 00:00:00.000,SEFSC,1,CTCCOB-176972,2026-05-05 00:00:00.000,UTC,1990,12,30,364,"00:00:00",,POINT(-80.33 28.5),CTCCOB-176972
CTCCOB,,27.44,-82.68,0.48,,FL,,,1993-04-08 00:00:00.000,SEFSC,1,CTCCOB-23652,2026-05-05 00:00:00.000,UTC,1993,4,8,98,"00:00:00",,POINT(-82.68 27.44),CTCCOB-23652
CTCCOB,,30.08,-88.0,0.5842,,FL,,,1991-05-01 00:00:00.000,SEFSC,1,CTCCOB-228840,2026-05-05 00:00:00.000,UTC,1991,5,1,121,"00:00:00",,POINT(-88.0 30.08),CTCCOB-228840
CTCCOB,,24.5,-81.83,0.6096,,FL,,,1992-06-03 00:00:00.000,SEFSC,1,CTCCOB-228843,2026-05-05 00:00:00.000,UTC,1992,6,3,155,"00:00:00",,POINT(-81.83 24.5),CTCCOB-228843
CTCCOB,,29.58133,-88.81717,0.6604,,FL,,,1992-05-23 00:00:00.000,SEFSC,2,CTCCOB-51968,2026-05-05 00:00:00.000,UTC,1992,5,23,144,"00:00:00",,POINT(-88.81717 29.58133),CTCCOB-51968
CTCCOB,,28.08517,-96.4895,0.6858,,FL,,,1994-10-26 00:00:00.000,SEFSC,2,CTCCOB-230411,2026-05-05 00:00:00.000,UTC,1994,10,26,299,"00:00:00",,POINT(-96.4895 28.08517),CTCCOB-230411
CTCCOB,,27.33,-82.6,0.73,,FL,,,1993-11-09 00:00:00.000,SEFSC,1,CTCCOB-23733,2026-05-05 00:00:00.000,UTC,1993,11,9,313,"00:00:00",,POINT(-82.6 27.33),CTCCOB-23733
CTCCOB,,37.18,-76.02,0.889,,FL,,,2024-08-22 00:00:00.000,SEFSC,1,CTCCOB-449212,2026-05-05 00:00:00.000,UTC,2024,8,22,235,"00:00:00",,POINT(-76.02 37.18),CTCCOB-449212
CTCCOB,,27.41667,-82.91667,0.9398,,FL,,,1993-09-19 00:00:00.000,SEFSC,2,CTCCOB-196433,2026-05-05 00:00:00.000,UTC,1993,9,19,262,"00:00:00",,POINT(-82.91667 27.41667),CTCCOB-196433
CTCCOB,,37.18,-76.02,0.9398,,FL,,,2024-10-05 00:00:00.000,SEFSC,2,CTCCOB-449212,2026-05-05 00:00:00.000,UTC,2024,10,5,279,"00:00:00",,POINT(-76.02 37.18),CTCCOB-449212
CTCCOB,,37.09,-76.1,0.9652,,FL,,,2024-08-14 00:00:00.000,SEFSC,1,CTCCOB-448871,2026-05-05 00:00:00.000,UTC,2024,8,14,227,"00:00:00",,POINT(-76.1 37.09),CTCCOB-448871
CTCCOB,,29.91667,-85.58333,0.971,,FL,,,1992-12-29 00:00:00.000,SEFSC,2,CTCCOB-185652,2026-05-05 00:00:00.000,UTC,1992,12,29,364,"00:00:00",,POINT(-85.58333 29.91667),CTCCOB-185652
CTCCOB,,24.83333,-80.5,0.9906,,FL,,,1992-01-20 00:00:00.000,SEFSC,2,CTCCOB-177144,2026-05-05 00:00:00.000,UTC,1992,1,20,20,"00:00:00",,POINT(-80.5 24.83333),CTCCOB-177144
CTCCOB,,29.118,-88.83467,1.0414,,FL,,,1992-08-09 00:00:00.000,SEFSC,2,CTCCOB-174091,2026-05-05 00:00:00.000,UTC,1992,8,9,222,"00:00:00",,POINT(-88.83467 29.118),CTCCOB-174091
CTCCOB,,37.04,-76.07,1.1684,,FL,,,2024-07-28 00:00:00.000,SEFSC,1,CTCCOB-449499,2026-05-05 00:00:00.000,UTC,2024,7,28,210,"00:00:00",,POINT(-76.07 37.04),CTCCOB-449499
CTCCOB,,37.07,-76.07,1.2192,,FL,,,2024-08-24 00:00:00.000,SEFSC,2,CTCCOB-449499,2026-05-05 00:00:00.000,UTC,2024,8,24,237,"00:00:00",,POINT(-76.07 37.07),CTCCOB-449499
CTCCOB,,37.18,-76.02,1.2446,,FL,,,2024-08-23 00:00:00.000,SEFSC,1,CTCCOB-449213,2026-05-05 00:00:00.000,UTC,2024,8,23,236,"00:00:00",,POINT(-76.02 37.18),CTCCOB-449213
CTCCOB,,31.98,-80.82,1.2446,,FL,,,2024-10-31 00:00:00.000,SEFSC,2,CTCCOB-449213,2026-05-05 00:00:00.000,UTC,2024,10,31,305,"00:00:00",,POINT(-80.82 31.98),CTCCOB-449213
CTCCOB,,37.22,-76.15,1.397,,FL,,,2024-08-27 00:00:00.000,SEFSC,1,CTCCOB-449219,2026-05-05 00:00:00.000,UTC,2024,8,27,240,"00:00:00",,POINT(-76.15 37.22),CTCCOB-449219
CTCCOB,,24.83333,-80.5,0.8128,4.0824,FL,,,1992-12-31 00:00:00.000,SEFSC,2,CTCCOB-228841,2026-05-05 00:00:00.000,UTC,1992,12,31,366,"00:00:00",,POINT(-80.5 24.83333),CTCCOB-228841
CTCCOB,,24.83333,-80.5,0.9906,5.4432,FL,,,1992-04-11 00:00:00.000,SEFSC,2,CTCCOB-194951,2026-05-05 00:00:00.000,UTC,1992,4,11,102,"00:00:00",,POINT(-80.5 24.83333),CTCCOB-194951
CTCCOB,,28.5,-80.41667,0.889,5.529384,FL,,,1993-05-16 00:00:00.000,SEFSC,2,CTCCOB-202999,2026-05-05 00:00:00.000,UTC,1993,5,16,136,"00:00:00",,POINT(-80.41667 28.5),CTCCOB-202999
CTCCOB,,24.83333,-80.5,0.8382,5.8968,FL,,,1992-12-31 00:00:00.000,SEFSC,2,CTCCOB-62604,2026-05-05 00:00:00.000,UTC,1992,12,31,366,"00:00:00",,POINT(-80.5 24.83333),CTCCOB-62604
CTCCOB,,24.83333,-80.5,0.8636,5.8968,FL,,,1994-03-26 00:00:00.000,SEFSC,2,CTCCOB-118047,2026-05-05 00:00:00.000,UTC,1994,3,26,85,"00:00:00",,POINT(-80.5 24.83333),CTCCOB-118047
CTCCOB,,24.83333,-80.5,0.8636,7.2576,FL,,,1992-12-31 00:00:00.000,SEFSC,2,CTCCOB-62902,2026-05-05 00:00:00.000,UTC,1992,12,31,366,"00:00:00",,POINT(-80.5 24.83333),CTCCOB-62902
CTCCOB,,24.83333,-80.5,0.8636,8.3916,FL,,,1993-01-15 00:00:00.000,SEFSC,2,CTCCOB-198754,2026-05-05 00:00:00.000,UTC,1993,1,15,15,"00:00:00",,POINT(-80.5 24.83333),CTCCOB-198754
CTCCOB,,24.83333,-80.5,0.9144,9.7524,FL,,,1992-12-21 00:00:00.000,SEFSC,2,CTCCOB-62606,2026-05-05 00:00:00.000,UTC,1992,12,21,356,"00:00:00",,POINT(-80.5 24.83333),CTCCOB-62606
CTCCOB,,32.45,-80.42,0.8636,10.4328,FL,,,1996-05-27 00:00:00.000,SEFSC,2,CTCCOB-117824,2026-05-05 00:00:00.000,UTC,1996,5,27,148,"00:00:00",,POINT(-80.42 32.45),CTCCOB-117824
CTCCOB,,27.75,-82.5,1.1176,11.7936,FL,,,1992-08-19 00:00:00.000,SEFSC,2,CTCCOB-194366,2026-05-05 00:00:00.000,UTC,1992,8,19,232,"00:00:00",,POINT(-82.5 27.75),CTCCOB-194366
CTCCOB,,28.5,-80.33333,0.9906,12.3606,FL,,,1990-08-05 00:00:00.000,SEFSC,2,CTCCOB-175755,2026-05-05 00:00:00.000,UTC,1990,8,5,217,"00:00:00",,POINT(-80.33333 28.5),CTCCOB-175755
CTCCOB,,24.83333,-80.5,1.0668,15.4224,FL,,,1994-03-26 00:00:00.000,SEFSC,2,CTCCOB-195631,2026-05-05 00:00:00.000,UTC,1994,3,26,85,"00:00:00",,POINT(-80.5 24.83333),CTCCOB-195631
CTCCOB,,30.67,-81.4,1.143,21.31884139,FL,,,2004-05-07 00:00:00.000,SEFSC,1,CTCCOB-414628,2026-05-05 00:00:00.000,UTC,2004,5,7,128,"00:00:00",,POINT(-81.4 30.67),CTCCOB-414628
CTCCOB,,30.0,-87.83,0.7112,,FL,,,1992-05-12 00:00:00.000,SEFSC,1,CTCCOB-228841,2026-05-05 00:00:00.000,UTC,1992,5,12,133,"00:00:00",,POINT(-87.83 30.0),CTCCOB-228841
CTCCOB,,24.75,-80.55,0.762,,TL,,,1990-03-26 00:00:00.000,SEFSC,2,CTCCOB-169482,2026-05-05 00:00:00.000,UTC,1990,3,26,85,"00:00:00",,POINT(-80.55 24.75),CTCCOB-169482
CTCCOB,,28.5,-80.33,0.7874,,TL,,,1992-03-15 00:00:00.000,SEFSC,1,CTCCOB-176418,2026-05-05 00:00:00.000,UTC,1992,3,15,75,"00:00:00",,POINT(-80.33 28.5),CTCCOB-176418
CTCCOB,,28.5,-80.33,0.8128,,TL,,,1992-03-17 00:00:00.000,SEFSC,1,CTCCOB-176603,2026-05-05 00:00:00.000,UTC,1992,3,17,77,"00:00:00",,POINT(-80.33 28.5),CTCCOB-176603
CTCCOB,,28.5,-80.33,0.8128,,TL,,,1992-03-02 00:00:00.000,SEFSC,1,CTCCOB-195631,2026-05-05 00:00:00.000,UTC,1992,3,2,62,"00:00:00",,POINT(-80.33 28.5),CTCCOB-195631
CTCCOB,,27.94167,-82.54833,0.838,,TL,,,1994-04-23 00:00:00.000,SEFSC,2,CTCCOB-23733,2026-05-05 00:00:00.000,UTC,1994,4,23,113,"00:00:00",,POINT(-82.54833 27.94167),CTCCOB-23733
CTCCOB,,28.5,-80.33,0.8382,,TL,,,1992-04-01 00:00:00.000,SEFSC,1,CTCCOB-56178,2026-05-05 00:00:00.000,UTC,1992,4,1,92,"00:00:00",,POINT(-80.33 28.5),CTCCOB-56178
CTCCOB,,28.5,-80.33,0.8382,,TL,,,1992-03-09 00:00:00.000,SEFSC,1,CTCCOB-176016,2026-05-05 00:00:00.000,UTC,1992,3,9,69,"00:00:00",,POINT(-80.33 28.5),CTCCOB-176016
CTCCOB,,28.5,-80.33,0.8382,,TL,,,1992-03-17 00:00:00.000,SEFSC,1,CTCCOB-176601,2026-05-05 00:00:00.000,UTC,1992,3,17,77,"00:00:00",,POINT(-80.33 28.5),CTCCOB-176601
CTCCOB,,28.5,-80.33,0.8382,,TL,,,1992-03-09 00:00:00.000,SEFSC,1,CTCCOB-195628,2026-05-05 00:00:00.000,UTC,1992,3,9,69,"00:00:00",,POINT(-80.33 28.5),CTCCOB-195628
CTCCOB,,28.5,-80.5,0.8382,,TL,,,1994-07-11 00:00:00.000,SEFSC,1,CTCCOB-232242,2026-05-05 00:00:00.000,UTC,1994,7,11,192,"00:00:00",,POINT(-80.5 28.5),CTCCOB-232242
CTCCOB,,29.5,-85.86667,0.8636,,TL,,,1989-05-13 00:00:00.000,SEFSC,2,CTCCOB-167387,2026-05-05 00:00:00.000,UTC,1989,5,13,133,"00:00:00",,POINT(-85.86667 29.5),CTCCOB-167387
CTCCOB,,28.5,-80.0,0.9144,,TL,,,1990-09-07 00:00:00.000,SEFSC,2,CTCCOB-175768,2026-05-05 00:00:00.000,UTC,1990,9,7,250,"00:00:00",,POINT(-80.0 28.5),CTCCOB-175768
CTCCOB,,37.49,-75.97,0.9398,,TL,,,2024-06-29 00:00:00.000,SEFSC,2,CTCCOB-447304,2026-05-05 00:00:00.000,UTC,2024,6,29,181,"00:00:00",,POINT(-75.97 37.49),CTCCOB-447304
CTCCOB,,37.09,-76.07,0.9652,,TL,,,2024-08-16 00:00:00.000,SEFSC,2,CTCCOB-448871,2026-05-05 00:00:00.000,UTC,2024,8,16,229,"00:00:00",,POINT(-76.07 37.09),CTCCOB-448871
CTCCOB,,28.5,-80.0,0.9906,,TL,,,1990-03-27 00:00:00.000,SEFSC,2,CTCCOB-175654,2026-05-05 00:00:00.000,UTC,1990,3,27,86,"00:00:00",,POINT(-80.0 28.5),CTCCOB-175654
CTCCOB,,37.0,-76.0,0.9906,,TL,,,1990-09-13 00:00:00.000,SEFSC,2,CTCCOB-175756,2026-05-05 00:00:00.000,UTC,1990,9,13,256,"00:00:00",,POINT(-76.0 37.0),CTCCOB-175756
CTCCOB,,29.16667,-80.66667,1.2192,,TL,,,1991-05-14 00:00:00.000,SEFSC,2,CTCCOB-175870,2026-05-05 00:00:00.000,UTC,1991,5,14,134,"00:00:00",,POINT(-80.66667 29.16667),CTCCOB-175870
CTCCOB,,27.66667,-82.69167,0.711,,TL,,,1994-08-20 00:00:00.000,SEFSC,2,CTCCOB-19634,2026-05-05 00:00:00.000,UTC,1994,8,20,232,"00:00:00",,POINT(-82.69167 27.66667),CTCCOB-19634
CTCCOB,,28.0,-94.0,0.5588,1.36077711,TL,,,1989-06-17 00:00:00.000,SEFSC,1,CTCCOB-59275,2026-05-05 00:00:00.000,UTC,1989,6,17,168,"00:00:00",,POINT(-94.0 28.0),CTCCOB-59275
CTCCOB,,29.16,-90.33,0.6096,1.36077711,TL,,,1990-07-10 00:00:00.000,SEFSC,1,CTCCOB-177425,2026-05-05 00:00:00.000,UTC,1990,7,10,191,"00:00:00",,POINT(-90.33 29.16),CTCCOB-177425
CTCCOB,,29.0,-87.0,0.381,1.81436948,TL,,,1987-08-21 00:00:00.000,SEFSC,1,CTCCOB-73373,2026-05-05 00:00:00.000,UTC,1987,8,21,233,"00:00:00",,POINT(-87.0 29.0),CTCCOB-73373
CTCCOB,,29.0,-87.0,0.4064,1.81436948,TL,,,1989-06-08 00:00:00.000,SEFSC,1,CTCCOB-150362,2026-05-05 00:00:00.000,UTC,1989,6,8,159,"00:00:00",,POINT(-87.0 29.0),CTCCOB-150362
CTCCOB,,29.0,-85.0,0.4572,1.81436948,TL,,,1992-05-15 00:00:00.000,SEFSC,1,CTCCOB-64762,2026-05-05 00:00:00.000,UTC,1992,5,15,136,"00:00:00",,POINT(-85.0 29.0),CTCCOB-64762
CTCCOB,,29.0,-95.0,0.4572,1.81436948,TL,,,1994-05-24 00:00:00.000,SEFSC,1,CTCCOB-230411,2026-05-05 00:00:00.000,UTC,1994,5,24,144,"00:00:00",,POINT(-95.0 29.0),CTCCOB-230411
CTCCOB,,30.0,-86.0,0.6096,1.81436948,TL,,,1990-08-01 00:00:00.000,SEFSC,1,CTCCOB-61354,2026-05-05 00:00:00.000,UTC,1990,8,1,213,"00:00:00",,POINT(-86.0 30.0),CTCCOB-61354
CTCCOB,,24.83,-80.5,0.6096,1.81436948,TL,,,1992-04-30 00:00:00.000,SEFSC,1,CTCCOB-62604,2026-05-05 00:00:00.000,UTC,1992,4,30,121,"00:00:00",,POINT(-80.5 24.83),CTCCOB-62604
CTCCOB,,29.16,-89.16,0.7112,1.81436948,TL,,,1987-05-25 00:00:00.000,SEFSC,1,CTCCOB-52099,2026-05-05 00:00:00.000,UTC,1987,5,25,145,"00:00:00",,POINT(-89.16 29.16),CTCCOB-52099
CTCCOB,,29.5,-89.0,0.7366,1.81436948,TL,,,1991-08-17 00:00:00.000,SEFSC,1,CTCCOB-51941,2026-05-05 00:00:00.000,UTC,1991,8,17,229,"00:00:00",,POINT(-89.0 29.5),CTCCOB-51941
CTCCOB,,24.75,-80.83,0.6096,2.26796185,TL,,,1991-12-04 00:00:00.000,SEFSC,1,CTCCOB-62304,2026-05-05 00:00:00.000,UTC,1991,12,4,338,"00:00:00",,POINT(-80.83 24.75),CTCCOB-62304
CTCCOB,,24.83,-80.5,0.635,2.26796185,TL,,,1991-02-10 00:00:00.000,SEFSC,1,CTCCOB-178706,2026-05-05 00:00:00.000,UTC,1991,2,10,41,"00:00:00",,POINT(-80.5 24.83),CTCCOB-178706
CTCCOB,,30.0,-86.5,0.762,2.26796185,TL,,,1988-07-10 00:00:00.000,SEFSC,1,CTCCOB-57914,2026-05-05 00:00:00.000,UTC,1988,7,10,192,"00:00:00",,POINT(-86.5 30.0),CTCCOB-57914
CTCCOB,,24.83,-80.5,0.8128,2.26796185,TL,,,1992-04-30 00:00:00.000,SEFSC,1,CTCCOB-62606,2026-05-05 00:00:00.000,UTC,1992,4,30,121,"00:00:00",,POINT(-80.5 24.83),CTCCOB-62606
CTCCOB,,29.5,-89.0,0.6096,2.72155422,TL,,,1991-09-07 00:00:00.000,SEFSC,1,CTCCOB-51968,2026-05-05 00:00:00.000,UTC,1991,9,7,250,"00:00:00",,POINT(-89.0 29.5),CTCCOB-51968
CTCCOB,,24.83,-80.5,0.6604,2.72155422,TL,,,1992-03-15 00:00:00.000,SEFSC,1,CTCCOB-194521,2026-05-05 00:00:00.000,UTC,1992,3,15,75,"00:00:00",,POINT(-80.5 24.83),CTCCOB-194521
CTCCOB,,24.83,-80.5,0.6604,2.72155422,TL,,,1992-02-29 00:00:00.000,SEFSC,1,CTCCOB-195538,2026-05-05 00:00:00.000,UTC,1992,2,29,60,"00:00:00",,POINT(-80.5 24.83),CTCCOB-195538
CTCCOB,,28.0,-91.0,0.7112,2.72155422,TL,,,1989-08-26 00:00:00.000,SEFSC,1,CTCCOB-59517,2026-05-05 00:00:00.000,UTC,1989,8,26,238,"00:00:00",,POINT(-91.0 28.0),CTCCOB-59517
CTCCOB,,29.0,-85.0,0.7112,2.72155422,TL,,,1990-09-21 00:00:00.000,SEFSC,1,CTCCOB-61237,2026-05-05 00:00:00.000,UTC,1990,9,21,264,"00:00:00",,POINT(-85.0 29.0),CTCCOB-61237
CTCCOB,,24.83,-80.5,0.7112,2.72155422,TL,,,1991-02-05 00:00:00.000,SEFSC,1,CTCCOB-62885,2026-05-05 00:00:00.000,UTC,1991,2,5,36,"00:00:00",,POINT(-80.5 24.83),CTCCOB-62885
CTCCOB,,30.26,-87.28,0.7112,3.17514659,TL,,,1993-09-20 00:00:00.000,SEFSC,1,CTCCOB-54208,2026-05-05 00:00:00.000,UTC,1993,9,20,263,"00:00:00",,POINT(-87.28 30.26),CTCCOB-54208
CTCCOB,,29.75,-85.83,0.7112,3.17514659,TL,,,1990-10-16 00:00:00.000,SEFSC,1,CTCCOB-61231,2026-05-05 00:00:00.000,UTC,1990,10,16,289,"00:00:00",,POINT(-85.83 29.75),CTCCOB-61231
CTCCOB,,24.83,-80.5,0.762,3.17514659,TL,,,1989-12-26 00:00:00.000,SEFSC,1,CTCCOB-169482,2026-05-05 00:00:00.000,UTC,1989,12,26,360,"00:00:00",,POINT(-80.5 24.83),CTCCOB-169482
CTCCOB,,29.0,-87.0,0.8382,3.1752,TL,,,1989-07-10 00:00:00.000,SEFSC,2,CTCCOB-150362,2026-05-05 00:00:00.000,UTC,1989,7,10,191,"00:00:00",,POINT(-87.0 29.0),CTCCOB-150362
CTCCOB,,24.83,-80.5,0.6096,3.62873896,TL,,,1990-01-10 00:00:00.000,SEFSC,1,CTCCOB-169485,2026-05-05 00:00:00.000,UTC,1990,1,10,10,"00:00:00",,POINT(-80.5 24.83),CTCCOB-169485
CTCCOB,,30.0,-86.83,0.762,3.62873896,TL,,,1990-09-10 00:00:00.000,SEFSC,1,CTCCOB-61356,2026-05-05 00:00:00.000,UTC,1990,9,10,253,"00:00:00",,POINT(-86.83 30.0),CTCCOB-61356
CTCCOB,,24.83,-80.5,0.762,3.62873896,TL,,,1992-03-16 00:00:00.000,SEFSC,1,CTCCOB-194951,2026-05-05 00:00:00.000,UTC,1992,3,16,76,"00:00:00",,POINT(-80.5 24.83),CTCCOB-194951
CTCCOB,,29.66,-85.33,0.762,3.62873896,TL,,,1992-05-10 00:00:00.000,SEFSC,1,CTCCOB-196433,2026-05-05 00:00:00.000,UTC,1992,5,10,131,"00:00:00",,POINT(-85.33 29.66),CTCCOB-196433
CTCCOB,,24.75,-80.83,0.8128,3.62873896,TL,,,1992-11-07 00:00:00.000,SEFSC,1,CTCCOB-62296,2026-05-05 00:00:00.000,UTC,1992,11,7,312,"00:00:00",,POINT(-80.83 24.75),CTCCOB-62296
CTCCOB,,24.83,-80.5,0.889,3.62873896,TL,,,1992-02-01 00:00:00.000,SEFSC,1,CTCCOB-62902,2026-05-05 00:00:00.000,UTC,1992,2,1,32,"00:00:00",,POINT(-80.5 24.83),CTCCOB-62902
CTCCOB,,24.83333,-80.5,0.7112,3.6288,TL,,,1991-02-11 00:00:00.000,SEFSC,2,CTCCOB-184908,2026-05-05 00:00:00.000,UTC,1991,2,11,42,"00:00:00",,POINT(-80.5 24.83333),CTCCOB-184908
CTCCOB,,30.0,-86.0,0.508,4.08233133,TL,,,1989-05-04 00:00:00.000,SEFSC,1,CTCCOB-167387,2026-05-05 00:00:00.000,UTC,1989,5,4,124,"00:00:00",,POINT(-86.0 30.0),CTCCOB-167387
CTCCOB,,24.83,-80.5,0.762,4.08233133,TL,,,1991-02-03 00:00:00.000,SEFSC,1,CTCCOB-184908,2026-05-05 00:00:00.000,UTC,1991,2,3,34,"00:00:00",,POINT(-80.5 24.83),CTCCOB-184908
CTCCOB,,24.83,-80.5,0.762,4.08233133,TL,,,1992-05-03 00:00:00.000,SEFSC,1,CTCCOB-198755,2026-05-05 00:00:00.000,UTC,1992,5,3,124,"00:00:00",,POINT(-80.5 24.83),CTCCOB-198755
CTCCOB,,29.0,-86.0,0.8128,4.0824,TL,,,1986-09-07 00:00:00.000,SEFSC,2,CTCCOB-127912,2026-05-05 00:00:00.000,UTC,1986,9,7,250,"00:00:00",,POINT(-86.0 29.0),CTCCOB-127912
CTCCOB,,30.0,-86.0,0.508,4.5359237,TL,,,1990-08-15 00:00:00.000,SEFSC,1,CTCCOB-170722,2026-05-05 00:00:00.000,UTC,1990,8,15,227,"00:00:00",,POINT(-86.0 30.0),CTCCOB-170722
CTCCOB,,37.0,-76.0,0.6096,4.5359237,TL,,,1991-08-03 00:00:00.000,SEFSC,1,CTCCOB-185709,2026-05-05 00:00:00.000,UTC,1991,8,3,215,"00:00:00",,POINT(-76.0 37.0),CTCCOB-185709
CTCCOB,,29.0,-87.0,0.635,4.5359237,TL,,,1986-08-21 00:00:00.000,SEFSC,1,CTCCOB-127912,2026-05-05 00:00:00.000,UTC,1986,8,21,233,"00:00:00",,POINT(-87.0 29.0),CTCCOB-127912
CTCCOB,,29.83,-86.0,0.6604,4.5359237,TL,,,1990-10-06 00:00:00.000,SEFSC,1,CTCCOB-181945,2026-05-05 00:00:00.000,UTC,1990,10,6,279,"00:00:00",,POINT(-86.0 29.83),CTCCOB-181945
CTCCOB,,36.83,-75.83,0.762,4.5359237,TL,,,1991-07-17 00:00:00.000,SEFSC,1,CTCCOB-143956,2026-05-05 00:00:00.000,UTC,1991,7,17,198,"00:00:00",,POINT(-75.83 36.83),CTCCOB-143956
CTCCOB,,36.83,-75.83,0.762,4.5359237,TL,,,1991-07-17 00:00:00.000,SEFSC,1,CTCCOB-150373,2026-05-05 00:00:00.000,UTC,1991,7,17,198,"00:00:00",,POINT(-75.83 36.83),CTCCOB-150373
CTCCOB,,24.83,-80.5,0.762,4.5359237,TL,,,1991-04-26 00:00:00.000,SEFSC,1,CTCCOB-185479,2026-05-05 00:00:00.000,UTC,1991,4,26,116,"00:00:00",,POINT(-80.5 24.83),CTCCOB-185479
CTCCOB,,24.83,-80.5,0.762,4.5359237,TL,,,1992-01-17 00:00:00.000,SEFSC,1,CTCCOB-186351,2026-05-05 00:00:00.000,UTC,1992,1,17,17,"00:00:00",,POINT(-80.5 24.83),CTCCOB-186351
CTCCOB,,24.83,-80.5,0.7874,4.5359237,TL,,,1991-02-03 00:00:00.000,SEFSC,1,CTCCOB-177104,2026-05-05 00:00:00.000,UTC,1991,2,3,34,"00:00:00",,POINT(-80.5 24.83),CTCCOB-177104
CTCCOB,,24.83,-80.5,0.7874,4.5359237,TL,,,1992-03-15 00:00:00.000,SEFSC,1,CTCCOB-194519,2026-05-05 00:00:00.000,UTC,1992,3,15,75,"00:00:00",,POINT(-80.5 24.83),CTCCOB-194519
CTCCOB,,24.43,-82.94,0.8128,4.5359237,TL,,,1992-03-15 00:00:00.000,SEFSC,1,CTCCOB-56217,2026-05-05 00:00:00.000,UTC,1992,3,15,75,"00:00:00",,POINT(-82.94 24.43),CTCCOB-56217
CTCCOB,,24.83,-80.5,0.8128,4.5359237,TL,,,1990-01-29 00:00:00.000,SEFSC,1,CTCCOB-174091,2026-05-05 00:00:00.000,UTC,1990,1,29,29,"00:00:00",,POINT(-80.5 24.83),CTCCOB-174091
CTCCOB,,30.0,-86.5,0.8128,4.5359237,TL,,,1990-11-03 00:00:00.000,SEFSC,1,CTCCOB-181353,2026-05-05 00:00:00.000,UTC,1990,11,3,307,"00:00:00",,POINT(-86.5 30.0),CTCCOB-181353
CTCCOB,,30.26,-87.25,0.8128,4.5359237,TL,,,1994-06-07 00:00:00.000,SEFSC,1,CTCCOB-230659,2026-05-05 00:00:00.000,UTC,1994,6,7,158,"00:00:00",,POINT(-87.25 30.26),CTCCOB-230659
CTCCOB,,30.05,-88.25,0.6096,4.536,TL,,,1990-10-07 00:00:00.000,SEFSC,2,CTCCOB-177425,2026-05-05 00:00:00.000,UTC,1990,10,7,280,"00:00:00",,POINT(-88.25 30.05),CTCCOB-177425
CTCCOB,,24.83333,-80.5,0.635,4.536,TL,,,1992-02-29 00:00:00.000,SEFSC,2,CTCCOB-195538,2026-05-05 00:00:00.000,UTC,1992,2,29,60,"00:00:00",,POINT(-80.5 24.83333),CTCCOB-195538
CTCCOB,,30.08333,-88.28333,0.7874,4.536,TL,,,1987-06-15 00:00:00.000,SEFSC,2,CTCCOB-52099,2026-05-05 00:00:00.000,UTC,1987,6,15,166,"00:00:00",,POINT(-88.28333 30.08333),CTCCOB-52099
CTCCOB,,24.83,-80.5,0.635,4.98951607,TL,,,1992-02-21 00:00:00.000,SEFSC,1,CTCCOB-194361,2026-05-05 00:00:00.000,UTC,1992,2,21,52,"00:00:00",,POINT(-80.5 24.83),CTCCOB-194361
CTCCOB,,24.83,-80.5,0.7874,4.98951607,TL,,,1992-02-21 00:00:00.000,SEFSC,1,CTCCOB-194364,2026-05-05 00:00:00.000,UTC,1992,2,21,52,"00:00:00",,POINT(-80.5 24.83),CTCCOB-194364
CTCCOB,,24.83,-80.5,0.7874,4.98951607,TL,,,1992-05-03 00:00:00.000,SEFSC,1,CTCCOB-198754,2026-05-05 00:00:00.000,UTC,1992,5,3,124,"00:00:00",,POINT(-80.5 24.83),CTCCOB-198754
CTCCOB,,24.83,-80.5,0.8128,4.98951607,TL,,,1991-02-12 00:00:00.000,SEFSC,1,CTCCOB-177144,2026-05-05 00:00:00.000,UTC,1991,2,12,43,"00:00:00",,POINT(-80.5 24.83),CTCCOB-177144
CTCCOB,,24.83333,-80.5,0.8382,4.9896,TL,,,1991-04-28 00:00:00.000,SEFSC,2,CTCCOB-185479,2026-05-05 00:00:00.000,UTC,1991,4,28,118,"00:00:00",,POINT(-80.5 24.83333),CTCCOB-185479
CTCCOB,,36.83,-75.83,0.6096,5.44310844,TL,,,1991-07-28 00:00:00.000,SEFSC,1,CTCCOB-186853,2026-05-05 00:00:00.000,UTC,1991,7,28,209,"00:00:00",,POINT(-75.83 36.83),CTCCOB-186853
CTCCOB,,37.086,-75.99883333,0.762,5.44310844,TL,,,2021-08-28 00:00:00.000,SEFSC,1,CTCCOB-445902,2026-05-05 00:00:00.000,UTC,2021,8,28,240,"00:00:00",,POINT(-75.99883333 37.086),CTCCOB-445902
CTCCOB,,36.83,-75.83,0.8128,5.44310844,TL,,,1991-07-17 00:00:00.000,SEFSC,1,CTCCOB-143954,2026-05-05 00:00:00.000,UTC,1991,7,17,198,"00:00:00",,POINT(-75.83 36.83),CTCCOB-143954
CTCCOB,,24.83,-80.5,0.8128,5.44310844,TL,,,1992-02-29 00:00:00.000,SEFSC,1,CTCCOB-195539,2026-05-05 00:00:00.000,UTC,1992,2,29,60,"00:00:00",,POINT(-80.5 24.83),CTCCOB-195539
CTCCOB,,24.83,-80.5,0.8128,5.44310844,TL,,,1992-03-02 00:00:00.000,SEFSC,1,CTCCOB-195545,2026-05-05 00:00:00.000,UTC,1992,3,2,62,"00:00:00",,POINT(-80.5 24.83),CTCCOB-195545
CTCCOB,,28.5,-80.0,0.8382,5.44310844,TL,,,1990-03-19 00:00:00.000,SEFSC,1,CTCCOB-175870,2026-05-05 00:00:00.000,UTC,1990,3,19,78,"00:00:00",,POINT(-80.0 28.5),CTCCOB-175870
CTCCOB,,28.91,-90.08,0.9144,5.44310844,TL,,,1999-08-28 00:00:00.000,SEFSC,1,CTCCOB-356811,2026-05-05 00:00:00.000,UTC,1999,8,28,240,"00:00:00",,POINT(-90.08 28.91),CTCCOB-356811
CTCCOB,,25.16667,-80.5,0.7112,5.4432,TL,,,1992-07-12 00:00:00.000,SEFSC,2,CTCCOB-228842,2026-05-05 00:00:00.000,UTC,1992,7,12,194,"00:00:00",,POINT(-80.5 25.16667),CTCCOB-228842
CTCCOB,,24.83333,-80.66667,0.9652,5.53392,TL,,,1992-03-01 00:00:00.000,SEFSC,2,CTCCOB-195539,2026-05-05 00:00:00.000,UTC,1992,3,1,61,"00:00:00",,POINT(-80.66667 24.83333),CTCCOB-195539
CTCCOB,,30.0,-87.0,0.7874,5.89670081,TL,,,1989-04-08 00:00:00.000,SEFSC,1,CTCCOB-169507,2026-05-05 00:00:00.000,UTC,1989,4,8,98,"00:00:00",,POINT(-87.0 30.0),CTCCOB-169507
CTCCOB,,37.16566667,-76.29033333,0.8382,5.89670081,TL,,,2023-06-18 00:00:00.000,SEFSC,1,CTCCOB-447194,2026-05-05 00:00:00.000,UTC,2023,6,18,169,"00:00:00",,POINT(-76.29033333 37.16566667),CTCCOB-447194
CTCCOB,,30.1,-85.7,0.9398,5.8968,TL,,,1993-09-14 00:00:00.000,SEFSC,2,CTCCOB-54819,2026-05-05 00:00:00.000,UTC,1993,9,14,257,"00:00:00",,POINT(-85.7 30.1),CTCCOB-54819
CTCCOB,,24.83333,-80.66667,0.762,6.3504,TL,,,1992-02-29 00:00:00.000,SEFSC,2,CTCCOB-194364,2026-05-05 00:00:00.000,UTC,1992,2,29,60,"00:00:00",,POINT(-80.66667 24.83333),CTCCOB-194364
CTCCOB,,37.4,-76.2,0.9652,6.3504,TL,,,1990-07-17 00:00:00.000,SEFSC,2,CTCCOB-175661,2026-05-05 00:00:00.000,UTC,1990,7,17,198,"00:00:00",,POINT(-76.2 37.4),CTCCOB-175661
CTCCOB,,24.33,-81.66,0.7874,6.80388555,TL,,,1990-02-17 00:00:00.000,SEFSC,1,CTCCOB-179542,2026-05-05 00:00:00.000,UTC,1990,2,17,48,"00:00:00",,POINT(-81.66 24.33),CTCCOB-179542
CTCCOB,,29.0,-85.0,0.8128,6.80388555,TL,,,1990-04-25 00:00:00.000,SEFSC,1,CTCCOB-60849,2026-05-05 00:00:00.000,UTC,1990,4,25,115,"00:00:00",,POINT(-85.0 29.0),CTCCOB-60849
CTCCOB,,37.14,-76.13,0.8382,6.80388555,TL,,,1997-08-17 00:00:00.000,SEFSC,1,CTCCOB-315017,2026-05-05 00:00:00.000,UTC,1997,8,17,229,"00:00:00",,POINT(-76.13 37.14),CTCCOB-315017
CTCCOB,,37.08691667,-75.9995,0.8382,6.80388555,TL,,,2023-08-26 00:00:00.000,SEFSC,1,CTCCOB-447304,2026-05-05 00:00:00.000,UTC,2023,8,26,238,"00:00:00",,POINT(-75.9995 37.08691667),CTCCOB-447304
CTCCOB,,28.5,-80.0,0.8636,6.80388555,TL,,,1990-03-12 00:00:00.000,SEFSC,1,CTCCOB-175661,2026-05-05 00:00:00.000,UTC,1990,3,12,71,"00:00:00",,POINT(-80.0 28.5),CTCCOB-175661
CTCCOB,,37.0,-75.83,0.8636,6.80388555,TL,,,1992-08-26 00:00:00.000,SEFSC,1,CTCCOB-190594,2026-05-05 00:00:00.000,UTC,1992,8,26,239,"00:00:00",,POINT(-75.83 37.0),CTCCOB-190594
CTCCOB,,28.5,-80.33,0.9398,6.80388555,TL,,,1991-04-07 00:00:00.000,SEFSC,1,CTCCOB-150294,2026-05-05 00:00:00.000,UTC,1991,4,7,97,"00:00:00",,POINT(-80.33 28.5),CTCCOB-150294
CTCCOB,,30.0,-84.38333,0.8382,6.804,TL,,,1990-05-06 00:00:00.000,SEFSC,2,CTCCOB-169485,2026-05-05 00:00:00.000,UTC,1990,5,6,126,"00:00:00",,POINT(-84.38333 30.0),CTCCOB-169485
CTCCOB,,30.06667,-86.05,0.8636,6.804,TL,,,1991-01-03 00:00:00.000,SEFSC,2,CTCCOB-61356,2026-05-05 00:00:00.000,UTC,1991,1,3,3,"00:00:00",,POINT(-86.05 30.06667),CTCCOB-61356
CTCCOB,,24.75,-80.83333,0.889,6.804,TL,,,1991-07-15 00:00:00.000,SEFSC,2,CTCCOB-61354,2026-05-05 00:00:00.000,UTC,1991,7,15,196,"00:00:00",,POINT(-80.83333 24.75),CTCCOB-61354
CTCCOB,,28.5,-80.0,0.8382,7.25747792,TL,,,1990-03-11 00:00:00.000,SEFSC,1,CTCCOB-175677,2026-05-05 00:00:00.000,UTC,1990,3,11,70,"00:00:00",,POINT(-80.0 28.5),CTCCOB-175677
CTCCOB,,24.83,-80.5,0.8382,7.25747792,TL,,,1992-02-20 00:00:00.000,SEFSC,1,CTCCOB-194366,2026-05-05 00:00:00.000,UTC,1992,2,20,51,"00:00:00",,POINT(-80.5 24.83),CTCCOB-194366
CTCCOB,,37.08333333,-76.16666667,0.9906,7.25747792,TL,,,2019-09-21 00:00:00.000,SEFSC,1,CTCCOB-443939,2026-05-05 00:00:00.000,UTC,2019,9,21,264,"00:00:00",,POINT(-76.16666667 37.08333333),CTCCOB-443939
CTCCOB,,24.66667,-82.91667,0.8636,7.7112,TL,,,1993-11-06 00:00:00.000,SEFSC,2,CTCCOB-230107,2026-05-05 00:00:00.000,UTC,1993,11,6,310,"00:00:00",,POINT(-82.91667 24.66667),CTCCOB-230107
CTCCOB,,24.58333,-80.91667,1.016,7.98336,TL,,,1991-12-09 00:00:00.000,SEFSC,2,CTCCOB-62885,2026-05-05 00:00:00.000,UTC,1991,12,9,343,"00:00:00",,POINT(-80.91667 24.58333),CTCCOB-62885
CTCCOB,,36.83,-75.83,0.7874,8.16466266,TL,,,1991-08-28 00:00:00.000,SEFSC,1,CTCCOB-190561,2026-05-05 00:00:00.000,UTC,1991,8,28,240,"00:00:00",,POINT(-75.83 36.83),CTCCOB-190561
CTCCOB,,27.49167,-82.73333,0.965,8.1648,TL,,,1994-04-26 00:00:00.000,SEFSC,2,CTCCOB-23652,2026-05-05 00:00:00.000,UTC,1994,4,26,116,"00:00:00",,POINT(-82.73333 27.49167),CTCCOB-23652
CTCCOB,,30.34667,-86.49267,0.8636,8.6184,TL,,,1991-10-31 00:00:00.000,SEFSC,2,CTCCOB-181353,2026-05-05 00:00:00.000,UTC,1991,10,31,304,"00:00:00",,POINT(-86.49267 30.34667),CTCCOB-181353
CTCCOB,,24.5,-81.0,0.9652,8.6184,TL,,,1990-08-09 00:00:00.000,SEFSC,2,CTCCOB-157377,2026-05-05 00:00:00.000,UTC,1990,8,9,221,"00:00:00",,POINT(-81.0 24.5),CTCCOB-157377
CTCCOB,,29.08333,-93.36667,0.9906,8.6184,TL,,,1989-10-01 00:00:00.000,SEFSC,2,CTCCOB-59275,2026-05-05 00:00:00.000,UTC,1989,10,1,274,"00:00:00",,POINT(-93.36667 29.08333),CTCCOB-59275
CTCCOB,,24.75,-82.0,1.016,8.6184,TL,,,1990-12-07 00:00:00.000,SEFSC,2,CTCCOB-179542,2026-05-05 00:00:00.000,UTC,1990,12,7,341,"00:00:00",,POINT(-82.0 24.75),CTCCOB-179542
CTCCOB,,28.5,-80.0,0.9144,9.0718474,TL,,,1990-03-24 00:00:00.000,SEFSC,1,CTCCOB-175892,2026-05-05 00:00:00.000,UTC,1990,3,24,83,"00:00:00",,POINT(-80.0 28.5),CTCCOB-175892
CTCCOB,,24.83,-80.5,1.016,9.0718474,TL,,,1989-11-22 00:00:00.000,SEFSC,1,CTCCOB-170602,2026-05-05 00:00:00.000,UTC,1989,11,22,326,"00:00:00",,POINT(-80.5 24.83),CTCCOB-170602
CTCCOB,,28.76667,-91.78333,0.9652,9.072,TL,,,1990-05-23 00:00:00.000,SEFSC,2,CTCCOB-175867,2026-05-05 00:00:00.000,UTC,1990,5,23,143,"00:00:00",,POINT(-91.78333 28.76667),CTCCOB-175867
CTCCOB,,37.0,-76.08,1.0668,9.52543977,TL,,,1990-09-07 00:00:00.000,SEFSC,1,CTCCOB-178678,2026-05-05 00:00:00.000,UTC,1990,9,7,250,"00:00:00",,POINT(-76.08 37.0),CTCCOB-178678
CTCCOB,,29.5,-89.5,1.0922,9.7524,TL,,,1993-09-18 00:00:00.000,SEFSC,2,CTCCOB-176016,2026-05-05 00:00:00.000,UTC,1993,9,18,261,"00:00:00",,POINT(-89.5 29.5),CTCCOB-176016
CTCCOB,,28.5,-80.0,0.9144,9.97903214,TL,,,1990-03-22 00:00:00.000,SEFSC,1,CTCCOB-175867,2026-05-05 00:00:00.000,UTC,1990,3,22,81,"00:00:00",,POINT(-80.0 28.5),CTCCOB-175867
CTCCOB,,28.5,-80.0,0.9652,9.97903214,TL,,,1990-03-11 00:00:00.000,SEFSC,1,CTCCOB-175654,2026-05-05 00:00:00.000,UTC,1990,3,11,70,"00:00:00",,POINT(-80.0 28.5),CTCCOB-175654
CTCCOB,,36.0,-75.0,1.0668,9.97903214,TL,,,1990-09-07 00:00:00.000,SEFSC,1,CTCCOB-178670,2026-05-05 00:00:00.000,UTC,1990,9,7,250,"00:00:00",,POINT(-75.0 36.0),CTCCOB-178670
CTCCOB,,24.83333,-80.5,0.9906,9.9792,TL,,,1992-12-29 00:00:00.000,SEFSC,2,CTCCOB-198755,2026-05-05 00:00:00.000,UTC,1992,12,29,364,"00:00:00",,POINT(-80.5 24.83333),CTCCOB-198755
CTCCOB,,36.0,-75.0,0.9906,10.88621688,TL,,,1990-09-05 00:00:00.000,SEFSC,1,CTCCOB-178675,2026-05-05 00:00:00.000,UTC,1990,9,5,248,"00:00:00",,POINT(-75.0 36.0),CTCCOB-178675
CTCCOB,,25.41667,-80.16667,1.016,10.8864,TL,,,1993-03-22 00:00:00.000,SEFSC,2,CTCCOB-56178,2026-05-05 00:00:00.000,UTC,1993,3,22,81,"00:00:00",,POINT(-80.16667 25.41667),CTCCOB-56178
CTCCOB,,28.5,-80.0,0.9398,11.33980925,TL,,,1990-03-10 00:00:00.000,SEFSC,1,CTCCOB-175756,2026-05-05 00:00:00.000,UTC,1990,3,10,69,"00:00:00",,POINT(-80.0 28.5),CTCCOB-175756
CTCCOB,,29.83333,-85.83333,0.9398,11.7936,TL,,,1991-10-17 00:00:00.000,SEFSC,2,CTCCOB-61231,2026-05-05 00:00:00.000,UTC,1991,10,17,290,"00:00:00",,POINT(-85.83333 29.83333),CTCCOB-61231
CTCCOB,,30.0,-86.0,0.9652,11.7936,TL,,,1990-07-15 00:00:00.000,SEFSC,2,CTCCOB-60849,2026-05-05 00:00:00.000,UTC,1990,7,15,196,"00:00:00",,POINT(-86.0 30.0),CTCCOB-60849
CTCCOB,,30.0,-86.5,0.9906,12.2472,TL,,,1989-03-30 00:00:00.000,SEFSC,2,CTCCOB-57914,2026-05-05 00:00:00.000,UTC,1989,3,30,89,"00:00:00",,POINT(-86.5 30.0),CTCCOB-57914
CTCCOB,,28.5,-80.0,1.143,12.70058636,TL,,,1990-07-22 00:00:00.000,SEFSC,1,CTCCOB-175768,2026-05-05 00:00:00.000,UTC,1990,7,22,203,"00:00:00",,POINT(-80.0 28.5),CTCCOB-175768
CTCCOB,,36.83,-75.83,1.0668,13.15417873,TL,,,1991-06-22 00:00:00.000,SEFSC,1,CTCCOB-181984,2026-05-05 00:00:00.000,UTC,1991,6,22,173,"00:00:00",,POINT(-75.83 36.83),CTCCOB-181984
CTCCOB,,28.5,-80.0,0.9652,13.6077711,TL,,,1990-03-11 00:00:00.000,SEFSC,1,CTCCOB-175759,2026-05-05 00:00:00.000,UTC,1990,3,11,70,"00:00:00",,POINT(-80.0 28.5),CTCCOB-175759
CTCCOB,,28.5,-80.33,0.9906,13.6077711,TL,,,1991-12-22 00:00:00.000,SEFSC,1,CTCCOB-185652,2026-05-05 00:00:00.000,UTC,1991,12,22,356,"00:00:00",,POINT(-80.33 28.5),CTCCOB-185652
CTCCOB,,28.5,-80.0,1.0668,13.6077711,TL,,,1990-03-13 00:00:00.000,SEFSC,1,CTCCOB-175755,2026-05-05 00:00:00.000,UTC,1990,3,13,72,"00:00:00",,POINT(-80.0 28.5),CTCCOB-175755
CTCCOB,,36.0,-75.0,1.143,13.6077711,TL,,,1990-09-14 00:00:00.000,SEFSC,1,CTCCOB-178671,2026-05-05 00:00:00.000,UTC,1990,9,14,257,"00:00:00",,POINT(-75.0 36.0),CTCCOB-178671
CTCCOB,,28.35,-90.15,0.8636,13.608,TL,,,1990-05-05 00:00:00.000,SEFSC,2,CTCCOB-169507,2026-05-05 00:00:00.000,UTC,1990,5,5,125,"00:00:00",,POINT(-90.15 28.35),CTCCOB-169507
CTCCOB,,29.0,-80.33333,1.0414,13.608,TL,,,1992-01-06 00:00:00.000,SEFSC,2,CTCCOB-190561,2026-05-05 00:00:00.000,UTC,1992,1,6,6,"00:00:00",,POINT(-80.33333 29.0),CTCCOB-190561
CTCCOB,,37.2,-76.0,1.0922,13.608,TL,,,1998-06-09 00:00:00.000,SEFSC,2,CTCCOB-253787,2026-05-05 00:00:00.000,UTC,1998,6,9,160,"00:00:00",,POINT(-76.0 37.2),CTCCOB-253787
CTCCOB,,36.83,-75.83,1.2446,15.87573295,TL,,,1991-08-06 00:00:00.000,SEFSC,1,CTCCOB-190591,2026-05-05 00:00:00.000,UTC,1991,8,6,218,"00:00:00",,POINT(-75.83 36.83),CTCCOB-190591
CTCCOB,,28.86667,-92.78333,1.27,15.876,TL,,,1991-06-13 00:00:00.000,SEFSC,2,CTCCOB-175677,2026-05-05 00:00:00.000,UTC,1991,6,13,164,"00:00:00",,POINT(-92.78333 28.86667),CTCCOB-175677
CTCCOB,,28.16667,-80.16667,1.1938,16.7832,TL,,,1992-01-18 00:00:00.000,SEFSC,2,CTCCOB-150294,2026-05-05 00:00:00.000,UTC,1992,1,18,18,"00:00:00",,POINT(-80.16667 28.16667),CTCCOB-150294
CTCCOB,,28.41,-80.58,1.3716,17.23651006,TL,,,1991-07-23 00:00:00.000,SEFSC,1,CTCCOB-150296,2026-05-05 00:00:00.000,UTC,1991,7,23,204,"00:00:00",,POINT(-80.58 28.41),CTCCOB-150296
CTCCOB,,30.16667,-87.33333,1.143,17.64504,TL,,,1992-04-11 00:00:00.000,SEFSC,2,CTCCOB-150296,2026-05-05 00:00:00.000,UTC,1992,4,11,102,"00:00:00",,POINT(-87.33333 30.16667),CTCCOB-150296
CTCCOB,,37.1165,-76.12733333,1.27,20.41165665,TL,,,2023-09-12 00:00:00.000,SEFSC,1,CTCCOB-447597,2026-05-05 00:00:00.000,UTC,2023,9,12,255,"00:00:00",,POINT(-76.12733333 37.1165),CTCCOB-447597
CTCCOB,,29.16667,-94.5,0.6604,,TL,,,1993-09-05 00:00:00.000,SEFSC,2,CTCCOB-229819,2026-05-05 00:00:00.000,UTC,1993,9,5,248,"00:00:00",,POINT(-94.5 29.16667),CTCCOB-229819
CTCCOB,,26.83333,-79.83333,0.6858,,TL,,,1993-12-18 00:00:00.000,SEFSC,2,CTCCOB-189356,2026-05-05 00:00:00.000,UTC,1993,12,18,352,"00:00:00",,POINT(-79.83333 26.83333),CTCCOB-189356
CTCCOB,,27.67,-82.66,0.745,,TL,,,1994-08-08 00:00:00.000,SEFSC,1,CTCCOB-19634,2026-05-05 00:00:00.000,UTC,1994,8,8,220,"00:00:00",,POINT(-82.66 27.67),CTCCOB-19634
CTCCOB,,28.5,-80.33,0.762,,TL,,,1992-04-09 00:00:00.000,SEFSC,1,CTCCOB-55752,2026-05-05 00:00:00.000,UTC,1992,4,9,100,"00:00:00",,POINT(-80.33 28.5),CTCCOB-55752
CTCCOB,,28.5,-80.33,0.762,,TL,,,1992-04-08 00:00:00.000,SEFSC,1,CTCCOB-56157,2026-05-05 00:00:00.000,UTC,1992,4,8,99,"00:00:00",,POINT(-80.33 28.5),CTCCOB-56157
CTCCOB,,28.5,-80.33,0.762,,TL,,,1992-04-09 00:00:00.000,SEFSC,1,CTCCOB-56170,2026-05-05 00:00:00.000,UTC,1992,4,9,100,"00:00:00",,POINT(-80.33 28.5),CTCCOB-56170
CTCCOB,,29.0,-88.0,0.8128,,UNK,,,1994-04-27 00:00:00.000,SEFSC,2,CTCCOB-54208,2026-05-05 00:00:00.000,UTC,1994,4,27,117,"00:00:00",,POINT(-88.0 29.0),CTCCOB-54208
CTCCOB,,37.08,-75.96,0.8128,,UNK,,,1995-06-10 00:00:00.000,SEFSC,1,CTCCOB-253162,2026-05-05 00:00:00.000,UTC,1995,6,10,161,"00:00:00",,POINT(-75.96 37.08),CTCCOB-253162
CTCCOB,,30.41667,-87.21667,0.8636,,UNK,,,1993-03-27 00:00:00.000,SEFSC,2,CTCCOB-143954,2026-05-05 00:00:00.000,UTC,1993,3,27,86,"00:00:00",,POINT(-87.21667 30.41667),CTCCOB-143954
CTCCOB,,27.3,-82.62,0.8636,,UNK,,,1995-12-03 00:00:00.000,SEFSC,2,CTCCOB-252781,2026-05-05 00:00:00.000,UTC,1995,12,3,337,"00:00:00",,POINT(-82.62 27.3),CTCCOB-252781
CTCCOB,,29.0,-88.0,0.9144,,UNK,,,1994-06-29 00:00:00.000,SEFSC,2,CTCCOB-64268,2026-05-05 00:00:00.000,UTC,1994,6,29,180,"00:00:00",,POINT(-88.0 29.0),CTCCOB-64268
CTCCOB,,37.27,-76.12,0.9144,,UNK,,,2024-08-10 00:00:00.000,SEFSC,2,CTCCOB-445902,2026-05-05 00:00:00.000,UTC,2024,8,10,223,"00:00:00",,POINT(-76.12 37.27),CTCCOB-445902
CTCCOB,,29.33,-83.18,0.9144,,UNK,,,1996-10-26 00:00:00.000,SEFSC,2,CTCCOB-263993,2026-05-05 00:00:00.000,UTC,1996,10,26,300,"00:00:00",,POINT(-83.18 29.33),CTCCOB-263993
CTCCOB,,36.96766667,-76.11833333,0.9144,,UNK,,,2023-08-15 00:00:00.000,SEFSC,2,CTCCOB-447194,2026-05-05 00:00:00.000,UTC,2023,8,15,227,"00:00:00",,POINT(-76.11833333 36.96766667),CTCCOB-447194
CTCCOB,,37.25833,-76.36833,0.9398,,UNK,,,1992-07-16 00:00:00.000,SEFSC,2,CTCCOB-185709,2026-05-05 00:00:00.000,UTC,1992,7,16,198,"00:00:00",,POINT(-76.36833 37.25833),CTCCOB-185709
CTCCOB,,28.26667,-82.73333,0.9652,,UNK,,,1996-08-26 00:00:00.000,SEFSC,2,CTCCOB-260139,2026-05-05 00:00:00.000,UTC,1996,8,26,239,"00:00:00",,POINT(-82.73333 28.26667),CTCCOB-260139
CTCCOB,,28.68333,-95.96667,0.9652,,UNK,,,1994-09-18 00:00:00.000,SEFSC,2,CTCCOB-231780,2026-05-05 00:00:00.000,UTC,1994,9,18,261,"00:00:00",,POINT(-95.96667 28.68333),CTCCOB-231780
CTCCOB,,37.0,-76.0,1.016,,UNK,,,1995-07-01 00:00:00.000,SEFSC,2,CTCCOB-253171,2026-05-05 00:00:00.000,UTC,1995,7,1,182,"00:00:00",,POINT(-76.0 37.0),CTCCOB-253171
CTCCOB,,28.5,-80.33333,1.0922,,UNK,,,1994-03-12 00:00:00.000,SEFSC,2,CTCCOB-176603,2026-05-05 00:00:00.000,UTC,1994,3,12,71,"00:00:00",,POINT(-80.33333 28.5),CTCCOB-176603
CTCCOB,,30.0,-86.5,1.1176,,UNK,,,1994-04-26 00:00:00.000,SEFSC,2,CTCCOB-186853,2026-05-05 00:00:00.000,UTC,1994,4,26,116,"00:00:00",,POINT(-86.5 30.0),CTCCOB-186853
CTCCOB,,37.05,-76.07,1.3208,,UNK,,,2024-06-19 00:00:00.000,SEFSC,2,CTCCOB-447597,2026-05-05 00:00:00.000,UTC,2024,6,19,171,"00:00:00",,POINT(-76.07 37.05),CTCCOB-447597
CTCCOB,,30.11,-85.7,0.4572,0.90718474,UNK,,,1992-08-14 00:00:00.000,SEFSC,1,CTCCOB-54819,2026-05-05 00:00:00.000,UTC,1992,8,14,227,"00:00:00",,POINT(-85.7 30.11),CTCCOB-54819
CTCCOB,,24.83,-80.5,0.4572,1.81436948,UNK,,,1997-01-02 00:00:00.000,SEFSC,1,CTCCOB-266987,2026-05-05 00:00:00.000,UTC,1997,1,2,2,"00:00:00",,POINT(-80.5 24.83),CTCCOB-266987
CTCCOB,,28.0,-89.5,0.508,1.81436948,UNK,,,1995-06-10 00:00:00.000,SEFSC,1,CTCCOB-253168,2026-05-05 00:00:00.000,UTC,1995,6,10,161,"00:00:00",,POINT(-89.5 28.0),CTCCOB-253168
CTCCOB,,30.15,-87.7,0.6096,1.81436948,UNK,,,1994-07-25 00:00:00.000,SEFSC,1,CTCCOB-57723,2026-05-05 00:00:00.000,UTC,1994,7,25,206,"00:00:00",,POINT(-87.7 30.15),CTCCOB-57723
CTCCOB,,28.5,-80.33,0.7112,2.26796185,UNK,,,1995-01-23 00:00:00.000,SEFSC,1,CTCCOB-117824,2026-05-05 00:00:00.000,UTC,1995,1,23,23,"00:00:00",,POINT(-80.33 28.5),CTCCOB-117824
CTCCOB,,24.91,-80.5,0.8128,2.26796185,UNK,,,1996-01-16 00:00:00.000,SEFSC,1,CTCCOB-260139,2026-05-05 00:00:00.000,UTC,1996,1,16,16,"00:00:00",,POINT(-80.5 24.91),CTCCOB-260139
CTCCOB,,29.14,-91.84,0.5588,2.72155422,UNK,,,1995-06-10 00:00:00.000,SEFSC,1,CTCCOB-253167,2026-05-05 00:00:00.000,UTC,1995,6,10,161,"00:00:00",,POINT(-91.84 29.14),CTCCOB-253167
CTCCOB,,26.16,-80.0,0.6858,2.72155422,UNK,,,1993-12-18 00:00:00.000,SEFSC,1,CTCCOB-189356,2026-05-05 00:00:00.000,UTC,1993,12,18,352,"00:00:00",,POINT(-80.0 26.16),CTCCOB-189356
CTCCOB,,28.83,-90.66,0.7112,2.72155422,UNK,,,1993-07-31 00:00:00.000,SEFSC,1,CTCCOB-183021,2026-05-05 00:00:00.000,UTC,1993,7,31,212,"00:00:00",,POINT(-90.66 28.83),CTCCOB-183021
CTCCOB,,24.83333,-80.5,0.762,2.7216,UNK,,,1992-01-30 00:00:00.000,SEFSC,2,CTCCOB-186351,2026-05-05 00:00:00.000,UTC,1992,1,30,30,"00:00:00",,POINT(-80.5 24.83333),CTCCOB-186351
CTCCOB,,29.08333,-90.16667,0.6858,3.1752,UNK,,,1993-09-11 00:00:00.000,SEFSC,2,CTCCOB-53030,2026-05-05 00:00:00.000,UTC,1993,9,11,254,"00:00:00",,POINT(-90.16667 29.08333),CTCCOB-53030
CTCCOB,,24.83,-80.5,0.6858,3.62873896,UNK,,,1993-01-14 00:00:00.000,SEFSC,1,CTCCOB-56346,2026-05-05 00:00:00.000,UTC,1993,1,14,14,"00:00:00",,POINT(-80.5 24.83),CTCCOB-56346
CTCCOB,,30.05933,-87.83083,0.7112,3.6288,UNK,,,1992-04-08 00:00:00.000,SEFSC,2,CTCCOB-228840,2026-05-05 00:00:00.000,UTC,1992,4,8,99,"00:00:00",,POINT(-87.83083 30.05933),CTCCOB-228840
CTCCOB,,24.83,-80.5,0.762,4.08233133,UNK,,,1993-03-31 00:00:00.000,SEFSC,1,CTCCOB-118047,2026-05-05 00:00:00.000,UTC,1993,3,31,90,"00:00:00",,POINT(-80.5 24.83),CTCCOB-118047
CTCCOB,,28.5,-80.5,0.762,4.5359237,UNK,,,1995-03-26 00:00:00.000,SEFSC,1,CTCCOB-249914,2026-05-05 00:00:00.000,UTC,1995,3,26,85,"00:00:00",,POINT(-80.5 28.5),CTCCOB-249914
CTCCOB,,29.0,-85.0,0.8128,4.5359237,UNK,,,1992-05-16 00:00:00.000,SEFSC,1,CTCCOB-196435,2026-05-05 00:00:00.000,UTC,1992,5,16,137,"00:00:00",,POINT(-85.0 29.0),CTCCOB-196435
CTCCOB,,29.0,-87.0,0.7874,4.98951607,UNK,,,1993-09-01 00:00:00.000,SEFSC,1,CTCCOB-230107,2026-05-05 00:00:00.000,UTC,1993,9,1,244,"00:00:00",,POINT(-87.0 29.0),CTCCOB-230107
CTCCOB,,30.08,-84.2,0.7874,4.98951607,UNK,,,1996-08-17 00:00:00.000,SEFSC,1,CTCCOB-264680,2026-05-05 00:00:00.000,UTC,1996,8,17,230,"00:00:00",,POINT(-84.2 30.08),CTCCOB-264680
CTCCOB,,30.13,-87.0,0.4826,5.44310844,UNK,,,1993-05-01 00:00:00.000,SEFSC,1,CTCCOB-53737,2026-05-05 00:00:00.000,UTC,1993,5,1,121,"00:00:00",,POINT(-87.0 30.13),CTCCOB-53737
CTCCOB,,30.0,-87.0,0.762,5.44310844,UNK,,,1994-04-30 00:00:00.000,SEFSC,1,CTCCOB-209398,2026-05-05 00:00:00.000,UTC,1994,4,30,120,"00:00:00",,POINT(-87.0 30.0),CTCCOB-209398
CTCCOB,,30.08,-84.2,0.7874,5.44310844,UNK,,,1993-08-11 00:00:00.000,SEFSC,1,CTCCOB-55198,2026-05-05 00:00:00.000,UTC,1993,8,11,223,"00:00:00",,POINT(-84.2 30.08),CTCCOB-55198
CTCCOB,,28.6,-94.82,0.8128,5.44310844,UNK,,,1995-06-14 00:00:00.000,SEFSC,1,CTCCOB-253161,2026-05-05 00:00:00.000,UTC,1995,6,14,165,"00:00:00",,POINT(-94.82 28.6),CTCCOB-253161
CTCCOB,,26.46,-82.0,0.8382,5.44310844,UNK,,,1992-07-11 00:00:00.000,SEFSC,1,CTCCOB-116423,2026-05-05 00:00:00.000,UTC,1992,7,11,193,"00:00:00",,POINT(-82.0 26.46),CTCCOB-116423
CTCCOB,,30.08,-84.2,0.889,5.44310844,UNK,,,1995-07-15 00:00:00.000,SEFSC,1,CTCCOB-252781,2026-05-05 00:00:00.000,UTC,1995,7,15,196,"00:00:00",,POINT(-84.2 30.08),CTCCOB-252781
CTCCOB,,30.08,-84.2,0.889,5.44310844,UNK,,,1996-07-10 00:00:00.000,SEFSC,1,CTCCOB-263993,2026-05-05 00:00:00.000,UTC,1996,7,10,192,"00:00:00",,POINT(-84.2 30.08),CTCCOB-263993
CTCCOB,,30.08,-84.2,0.889,5.44310844,UNK,,,1996-07-04 00:00:00.000,SEFSC,1,CTCCOB-263994,2026-05-05 00:00:00.000,UTC,1996,7,4,186,"00:00:00",,POINT(-84.2 30.08),CTCCOB-263994
CTCCOB,,29.0,-90.0,0.9398,5.4432,UNK,,,1999-11-13 00:00:00.000,SEFSC,2,CTCCOB-356811,2026-05-05 00:00:00.000,UTC,1999,11,13,317,"00:00:00",,POINT(-90.0 29.0),CTCCOB-356811
CTCCOB,,29.83333,-83.83333,0.9652,5.4432,UNK,,,1995-09-30 00:00:00.000,SEFSC,2,CTCCOB-257867,2026-05-05 00:00:00.000,UTC,1995,9,30,273,"00:00:00",,POINT(-83.83333 29.83333),CTCCOB-257867
CTCCOB,,28.5,-80.33,0.7874,5.89670081,UNK,,,1993-04-01 00:00:00.000,SEFSC,1,CTCCOB-203000,2026-05-05 00:00:00.000,UTC,1993,4,1,91,"00:00:00",,POINT(-80.33 28.5),CTCCOB-203000
CTCCOB,,30.25,-86.0,0.8128,5.89670081,UNK,,,1995-04-17 00:00:00.000,SEFSC,1,CTCCOB-253557,2026-05-05 00:00:00.000,UTC,1995,4,17,107,"00:00:00",,POINT(-86.0 30.25),CTCCOB-253557
CTCCOB,,30.25,-86.5,0.762,5.8968,UNK,,,1993-04-13 00:00:00.000,SEFSC,2,CTCCOB-228843,2026-05-05 00:00:00.000,UTC,1993,4,13,103,"00:00:00",,POINT(-86.5 30.25),CTCCOB-228843
CTCCOB,,26.0,-82.0,0.762,6.35029318,UNK,,,1993-05-10 00:00:00.000,SEFSC,1,CTCCOB-199284,2026-05-05 00:00:00.000,UTC,1993,5,10,130,"00:00:00",,POINT(-82.0 26.0),CTCCOB-199284
CTCCOB,,28.5,-80.33,0.762,6.35029318,UNK,,,1993-04-01 00:00:00.000,SEFSC,1,CTCCOB-202998,2026-05-05 00:00:00.000,UTC,1993,4,1,91,"00:00:00",,POINT(-80.33 28.5),CTCCOB-202998
CTCCOB,,30.0,-86.0,0.7112,6.80388555,UNK,,,1996-04-27 00:00:00.000,SEFSC,1,CTCCOB-262458,2026-05-05 00:00:00.000,UTC,1996,4,27,118,"00:00:00",,POINT(-86.0 30.0),CTCCOB-262458
CTCCOB,,30.0,-86.0,0.7874,6.80388555,UNK,,,1993-05-09 00:00:00.000,SEFSC,1,CTCCOB-205003,2026-05-05 00:00:00.000,UTC,1993,5,9,129,"00:00:00",,POINT(-86.0 30.0),CTCCOB-205003
CTCCOB,,30.0,-86.0,0.8382,6.80388555,UNK,,,1993-05-09 00:00:00.000,SEFSC,1,CTCCOB-205002,2026-05-05 00:00:00.000,UTC,1993,5,9,129,"00:00:00",,POINT(-86.0 30.0),CTCCOB-205002
CTCCOB,,28.16,-96.5,0.889,6.80388555,UNK,,,1994-09-04 00:00:00.000,SEFSC,1,CTCCOB-231780,2026-05-05 00:00:00.000,UTC,1994,9,4,247,"00:00:00",,POINT(-96.5 28.16),CTCCOB-231780
CTCCOB,,30.08,-84.2,0.889,6.80388555,UNK,,,1997-07-01 00:00:00.000,SEFSC,1,CTCCOB-339839,2026-05-05 00:00:00.000,UTC,1997,7,1,182,"00:00:00",,POINT(-84.2 30.08),CTCCOB-339839
CTCCOB,,28.5,-80.33,0.9144,6.80388555,UNK,,,1993-04-04 00:00:00.000,SEFSC,1,CTCCOB-183198,2026-05-05 00:00:00.000,UTC,1993,4,4,94,"00:00:00",,POINT(-80.33 28.5),CTCCOB-183198
CTCCOB,,30.08,-84.2,0.9144,6.80388555,UNK,,,1995-07-29 00:00:00.000,SEFSC,1,CTCCOB-257867,2026-05-05 00:00:00.000,UTC,1995,7,29,210,"00:00:00",,POINT(-84.2 30.08),CTCCOB-257867
CTCCOB,,24.83333,-80.5,0.9906,7.2576,UNK,,,1992-03-15 00:00:00.000,SEFSC,2,CTCCOB-178706,2026-05-05 00:00:00.000,UTC,1992,3,15,75,"00:00:00",,POINT(-80.5 24.83333),CTCCOB-178706
CTCCOB,,28.5,-80.33,0.8382,8.16466266,UNK,,,1993-04-01 00:00:00.000,SEFSC,1,CTCCOB-202999,2026-05-05 00:00:00.000,UTC,1993,4,1,91,"00:00:00",,POINT(-80.33 28.5),CTCCOB-202999
CTCCOB,,36.83,-75.83,0.8636,9.0718474,UNK,,,1995-06-28 00:00:00.000,SEFSC,1,CTCCOB-258276,2026-05-05 00:00:00.000,UTC,1995,6,28,179,"00:00:00",,POINT(-75.83 36.83),CTCCOB-258276
CTCCOB,,37.0,-76.0,0.9144,9.0718474,UNK,,,1995-06-18 00:00:00.000,SEFSC,1,CTCCOB-253171,2026-05-05 00:00:00.000,UTC,1995,6,18,169,"00:00:00",,POINT(-76.0 37.0),CTCCOB-253171
CTCCOB,,37.0,-76.0,0.9144,9.0718474,UNK,,,1996-06-29 00:00:00.000,SEFSC,1,CTCCOB-263986,2026-05-05 00:00:00.000,UTC,1996,6,29,181,"00:00:00",,POINT(-76.0 37.0),CTCCOB-263986
CTCCOB,,24.83333,-81.75,1.016,9.7524,UNK,,,1993-10-09 00:00:00.000,SEFSC,2,CTCCOB-205003,2026-05-05 00:00:00.000,UTC,1993,10,9,282,"00:00:00",,POINT(-81.75 24.83333),CTCCOB-205003
CTCCOB,,37.0,-76.0,0.7112,9.97903214,UNK,,,1996-07-07 00:00:00.000,SEFSC,1,CTCCOB-264203,2026-05-05 00:00:00.000,UTC,1996,7,7,189,"00:00:00",,POINT(-76.0 37.0),CTCCOB-264203
CTCCOB,,37.0,-76.0,0.9652,9.97903214,UNK,,,1995-06-24 00:00:00.000,SEFSC,1,CTCCOB-253787,2026-05-05 00:00:00.000,UTC,1995,6,24,175,"00:00:00",,POINT(-76.0 37.0),CTCCOB-253787
CTCCOB,,36.83333,-75.83333,1.0414,9.9792,UNK,,,1996-07-05 00:00:00.000,SEFSC,2,CTCCOB-253162,2026-05-05 00:00:00.000,UTC,1996,7,5,187,"00:00:00",,POINT(-75.83333 36.83333),CTCCOB-253162
CTCCOB,,30.13333,-87.0,1.0668,9.9792,UNK,,,1996-09-04 00:00:00.000,SEFSC,2,CTCCOB-253557,2026-05-05 00:00:00.000,UTC,1996,9,4,248,"00:00:00",,POINT(-87.0 30.13333),CTCCOB-253557
CTCCOB,,37.0,-76.0,0.8128,10.43262451,UNK,,,1996-06-29 00:00:00.000,SEFSC,1,CTCCOB-263555,2026-05-05 00:00:00.000,UTC,1996,6,29,181,"00:00:00",,POINT(-76.0 37.0),CTCCOB-263555
CTCCOB,,28.08333,-83.43333,0.9652,10.4328,UNK,,,1997-05-13 00:00:00.000,SEFSC,2,CTCCOB-263994,2026-05-05 00:00:00.000,UTC,1997,5,13,133,"00:00:00",,POINT(-83.43333 28.08333),CTCCOB-263994
CTCCOB,,28.83333,-89.5,0.9906,10.8864,UNK,,,1997-05-20 00:00:00.000,SEFSC,2,CTCCOB-262458,2026-05-05 00:00:00.000,UTC,1997,5,20,140,"00:00:00",,POINT(-89.5 28.83333),CTCCOB-262458
CTCCOB,,30.0,-87.5,1.016,11.34,UNK,,,1994-09-22 00:00:00.000,SEFSC,2,CTCCOB-230659,2026-05-05 00:00:00.000,UTC,1994,9,22,265,"00:00:00",,POINT(-87.5 30.0),CTCCOB-230659
CTCCOB,,37.0,-75.83333,1.1176,11.34,UNK,,,2002-05-30 00:00:00.000,SEFSC,2,CTCCOB-315017,2026-05-05 00:00:00.000,UTC,2002,5,30,150,"00:00:00",,POINT(-75.83333 37.0),CTCCOB-315017
CTCCOB,,26.25,-80.0,1.0668,12.56472,UNK,,,1993-02-12 00:00:00.000,SEFSC,2,CTCCOB-195628,2026-05-05 00:00:00.000,UTC,1993,2,12,43,"00:00:00",,POINT(-80.0 26.25),CTCCOB-195628
CTCCOB,,28.5,-80.33333,0.9906,12.7008,UNK,,,1998-08-06 00:00:00.000,SEFSC,2,CTCCOB-266987,2026-05-05 00:00:00.000,UTC,1998,8,6,218,"00:00:00",,POINT(-80.33333 28.5),CTCCOB-266987
CTCCOB,,36.91667,-75.66667,0.9906,13.608,UNK,,,1998-09-04 00:00:00.000,SEFSC,2,CTCCOB-263986,2026-05-05 00:00:00.000,UTC,1998,9,4,247,"00:00:00",,POINT(-75.66667 36.91667),CTCCOB-263986
CTCCOB,,29.5,-80.5,1.0668,13.608,UNK,,,1993-03-01 00:00:00.000,SEFSC,2,CTCCOB-181984,2026-05-05 00:00:00.000,UTC,1993,3,1,60,"00:00:00",,POINT(-80.5 29.5),CTCCOB-181984
CTCCOB,,37.0,-76.0,1.1176,13.608,UNK,,,1996-06-15 00:00:00.000,SEFSC,2,CTCCOB-178670,2026-05-05 00:00:00.000,UTC,1996,6,15,167,"00:00:00",,POINT(-76.0 37.0),CTCCOB-178670
CTCCOB,,36.83333,-75.83333,1.1684,13.608,UNK,,,1995-07-04 00:00:00.000,SEFSC,2,CTCCOB-253170,2026-05-05 00:00:00.000,UTC,1995,7,4,185,"00:00:00",,POINT(-75.83333 36.83333),CTCCOB-253170
CTCCOB,,30.25,-81.33333,1.0414,14.0616,UNK,,,1995-04-15 00:00:00.000,SEFSC,2,CTCCOB-53737,2026-05-05 00:00:00.000,UTC,1995,4,15,105,"00:00:00",,POINT(-81.33333 30.25),CTCCOB-53737
CTCCOB,,28.5,-90.0,1.0668,14.0616,UNK,,,1994-09-22 00:00:00.000,SEFSC,2,CTCCOB-183021,2026-05-05 00:00:00.000,UTC,1994,9,22,265,"00:00:00",,POINT(-90.0 28.5),CTCCOB-183021
CTCCOB,,29.91667,-85.83333,0.9652,14.5152,UNK,,,1992-11-28 00:00:00.000,SEFSC,2,CTCCOB-194361,2026-05-05 00:00:00.000,UTC,1992,11,28,333,"00:00:00",,POINT(-85.83333 29.91667),CTCCOB-194361
CTCCOB,,28.83333,-94.83333,1.0668,14.5152,UNK,,,1992-05-09 00:00:00.000,SEFSC,2,CTCCOB-176972,2026-05-05 00:00:00.000,UTC,1992,5,9,130,"00:00:00",,POINT(-94.83333 28.83333),CTCCOB-176972
CTCCOB,,37.0,-76.0,1.1938,14.9688,UNK,,,1995-07-29 00:00:00.000,SEFSC,2,CTCCOB-190594,2026-05-05 00:00:00.000,UTC,1995,7,29,210,"00:00:00",,POINT(-76.0 37.0),CTCCOB-190594
CTCCOB,,37.16667,-76.08333,1.2192,15.1956,UNK,,,1992-07-03 00:00:00.000,SEFSC,2,CTCCOB-190591,2026-05-05 00:00:00.000,UTC,1992,7,3,185,"00:00:00",,POINT(-76.08333 37.16667),CTCCOB-190591
CTCCOB,,24.84,-80.5,1.0668,15.87573295,UNK,,,2024-03-03 00:00:00.000,SEFSC,1,CTCCOB-448375,2026-05-05 00:00:00.000,UTC,2024,3,3,63,"00:00:00",,POINT(-80.5 24.84),CTCCOB-448375
CTCCOB,,37.25,-76.66667,1.1938,15.876,UNK,,,1997-07-27 00:00:00.000,SEFSC,2,CTCCOB-263555,2026-05-05 00:00:00.000,UTC,1997,7,27,208,"00:00:00",,POINT(-76.66667 37.25),CTCCOB-263555
CTCCOB,,26.16667,-80.0,1.0668,16.3296,UNK,,,1993-12-27 00:00:00.000,SEFSC,2,CTCCOB-176014,2026-05-05 00:00:00.000,UTC,1993,12,27,361,"00:00:00",,POINT(-80.0 26.16667),CTCCOB-176014
CTCCOB,,37.03,-76.2,1.1176,16.3296,UNK,,,1997-07-05 00:00:00.000,SEFSC,2,CTCCOB-264203,2026-05-05 00:00:00.000,UTC,1997,7,5,186,"00:00:00",,POINT(-76.2 37.03),CTCCOB-264203
CTCCOB,,37.0,-76.0,1.1176,16.78291769,UNK,,,1995-06-18 00:00:00.000,SEFSC,1,CTCCOB-253170,2026-05-05 00:00:00.000,UTC,1995,6,18,169,"00:00:00",,POINT(-76.0 37.0),CTCCOB-253170
CTCCOB,,30.0,-88.16667,1.1684,16.7832,UNK,,,1995-06-10 00:00:00.000,SEFSC,2,CTCCOB-56170,2026-05-05 00:00:00.000,UTC,1995,6,10,161,"00:00:00",,POINT(-88.16667 30.0),CTCCOB-56170
CTCCOB,,24.83333,-80.5,1.2446,21.3192,UNK,,,1992-02-29 00:00:00.000,SEFSC,2,CTCCOB-170602,2026-05-05 00:00:00.000,UTC,1992,2,29,60,"00:00:00",,POINT(-80.5 24.83333),CTCCOB-170602
CTCCOB,,37.06,-76.04,1.4478,22.95216,UNK,,,2024-09-09 00:00:00.000,SEFSC,2,CTCCOB-449219,2026-05-05 00:00:00.000,UTC,2024,9,9,253,"00:00:00",,POINT(-76.04 37.06),CTCCOB-449219
CTCCOB,,37.0,-76.0,1.397,25.4016,UNK,,,1995-06-25 00:00:00.000,SEFSC,2,CTCCOB-175892,2026-05-05 00:00:00.000,UTC,1995,6,25,176,"00:00:00",,POINT(-76.0 37.0),CTCCOB-175892
CTCCOB,,29.0,-95.0,0.508,,UNK,,,1993-06-27 00:00:00.000,SEFSC,1,CTCCOB-53030,2026-05-05 00:00:00.000,UTC,1993,6,27,178,"00:00:00",,POINT(-95.0 29.0),CTCCOB-53030
CTCCOB,,30.05,-87.8,0.508,,UNK,,,1994-06-15 00:00:00.000,SEFSC,1,CTCCOB-64268,2026-05-05 00:00:00.000,UTC,1994,6,15,166,"00:00:00",,POINT(-87.8 30.05),CTCCOB-64268
CTCCOB,,29.0,-95.0,0.5842,,UNK,,,1993-08-18 00:00:00.000,SEFSC,1,CTCCOB-229819,2026-05-05 00:00:00.000,UTC,1993,8,18,230,"00:00:00",,POINT(-95.0 29.0),CTCCOB-229819
CTCCOB,,28.9535,-89.875,0.6096,,UNK,,,1996-03-23 00:00:00.000,SEFSC,2,CTCCOB-253168,2026-05-05 00:00:00.000,UTC,1996,3,23,83,"00:00:00",,POINT(-89.875 28.9535),CTCCOB-253168
CTCCOB,,28.33333,-80.66667,0.635,,UNK,,,1993-05-25 00:00:00.000,SEFSC,2,CTCCOB-202990,2026-05-05 00:00:00.000,UTC,1993,5,25,145,"00:00:00",,POINT(-80.66667 28.33333),CTCCOB-202990
CTCCOB,,28.5,-80.33,0.6604,,UNK,,,1993-04-01 00:00:00.000,SEFSC,1,CTCCOB-202990,2026-05-05 00:00:00.000,UTC,1993,4,1,91,"00:00:00",,POINT(-80.33 28.5),CTCCOB-202990
CTCCOB,,30.33333,-86.5,0.7366,,UNK,,,1992-08-29 00:00:00.000,SEFSC,2,CTCCOB-64762,2026-05-05 00:00:00.000,UTC,1992,8,29,242,"00:00:00",,POINT(-86.5 30.33333),CTCCOB-64762
CTCCOB,,28.56667,-90.4,,,,,,1989-11-20 00:00:00.000,SEFSC,2,CTCCOB-59517,2026-05-05 00:00:00.000,UTC,1989,11,20,324,"00:00:00",,POINT(-90.4 28.56667),CTCCOB-59517
CTCCOB,,29.5,-93.33333,,,,,,1996-07-02 00:00:00.000,SEFSC,2,CTCCOB-176418,2026-05-05 00:00:00.000,UTC,1996,7,2,184,"00:00:00",,POINT(-93.33333 29.5),CTCCOB-176418
CTCCOB,,28.5,-80.5,,,,,,1994-10-01 00:00:00.000,SEFSC,2,CTCCOB-176601,2026-05-05 00:00:00.000,UTC,1994,10,1,274,"00:00:00",,POINT(-80.5 28.5),CTCCOB-176601
CTCCOB,,29.0,-89.0,,,,,,1996-06-22 00:00:00.000,SEFSC,2,CTCCOB-253167,2026-05-05 00:00:00.000,UTC,1996,6,22,174,"00:00:00",,POINT(-89.0 29.0),CTCCOB-253167
CTCCOB,,28.5,-80.33333,,,,,,2001-08-12 00:00:00.000,SEFSC,2,CTCCOB-381742,2026-05-05 00:00:00.000,UTC,2001,8,12,224,"00:00:00",,POINT(-80.33333 28.5),CTCCOB-381742
CTCCOB,,37.1,-75.98333,,,,,,1995-07-10 00:00:00.000,SEFSC,2,CTCCOB-258276,2026-05-05 00:00:00.000,UTC,1995,7,10,191,"00:00:00",,POINT(-75.98333 37.1),CTCCOB-258276
CTCCOB,,28.5,-80.66667,,1.8144,,,,1994-10-10 00:00:00.000,SEFSC,2,CTCCOB-57723,2026-05-05 00:00:00.000,UTC,1994,10,10,283,"00:00:00",,POINT(-80.66667 28.5),CTCCOB-57723
CTCCOB,,24.83,-80.5,,2.72155422,,,,1989-12-07 00:00:00.000,SEFSC,1,CTCCOB-157377,2026-05-05 00:00:00.000,UTC,1989,12,7,341,"00:00:00",,POINT(-80.5 24.83),CTCCOB-157377
CTCCOB,,37.25833,-76.33333,,3.6288,,,,1991-08-19 00:00:00.000,SEFSC,2,CTCCOB-143956,2026-05-05 00:00:00.000,UTC,1991,8,19,231,"00:00:00",,POINT(-76.33333 37.25833),CTCCOB-143956
CTCCOB,,36.83333,-75.83333,,3.6288,,,,1991-07-21 00:00:00.000,SEFSC,2,CTCCOB-150373,2026-05-05 00:00:00.000,UTC,1991,7,21,202,"00:00:00",,POINT(-75.83333 36.83333),CTCCOB-150373
CTCCOB,,24.83333,-80.5,,4.536,,,,1992-05-01 00:00:00.000,SEFSC,2,CTCCOB-194521,2026-05-05 00:00:00.000,UTC,1992,5,1,122,"00:00:00",,POINT(-80.5 24.83333),CTCCOB-194521
CTCCOB,,30.7,-81.41667,,6.3504,,,,1994-05-11 00:00:00.000,SEFSC,2,CTCCOB-209398,2026-05-05 00:00:00.000,UTC,1994,5,11,131,"00:00:00",,POINT(-81.41667 30.7),CTCCOB-209398
CTCCOB,,24.84,-80.48,,7.2576,,,,2024-03-08 00:00:00.000,SEFSC,2,CTCCOB-448375,2026-05-05 00:00:00.000,UTC,2024,3,8,68,"00:00:00",,POINT(-80.48 24.84),CTCCOB-448375
CTCCOB,,30.5,-80.5,,8.1648,,,,1993-04-01 00:00:00.000,SEFSC,2,CTCCOB-175759,2026-05-05 00:00:00.000,UTC,1993,4,1,91,"00:00:00",,POINT(-80.5 30.5),CTCCOB-175759
CTCCOB,,34.91667,-75.75,,11.34,,,,1991-04-27 00:00:00.000,SEFSC,2,CTCCOB-178678,2026-05-05 00:00:00.000,UTC,1991,4,27,117,"00:00:00",,POINT(-75.75 34.91667),CTCCOB-178678
CTCCOB,,29.0,-89.0,,11.34,,,,1993-03-10 00:00:00.000,SEFSC,2,CTCCOB-51941,2026-05-05 00:00:00.000,UTC,1993,3,10,69,"00:00:00",,POINT(-89.0 29.0),CTCCOB-51941
CTCCOB,,24.83333,-80.5,,11.34,,,,1992-03-02 00:00:00.000,SEFSC,2,CTCCOB-61237,2026-05-05 00:00:00.000,UTC,1992,3,2,62,"00:00:00",,POINT(-80.5 24.83333),CTCCOB-61237
CTCCOB,,30.25,-86.0,,11.34,,,,1994-04-23 00:00:00.000,SEFSC,2,CTCCOB-62304,2026-05-05 00:00:00.000,UTC,1994,4,23,113,"00:00:00",,POINT(-86.0 30.25),CTCCOB-62304
CTCCOB,,30.25,-87.63333,,11.88432,,,,1992-11-07 00:00:00.000,SEFSC,2,CTCCOB-62296,2026-05-05 00:00:00.000,UTC,1992,11,7,312,"00:00:00",,POINT(-87.63333 30.25),CTCCOB-62296
CTCCOB,,30.25,-86.5,,13.608,,,,1996-04-07 00:00:00.000,SEFSC,2,CTCCOB-232242,2026-05-05 00:00:00.000,UTC,1996,4,7,98,"00:00:00",,POINT(-86.5 30.25),CTCCOB-232242
CTCCOB,,29.0,-85.0,,14.5152,,,,1993-04-19 00:00:00.000,SEFSC,2,CTCCOB-170722,2026-05-05 00:00:00.000,UTC,1993,4,19,109,"00:00:00",,POINT(-85.0 29.0),CTCCOB-170722
CTCCOB,,26.58333,-80.03333,,15.876,,,,1993-08-19 00:00:00.000,SEFSC,2,CTCCOB-196435,2026-05-05 00:00:00.000,UTC,1993,8,19,231,"00:00:00",,POINT(-80.03333 26.58333),CTCCOB-196435
CTCCOB,,25.91667,-81.75,,15.876,,,,1998-04-01 00:00:00.000,SEFSC,2,CTCCOB-264680,2026-05-05 00:00:00.000,UTC,1998,4,1,91,"00:00:00",,POINT(-81.75 25.91667),CTCCOB-264680
CTCCOB,,29.0,-87.0,,16.7832,,,,1987-11-09 00:00:00.000,SEFSC,2,CTCCOB-73373,2026-05-05 00:00:00.000,UTC,1987,11,9,313,"00:00:00",,POINT(-87.0 29.0),CTCCOB-73373
CTCCOB,,32.2,-80.8,,16.7832,,,,2004-05-23 00:00:00.000,SEFSC,2,CTCCOB-414628,2026-05-05 00:00:00.000,UTC,2004,5,23,144,"00:00:00",,POINT(-80.8 32.2),CTCCOB-414628
CTCCOB,,37.0,-76.0,,20.6388,,,,1996-07-03 00:00:00.000,SEFSC,2,CTCCOB-178671,2026-05-05 00:00:00.000,UTC,1996,7,3,185,"00:00:00",,POINT(-76.0 37.0),CTCCOB-178671
TXCOB,,27.64455,-97.00898,0.945,,FL,1.045,TL,2020-06-17 00:00:00.000,TAMUCC,1,TXCOB-1714,2026-05-05 00:00:00.000,UTC,2020,6,17,169,"00:00:00",,POINT(-97.00898 27.64455),TXCOB-1714
TXCOB,,27.825,-97.02,0.66,,FL,0.724,TL,2020-07-12 00:00:00.000,TAMUCC,1,TXCOB-0044,2026-05-05 00:00:00.000,UTC,2020,7,12,194,"00:00:00",,POINT(-97.02 27.825),TXCOB-0044
TXCOB,,27.82178,-97.006,1.276,,FL,1.391,TL,2020-07-13 00:00:00.000,TAMUCC,1,TXCOB-0037,2026-05-05 00:00:00.000,UTC,2020,7,13,195,"00:00:00",,POINT(-97.006 27.82178),TXCOB-0037
TXCOB,,27.65523,-96.97187,0.864,,FL,0.965,TL,2020-07-18 00:00:00.000,TAMUCC,1,TXCOB-0042,2026-05-05 00:00:00.000,UTC,2020,7,18,200,"00:00:00",,POINT(-96.97187 27.65523),TXCOB-0042
TXCOB,,27.68069,-97.08809,0.865,,FL,0.987,TL,2020-08-04 00:00:00.000,TAMUCC,1,TXCOB-1717,2026-05-05 00:00:00.000,UTC,2020,8,4,217,"00:00:00",,POINT(-97.08809 27.68069),TXCOB-1717
TXCOB,,27.82497,-96.98652,0.711,,FL,0.787,TL,2020-08-18 00:00:00.000,TAMUCC,1,TXCOB-0097,2026-05-05 00:00:00.000,UTC,2020,8,18,231,"00:00:00",,POINT(-96.98652 27.82497),TXCOB-0097
TXCOB,,27.79219,-96.95614,0.695,,FL,0.782,TL,2020-10-01 00:00:00.000,TAMUCC,1,TXCOB-0134,2026-05-05 00:00:00.000,UTC,2020,10,1,275,"00:00:00",,POINT(-96.95614 27.79219),TXCOB-0134
TXCOB,,27.70767,-97.05113,1.09,,FL,1.25,TL,2020-10-14 00:00:00.000,TAMUCC,1,TXCOB-0138,2026-05-05 00:00:00.000,UTC,2020,10,14,288,"00:00:00",,POINT(-97.05113 27.70767),TXCOB-0138
TXCOB,,27.70337,-97.09088,0.918,,FL,1.086,TL,2021-10-07 00:00:00.000,TAMUCC,1,TXCOB-0278,2026-05-05 00:00:00.000,UTC,2021,10,7,280,"00:00:00",,POINT(-97.09088 27.70337),TXCOB-0278
TXCOB,,27.62145,-97.13362,0.965,,FL,1.071,TL,2021-10-21 00:00:00.000,TAMUCC,1,TXCOB-0292,2026-05-05 00:00:00.000,UTC,2021,10,21,294,"00:00:00",,POINT(-97.13362 27.62145),TXCOB-0292
TXCOB,,27.82578,-97.0177,,,,0.6985,TL,2022-09-13 00:00:00.000,TAMUCC,1,TXCOB-0361,2026-05-05 00:00:00.000,UTC,2022,9,13,256,"00:00:00",,POINT(-97.0177 27.82578),TXCOB-0361
TXCOB,,28.20275,-96.54848,0.6985,,FL,0.79375,TL,2024-10-01 00:00:00.000,TAMUCC,1,TXCOB-0502,2026-05-05 00:00:00.000,UTC,2024,10,1,275,"00:00:00",,POINT(-96.54848 28.20275),TXCOB-0502
TXCOB,,29.07826,-89.34561,0.959,,FL,1.092,TL,2024-10-14 00:00:00.000,TAMUCC,1,TXCOB-RS12835,2026-05-05 00:00:00.000,UTC,2024,10,14,288,"00:00:00",,POINT(-89.34561 29.07826),TXCOB-RS12835
TXCOB,,29.08747,-89.3433,0.826,,FL,0.941,TL,2024-10-14 00:00:00.000,TAMUCC,1,TXCOB-RS12837,2026-05-05 00:00:00.000,UTC,2024,10,14,288,"00:00:00",,POINT(-89.3433 29.08747),TXCOB-RS12837
TXCOB,,29.08032,-89.3248,0.815,,FL,0.944,TL,2024-10-14 00:00:00.000,TAMUCC,1,TXCOB-RS12838,2026-05-05 00:00:00.000,UTC,2024,10,14,288,"00:00:00",,POINT(-89.3248 29.08032),TXCOB-RS12838
TXCOB,,28.58571,-89.14553,0.831,,FL,0.947,TL,2024-10-15 00:00:00.000,TAMUCC,1,TXCOB-RS12827,2026-05-05 00:00:00.000,UTC,2024,10,15,289,"00:00:00",,POINT(-89.14553 28.58571),TXCOB-RS12827
TXCOB,,27.70533,-97.1025,0.762,,FL,0.8636,TL,2025-04-08 00:00:00.000,TAMUCC,1,TXCOB-RS12886,2026-05-05 00:00:00.000,UTC,2025,4,8,98,"00:00:00",,POINT(-97.1025 27.70533),TXCOB-RS12886
TXCOB,,27.70533,-97.1025,0.8128,,FL,0.9144,TL,2025-04-08 00:00:00.000,TAMUCC,1,TXCOB-RS12887,2026-05-05 00:00:00.000,UTC,2025,4,8,98,"00:00:00",,POINT(-97.1025 27.70533),TXCOB-RS12887
TXCOB,,27.653,-97.12367,0.73,,FL,0.822,TL,2025-09-25 00:00:00.000,TAMUCC,1,TXCOB-0513,2026-05-05 00:00:00.000,UTC,2025,9,25,268,"00:00:00",,POINT(-97.12367 27.653),TXCOB-0513
TXCOB,,28.04844,-96.72006,0.9906,,FL,1.1176,TL,2025-10-02 00:00:00.000,TAMUCC,1,TXCOB-0514,2026-05-05 00:00:00.000,UTC,2025,10,2,275,"00:00:00",,POINT(-96.72006 28.04844),TXCOB-0514
TXCOB,Rig north of Packery Channel,27.66,-97.11,,,,1.397,TL,2020-08-19 00:00:00.000,TAMUCC,2,TXCOB-0037,2026-05-05 00:00:00.000,UTC,2020,8,19,232,"00:00:00",,POINT(-97.11 27.66),TXCOB-0037
TXCOB,Tip of Port A South Jetty,27.83,-97.03,,,,0.869,TL,2020-09-07 00:00:00.000,TAMUCC,2,TXCOB-0044,2026-05-05 00:00:00.000,UTC,2020,9,7,251,"00:00:00",,POINT(-97.03 27.83),TXCOB-0044
TXCOB,"7-mile rig",27.6,-97.08,,,,0.9652,TL,2020-09-12 00:00:00.000,TAMUCC,2,TXCOB-0042,2026-05-05 00:00:00.000,UTC,2020,9,12,256,"00:00:00",,POINT(-97.08 27.6),TXCOB-0042
TXCOB,AP Buoy,27.79,-96.96,,,,0.782,TL,2020-10-01 00:00:00.000,TAMUCC,2,TXCOB-0134,2026-05-05 00:00:00.000,UTC,2020,10,1,275,"00:00:00",,POINT(-96.96 27.79),TXCOB-0134
TXCOB,"7-mile rig",27.6,-97.08,,,,1.25,TL,2020-10-19 00:00:00.000,TAMUCC,2,TXCOB-0138,2026-05-05 00:00:00.000,UTC,2020,10,19,293,"00:00:00",,POINT(-97.08 27.6),TXCOB-0138
TXCOB,Hunt rig,27.71,-97.05,,,,0.889,TL,2020-10-20 00:00:00.000,TAMUCC,2,TXCOB-0097,2026-05-05 00:00:00.000,UTC,2020,10,20,294,"00:00:00",,POINT(-97.05 27.71),TXCOB-0097
TXCOB,Standpipes,27.74,-97.01,,,,1.0414,TL,2020-10-20 00:00:00.000,TAMUCC,2,TXCOB-1717,2026-05-05 00:00:00.000,UTC,2020,10,20,294,"00:00:00",,POINT(-97.01 27.74),TXCOB-1717
TXCOB,MU-775,27.64,-97.01,,,,1.143,TL,2021-06-14 00:00:00.000,TAMUCC,2,TXCOB-1714,2026-05-05 00:00:00.000,UTC,2021,6,14,165,"00:00:00",,POINT(-97.01 27.64),TXCOB-1714
TXCOB,MU-775,27.64,-97.01,,,,1.086,TL,2021-10-08 00:00:00.000,TAMUCC,2,TXCOB-0278,2026-05-05 00:00:00.000,UTC,2021,10,8,281,"00:00:00",,POINT(-97.01 27.64),TXCOB-0278
TXCOB,"100 yds off Port A south jetty",27.83,-97.03,0.6985,,FL,,,2022-10-06 00:00:00.000,TAMUCC,2,TXCOB-0361,2026-05-05 00:00:00.000,UTC,2022,10,6,279,"00:00:00",,POINT(-97.03 27.83),TXCOB-0361
TXCOB,Jeff's Rig off Packery,27.62,-97.13,,,,1.07315,TL,2022-10-08 00:00:00.000,TAMUCC,2,TXCOB-0292,2026-05-05 00:00:00.000,UTC,2022,10,8,281,"00:00:00",,POINT(-97.13 27.62),TXCOB-0292
TXCOB,Out SW Pass 2.23nm 60-80' deep,,,,,,0.7874,TL,2025-07-04 00:00:00.000,TAMUCC,2,TXCOB-RS12887,2026-05-05 00:00:00.000,UTC,2025,7,4,185,"00:00:00",,POINT(nan nan),TXCOB-RS12887
TXCOB,"Venice, Louisiana 300' 12 miles offshore",,,,,,0.8636,TL,2025-07-07 00:00:00.000,TAMUCC,2,TXCOB-RS12827,2026-05-05 00:00:00.000,UTC,2025,7,7,188,"00:00:00",,POINT(nan nan),TXCOB-RS12827
TXCOB,Calcaship 4 Pass. 16 miles offshore. 45-50' deep,,,,,,1.0287,TL,2025-07-20 00:00:00.000,TAMUCC,2,TXCOB-RS12886,2026-05-05 00:00:00.000,UTC,2025,7,20,201,"00:00:00",,POINT(nan nan),TXCOB-RS12886
TXCOB,Rig 538 TX. Freeport,,,,,,0.9271,TL,2025-07-23 00:00:00.000,TAMUCC,2,TXCOB-0502,2026-05-05 00:00:00.000,UTC,2025,7,23,204,"00:00:00",,POINT(nan nan),TXCOB-0502
TXCOB,Venice - 20 miles out. 150' on a rig.,,,,,,0.9398,TL,2025-07-24 00:00:00.000,TAMUCC,2,TXCOB-RS12837,2026-05-05 00:00:00.000,UTC,2025,7,24,205,"00:00:00",,POINT(nan nan),TXCOB-RS12837
TXCOB,"7 miles off of south pass, off mississippi river delta",,,0.9652,,FL,,,2025-08-04 00:00:00.000,TAMUCC,2,TXCOB-RS12838,2026-05-05 00:00:00.000,UTC,2025,8,4,216,"00:00:00",,POINT(nan nan),TXCOB-RS12838
TXCOB,"9 miles S of Forchan Bell Pass 70' on platform Block 41 LA",,,,,,1.1176,TL,2025-08-30 00:00:00.000,TAMUCC,2,TXCOB-RS12835,2026-05-05 00:00:00.000,UTC,2025,8,30,242,"00:00:00",,POINT(nan nan),TXCOB-RS12835
TXCOB,Standpipes out of Port A,27.45,-96.59,,,,1.0922,TL,2025-10-23 00:00:00.000,TAMUCC,2,TXCOB-0514,2026-05-05 00:00:00.000,UTC,2025,10,23,296,"00:00:00",,POINT(-96.59 27.45),TXCOB-0514
TXCOB,"7 MM on PINS. Helipad rig.",27.32,-97.31,,,,0.889,TL,2025-10-31 00:00:00.000,TAMUCC,2,TXCOB-0513,2026-05-05 00:00:00.000,UTC,2025,10,31,304,"00:00:00",,POINT(-97.31 27.32),TXCOB-0513
USMCOB,Key West,24.563,-81.726,0.79,,FL,0.86,TL,1998-03-30 00:00:00.000,USM,1,USMCOB-CB18567,2026-05-05 00:00:00.000,UTC,1998,3,30,89,"00:00:00",,POINT(-81.726 24.563),USMCOB-CB18567
USMCOB,"10 mi. N of Key West",24.709,-81.787,0.91,,TL,,,1998-07-31 00:00:00.000,USM,2,USMCOB-CB18567,2026-05-05 00:00:00.000,UTC,1998,7,31,212,"00:00:00",,POINT(-81.787 24.709),USMCOB-CB18567
USMCOB,"30 10.537 88 50.459",30.175617,-88.840983,0.76,,FL,0.86,TL,1998-04-15 00:00:00.000,USM,1,USMCOB-CB23359,2026-05-05 00:00:00.000,UTC,1998,4,15,105,"00:00:00",,POINT(-88.840983 30.175617),USMCOB-CB23359
USMCOB,"12600,47033 SSW Dauphin I",30.035,-88.29333,,,,,,1998-07-19 00:00:00.000,USM,2,USMCOB-CB23359,2026-05-05 00:00:00.000,UTC,1998,7,19,200,"00:00:00",,POINT(-88.29333 30.035),USMCOB-CB23359
USMCOB,"Pensacola Beach, FL",30.315,-87.203,0.89,,FL,,,1998-04-19 00:00:00.000,USM,1,USMCOB-CB24975,2026-05-05 00:00:00.000,UTC,1998,4,19,109,"00:00:00",,POINT(-87.203 30.315),USMCOB-CB24975
USMCOB,"Destin, FL",30.38,-86.5,,,,,,2004-04-23 00:00:00.000,USM,2,USMCOB-CB24975,2026-05-05 00:00:00.000,UTC,2004,4,23,114,"00:00:00",,POINT(-86.5 30.38),USMCOB-CB24975
USMCOB,"Pensacola Beach, FL",30.315,-87.203,0.97,,FL,,,1998-04-19 00:00:00.000,USM,1,USMCOB-CB24976,2026-05-05 00:00:00.000,UTC,1998,4,19,109,"00:00:00",,POINT(-87.203 30.315),USMCOB-CB24976
USMCOB,Horseshoe Rigs    E,29.425,-88.615,1.27,,FL,,,2004-06-19 00:00:00.000,USM,2,USMCOB-CB24976,2026-05-05 00:00:00.000,UTC,2004,6,19,171,"00:00:00",,POINT(-88.615 29.425),USMCOB-CB24976
USMCOB,"Port Canaveral-tip of""cap",28.395,-80.587,0.89,,FL,0.94,TL,1998-04-03 00:00:00.000,USM,1,USMCOB-CB25134,2026-05-05 00:00:00.000,UTC,1998,4,3,93,"00:00:00",,POINT(-80.587 28.395),USMCOB-CB25134
USMCOB,"E.Shore, Chesapeake Ba VA",37.57,-76.95,0.99,,TL,,,1998-07-21 00:00:00.000,USM,2,USMCOB-CB25134,2026-05-05 00:00:00.000,UTC,1998,7,21,202,"00:00:00",,POINT(-76.95 37.57),USMCOB-CB25134
USMCOB,"8 mi N of Key West FL",24.680269,-81.770544,0.81,,FL,0.89,TL,1998-03-07 00:00:00.000,USM,1,USMCOB-CB25230,2026-05-05 00:00:00.000,UTC,1998,3,7,66,"00:00:00",,POINT(-81.770544 24.680269),USMCOB-CB25230
USMCOB,"off Venice, LA  TL????",29.274,-89.345,0.58,,TL,,,1999-08-20 00:00:00.000,USM,2,USMCOB-CB25230,2026-05-05 00:00:00.000,UTC,1999,8,20,232,"00:00:00",,POINT(-89.345 29.274),USMCOB-CB25230
USMCOB,Key West Harbor,24.563,-81.726,0.79,,FL,0.89,TL,1998-03-21 00:00:00.000,USM,1,USMCOB-CB25244,2026-05-05 00:00:00.000,UTC,1998,3,21,80,"00:00:00",,POINT(-81.726 24.563),USMCOB-CB25244
USMCOB,"Destin, FL",30.38,-86.5,1.12,,FL,,,1999-04-26 00:00:00.000,USM,2,USMCOB-CB25244,2026-05-05 00:00:00.000,UTC,1999,4,26,116,"00:00:00",,POINT(-86.5 30.38),USMCOB-CB25244
USMCOB,"Pensacola Beach, FL",30.315,-87.203,0.89,,FL,0.94,TL,2000-04-29 00:00:00.000,USM,1,USMCOB-CB25334,2026-05-05 00:00:00.000,UTC,2000,4,29,120,"00:00:00",,POINT(-87.203 30.315),USMCOB-CB25334
USMCOB,"Curlew Rigs, S of MS",29.543,-88.668,1.0,,TL,,,2000-05-20 00:00:00.000,USM,2,USMCOB-CB25334,2026-05-05 00:00:00.000,UTC,2000,5,20,141,"00:00:00",,POINT(-88.668 29.543),USMCOB-CB25334
USMCOB,"2 ml E of Destin",30.38,-86.463,0.76,,FL,0.84,TL,2000-04-01 00:00:00.000,USM,1,USMCOB-CB26337,2026-05-05 00:00:00.000,UTC,2000,4,1,92,"00:00:00",,POINT(-86.463 30.38),USMCOB-CB26337
USMCOB,"7 ml S of W Dauphin I.",30.144,-88.215,1.05,,FL,1.14,TL,2001-07-14 00:00:00.000,USM,2,USMCOB-CB26337,2026-05-05 00:00:00.000,UTC,2001,7,14,195,"00:00:00",,POINT(-88.215 30.144),USMCOB-CB26337
USMCOB,"28 40 20, 90 52 74blk 160",28.672222,-90.866667,0.81,,FL,0.91,TL,1998-05-16 00:00:00.000,USM,1,USMCOB-CB26469,2026-05-05 00:00:00.000,UTC,1998,5,16,136,"00:00:00",,POINT(-90.866667 28.672222),USMCOB-CB26469
USMCOB,S. Timbalier 177,28.523,-90.362,,,,,,1999-07-30 00:00:00.000,USM,2,USMCOB-CB26469,2026-05-05 00:00:00.000,UTC,1999,7,30,211,"00:00:00",,POINT(-90.362 28.523),USMCOB-CB26469
USMCOB,"Chandeleur Bar, north end",30.043,-88.878,0.65,,FL,0.74,TL,1998-05-01 00:00:00.000,USM,1,USMCOB-CB26920,2026-05-05 00:00:00.000,UTC,1998,5,1,121,"00:00:00",,POINT(-88.878 30.043),USMCOB-CB26920
USMCOB,,,,0.69,,FL,0.74,TL,1998-05-03 00:00:00.000,USM,2,USMCOB-CB26920,2026-05-05 00:00:00.000,UTC,1998,5,3,123,"00:00:00",,POINT(nan nan),USMCOB-CB26920
USMCOB,Pensacola Beach,30.315,-87.203,1.12,,FL,1.24,TL,1998-04-14 00:00:00.000,USM,1,USMCOB-CB26935,2026-05-05 00:00:00.000,UTC,1998,4,14,104,"00:00:00",,POINT(-87.203 30.315),USMCOB-CB26935
USMCOB,"35m S Freeport jetty, TX",28.43,-95.298,1.22,,TL,,,1999-05-15 00:00:00.000,USM,2,USMCOB-CB26935,2026-05-05 00:00:00.000,UTC,1999,5,15,135,"00:00:00",,POINT(-95.298 28.43),USMCOB-CB26935
USMCOB,Chandeleur Light,30.046,-88.877,0.84,,FL,0.91,TL,1998-05-01 00:00:00.000,USM,1,USMCOB-CB27373,2026-05-05 00:00:00.000,UTC,1998,5,1,121,"00:00:00",,POINT(-88.877 30.046),USMCOB-CB27373
USMCOB,"Chandeleur I., north bar",30.043,-88.878,1.09,,TL,,,1999-04-26 00:00:00.000,USM,2,USMCOB-CB27373,2026-05-05 00:00:00.000,UTC,1999,4,26,116,"00:00:00",,POINT(-88.878 30.043),USMCOB-CB27373
USMCOB,"Key West Harbor, FL",24.563,-81.726,0.86,,FL,0.99,TL,1998-03-28 00:00:00.000,USM,1,USMCOB-CB28073,2026-05-05 00:00:00.000,UTC,1998,3,28,87,"00:00:00",,POINT(-81.726 24.563),USMCOB-CB28073
USMCOB,"Key West Harbor, FL",24.563,-81.726,0.86,,FL,,,1998-04-02 00:00:00.000,USM,2,USMCOB-CB28073,2026-05-05 00:00:00.000,UTC,1998,4,2,92,"00:00:00",,POINT(-81.726 24.563),USMCOB-CB28073
USMCOB,"off Cocodrie, LA",29.239,-90.66,,,,,,2000-07-28 00:00:00.000,USM,2,USMCOB-CB31017,2026-05-05 00:00:00.000,UTC,2000,7,28,210,"00:00:00",,POINT(-90.66 29.239),USMCOB-CB31017
USMCOB,"Green Tank, Navarre Bch",30.378,-86.862,0.97,,FL,1.02,TL,1998-04-15 00:00:00.000,USM,1,USMCOB-CB28364,2026-05-05 00:00:00.000,UTC,1998,4,15,105,"00:00:00",,POINT(-86.862 30.378),USMCOB-CB28364
USMCOB,"off Penscola Beach, FL",30.333,-87.15,1.47,,FL,,,2004-04-17 00:00:00.000,USM,2,USMCOB-CB28364,2026-05-05 00:00:00.000,UTC,2004,4,17,108,"00:00:00",,POINT(-87.15 30.333),USMCOB-CB28364
USMCOB,E of Navarre Beach,30.378,-86.862,1.02,,FL,1.09,TL,1998-04-16 00:00:00.000,USM,1,USMCOB-CB28370,2026-05-05 00:00:00.000,UTC,1998,4,16,106,"00:00:00",,POINT(-86.862 30.378),USMCOB-CB28370
USMCOB,"22 mi. S Destin FL",30.062,-86.509,,,,,,1998-06-30 00:00:00.000,USM,2,USMCOB-CB28370,2026-05-05 00:00:00.000,UTC,1998,6,30,181,"00:00:00",,POINT(-86.509 30.062),USMCOB-CB28370
USMCOB,Green Tank Navarre Beach,30.378,-86.862,0.89,,FL,0.94,TL,1998-04-20 00:00:00.000,USM,1,USMCOB-CB28371,2026-05-05 00:00:00.000,UTC,1998,4,20,110,"00:00:00",,POINT(-86.862 30.378),USMCOB-CB28371
USMCOB,Navarre Beach,30.378,-86.862,0.91,,FL,,,1998-04-22 00:00:00.000,USM,2,USMCOB-CB28371,2026-05-05 00:00:00.000,UTC,1998,4,22,112,"00:00:00",,POINT(-86.862 30.378),USMCOB-CB28371
USMCOB,"8 mi E. of Navarre Beach",30.378,-86.729,0.64,,TL,,,1998-05-02 00:00:00.000,USM,1,USMCOB-CB28374,2026-05-05 00:00:00.000,UTC,1998,5,2,122,"00:00:00",,POINT(-86.729 30.378),USMCOB-CB28374
USMCOB,"Destin, FL",30.38,-86.5,1.09,,TL,,,1999-04-30 00:00:00.000,USM,2,USMCOB-CB28374,2026-05-05 00:00:00.000,UTC,1999,4,30,120,"00:00:00",,POINT(-86.5 30.38),USMCOB-CB28374
USMCOB,Pensacola Beach,30.315,-87.203,0.69,,FL,0.76,TL,1998-04-25 00:00:00.000,USM,1,USMCOB-CB28380,2026-05-05 00:00:00.000,UTC,1998,4,25,115,"00:00:00",,POINT(-87.203 30.315),USMCOB-CB28380
USMCOB,"15 ml off Canaveral, FL",28.406,-80.34,1.04,,FL,,,1999-01-30 00:00:00.000,USM,2,USMCOB-CB28380,2026-05-05 00:00:00.000,UTC,1999,1,30,30,"00:00:00",,POINT(-80.34 28.406),USMCOB-CB28380
USMCOB,W. Navarre Beach,30.378,-86.862,0.89,,FL,0.94,TL,1998-04-17 00:00:00.000,USM,1,USMCOB-CB28455,2026-05-05 00:00:00.000,UTC,1998,4,17,107,"00:00:00",,POINT(-86.862 30.378),USMCOB-CB28455
USMCOB,Eugene Is. Blk 270 S.ofLA,28.434,-91.73,1.02,,TL,,,1998-08-08 00:00:00.000,USM,2,USMCOB-CB28455,2026-05-05 00:00:00.000,UTC,1998,8,8,220,"00:00:00",,POINT(-91.73 28.434),USMCOB-CB28455
USMCOB,"Marathon, FL",24.726,-81.089,0.81,,FL,0.91,TL,1998-04-07 00:00:00.000,USM,1,USMCOB-CB28833,2026-05-05 00:00:00.000,UTC,1998,4,7,97,"00:00:00",,POINT(-81.089 24.726),USMCOB-CB28833
USMCOB,"1 ml N-Big Pine Key, FL",24.76,-81.395,0.89,,FL,,,1998-11-14 00:00:00.000,USM,2,USMCOB-CB28833,2026-05-05 00:00:00.000,UTC,1998,11,14,318,"00:00:00",,POINT(-81.395 24.76),USMCOB-CB28833
USMCOB,"Marathon, FL",24.726,-81.089,0.74,,FL,0.81,TL,1998-04-09 00:00:00.000,USM,1,USMCOB-CB28836,2026-05-05 00:00:00.000,UTC,1998,4,9,99,"00:00:00",,POINT(-81.089 24.726),USMCOB-CB28836
USMCOB,"10 ml N of Big Pine Key",24.89,-81.395,0.99,,FL,,,1999-11-21 00:00:00.000,USM,2,USMCOB-CB28836,2026-05-05 00:00:00.000,UTC,1999,11,21,325,"00:00:00",,POINT(-81.395 24.89),USMCOB-CB28836
USMCOB,"10 mls N of Key West",24.709,-81.787,0.71,,FL,0.77,TL,1999-12-05 00:00:00.000,USM,1,USMCOB-CB28841,2026-05-05 00:00:00.000,UTC,1999,12,5,339,"00:00:00",,POINT(-81.787 24.709),USMCOB-CB28841
USMCOB,"Key West, FL",24.563,-81.726,0.84,,FL,,,2000-01-20 00:00:00.000,USM,2,USMCOB-CB28841,2026-05-05 00:00:00.000,UTC,2000,1,20,20,"00:00:00",,POINT(-81.726 24.563),USMCOB-CB28841
USMCOB,"10 mls N of Key West",24.709,-81.787,0.65,,FL,0.71,TL,1999-12-13 00:00:00.000,USM,1,USMCOB-CB28843,2026-05-05 00:00:00.000,UTC,1999,12,13,347,"00:00:00",,POINT(-81.787 24.709),USMCOB-CB28843
USMCOB,"Key West, FL            E",24.563,-81.726,0.94,,TL,,,2000-11-09 00:00:00.000,USM,2,USMCOB-CB28843,2026-05-05 00:00:00.000,UTC,2000,11,9,314,"00:00:00",,POINT(-81.726 24.563),USMCOB-CB28843
USMCOB,Block 88,,,0.74,,FL,0.81,TL,1998-05-01 00:00:00.000,USM,1,USMCOB-CB28921,2026-05-05 00:00:00.000,UTC,1998,5,1,121,"00:00:00",,POINT(nan nan),USMCOB-CB28921
USMCOB,"Pass Main, Blk 92 Rig #3",29.633,-88.846,0.85,,TL,,,1998-05-30 00:00:00.000,USM,2,USMCOB-CB28921,2026-05-05 00:00:00.000,UTC,1998,5,30,150,"00:00:00",,POINT(-88.846 29.633),USMCOB-CB28921
USMCOB,"Destin, FL",30.38,-86.5,0.97,,FL,1.09,TL,1998-04-19 00:00:00.000,USM,1,USMCOB-CB29147,2026-05-05 00:00:00.000,UTC,1998,4,19,109,"00:00:00",,POINT(-86.5 30.38),USMCOB-CB29147
USMCOB,"off Navarre Beach, FL",30.378,-86.862,,,,,,1999-04-14 00:00:00.000,USM,2,USMCOB-CB29147,2026-05-05 00:00:00.000,UTC,1999,4,14,104,"00:00:00",,POINT(-86.862 30.378),USMCOB-CB29147
USMCOB,Key West,24.563,-81.726,0.75,,FL,0.84,TL,2000-02-15 00:00:00.000,USM,1,USMCOB-CB30435,2026-05-05 00:00:00.000,UTC,2000,2,15,46,"00:00:00",,POINT(-81.726 24.563),USMCOB-CB30435
USMCOB,"Jewfish Basin, Key West",24.648,-81.716,0.91,,FL,,,2000-09-28 00:00:00.000,USM,2,USMCOB-CB30435,2026-05-05 00:00:00.000,UTC,2000,9,28,272,"00:00:00",,POINT(-81.716 24.648),USMCOB-CB30435
USMCOB,"29.30.61N 88.41.99W",29.516944,-88.710833,0.79,,FL,0.89,TL,1999-11-11 00:00:00.000,USM,1,USMCOB-CB30763,2026-05-05 00:00:00.000,UTC,1999,11,11,315,"00:00:00",,POINT(-88.710833 29.516944),USMCOB-CB30763
USMCOB,Grand Isle block 82,28.703,-89.985,0.97,,TL,,,2000-08-05 00:00:00.000,USM,2,USMCOB-CB30763,2026-05-05 00:00:00.000,UTC,2000,8,5,218,"00:00:00",,POINT(-89.985 28.703),USMCOB-CB30763
USMCOB,"29.32.83N 88.41.38W",29.556389,-88.693889,0.74,,FL,0.84,TL,1999-11-11 00:00:00.000,USM,1,USMCOB-CB30765,2026-05-05 00:00:00.000,UTC,1999,11,11,315,"00:00:00",,POINT(-88.693889 29.556389),USMCOB-CB30765
USMCOB,"Breton Sound, Block 53",29.429,-89.135,0.99,,TL,,,2000-07-07 00:00:00.000,USM,2,USMCOB-CB30765,2026-05-05 00:00:00.000,UTC,2000,7,7,189,"00:00:00",,POINT(-89.135 29.429),USMCOB-CB30765
USMCOB,"28.58.07N 90.50.53W",28.968611,-90.848056,0.97,,FL,1.07,TL,1999-09-13 00:00:00.000,USM,1,USMCOB-CB31013,2026-05-05 00:00:00.000,UTC,1999,9,13,256,"00:00:00",,POINT(-90.848056 28.968611),USMCOB-CB31013
USMCOB,"off Matagorda, TX in 90'",28.198,-95.766,1.23,,TL,,,2000-08-20 00:00:00.000,USM,2,USMCOB-CB31013,2026-05-05 00:00:00.000,UTC,2000,8,20,233,"00:00:00",,POINT(-95.766 28.198),USMCOB-CB31013
USMCOB,"28.53.49N 90.48.69W",28.896944,-90.819167,0.89,,FL,0.99,TL,1999-10-28 00:00:00.000,USM,1,USMCOB-CB31017,2026-05-05 00:00:00.000,UTC,1999,10,28,301,"00:00:00",,POINT(-90.819167 28.896944),USMCOB-CB31017
USMCOB,"28.54.04N 90.41.45W",28.901111,-90.695833,0.81,,FL,0.91,TL,1999-10-28 00:00:00.000,USM,1,USMCOB-CB31050,2026-05-05 00:00:00.000,UTC,1999,10,28,301,"00:00:00",,POINT(-90.695833 28.901111),USMCOB-CB31050
USMCOB,"52 ml off Freeport, TX",28.353,-94.756,0.93,,FL,1.07,TL,2000-07-19 00:00:00.000,USM,2,USMCOB-CB31050,2026-05-05 00:00:00.000,UTC,2000,7,19,201,"00:00:00",,POINT(-94.756 28.353),USMCOB-CB31050
USMCOB,"St. Marks, FL",30.074,-84.185,0.79,,FL,0.89,TL,1999-05-15 00:00:00.000,USM,1,USMCOB-CB31909,2026-05-05 00:00:00.000,UTC,1999,5,15,135,"00:00:00",,POINT(-84.185 30.074),USMCOB-CB31909
USMCOB,"Rock I. off Perry, FL",29.971,-83.828,0.85,,FL,,,2000-04-26 00:00:00.000,USM,2,USMCOB-CB31909,2026-05-05 00:00:00.000,UTC,2000,4,26,117,"00:00:00",,POINT(-83.828 29.971),USMCOB-CB31909
USMCOB,"Crystal River, FL",28.915,-82.698,1.04,,FL,1.12,TL,2000-05-04 00:00:00.000,USM,1,USMCOB-CB32237,2026-05-05 00:00:00.000,UTC,2000,5,4,125,"00:00:00",,POINT(-82.698 28.915),USMCOB-CB32237
USMCOB,"Gulf off Tampa, FL",,,1.19,,TL,,,2000-07-02 00:00:00.000,USM,2,USMCOB-CB32237,2026-05-05 00:00:00.000,UTC,2000,7,2,184,"00:00:00",,POINT(nan nan),USMCOB-CB32237
USMCOB,Key West,24.563,-81.726,0.8,,FL,0.86,TL,2000-03-18 00:00:00.000,USM,1,USMCOB-CB32299,2026-05-05 00:00:00.000,UTC,2000,3,18,78,"00:00:00",,POINT(-81.726 24.563),USMCOB-CB32299
USMCOB,"Smith Shoals, FL",24.687,-82.902,0.89,,FL,0.97,TL,2000-05-14 00:00:00.000,USM,2,USMCOB-CB32299,2026-05-05 00:00:00.000,UTC,2000,5,14,135,"00:00:00",,POINT(-82.902 24.687),USMCOB-CB32299
USMCOB,"1 mile off Pensacola",30.313,-87.275,0.84,,FL,0.94,TL,2000-03-28 00:00:00.000,USM,1,USMCOB-CB32351,2026-05-05 00:00:00.000,UTC,2000,3,28,88,"00:00:00",,POINT(-87.275 30.313),USMCOB-CB32351
USMCOB,"Navarre, FL",30.378,-86.862,0.84,,FL,,,2000-05-06 00:00:00.000,USM,2,USMCOB-CB32351,2026-05-05 00:00:00.000,UTC,2000,5,6,127,"00:00:00",,POINT(-86.862 30.378),USMCOB-CB32351
USMCOB,"3 ml E of Sandestin     E",30.367,-86.331,0.91,,FL,,,2000-04-29 00:00:00.000,USM,1,USMCOB-CB32531,2026-05-05 00:00:00.000,UTC,2000,4,29,120,"00:00:00",,POINT(-86.331 30.367),USMCOB-CB32531
USMCOB,"Off LA, west of river",,,0.97,,TL,,,2000-05-22 00:00:00.000,USM,2,USMCOB-CB32531,2026-05-05 00:00:00.000,UTC,2000,5,22,143,"00:00:00",,POINT(nan nan),USMCOB-CB32531
USMCOB,"47030.0 / 12280.0",30.02667,-88.82167,0.57,,FL,,,1988-07-31 00:00:00.000,USM,1,USMCOB-EA2012,2026-05-05 00:00:00.000,UTC,1988,7,31,213,"00:00:00",,POINT(-88.82167 30.02667),USMCOB-EA2012
USMCOB,"ISLAMORADA, FLA (ATL. OCEAN)",24.924,-80.625,,,,,,1989-03-15 00:00:00.000,USM,2,USMCOB-EA2012,2026-05-05 00:00:00.000,UTC,1989,3,15,74,"00:00:00",,POINT(-80.625 24.924),USMCOB-EA2012
USMCOB,"10 MI. SE. OF DAUPHIN IS.",30.140823,-87.981352,0.48,,FL,0.52,TL,1988-05-07 00:00:00.000,USM,1,USMCOB-EA2571,2026-05-05 00:00:00.000,UTC,1988,5,7,128,"00:00:00",,POINT(-87.981352 30.140823),USMCOB-EA2571
USMCOB,"7 MI. S. OF DAUPHIN IS., AL",30.144,-88.215,0.99,,TL,,,1989-04-22 00:00:00.000,USM,2,USMCOB-EA2571,2026-05-05 00:00:00.000,UTC,1989,4,22,112,"00:00:00",,POINT(-88.215 30.144),USMCOB-EA2571
USMCOB,"10 MI. SE. OF DAUPHIN IS.",30.140823,-87.981352,0.67,,FL,0.74,TL,1988-05-07 00:00:00.000,USM,1,USMCOB-EA2592,2026-05-05 00:00:00.000,UTC,1988,5,7,128,"00:00:00",,POINT(-87.981352 30.140823),USMCOB-EA2592
USMCOB,"12 MI. S. OF FORT MORGAN, AL",30.049,-88.017,,,,,,1988-05-14 00:00:00.000,USM,2,USMCOB-EA2592,2026-05-05 00:00:00.000,UTC,1988,5,14,135,"00:00:00",,POINT(-88.017 30.049),USMCOB-EA2592
USMCOB,"10 MI. SE. OF DAUPHIN IS.",30.140823,-87.981352,0.51,,FL,0.56,TL,1988-05-07 00:00:00.000,USM,1,USMCOB-EA2593,2026-05-05 00:00:00.000,UTC,1988,5,7,128,"00:00:00",,POINT(-87.981352 30.140823),USMCOB-EA2593
USMCOB,"S. OF GULF SHORES, AL",30.245,-87.701,,,,,,1988-07-04 00:00:00.000,USM,2,USMCOB-EA2593,2026-05-05 00:00:00.000,UTC,1988,7,4,186,"00:00:00",,POINT(-87.701 30.245),USMCOB-EA2593
USMCOB,"10 MI. SE. OF DAUPHIN IS.",30.140823,-87.981352,0.69,,FL,0.75,TL,1988-05-07 00:00:00.000,USM,1,USMCOB-EA2594,2026-05-05 00:00:00.000,UTC,1988,5,7,128,"00:00:00",,POINT(-87.981352 30.140823),USMCOB-EA2594
USMCOB,"8 MI. SE OF SAND IS. LIGHT, AL",30.11,-87.951,0.86,,FL,0.96,TL,1988-05-28 00:00:00.000,USM,2,USMCOB-EA2594,2026-05-05 00:00:00.000,UTC,1988,5,28,149,"00:00:00",,POINT(-87.951 30.11),USMCOB-EA2594
USMCOB,"5 MI. S. OF HORN ISLAND, MS",30.157552,-88.670527,0.38,,TL,,,1991-09-06 00:00:00.000,USM,1,USMCOB-RC10120,2026-05-05 00:00:00.000,UTC,1991,9,6,249,"00:00:00",,POINT(-88.670527 30.157552),USMCOB-RC10120
USMCOB,"12380.0 / 47010.0",29.94667,-90.54167,0.66,,FL,0.71,TL,1992-07-03 00:00:00.000,USM,2,USMCOB-RC10120,2026-05-05 00:00:00.000,UTC,1992,7,3,185,"00:00:00",,POINT(-90.54167 29.94667),USMCOB-RC10120
USMCOB,"FISH HAVEN 1,S.OF HORN ISL.,MS",30.059,-88.611,0.6,,FL,0.69,TL,1994-08-20 00:00:00.000,USM,1,USMCOB-RC10172,2026-05-05 00:00:00.000,UTC,1994,8,20,232,"00:00:00",,POINT(-88.611 30.059),USMCOB-RC10172
USMCOB,"10 MI. S. DAUPHIN ISL., AL",30.095,-88.215,0.61,,FL,,,1994-08-28 00:00:00.000,USM,2,USMCOB-RC10172,2026-05-05 00:00:00.000,UTC,1994,8,28,240,"00:00:00",,POINT(-88.215 30.095),USMCOB-RC10172
USMCOB,"10. MI. S. HORN ISL., MS",30.084739,-88.671122,0.64,,FL,0.69,TL,1992-04-17 00:00:00.000,USM,1,USMCOB-RC10190,2026-05-05 00:00:00.000,UTC,1992,4,17,108,"00:00:00",,POINT(-88.671122 30.084739),USMCOB-RC10190
USMCOB,OFF CHANDELEUR LIGHT(N. END)LA,30.046,-88.877,1.03,,TL,,,1993-09-09 00:00:00.000,USM,2,USMCOB-RC10190,2026-05-05 00:00:00.000,UTC,1993,9,9,252,"00:00:00",,POINT(-88.877 30.046),USMCOB-RC10190
USMCOB,WRECK 12269.1 / 47019.5,29.981667,-88.841667,0.61,,FL,0.66,TL,1992-07-31 00:00:00.000,USM,1,USMCOB-RC10252,2026-05-05 00:00:00.000,UTC,1992,7,31,213,"00:00:00",,POINT(-88.841667 29.981667),USMCOB-RC10252
USMCOB,BUOY AT MS RIVER OUTLET (MRGO),29.514,-89.155,,,,,,1992-08-22 00:00:00.000,USM,2,USMCOB-RC10252,2026-05-05 00:00:00.000,UTC,1992,8,22,235,"00:00:00",,POINT(-89.155 29.514),USMCOB-RC10252
USMCOB,"12262.2/46938.3 (MAIN PASS,LA)",29.65,-88.87833,0.58,,FL,0.64,TL,1992-08-09 00:00:00.000,USM,1,USMCOB-RC10269,2026-05-05 00:00:00.000,UTC,1992,8,9,222,"00:00:00",,POINT(-88.87833 29.65),USMCOB-RC10269
USMCOB,"14 MI. E. OF FORT MORGAN, AL",30.226,-87.785,0.97,,TL,,,1994-05-29 00:00:00.000,USM,2,USMCOB-RC10269,2026-05-05 00:00:00.000,UTC,1994,5,29,149,"00:00:00",,POINT(-87.785 30.226),USMCOB-RC10269
USMCOB,"30MI NE OF KEY WEST, FL",24.91,-81.48,0.65,,FL,0.74,TL,1992-08-09 00:00:00.000,USM,1,USMCOB-RC10288,2026-05-05 00:00:00.000,UTC,1992,8,9,222,"00:00:00",,POINT(-81.48 24.91),USMCOB-RC10288
USMCOB,"OFF CRYSTAL RIVER, FL",28.915,-82.698,0.97,,TL,,,1993-05-23 00:00:00.000,USM,2,USMCOB-RC10288,2026-05-05 00:00:00.000,UTC,1993,5,23,143,"00:00:00",,POINT(-82.698 28.915),USMCOB-RC10288
USMCOB,"KEY WEST, FL (GULFSIDE)",24.57,-81.79,0.79,,FL,0.88,TL,1993-01-06 00:00:00.000,USM,1,USMCOB-RC10293,2026-05-05 00:00:00.000,UTC,1993,1,6,6,"00:00:00",,POINT(-81.79 24.57),USMCOB-RC10293
USMCOB,"10MI. N. OF KEY WEST, FL",24.709,-81.787,0.81,,FL,0.88,TL,1993-03-12 00:00:00.000,USM,2,USMCOB-RC10293,2026-05-05 00:00:00.000,UTC,1993,3,12,71,"00:00:00",,POINT(-81.787 24.709),USMCOB-RC10293
USMCOB,"KEY WEST, FL (GULFSIDE)",24.57,-81.79,0.81,,FL,0.91,TL,1993-01-06 00:00:00.000,USM,1,USMCOB-RC10297,2026-05-05 00:00:00.000,UTC,1993,1,6,6,"00:00:00",,POINT(-81.79 24.57),USMCOB-RC10297
USMCOB,"10MI. N. OF KEY WEST, FL",24.709,-81.787,0.81,,FL,0.91,TL,1993-03-12 00:00:00.000,USM,2,USMCOB-RC10297,2026-05-05 00:00:00.000,UTC,1993,3,12,71,"00:00:00",,POINT(-81.787 24.709),USMCOB-RC10297
USMCOB,"25 MI. WEST OF DESTIN, FL",30.368,-86.915,0.58,,FL,0.69,TL,1992-04-15 00:00:00.000,USM,1,USMCOB-RC10309,2026-05-05 00:00:00.000,UTC,1992,4,15,106,"00:00:00",,POINT(-86.915 30.368),USMCOB-RC10309
USMCOB,"7MI SE OF FORT MORGAN, AL",30.157,-87.929,0.58,,FL,0.69,TL,1992-04-22 00:00:00.000,USM,2,USMCOB-RC10309,2026-05-05 00:00:00.000,UTC,1992,4,22,113,"00:00:00",,POINT(-87.929 30.157),USMCOB-RC10309
USMCOB,"DESTIN, FL",30.38,-86.5,0.89,,FL,0.94,TL,1992-04-21 00:00:00.000,USM,1,USMCOB-RC10322,2026-05-05 00:00:00.000,UTC,1992,4,21,112,"00:00:00",,POINT(-86.5 30.38),USMCOB-RC10322
USMCOB,"Orange Beach, AL",30.267,-87.585,,,,,,1995-04-01 00:00:00.000,USM,2,USMCOB-RC10322,2026-05-05 00:00:00.000,UTC,1995,4,1,91,"00:00:00",,POINT(-87.585 30.267),USMCOB-RC10322
USMCOB,Horseshoe Rigs,29.425,-88.615,,,,,,2008-05-18 00:00:00.000,USM,2,USMCOB-RC47076,2026-05-05 00:00:00.000,UTC,2008,5,18,139,"00:00:00",,POINT(-88.615 29.425),USMCOB-RC47076
USMCOB,"NAVARRE BEACH, FL",30.378,-86.862,0.76,,FL,0.81,TL,1992-04-18 00:00:00.000,USM,1,USMCOB-RC10421,2026-05-05 00:00:00.000,UTC,1992,4,18,109,"00:00:00",,POINT(-86.862 30.378),USMCOB-RC10421
USMCOB,"110MI. WNW OF TAMPA BAY, FL",28.981,-84.488,0.97,,FL,1.02,TL,1993-04-05 00:00:00.000,USM,2,USMCOB-RC10421,2026-05-05 00:00:00.000,UTC,1993,4,5,95,"00:00:00",,POINT(-84.488 28.981),USMCOB-RC10421
USMCOB,"10MI. SE OF DAUPHIN ISL., AL",30.140823,-87.981352,0.69,,FL,0.76,TL,1992-04-25 00:00:00.000,USM,1,USMCOB-RC10546,2026-05-05 00:00:00.000,UTC,1992,4,25,116,"00:00:00",,POINT(-87.981352 30.140823),USMCOB-RC10546
USMCOB,"APPROX. 18MI. SE OF DESTIN, FL",30.188,-86.296,0.84,,FL,,,1993-02-22 00:00:00.000,USM,2,USMCOB-RC10546,2026-05-05 00:00:00.000,UTC,1993,2,22,53,"00:00:00",,POINT(-86.296 30.188),USMCOB-RC10546
USMCOB,"10MI. SE OF DAUPHIN ISL., AL",30.140823,-87.981352,0.67,,FL,0.74,TL,1992-04-25 00:00:00.000,USM,1,USMCOB-RC10548,2026-05-05 00:00:00.000,UTC,1992,4,25,116,"00:00:00",,POINT(-87.981352 30.140823),USMCOB-RC10548
USMCOB,"S OF DAUPHIN I.,AL 47045/12705",30.08,-88.12333,0.79,,FL,0.81,TL,1992-10-29 00:00:00.000,USM,2,USMCOB-RC10548,2026-05-05 00:00:00.000,UTC,1992,10,29,303,"00:00:00",,POINT(-88.12333 30.08),USMCOB-RC10548
USMCOB,"West Cameron 253A, LA",29.028,-93.12,1.24,,TL,,,1997-05-16 00:00:00.000,USM,2,USMCOB-RC10766,2026-05-05 00:00:00.000,UTC,1997,5,16,136,"00:00:00",,POINT(-93.12 29.028),USMCOB-RC10766
USMCOB,"Grayton Beach, FL",30.327,-86.166,0.91,,FL,,,1996-04-12 00:00:00.000,USM,1,USMCOB-RC10757,2026-05-05 00:00:00.000,UTC,1996,4,12,103,"00:00:00",,POINT(-86.166 30.327),USMCOB-RC10757
USMCOB,"Cay Costa, FL",26.669,-82.256,1.22,,TL,,,1997-10-25 00:00:00.000,USM,2,USMCOB-RC10757,2026-05-05 00:00:00.000,UTC,1997,10,25,298,"00:00:00",,POINT(-82.256 26.669),USMCOB-RC10757
USMCOB,"Pensacola Beach, FL",30.315,-87.203,0.94,,FL,1.04,TL,1996-05-05 00:00:00.000,USM,1,USMCOB-RC10766,2026-05-05 00:00:00.000,UTC,1996,5,5,126,"00:00:00",,POINT(-87.203 30.315),USMCOB-RC10766
USMCOB,off Pensacola (~tag data),30.315,-87.203,,,,,,1996-04-15 00:00:00.000,USM,1,USMCOB-RC10768,2026-05-05 00:00:00.000,UTC,1996,4,15,106,"00:00:00",,POINT(-87.203 30.315),USMCOB-RC10768
USMCOB,Ship Shoal Blk 239,28.42,-91.92,1.02,,TL,,,1998-04-24 00:00:00.000,USM,2,USMCOB-RC10768,2026-05-05 00:00:00.000,UTC,1998,4,24,114,"00:00:00",,POINT(-91.92 28.42),USMCOB-RC10768
USMCOB,CURLEW RIG 9212 (OFF LA),29.543,-88.668,0.74,,FL,0.79,TL,1992-07-03 00:00:00.000,USM,1,USMCOB-RC10926,2026-05-05 00:00:00.000,UTC,1992,7,3,185,"00:00:00",,POINT(-88.668 29.543),USMCOB-RC10926
USMCOB,"OFF BRETON ISLAND, LA",29.48,-89.175,0.89,,TL,,,1992-09-05 00:00:00.000,USM,2,USMCOB-RC10926,2026-05-05 00:00:00.000,UTC,1992,9,5,249,"00:00:00",,POINT(-89.175 29.48),USMCOB-RC10926
USMCOB,MAIN PASS-92-16 (OFF LA),29.632,-88.846,0.79,,FL,0.84,TL,1992-08-02 00:00:00.000,USM,1,USMCOB-RC10938,2026-05-05 00:00:00.000,UTC,1992,8,2,215,"00:00:00",,POINT(-88.846 29.632),USMCOB-RC10938
USMCOB,"CURLEW RIGS S. OF CHAN. IS.,LA",29.543,-88.668,0.79,,FL,0.84,TL,1992-08-05 00:00:00.000,USM,2,USMCOB-RC10938,2026-05-05 00:00:00.000,UTC,1992,8,5,218,"00:00:00",,POINT(-88.668 29.543),USMCOB-RC10938
USMCOB,"20 MI. S. HORN ISL. PASS, MS",29.922426,-88.6,0.74,,FL,,,1992-07-03 00:00:00.000,USM,1,USMCOB-RC11002,2026-05-05 00:00:00.000,UTC,1992,7,3,185,"00:00:00",,POINT(-88.6 29.922426),USMCOB-RC11002
USMCOB,"CURLEW RIGS S. OF CHAN. IS.,LA",29.543,-88.668,0.86,,FL,,,1992-08-05 00:00:00.000,USM,2,USMCOB-RC11002,2026-05-05 00:00:00.000,UTC,1992,8,5,218,"00:00:00",,POINT(-88.668 29.543),USMCOB-RC11002
USMCOB,"BUOY #34, GPT SHIP CHANNEL, MS",30.248,-89.002,0.81,,FL,0.91,TL,1993-07-29 00:00:00.000,USM,1,USMCOB-RC11209,2026-05-05 00:00:00.000,UTC,1993,7,29,210,"00:00:00",,POINT(-89.002 30.248),USMCOB-RC11209
USMCOB,"Horn Island Bar, MS",30.244,-88.777,1.06,,FL,1.17,TL,1995-04-27 00:00:00.000,USM,2,USMCOB-RC11209,2026-05-05 00:00:00.000,UTC,1995,4,27,117,"00:00:00",,POINT(-88.777 30.244),USMCOB-RC11209
USMCOB,"BUOY #33, GPT SHIP CHANNEL, MS",30.247,-89.004,0.97,,FL,1.07,TL,1993-07-29 00:00:00.000,USM,1,USMCOB-RC11210,2026-05-05 00:00:00.000,UTC,1993,7,29,210,"00:00:00",,POINT(-89.004 30.247),USMCOB-RC11210
USMCOB,OFF E. LA (GETTY RIGS),29.544,-88.677,0.99,,FL,,,1993-08-11 00:00:00.000,USM,2,USMCOB-RC11210,2026-05-05 00:00:00.000,UTC,1993,8,11,223,"00:00:00",,POINT(-88.677 29.544),USMCOB-RC11210
USMCOB,"BUOY #44, SHIP ISLAND PASS, MS",30.284,-89.026,0.69,,FL,0.76,TL,1992-07-31 00:00:00.000,USM,1,USMCOB-RC11229,2026-05-05 00:00:00.000,UTC,1992,7,31,213,"00:00:00",,POINT(-89.026 30.284),USMCOB-RC11229
USMCOB,"NORTH OF MARATHON, FL",24.726,-81.089,0.94,,TL,,,1993-03-11 00:00:00.000,USM,2,USMCOB-RC11229,2026-05-05 00:00:00.000,UTC,1993,3,11,70,"00:00:00",,POINT(-81.089 24.726),USMCOB-RC11229
USMCOB,"12MI. S.E. OF FORT MORGAN, AL",30.11,-87.883,0.72,,FL,0.8,TL,1992-05-10 00:00:00.000,USM,1,USMCOB-RC11268,2026-05-05 00:00:00.000,UTC,1992,5,10,131,"00:00:00",,POINT(-87.883 30.11),USMCOB-RC11268
USMCOB,"60 Mi. S of Dauphin Island, AL",29.377,-88.215,1.07,,FL,1.24,TL,1995-07-23 00:00:00.000,USM,2,USMCOB-RC11268,2026-05-05 00:00:00.000,UTC,1995,7,23,204,"00:00:00",,POINT(-88.215 29.377),USMCOB-RC11268
USMCOB,"8MI. SOUTH OF FORT MORGAN, AL",30.211125,-87.660774,0.64,,FL,0.7,TL,1992-05-11 00:00:00.000,USM,1,USMCOB-RC11275,2026-05-05 00:00:00.000,UTC,1992,5,11,132,"00:00:00",,POINT(-87.660774 30.211125),USMCOB-RC11275
USMCOB,"Destin, FL",30.38,-86.5,,,,,,1996-04-12 00:00:00.000,USM,2,USMCOB-RC11275,2026-05-05 00:00:00.000,UTC,1996,4,12,103,"00:00:00",,POINT(-86.5 30.38),USMCOB-RC11275
USMCOB,"8MI. SOUTH OF FORT MORGAN, AL",30.211125,-87.660774,0.69,,FL,0.74,TL,1992-05-11 00:00:00.000,USM,1,USMCOB-RC11276,2026-05-05 00:00:00.000,UTC,1992,5,11,132,"00:00:00",,POINT(-87.660774 30.211125),USMCOB-RC11276
USMCOB,"40MI. SE OF DESTIN, FL",29.975,-86.022,0.94,,TL,,,1993-03-06 00:00:00.000,USM,2,USMCOB-RC11276,2026-05-05 00:00:00.000,UTC,1993,3,6,65,"00:00:00",,POINT(-86.022 29.975),USMCOB-RC11276
USMCOB,"20MI. S.E. OF FORT MORGAN, AL",30.027498,-87.772951,0.71,,FL,0.76,TL,1992-05-12 00:00:00.000,USM,1,USMCOB-RC11290,2026-05-05 00:00:00.000,UTC,1992,5,12,133,"00:00:00",,POINT(-87.772951 30.027498),USMCOB-RC11290
USMCOB,"ISLAMORADA, FL",24.924,-80.625,0.82,,FL,,,1992-12-31 00:00:00.000,USM,2,USMCOB-RC11290,2026-05-05 00:00:00.000,UTC,1992,12,31,366,"00:00:00",,POINT(-80.625 24.924),USMCOB-RC11290
USMCOB,"20MI. S.E. OF FORT MORGAN, AL",30.027498,-87.772951,0.81,,FL,0.91,TL,1992-05-12 00:00:00.000,USM,1,USMCOB-RC11292,2026-05-05 00:00:00.000,UTC,1992,5,12,133,"00:00:00",,POINT(-87.772951 30.027498),USMCOB-RC11292
USMCOB,"STOCK ISLAND, KEY WEST, FL",24.566,-81.736,1.14,,TL,,,1993-01-11 00:00:00.000,USM,2,USMCOB-RC11292,2026-05-05 00:00:00.000,UTC,1993,1,11,11,"00:00:00",,POINT(-81.736 24.566),USMCOB-RC11292
USMCOB,OFF ALABAMA,,,,,,,,1992-01-05 00:00:00.000,USM,1,USMCOB-RC11377,2026-05-05 00:00:00.000,UTC,1992,1,5,5,"00:00:00",,POINT(nan nan),USMCOB-RC11377
USMCOB,"6 MI. S. OF DESTIN, FL",30.293,-86.499,0.84,,FL,,,1992-09-25 00:00:00.000,USM,2,USMCOB-RC11377,2026-05-05 00:00:00.000,UTC,1992,9,25,269,"00:00:00",,POINT(-86.499 30.293),USMCOB-RC11377
USMCOB,"PENSACOLA BEACH, FL",30.315,-87.203,0.89,,FL,0.95,TL,1992-05-11 00:00:00.000,USM,1,USMCOB-RC11434,2026-05-05 00:00:00.000,UTC,1992,5,11,132,"00:00:00",,POINT(-87.203 30.315),USMCOB-RC11434
USMCOB,"WRECK 3MI OFF PENSACOLA, FL",30.289,-87.153,0.89,,FL,,,1992-05-14 00:00:00.000,USM,2,USMCOB-RC11434,2026-05-05 00:00:00.000,UTC,1992,5,14,135,"00:00:00",,POINT(-87.153 30.289),USMCOB-RC11434
USMCOB,"OFF PENSACOLA BEACH, FL",30.315,-87.203,0.94,,FL,,,1993-04-13 00:00:00.000,USM,1,USMCOB-RC11436,2026-05-05 00:00:00.000,UTC,1993,4,13,103,"00:00:00",,POINT(-87.203 30.315),USMCOB-RC11436
USMCOB,"Pacific Light, Key Largo FL",25.089,-80.45,,,,,,1996-04-24 00:00:00.000,USM,2,USMCOB-RC11436,2026-05-05 00:00:00.000,UTC,1996,4,24,115,"00:00:00",,POINT(-80.45 25.089),USMCOB-RC11436
USMCOB,"FAREWELL BUOY, HORN IS., MS",30.215,-88.791,0.53,,FL,0.58,TL,1992-05-06 00:00:00.000,USM,1,USMCOB-RC11441,2026-05-05 00:00:00.000,UTC,1992,5,6,127,"00:00:00",,POINT(-88.791 30.215),USMCOB-RC11441
USMCOB,"20 MI. OFF FREEPORT, TX",28.726,-95.071,0.98,,FL,,,1993-06-06 00:00:00.000,USM,2,USMCOB-RC11441,2026-05-05 00:00:00.000,UTC,1993,6,6,157,"00:00:00",,POINT(-95.071 28.726),USMCOB-RC11441
USMCOB,"13 MI. S. OF FORT MORGAN, AL",30.035459,-88.017569,0.68,,FL,0.76,TL,1992-04-30 00:00:00.000,USM,1,USMCOB-RC11670,2026-05-05 00:00:00.000,UTC,1992,4,30,121,"00:00:00",,POINT(-88.017569 30.035459),USMCOB-RC11670
USMCOB,"10 MI. SW OF DAUPHIN IS., AL",30.126,-88.439,,,,,,1993-07-24 00:00:00.000,USM,2,USMCOB-RC11670,2026-05-05 00:00:00.000,UTC,1993,7,24,205,"00:00:00",,POINT(-88.439 30.126),USMCOB-RC11670
USMCOB,"18 MI. S. OF FORT MORGAN, AL",29.960973,-88.019,0.81,,FL,0.9,TL,1992-04-30 00:00:00.000,USM,1,USMCOB-RC11672,2026-05-05 00:00:00.000,UTC,1992,4,30,121,"00:00:00",,POINT(-88.019 29.960973),USMCOB-RC11672
USMCOB,"OFF PANAMA CITY BEACH, FL",30.212,-85.88,1.18,,FL,,,1993-08-03 00:00:00.000,USM,2,USMCOB-RC11672,2026-05-05 00:00:00.000,UTC,1993,8,3,215,"00:00:00",,POINT(-85.88 30.212),USMCOB-RC11672
USMCOB,".5MI. OFF ORANGE BEACH, AL",30.267,-87.585,0.89,,FL,0.98,TL,1993-04-19 00:00:00.000,USM,1,USMCOB-RC11807,2026-05-05 00:00:00.000,UTC,1993,4,19,109,"00:00:00",,POINT(-87.585 30.267),USMCOB-RC11807
USMCOB,Oil rigs in LA,,,1.12,,FL,,,1995-04-30 00:00:00.000,USM,2,USMCOB-RC11807,2026-05-05 00:00:00.000,UTC,1995,4,30,120,"00:00:00",,POINT(nan nan),USMCOB-RC11807
USMCOB,OIL RIG  12633 / 47067,30.16833,-88.24333,0.74,,FL,0.81,TL,1992-05-05 00:00:00.000,USM,1,USMCOB-RC11850,2026-05-05 00:00:00.000,UTC,1992,5,5,126,"00:00:00",,POINT(-88.24333 30.16833),USMCOB-RC11850
USMCOB,S TIMBALIER (BLOCK 177) OFF LA,28.525,-90.36,,,,,,1992-09-05 00:00:00.000,USM,2,USMCOB-RC11850,2026-05-05 00:00:00.000,UTC,1992,9,5,249,"00:00:00",,POINT(-90.36 28.525),USMCOB-RC11850
USMCOB,"5 MI. S OF SAND ISL. LT.,AL",30.114696,-88.050605,0.81,,FL,0.93,TL,1992-08-09 00:00:00.000,USM,1,USMCOB-RC11860,2026-05-05 00:00:00.000,UTC,1992,8,9,222,"00:00:00",,POINT(-88.050605 30.114696),USMCOB-RC11860
USMCOB,Between Okaloosa Pier&Navarre,30.387,-86.75,0.94,,TL,,,1995-04-12 00:00:00.000,USM,2,USMCOB-RC11860,2026-05-05 00:00:00.000,UTC,1995,4,12,102,"00:00:00",,POINT(-86.75 30.387),USMCOB-RC11860
USMCOB,"SHRIMP BOAT, OFF HORN ISL., MS",30.24,-88.703,0.64,,FL,0.69,TL,1992-05-24 00:00:00.000,USM,1,USMCOB-RC11892,2026-05-05 00:00:00.000,UTC,1992,5,24,145,"00:00:00",,POINT(-88.703 30.24),USMCOB-RC11892
USMCOB,"KEY WEST HARBOR, FL",24.563,-81.726,0.94,,FL,1.03,TL,1993-06-03 00:00:00.000,USM,2,USMCOB-RC11892,2026-05-05 00:00:00.000,UTC,1993,6,3,154,"00:00:00",,POINT(-81.726 24.563),USMCOB-RC11892
USMCOB,"KEY WEST, FL WRK OF THE CHRIS",24.5,-81.6,0.51,,FL,0.55,TL,1992-07-11 00:00:00.000,USM,1,USMCOB-RC11905,2026-05-05 00:00:00.000,UTC,1992,7,11,193,"00:00:00",,POINT(-81.6 24.5),USMCOB-RC11905
USMCOB,"OFF CAPE CANAVEREL, FL",28.391,-80.594,0.99,,FL,1.07,TL,1994-01-26 00:00:00.000,USM,2,USMCOB-RC11905,2026-05-05 00:00:00.000,UTC,1994,1,26,26,"00:00:00",,POINT(-80.594 28.391),USMCOB-RC11905
USMCOB,"KEY WEST, FL WRK OF THE CHRIS",24.5,-81.6,0.85,,FL,0.91,TL,1992-12-10 00:00:00.000,USM,1,USMCOB-RC11921,2026-05-05 00:00:00.000,UTC,1992,12,10,345,"00:00:00",,POINT(-81.6 24.5),USMCOB-RC11921
USMCOB,"15.5MI.SUGARLOAF KEY,FL (GULF)",24.778,-81.7,0.91,,FL,0.98,TL,1993-07-03 00:00:00.000,USM,2,USMCOB-RC11921,2026-05-05 00:00:00.000,UTC,1993,7,3,184,"00:00:00",,POINT(-81.7 24.778),USMCOB-RC11921
USMCOB,"KEY WEST, FL (GARDNER WRECK)",24.5,-81.6,0.75,,FL,0.85,TL,1992-12-05 00:00:00.000,USM,1,USMCOB-RC11928,2026-05-05 00:00:00.000,UTC,1992,12,5,340,"00:00:00",,POINT(-81.6 24.5),USMCOB-RC11928
USMCOB,"30MI. NW OF KEY WEST, FL",24.842,-82.165,0.91,,TL,,,1993-02-27 00:00:00.000,USM,2,USMCOB-RC11928,2026-05-05 00:00:00.000,UTC,1993,2,27,58,"00:00:00",,POINT(-82.165 24.842),USMCOB-RC11928
USMCOB,"KEY WEST, FL (GARDNER WRECK)",24.5,-81.6,0.67,,FL,0.76,TL,1992-12-05 00:00:00.000,USM,1,USMCOB-RC11929,2026-05-05 00:00:00.000,UTC,1992,12,5,340,"00:00:00",,POINT(-81.6 24.5),USMCOB-RC11929
USMCOB,"20 MI.S. MOBILE BAY LIGHTHOUSE",30.146,-88.007,0.97,,TL,,,1993-10-17 00:00:00.000,USM,2,USMCOB-RC11929,2026-05-05 00:00:00.000,UTC,1993,10,17,290,"00:00:00",,POINT(-88.007 30.146),USMCOB-RC11929
USMCOB,"KEY WEST, FL (GARDNER WRECK)",24.5,-81.6,0.74,,FL,0.83,TL,1992-12-05 00:00:00.000,USM,1,USMCOB-RC11934,2026-05-05 00:00:00.000,UTC,1992,12,5,340,"00:00:00",,POINT(-81.6 24.5),USMCOB-RC11934
USMCOB,DRY TORTUGAS,24.654,-82.858,0.88,,FL,,,1994-01-22 00:00:00.000,USM,2,USMCOB-RC11934,2026-05-05 00:00:00.000,UTC,1994,1,22,22,"00:00:00",,POINT(-82.858 24.654),USMCOB-RC11934
USMCOB,"KEY WEST, FL (M.S. WRECK)",24.5,-81.6,0.67,,FL,0.76,TL,1992-12-04 00:00:00.000,USM,1,USMCOB-RC11937,2026-05-05 00:00:00.000,UTC,1992,12,4,339,"00:00:00",,POINT(-81.6 24.5),USMCOB-RC11937
USMCOB,"OFF STUART, FL",27.165,-80.15,0.97,,FL,,,1994-01-05 00:00:00.000,USM,2,USMCOB-RC11937,2026-05-05 00:00:00.000,UTC,1994,1,5,5,"00:00:00",,POINT(-80.15 27.165),USMCOB-RC11937
USMCOB,"KEY WEST, FL (MARY KAY WRECK)",24.5,-81.6,0.69,,FL,0.77,TL,1992-11-22 00:00:00.000,USM,1,USMCOB-RC11938,2026-05-05 00:00:00.000,UTC,1992,11,22,327,"00:00:00",,POINT(-81.6 24.5),USMCOB-RC11938
USMCOB,"WEST END OF DAUPHIN ISL., AL",30.208,-88.306,0.88,,TL,,,1993-08-16 00:00:00.000,USM,2,USMCOB-RC11938,2026-05-05 00:00:00.000,UTC,1993,8,16,228,"00:00:00",,POINT(-88.306 30.208),USMCOB-RC11938
USMCOB,"WR OF THE MARY KAY,KEY WEST,FL",24.5,-81.6,0.76,,FL,0.86,TL,1992-06-13 00:00:00.000,USM,1,USMCOB-RC11944,2026-05-05 00:00:00.000,UTC,1992,6,13,165,"00:00:00",,POINT(-81.6 24.5),USMCOB-RC11944
USMCOB,"20MI N OF SAWYER KEY, FL(GULF)",25.05,-81.567,,,,,,1992-07-12 00:00:00.000,USM,2,USMCOB-RC11944,2026-05-05 00:00:00.000,UTC,1992,7,12,194,"00:00:00",,POINT(-81.567 25.05),USMCOB-RC11944
USMCOB,"KEY WEST, FL, WRK OF THE CHRIS",24.5,-81.6,0.64,,FL,0.67,TL,1992-06-03 00:00:00.000,USM,1,USMCOB-RC11951,2026-05-05 00:00:00.000,UTC,1992,6,3,155,"00:00:00",,POINT(-81.6 24.5),USMCOB-RC11951
USMCOB,"OFF FT. LAUDERDALE, FL",26.12,-80.1,0.89,,FL,,,1993-01-06 00:00:00.000,USM,2,USMCOB-RC11951,2026-05-05 00:00:00.000,UTC,1993,1,6,6,"00:00:00",,POINT(-80.1 26.12),USMCOB-RC11951
USMCOB,"KEY WEST, FL, WRK OF THE CHRIS",24.5,-81.6,0.61,,FL,0.67,TL,1992-06-03 00:00:00.000,USM,1,USMCOB-RC11956,2026-05-05 00:00:00.000,UTC,1992,6,3,155,"00:00:00",,POINT(-81.6 24.5),USMCOB-RC11956
USMCOB,"KEY WEST, FL(WRECK,MINE SWEEP)",,,0.99,,TL,,,1993-08-27 00:00:00.000,USM,2,USMCOB-RC11956,2026-05-05 00:00:00.000,UTC,1993,8,27,239,"00:00:00",,POINT(nan nan),USMCOB-RC11956
USMCOB,"KEY WEST, FL, WRK OF THE CHRIS",24.5,-81.6,0.61,,FL,0.69,TL,1992-06-03 00:00:00.000,USM,1,USMCOB-RC11957,2026-05-05 00:00:00.000,UTC,1992,6,3,155,"00:00:00",,POINT(-81.6 24.5),USMCOB-RC11957
USMCOB,"OFF DESTIN, FL",30.38,-86.5,0.76,,FL,,,1993-04-13 00:00:00.000,USM,2,USMCOB-RC11957,2026-05-05 00:00:00.000,UTC,1993,4,13,103,"00:00:00",,POINT(-86.5 30.38),USMCOB-RC11957
USMCOB,"KEY WEST, FL, WRK OF THE CHRIS",24.5,-81.6,0.48,,FL,0.55,TL,1992-06-03 00:00:00.000,USM,1,USMCOB-RC11958,2026-05-05 00:00:00.000,UTC,1992,6,3,155,"00:00:00",,POINT(-81.6 24.5),USMCOB-RC11958
USMCOB,"OFF PANAMA CITY, FL",30.212,-85.88,,,,,,1993-05-05 00:00:00.000,USM,2,USMCOB-RC11958,2026-05-05 00:00:00.000,UTC,1993,5,5,125,"00:00:00",,POINT(-85.88 30.212),USMCOB-RC11958
USMCOB,"KEY WEST, FL  (HARBOR)",24.563,-81.726,0.74,,FL,0.81,TL,1992-05-08 00:00:00.000,USM,1,USMCOB-RC11963,2026-05-05 00:00:00.000,UTC,1992,5,8,129,"00:00:00",,POINT(-81.726 24.563),USMCOB-RC11963
USMCOB,"STUART,FL(ST.LUCY INLET), ATL.",27.165,-80.15,0.91,,FL,,,1993-07-14 00:00:00.000,USM,2,USMCOB-RC11963,2026-05-05 00:00:00.000,UTC,1993,7,14,195,"00:00:00",,POINT(-80.15 27.165),USMCOB-RC11963
USMCOB,"KEY WEST, FL  (HARBOR)",24.563,-81.726,0.83,,FL,0.9,TL,1992-05-04 00:00:00.000,USM,1,USMCOB-RC11964,2026-05-05 00:00:00.000,UTC,1992,5,4,125,"00:00:00",,POINT(-81.726 24.563),USMCOB-RC11964
USMCOB,"OFF SUGARLOAF KEY, FL(IN GULF)",24.63,-81.524,0.95,,TL,,,1992-07-29 00:00:00.000,USM,2,USMCOB-RC11964,2026-05-05 00:00:00.000,UTC,1992,7,29,211,"00:00:00",,POINT(-81.524 24.63),USMCOB-RC11964
USMCOB,"KEY WEST,FL WRK OF THE GARDNER",24.5,-81.6,0.74,,FL,0.84,TL,1992-04-12 00:00:00.000,USM,1,USMCOB-RC11968,2026-05-05 00:00:00.000,UTC,1992,4,12,103,"00:00:00",,POINT(-81.6 24.5),USMCOB-RC11968
USMCOB,"OFF STUART, FL (WRK DAVID T.)",27.203817,-80.036433,0.9,,FL,1.03,TL,1992-10-13 00:00:00.000,USM,2,USMCOB-RC11968,2026-05-05 00:00:00.000,UTC,1992,10,13,287,"00:00:00",,POINT(-80.036433 27.203817),USMCOB-RC11968
USMCOB,"CAPE SAN BLAS, FL",29.6632,-85.3556,0.56,,FL,0.61,TL,1992-06-10 00:00:00.000,USM,1,USMCOB-RC11983,2026-05-05 00:00:00.000,UTC,1992,6,10,162,"00:00:00",,POINT(-85.3556 29.6632),USMCOB-RC11983
USMCOB,"OFF NAPLES, FL",26.14,-81.81,1.45,,TL,,,1995-04-08 00:00:00.000,USM,2,USMCOB-RC11983,2026-05-05 00:00:00.000,UTC,1995,4,8,98,"00:00:00",,POINT(-81.81 26.14),USMCOB-RC11983
USMCOB,"WEST END OF SHIP ISLAND, MS",30.21,-88.964,0.79,,FL,0.86,TL,1992-05-26 00:00:00.000,USM,1,USMCOB-RC12026,2026-05-05 00:00:00.000,UTC,1992,5,26,147,"00:00:00",,POINT(-88.964 30.21),USMCOB-RC12026
USMCOB,CHAND. SOUND (29252.0/46949.0),29.688,-88.988,0.79,,FL,,,1992-06-07 00:00:00.000,USM,2,USMCOB-RC12026,2026-05-05 00:00:00.000,UTC,1992,6,7,159,"00:00:00",,POINT(-88.988 29.688),USMCOB-RC12026
USMCOB,"WEST END OF SHIP ISLAND, MS",30.21,-88.964,0.76,,FL,0.84,TL,1992-06-10 00:00:00.000,USM,1,USMCOB-RC12029,2026-05-05 00:00:00.000,UTC,1992,6,10,162,"00:00:00",,POINT(-88.964 30.21),USMCOB-RC12029
USMCOB,"SHIP ISLAND PASS, MS",30.228,-89.019,,,,,,1992-07-05 00:00:00.000,USM,2,USMCOB-RC12029,2026-05-05 00:00:00.000,UTC,1992,7,5,187,"00:00:00",,POINT(-89.019 30.228),USMCOB-RC12029
USMCOB,"WEST END OF SHIP ISLAND, MS",30.21,-88.964,0.76,,FL,0.85,TL,1992-06-15 00:00:00.000,USM,1,USMCOB-RC12031,2026-05-05 00:00:00.000,UTC,1992,6,15,167,"00:00:00",,POINT(-88.964 30.21),USMCOB-RC12031
USMCOB,"NORTH OF SHIP ISLAND, MS",30.213,-88.966,,,,,,1992-08-25 00:00:00.000,USM,2,USMCOB-RC12031,2026-05-05 00:00:00.000,UTC,1992,8,25,238,"00:00:00",,POINT(-88.966 30.213),USMCOB-RC12031
USMCOB,"S. OF HORN ISLAND, MS",30.239,-88.749,0.64,,FL,0.69,TL,1992-05-01 00:00:00.000,USM,1,USMCOB-RC12076,2026-05-05 00:00:00.000,UTC,1992,5,1,122,"00:00:00",,POINT(-88.749 30.239),USMCOB-RC12076
USMCOB,"S. OF W. END DAUPHIN ISL., LA",30.208,-88.306,0.69,,FL,0.76,TL,1992-06-17 00:00:00.000,USM,2,USMCOB-RC12076,2026-05-05 00:00:00.000,UTC,1992,6,17,169,"00:00:00",,POINT(-88.306 30.208),USMCOB-RC12076
USMCOB,"HORN ISLAND BUOY, MS",30.2,-88.7,0.58,,FL,0.65,TL,1993-07-10 00:00:00.000,USM,1,USMCOB-RC12094,2026-05-05 00:00:00.000,UTC,1993,7,10,191,"00:00:00",,POINT(-88.7 30.2),USMCOB-RC12094
USMCOB,"HORN ISL., MS (FAREWELL BUOY)",30.215,-88.791,0.61,,FL,0.68,TL,1993-07-22 00:00:00.000,USM,2,USMCOB-RC12094,2026-05-05 00:00:00.000,UTC,1993,7,22,203,"00:00:00",,POINT(-88.791 30.215),USMCOB-RC12094
USMCOB,"OFF HORN ISLAND, MS",30.239,-88.749,0.81,,FL,0.89,TL,1993-04-29 00:00:00.000,USM,1,USMCOB-RC12095,2026-05-05 00:00:00.000,UTC,1993,4,29,119,"00:00:00",,POINT(-88.749 30.239),USMCOB-RC12095
USMCOB,"Pensacola Pier, FL",30.333,-87.15,,,,,,1995-04-22 00:00:00.000,USM,2,USMCOB-RC12095,2026-05-05 00:00:00.000,UTC,1995,4,22,112,"00:00:00",,POINT(-87.15 30.333),USMCOB-RC12095
USMCOB,"1.5 Mi E Pensacola Pass FL",30.313,-87.275,0.86,,FL,0.94,TL,1996-05-01 00:00:00.000,USM,1,USMCOB-RC12202,2026-05-05 00:00:00.000,UTC,1996,5,1,122,"00:00:00",,POINT(-87.275 30.313),USMCOB-RC12202
USMCOB,"30 Mi S Dauphin Island, AL",29.807,-88.215,0.86,,FL,0.94,TL,1996-05-19 00:00:00.000,USM,2,USMCOB-RC12202,2026-05-05 00:00:00.000,UTC,1996,5,19,140,"00:00:00",,POINT(-88.215 29.807),USMCOB-RC12202
USMCOB,"1.5 Mi E Pensacola Pass FL",30.313,-87.275,0.89,,FL,0.97,TL,1996-05-01 00:00:00.000,USM,1,USMCOB-RC12204,2026-05-05 00:00:00.000,UTC,1996,5,1,122,"00:00:00",,POINT(-87.275 30.313),USMCOB-RC12204
USMCOB,"Pensacola Beach, 47 Miles Offs",29.651,-87.051,0.99,,FL,,,1997-06-22 00:00:00.000,USM,2,USMCOB-RC12204,2026-05-05 00:00:00.000,UTC,1997,6,22,173,"00:00:00",,POINT(-87.051 29.651),USMCOB-RC12204
USMCOB,"#6 BUOY, HORN ISL. PASS, MS",30.319,-88.775,0.64,,FL,0.69,TL,1992-08-16 00:00:00.000,USM,1,USMCOB-RC12217,2026-05-05 00:00:00.000,UTC,1992,8,16,229,"00:00:00",,POINT(-88.775 30.319),USMCOB-RC12217
USMCOB,"OFF FOUCHON, LA, BLOCK 226",28.402,-90.268,,,,,,1994-04-26 00:00:00.000,USM,2,USMCOB-RC12217,2026-05-05 00:00:00.000,UTC,1994,4,26,116,"00:00:00",,POINT(-90.268 28.402),USMCOB-RC12217
USMCOB,off Pensacola,30.315,-87.203,0.64,,FL,,,2000-07-04 00:00:00.000,USM,1,USMCOB-RC12239,2026-05-05 00:00:00.000,UTC,2000,7,4,186,"00:00:00",,POINT(-87.203 30.315),USMCOB-RC12239
USMCOB,"27 ml NE of Pt. Canaveral",28.658,-80.244,1.07,,TL,,,2002-08-31 00:00:00.000,USM,2,USMCOB-RC12239,2026-05-05 00:00:00.000,UTC,2002,8,31,243,"00:00:00",,POINT(-80.244 28.658),USMCOB-RC12239
USMCOB,"MAIN PASS 7, LA",29.639,-88.881,0.77,,FL,0.84,TL,1993-07-16 00:00:00.000,USM,1,USMCOB-RC12256,2026-05-05 00:00:00.000,UTC,1993,7,16,197,"00:00:00",,POINT(-88.881 29.639),USMCOB-RC12256
USMCOB,"80 Mi SW of Terrebonne Bay LA",28.276,-91.521,1.09,,FL,1.19,TL,1996-07-08 00:00:00.000,USM,2,USMCOB-RC12256,2026-05-05 00:00:00.000,UTC,1996,7,8,190,"00:00:00",,POINT(-91.521 28.276),USMCOB-RC12256
USMCOB,MAIN PASS 92  2937.9 / 8850.7,29.632,-88.846,0.76,,FL,0.84,TL,1993-08-17 00:00:00.000,USM,1,USMCOB-RC12265,2026-05-05 00:00:00.000,UTC,1993,8,17,229,"00:00:00",,POINT(-88.846 29.632),USMCOB-RC12265
USMCOB,"CURLEW RIGS, S. OF CHAND., LA",29.543,-88.668,0.79,,FL,0.89,TL,1994-07-01 00:00:00.000,USM,2,USMCOB-RC12265,2026-05-05 00:00:00.000,UTC,1994,7,1,182,"00:00:00",,POINT(-88.668 29.543),USMCOB-RC12265
USMCOB,"S. OF HORN ISLAND, MS",30.239,-88.749,0.58,,FL,,,1992-05-01 00:00:00.000,USM,1,USMCOB-RC12354,2026-05-05 00:00:00.000,UTC,1992,5,1,122,"00:00:00",,POINT(-88.749 30.239),USMCOB-RC12354
USMCOB,MAIN P. AREA (12249.5/46935.7),29.63833,-88.90167,0.71,,FL,0.76,TL,1992-08-09 00:00:00.000,USM,2,USMCOB-RC12354,2026-05-05 00:00:00.000,UTC,1992,8,9,222,"00:00:00",,POINT(-88.90167 29.63833),USMCOB-RC12354
USMCOB,"PIER OFF KILL DEVIL HILLS, NC",35.911,-75.6,0.58,,FL,0.65,TL,1994-09-16 00:00:00.000,USM,1,USMCOB-RC12408,2026-05-05 00:00:00.000,UTC,1994,9,16,259,"00:00:00",,POINT(-75.6 35.911),USMCOB-RC12408
USMCOB,"Near Cape Charles, VA",37.265,-76.025,1.12,,TL,,,1996-09-16 00:00:00.000,USM,2,USMCOB-RC12408,2026-05-05 00:00:00.000,UTC,1996,9,16,260,"00:00:00",,POINT(-76.025 37.265),USMCOB-RC12408
USMCOB,"7MI WSW PERDIDO PASS BUOY, AL",30.211125,-87.660774,0.64,,FL,0.72,TL,1992-08-06 00:00:00.000,USM,1,USMCOB-RC12476,2026-05-05 00:00:00.000,UTC,1992,8,6,219,"00:00:00",,POINT(-87.660774 30.211125),USMCOB-RC12476
USMCOB,"MOBILE SHIP CHANNEL, AL",,,1.02,,TL,,,1994-05-18 00:00:00.000,USM,2,USMCOB-RC12476,2026-05-05 00:00:00.000,UTC,1994,5,18,138,"00:00:00",,POINT(nan nan),USMCOB-RC12476
USMCOB,"MEXICO BEACH, FL",29.946,-85.419,0.71,,FL,0.76,TL,1992-07-06 00:00:00.000,USM,1,USMCOB-RC12505,2026-05-05 00:00:00.000,UTC,1992,7,6,188,"00:00:00",,POINT(-85.419 29.946),USMCOB-RC12505
USMCOB,WEST OF PENSACOLA PIER,30.327,-87.144,1.19,,TL,,,1994-04-16 00:00:00.000,USM,2,USMCOB-RC12505,2026-05-05 00:00:00.000,UTC,1994,4,16,106,"00:00:00",,POINT(-87.144 30.327),USMCOB-RC12505
USMCOB,"OFF MEXICO BEACH, FL",29.946,-85.419,0.61,,FL,0.64,TL,1992-09-01 00:00:00.000,USM,1,USMCOB-RC12516,2026-05-05 00:00:00.000,UTC,1992,9,1,245,"00:00:00",,POINT(-85.419 29.946),USMCOB-RC12516
USMCOB,"OFF MEXICO BEACH, FL",29.946,-85.419,0.64,,TL,,,1992-09-09 00:00:00.000,USM,2,USMCOB-RC12516,2026-05-05 00:00:00.000,UTC,1992,9,9,253,"00:00:00",,POINT(-85.419 29.946),USMCOB-RC12516
USMCOB,FH-2 (OFF MS),30.085,-88.56,0.67,,FL,0.74,TL,1992-09-01 00:00:00.000,USM,1,USMCOB-RC12558,2026-05-05 00:00:00.000,UTC,1992,9,1,245,"00:00:00",,POINT(-88.56 30.085),USMCOB-RC12558
USMCOB,"Lantana, FL South of Palm Bch",26.584,-80.036,1.19,,TL,,,1996-01-30 00:00:00.000,USM,2,USMCOB-RC12558,2026-05-05 00:00:00.000,UTC,1996,1,30,30,"00:00:00",,POINT(-80.036 26.584),USMCOB-RC12558
USMCOB,"3 MILES S. SQUASH CHANNEL, MS",30.245,-88.829,0.27,,FL,0.28,TL,1992-08-10 00:00:00.000,USM,1,USMCOB-RC12580,2026-05-05 00:00:00.000,UTC,1992,8,10,223,"00:00:00",,POINT(-88.829 30.245),USMCOB-RC12580
USMCOB,"OFF HIGH ISLAND, TEXAS",29.55,-94.385,0.86,,TL,,,1993-05-29 00:00:00.000,USM,2,USMCOB-RC12580,2026-05-05 00:00:00.000,UTC,1993,5,29,149,"00:00:00",,POINT(-94.385 29.55),USMCOB-RC12580
USMCOB,"WEST END OF SHIP ISLAND, MS",30.21,-88.964,0.66,,FL,0.74,TL,1993-07-28 00:00:00.000,USM,1,USMCOB-RC12586,2026-05-05 00:00:00.000,UTC,1993,7,28,209,"00:00:00",,POINT(-88.964 30.21),USMCOB-RC12586
USMCOB,"ANCLOTE KEY, FL(NEAR TARPON SP",28.188,-82.846,0.75,,FL,,,1993-10-17 00:00:00.000,USM,2,USMCOB-RC12586,2026-05-05 00:00:00.000,UTC,1993,10,17,290,"00:00:00",,POINT(-82.846 28.188),USMCOB-RC12586
USMCOB,"WEST END OF SHIP ISLAND, MS",30.21,-88.964,0.56,,FL,0.61,TL,1993-07-19 00:00:00.000,USM,1,USMCOB-RC12592,2026-05-05 00:00:00.000,UTC,1993,7,19,200,"00:00:00",,POINT(-88.964 30.21),USMCOB-RC12592
USMCOB,"N. OF BIG PINE KEY, FL (KEYS)",24.659,-81.356,0.91,,FL,,,1994-06-01 00:00:00.000,USM,2,USMCOB-RC12592,2026-05-05 00:00:00.000,UTC,1994,6,1,152,"00:00:00",,POINT(-81.356 24.659),USMCOB-RC12592
USMCOB,"WEST END OF SHIP ISLAND, MS",30.21,-88.964,0.53,,FL,0.58,TL,1993-07-19 00:00:00.000,USM,1,USMCOB-RC12593,2026-05-05 00:00:00.000,UTC,1993,7,19,200,"00:00:00",,POINT(-88.964 30.21),USMCOB-RC12593
USMCOB,"SHIP IS PASS, MS (GULF)",30.228,-89.019,0.64,,FL,,,1993-09-24 00:00:00.000,USM,2,USMCOB-RC12593,2026-05-05 00:00:00.000,UTC,1993,9,24,267,"00:00:00",,POINT(-89.019 30.228),USMCOB-RC12593
USMCOB,"WEST END OF SHIP ISLAND, MS",30.21,-88.964,,,,,,1992-08-08 00:00:00.000,USM,1,USMCOB-RC12597,2026-05-05 00:00:00.000,UTC,1992,8,8,221,"00:00:00",,POINT(-88.964 30.21),USMCOB-RC12597
USMCOB,"SE BARATARIA BAY, LA (MP 299)",29.266,-88.762,0.95,,TL,,,1993-02-28 00:00:00.000,USM,2,USMCOB-RC12597,2026-05-05 00:00:00.000,UTC,1993,2,28,59,"00:00:00",,POINT(-88.762 29.266),USMCOB-RC12597
USMCOB,"NW OF JOHNSTON KEY, FL (GULF)",24.725,-81.597,0.81,,FL,0.89,TL,1992-10-25 00:00:00.000,USM,1,USMCOB-RC12651,2026-05-05 00:00:00.000,UTC,1992,10,25,299,"00:00:00",,POINT(-81.597 24.725),USMCOB-RC12651
USMCOB,"10MI. N. OF KEY WEST, FL--GULF",24.709,-81.787,0.86,,FL,0.91,TL,1993-01-14 00:00:00.000,USM,2,USMCOB-RC12651,2026-05-05 00:00:00.000,UTC,1993,1,14,14,"00:00:00",,POINT(-81.787 24.709),USMCOB-RC12651
USMCOB,"OFF SUGARLOAF KEY,FL -GULFSIDE",24.658,-81.579,0.76,,FL,0.84,TL,1993-12-20 00:00:00.000,USM,1,USMCOB-RC12665,2026-05-05 00:00:00.000,UTC,1993,12,20,354,"00:00:00",,POINT(-81.579 24.658),USMCOB-RC12665
USMCOB,"CROOKED ISLAND,PANAMA CITY,FL",29.955,-85.456,0.84,,TL,,,1994-04-25 00:00:00.000,USM,2,USMCOB-RC12665,2026-05-05 00:00:00.000,UTC,1994,4,25,115,"00:00:00",,POINT(-85.456 29.955),USMCOB-RC12665
USMCOB,"MP BLOCK 102, OFF LA",29.607,-88.797,0.6,,FL,0.69,TL,1993-07-03 00:00:00.000,USM,1,USMCOB-RC12693,2026-05-05 00:00:00.000,UTC,1993,7,3,184,"00:00:00",,POINT(-88.797 29.607),USMCOB-RC12693
USMCOB,"Off Venice, LA",29.274,-89.345,0.94,,FL,,,1995-06-30 00:00:00.000,USM,2,USMCOB-RC12693,2026-05-05 00:00:00.000,UTC,1995,6,30,181,"00:00:00",,POINT(-89.345 29.274),USMCOB-RC12693
USMCOB,"MEXICO BEACH, FL",29.946,-85.419,0.71,,FL,0.81,TL,1992-10-16 00:00:00.000,USM,1,USMCOB-RC12741,2026-05-05 00:00:00.000,UTC,1992,10,16,290,"00:00:00",,POINT(-85.419 29.946),USMCOB-RC12741
USMCOB,"OFF JUPITER, FL",26.944,-80.07,0.9,,TL,,,1993-01-17 00:00:00.000,USM,2,USMCOB-RC12741,2026-05-05 00:00:00.000,UTC,1993,1,17,17,"00:00:00",,POINT(-80.07 26.944),USMCOB-RC12741
USMCOB,"12255.5 / 46917.3, MP RIG",29.56667,-88.89833,0.64,,FL,0.7,TL,1993-08-29 00:00:00.000,USM,1,USMCOB-RC12767,2026-05-05 00:00:00.000,UTC,1993,8,29,241,"00:00:00",,POINT(-88.89833 29.56667),USMCOB-RC12767
USMCOB,"Buoy 19 Breton Sound, LA",29.514,-89.154,0.99,,FL,,,1995-07-31 00:00:00.000,USM,2,USMCOB-RC12767,2026-05-05 00:00:00.000,UTC,1995,7,31,212,"00:00:00",,POINT(-89.154 29.514),USMCOB-RC12767
USMCOB,"CHANDELEUR ISLANDS, OFF LA",29.819,-88.836,,,,,,1992-07-01 00:00:00.000,USM,1,USMCOB-RC12850,2026-05-05 00:00:00.000,UTC,1992,7,1,183,"00:00:00",,POINT(-88.836 29.819),USMCOB-RC12850
USMCOB,"SOUTH OF HORN ISLAND, MS",30.239,-88.749,0.97,,FL,1.08,TL,1993-08-21 00:00:00.000,USM,2,USMCOB-RC12850,2026-05-05 00:00:00.000,UTC,1993,8,21,233,"00:00:00",,POINT(-88.749 30.239),USMCOB-RC12850
USMCOB,"28 40 05 / 90 14 79",28.668056,-90.255278,0.76,,FL,0.81,TL,1992-08-13 00:00:00.000,USM,1,USMCOB-RC12856,2026-05-05 00:00:00.000,UTC,1992,8,13,226,"00:00:00",,POINT(-90.255278 28.668056),USMCOB-RC12856
USMCOB,MAIN PASS 107,29.55,-88.71,0.88,,FL,0.98,TL,1994-09-22 00:00:00.000,USM,2,USMCOB-RC12856,2026-05-05 00:00:00.000,UTC,1994,9,22,265,"00:00:00",,POINT(-88.71 29.55),USMCOB-RC12856
USMCOB,"12600 / 46850",29.21167,-88.29,1.09,,TL,,,1992-05-01 00:00:00.000,USM,1,USMCOB-RC12900,2026-05-05 00:00:00.000,UTC,1992,5,1,122,"00:00:00",,POINT(-88.29 29.21167),USMCOB-RC12900
USMCOB,NEAR 12600/46850,29.38,-88.288,1.02,,FL,1.14,TL,1992-05-02 00:00:00.000,USM,2,USMCOB-RC12900,2026-05-05 00:00:00.000,UTC,1992,5,2,123,"00:00:00",,POINT(-88.288 29.38),USMCOB-RC12900
USMCOB,"OFF MOBILE, AL",30.638,-88.025,0.66,,TL,,,1992-05-04 00:00:00.000,USM,1,USMCOB-RC12907,2026-05-05 00:00:00.000,UTC,1992,5,4,125,"00:00:00",,POINT(-88.025 30.638),USMCOB-RC12907
USMCOB,"Ship Shoal Block 208, LA?",28.537,-90.92,1.02,,TL,,,1994-05-04 00:00:00.000,USM,2,USMCOB-RC12907,2026-05-05 00:00:00.000,UTC,1994,5,4,124,"00:00:00",,POINT(-90.92 28.537),USMCOB-RC12907
USMCOB,"South of MOBILE, AL",30.428,-88.015,0.84,,TL,,,1992-04-07 00:00:00.000,USM,1,USMCOB-RC12915,2026-05-05 00:00:00.000,UTC,1992,4,7,98,"00:00:00",,POINT(-88.015 30.428),USMCOB-RC12915
USMCOB,"50 Mi S Horn Island, MS",29.499,-88.672,,,,,,1997-06-08 00:00:00.000,USM,2,USMCOB-RC12915,2026-05-05 00:00:00.000,UTC,1997,6,8,159,"00:00:00",,POINT(-88.672 29.499),USMCOB-RC12915
USMCOB,"OFF MOBILE, AL",30.638,-88.025,0.84,,TL,,,1992-04-07 00:00:00.000,USM,1,USMCOB-RC12917,2026-05-05 00:00:00.000,UTC,1992,4,7,98,"00:00:00",,POINT(-88.025 30.638),USMCOB-RC12917
USMCOB,"5-10MI S OF FORT MORGAN, AL",30.112,-88.025,1.02,,TL,,,1992-05-05 00:00:00.000,USM,2,USMCOB-RC12917,2026-05-05 00:00:00.000,UTC,1992,5,5,126,"00:00:00",,POINT(-88.025 30.112),USMCOB-RC12917
USMCOB,"MOBILE, AL",30.428,-88.015,0.71,,TL,,,1992-05-07 00:00:00.000,USM,1,USMCOB-RC12918,2026-05-05 00:00:00.000,UTC,1992,5,7,128,"00:00:00",,POINT(-88.015 30.428),USMCOB-RC12918
USMCOB,"8MI S OF ORANGE BEACH, AL",30.15,-87.585,0.84,,FL,,,1992-10-10 00:00:00.000,USM,2,USMCOB-RC12918,2026-05-05 00:00:00.000,UTC,1992,10,10,284,"00:00:00",,POINT(-87.585 30.15),USMCOB-RC12918
USMCOB,"Orange Beach, AL",30.267,-87.585,0.64,,TL,,,1995-04-16 00:00:00.000,USM,1,USMCOB-RC12933,2026-05-05 00:00:00.000,UTC,1995,4,16,106,"00:00:00",,POINT(-87.585 30.267),USMCOB-RC12933
USMCOB,"5 Mi South Dauphin Island AL",30.174,-88.215,0.91,,TL,,,1996-07-07 00:00:00.000,USM,2,USMCOB-RC12933,2026-05-05 00:00:00.000,UTC,1996,7,7,189,"00:00:00",,POINT(-88.215 30.174),USMCOB-RC12933
USMCOB,"Orange Beach, AL",30.267,-87.585,0.41,,TL,,,1995-04-12 00:00:00.000,USM,1,USMCOB-RC12934,2026-05-05 00:00:00.000,UTC,1995,4,12,102,"00:00:00",,POINT(-87.585 30.267),USMCOB-RC12934
USMCOB,"3Mi off Calda Channel,Key West",24.663,-81.85,0.9,,FL,,,1996-02-14 00:00:00.000,USM,2,USMCOB-RC12934,2026-05-05 00:00:00.000,UTC,1996,2,14,45,"00:00:00",,POINT(-81.85 24.663),USMCOB-RC12934
USMCOB,"Orange Beach, AL",30.267,-87.585,1.14,,TL,,,1995-05-05 00:00:00.000,USM,1,USMCOB-RC12946,2026-05-05 00:00:00.000,UTC,1995,5,5,125,"00:00:00",,POINT(-87.585 30.267),USMCOB-RC12946
USMCOB,"Destin, FL (East Pass)",30.383,-86.51,1.37,,FL,1.52,TL,1998-04-22 00:00:00.000,USM,2,USMCOB-RC12946,2026-05-05 00:00:00.000,UTC,1998,4,22,112,"00:00:00",,POINT(-86.51 30.383),USMCOB-RC12946
USMCOB,Ship Island Channel,30.24,-89.0,0.46,,TL,,,1996-08-09 00:00:00.000,USM,1,USMCOB-RC12961,2026-05-05 00:00:00.000,UTC,1996,8,9,222,"00:00:00",,POINT(-89.0 30.24),USMCOB-RC12961
USMCOB,"Main Pass rig 41, off MS R.,LA",29.478,-88.99,0.96,,FL,1.06,TL,1997-09-14 00:00:00.000,USM,2,USMCOB-RC12961,2026-05-05 00:00:00.000,UTC,1997,9,14,257,"00:00:00",,POINT(-88.99 29.478),USMCOB-RC12961
USMCOB,"ORANGE BEACH, AL",30.267,-87.585,0.94,,TL,,,1992-06-10 00:00:00.000,USM,1,USMCOB-RC12984,2026-05-05 00:00:00.000,UTC,1992,6,10,162,"00:00:00",,POINT(-87.585 30.267),USMCOB-RC12984
USMCOB,"BLK 301, S. TIMBALIER, LA RIG",28.153,-90.683,,,,,,1993-05-18 00:00:00.000,USM,2,USMCOB-RC12984,2026-05-05 00:00:00.000,UTC,1993,5,18,138,"00:00:00",,POINT(-90.683 28.153),USMCOB-RC12984
USMCOB,"Navarre, FL",30.378,-86.862,0.81,,TL,,,1995-04-09 00:00:00.000,USM,1,USMCOB-RC12987,2026-05-05 00:00:00.000,UTC,1995,4,9,99,"00:00:00",,POINT(-86.862 30.378),USMCOB-RC12987
USMCOB,"45 Mi S. Ocean Springs, MS",29.75,-88.829,1.03,,TL,,,1995-06-03 00:00:00.000,USM,2,USMCOB-RC12987,2026-05-05 00:00:00.000,UTC,1995,6,3,154,"00:00:00",,POINT(-88.829 29.75),USMCOB-RC12987
USMCOB,Navarre/Ft. Walton Beach FL,30.385,-86.745,1.02,,TL,,,1995-04-07 00:00:00.000,USM,1,USMCOB-RC12991,2026-05-05 00:00:00.000,UTC,1995,4,7,97,"00:00:00",,POINT(-86.745 30.385),USMCOB-RC12991
USMCOB,"1 ml W of Ft Walton Beach",30.394,-86.634,1.38,,FL,,,2000-04-26 00:00:00.000,USM,2,USMCOB-RC12991,2026-05-05 00:00:00.000,UTC,2000,4,26,117,"00:00:00",,POINT(-86.634 30.394),USMCOB-RC12991
USMCOB,Ft. Walton Beach FL,30.39,-86.6,0.86,,TL,,,1995-04-08 00:00:00.000,USM,1,USMCOB-RC12994,2026-05-05 00:00:00.000,UTC,1995,4,8,98,"00:00:00",,POINT(-86.6 30.39),USMCOB-RC12994
USMCOB,"4Mi ESt.Lucie Inlet, Stuart FL",27.164,-80.084,1.07,,TL,,,1996-02-27 00:00:00.000,USM,2,USMCOB-RC12994,2026-05-05 00:00:00.000,UTC,1996,2,27,58,"00:00:00",,POINT(-80.084 27.164),USMCOB-RC12994
USMCOB,"BRETON SOUND, OFF LA",29.5,-89.25,0.74,,FL,0.81,TL,1993-08-20 00:00:00.000,USM,1,USMCOB-RC13001,2026-05-05 00:00:00.000,UTC,1993,8,20,232,"00:00:00",,POINT(-89.25 29.5),USMCOB-RC13001
USMCOB,"Near Curlew Rigs, LA",29.543,-88.668,0.94,,FL,1.04,TL,1995-09-16 00:00:00.000,USM,2,USMCOB-RC13001,2026-05-05 00:00:00.000,UTC,1995,9,16,259,"00:00:00",,POINT(-88.668 29.543),USMCOB-RC13001
USMCOB,"18MI. S OF FREEPORT, TX",28.672129,-95.306383,0.58,,FL,,,1994-07-09 00:00:00.000,USM,1,USMCOB-RC13152,2026-05-05 00:00:00.000,UTC,1994,7,9,190,"00:00:00",,POINT(-95.306383 28.672129),USMCOB-RC13152
USMCOB,Sargent Texas,28.752,-95.657,0.66,,TL,,,1995-04-15 00:00:00.000,USM,2,USMCOB-RC13152,2026-05-05 00:00:00.000,UTC,1995,4,15,105,"00:00:00",,POINT(-95.657 28.752),USMCOB-RC13152
USMCOB,"W OF SHIP ISL. AT GAS PIPE, MS",30.228,-89.012,0.76,,FL,,,1993-07-29 00:00:00.000,USM,1,USMCOB-RC13177,2026-05-05 00:00:00.000,UTC,1993,7,29,210,"00:00:00",,POINT(-89.012 30.228),USMCOB-RC13177
USMCOB,"LOWER MATECUMBE KEY, FL",24.862,-80.718,0.89,,FL,0.99,TL,1993-12-29 00:00:00.000,USM,2,USMCOB-RC13177,2026-05-05 00:00:00.000,UTC,1993,12,29,363,"00:00:00",,POINT(-80.718 24.862),USMCOB-RC13177
USMCOB,"BRETON ISLAND, LA",29.464,-89.199,0.64,,FL,0.69,TL,1992-08-13 00:00:00.000,USM,1,USMCOB-RC13206,2026-05-05 00:00:00.000,UTC,1992,8,13,226,"00:00:00",,POINT(-89.199 29.464),USMCOB-RC13206
USMCOB,"OFF BOYNTON INLET, E. COAST,FL",26.545,-80.04,,,,,,1993-05-21 00:00:00.000,USM,2,USMCOB-RC13206,2026-05-05 00:00:00.000,UTC,1993,5,21,141,"00:00:00",,POINT(-80.04 26.545),USMCOB-RC13206
USMCOB,BRETON ISL. RIGS 29.27N/89.02W,29.45,-89.03,0.53,,FL,0.58,TL,1992-08-13 00:00:00.000,USM,1,USMCOB-RC13211,2026-05-05 00:00:00.000,UTC,1992,8,13,226,"00:00:00",,POINT(-89.03 29.45),USMCOB-RC13211
USMCOB,"29'52N 88'W Supertanker",29.866667,-88.0,0.9,,FL,,,1995-06-20 00:00:00.000,USM,2,USMCOB-RC13211,2026-05-05 00:00:00.000,UTC,1995,6,20,171,"00:00:00",,POINT(-88.0 29.866667),USMCOB-RC13211
USMCOB,"MP 990, LA",,,0.51,,FL,0.56,TL,1995-06-08 00:00:00.000,USM,1,USMCOB-RC13342,2026-05-05 00:00:00.000,UTC,1995,6,8,159,"00:00:00",,POINT(nan nan),USMCOB-RC13342
USMCOB,"Petit Bois Rigs, MS",30.115,-88.45,0.58,,TL,,,1995-07-18 00:00:00.000,USM,2,USMCOB-RC13342,2026-05-05 00:00:00.000,UTC,1995,7,18,199,"00:00:00",,POINT(-88.45 30.115),USMCOB-RC13342
USMCOB,"KEY WEST, FL (GARDNER WRECK)",24.5,-81.6,0.79,,FL,0.88,TL,1993-02-13 00:00:00.000,USM,1,USMCOB-RC13453,2026-05-05 00:00:00.000,UTC,1993,2,13,44,"00:00:00",,POINT(-81.6 24.5),USMCOB-RC13453
USMCOB,N. OF FLA. BAY (GULF OF MEICO),,,0.95,,FL,,,1994-10-27 00:00:00.000,USM,2,USMCOB-RC13453,2026-05-05 00:00:00.000,UTC,1994,10,27,300,"00:00:00",,POINT(nan nan),USMCOB-RC13453
USMCOB,"WRECK OFF KEY WEST, FL",24.5,-81.6,0.81,,FL,0.91,TL,1993-08-14 00:00:00.000,USM,1,USMCOB-RC13469,2026-05-05 00:00:00.000,UTC,1993,8,14,226,"00:00:00",,POINT(-81.6 24.5),USMCOB-RC13469
USMCOB,OFF KEY WEST (GULF SIDE),24.57,-81.79,1.09,,TL,,,1994-04-24 00:00:00.000,USM,2,USMCOB-RC13469,2026-05-05 00:00:00.000,UTC,1994,4,24,114,"00:00:00",,POINT(-81.79 24.57),USMCOB-RC13469
USMCOB,"KEY WEST, FL(MIKE&SUSIE WRECK)",24.5,-81.6,0.84,,FL,0.93,TL,1993-02-17 00:00:00.000,USM,1,USMCOB-RC13476,2026-05-05 00:00:00.000,UTC,1993,2,17,48,"00:00:00",,POINT(-81.6 24.5),USMCOB-RC13476
USMCOB,"PENSACOLA PASS, FL",30.326,-87.307,0.95,,FL,,,1993-10-06 00:00:00.000,USM,2,USMCOB-RC13476,2026-05-05 00:00:00.000,UTC,1993,10,6,279,"00:00:00",,POINT(-87.307 30.326),USMCOB-RC13476
USMCOB,"KEY WEST, FL WRK OF THE CHRIS",24.5,-81.6,0.8,,FL,0.86,TL,1993-01-04 00:00:00.000,USM,1,USMCOB-RC13490,2026-05-05 00:00:00.000,UTC,1993,1,4,4,"00:00:00",,POINT(-81.6 24.5),USMCOB-RC13490
USMCOB,"SAWYER KEY(FL KEYS),GUNBAR WRK",24.92,-81.792,0.91,,FL,,,1994-02-24 00:00:00.000,USM,2,USMCOB-RC13490,2026-05-05 00:00:00.000,UTC,1994,2,24,55,"00:00:00",,POINT(-81.792 24.92),USMCOB-RC13490
USMCOB,"KEY WEST, FL WRK OF THE CHRIS",24.5,-81.6,0.76,,FL,0.85,TL,1993-01-04 00:00:00.000,USM,1,USMCOB-RC13493,2026-05-05 00:00:00.000,UTC,1993,1,4,4,"00:00:00",,POINT(-81.6 24.5),USMCOB-RC13493
USMCOB,"35 MI.OFF MERMANTAU RIVER,LA",29.26,-93.232,1.07,,FL,1.14,TL,1994-05-21 00:00:00.000,USM,2,USMCOB-RC13493,2026-05-05 00:00:00.000,UTC,1994,5,21,141,"00:00:00",,POINT(-93.232 29.26),USMCOB-RC13493
USMCOB,"13 MI. WEST OF KEY WEST, FL",24.546,-82.021,0.84,,FL,0.94,TL,1994-01-30 00:00:00.000,USM,1,USMCOB-RC13502,2026-05-05 00:00:00.000,UTC,1994,1,30,30,"00:00:00",,POINT(-82.021 24.546),USMCOB-RC13502
USMCOB,"13 MI. W. OF KEY WEST, FL",24.546,-82.021,0.84,,FL,0.94,TL,1994-02-06 00:00:00.000,USM,2,USMCOB-RC13502,2026-05-05 00:00:00.000,UTC,1994,2,6,37,"00:00:00",,POINT(-82.021 24.546),USMCOB-RC13502
USMCOB,"13 MI. WEST OF KEY WEST, FL",24.546,-82.021,0.75,,FL,0.86,TL,1994-01-30 00:00:00.000,USM,1,USMCOB-RC13504,2026-05-05 00:00:00.000,UTC,1994,1,30,30,"00:00:00",,POINT(-82.021 24.546),USMCOB-RC13504
USMCOB,"13 MILES W. OF KEY WEST, FL",24.546,-82.021,0.76,,FL,0.86,TL,1994-02-06 00:00:00.000,USM,2,USMCOB-RC13504,2026-05-05 00:00:00.000,UTC,1994,2,6,37,"00:00:00",,POINT(-82.021 24.546),USMCOB-RC13504
USMCOB,"7 MI. W. OF KEY WEST, FL",24.557,-81.926,0.75,,FL,0.86,TL,1994-04-09 00:00:00.000,USM,1,USMCOB-RC13505,2026-05-05 00:00:00.000,UTC,1994,4,9,99,"00:00:00",,POINT(-81.926 24.557),USMCOB-RC13505
USMCOB,"7 MI. WEST OF KEY WEST, FL",24.557,-81.926,0.76,,FL,0.86,TL,1994-04-09 00:00:00.000,USM,2,USMCOB-RC13505,2026-05-05 00:00:00.000,UTC,1994,4,9,99,"00:00:00",,POINT(-81.926 24.557),USMCOB-RC13505
USMCOB,"BLOCK NO.95, OFF LA",29.626,-88.706,0.89,,FL,0.94,TL,1994-05-14 00:00:00.000,USM,1,USMCOB-RC13549,2026-05-05 00:00:00.000,UTC,1994,5,14,134,"00:00:00",,POINT(-88.706 29.626),USMCOB-RC13549
USMCOB,"S.PASS RIG #85A, OFF LA",28.734,-89.344,0.99,,TL,,,1994-05-27 00:00:00.000,USM,2,USMCOB-RC13549,2026-05-05 00:00:00.000,UTC,1994,5,27,147,"00:00:00",,POINT(-89.344 28.734),USMCOB-RC13549
USMCOB,"DESTIN, FL",30.38,-86.5,1.02,,FL,1.09,TL,1993-04-14 00:00:00.000,USM,1,USMCOB-RC13584,2026-05-05 00:00:00.000,UTC,1993,4,14,104,"00:00:00",,POINT(-86.5 30.38),USMCOB-RC13584
USMCOB,"BLOCK 127,M.R.G.O., LA",29.428,-88.85,1.02,,FL,,,1994-07-29 00:00:00.000,USM,2,USMCOB-RC13584,2026-05-05 00:00:00.000,UTC,1994,7,29,210,"00:00:00",,POINT(-88.85 29.428),USMCOB-RC13584
USMCOB,"DESTIN, FL",30.38,-86.5,0.84,,FL,0.91,TL,1993-04-25 00:00:00.000,USM,1,USMCOB-RC13589,2026-05-05 00:00:00.000,UTC,1993,4,25,115,"00:00:00",,POINT(-86.5 30.38),USMCOB-RC13589
USMCOB,"NAVARRE BEACH, FL",30.378,-86.862,1.12,,TL,,,1995-04-08 00:00:00.000,USM,2,USMCOB-RC13589,2026-05-05 00:00:00.000,UTC,1995,4,8,98,"00:00:00",,POINT(-86.862 30.378),USMCOB-RC13589
USMCOB,"DESTIN, FL",30.38,-86.5,0.86,,FL,0.94,TL,1993-04-27 00:00:00.000,USM,1,USMCOB-RC13590,2026-05-05 00:00:00.000,UTC,1993,4,27,117,"00:00:00",,POINT(-86.5 30.38),USMCOB-RC13590
USMCOB,"20 MI. S. PETIT BOIS ISL., MS",29.906,-88.463,1.02,,FL,,,1994-07-01 00:00:00.000,USM,2,USMCOB-RC13590,2026-05-05 00:00:00.000,UTC,1994,7,1,182,"00:00:00",,POINT(-88.463 29.906),USMCOB-RC13590
USMCOB,"DESTIN, FL",30.38,-86.5,0.84,,FL,0.91,TL,1993-04-25 00:00:00.000,USM,1,USMCOB-RC13593,2026-05-05 00:00:00.000,UTC,1993,4,25,115,"00:00:00",,POINT(-86.5 30.38),USMCOB-RC13593
USMCOB,"30 MI. S. OF GALVESTON, TEXAS",28.861,-94.753,1.17,,TL,,,1994-05-21 00:00:00.000,USM,2,USMCOB-RC13593,2026-05-05 00:00:00.000,UTC,1994,5,21,141,"00:00:00",,POINT(-94.753 28.861),USMCOB-RC13593
USMCOB,"6 miles South Orange Beach AL",30.178697,-87.585347,0.66,,FL,0.74,TL,1994-10-14 00:00:00.000,USM,1,USMCOB-RC13705,2026-05-05 00:00:00.000,UTC,1994,10,14,287,"00:00:00",,POINT(-87.585347 30.178697),USMCOB-RC13705
USMCOB,Key West Fl,24.563,-81.726,,,,,,1998-07-15 00:00:00.000,USM,2,USMCOB-RC13705,2026-05-05 00:00:00.000,UTC,1998,7,15,196,"00:00:00",,POINT(-81.726 24.563),USMCOB-RC13705
USMCOB,"CAPE CANAVERAL, FL",28.391,-80.594,0.86,,FL,0.94,TL,1993-03-27 00:00:00.000,USM,1,USMCOB-RC13775,2026-05-05 00:00:00.000,UTC,1993,3,27,86,"00:00:00",,POINT(-80.594 28.391),USMCOB-RC13775
USMCOB,"50 MI. SE. OF SOUTH PASS, LA",28.565,-88.603,0.86,,FL,,,1993-08-14 00:00:00.000,USM,2,USMCOB-RC13775,2026-05-05 00:00:00.000,UTC,1993,8,14,226,"00:00:00",,POINT(-88.603 28.565),USMCOB-RC13775
USMCOB,"MARCO ISLAND, FL",25.925,-81.74,0.83,,FL,0.93,TL,1992-11-22 00:00:00.000,USM,1,USMCOB-RC13804,2026-05-05 00:00:00.000,UTC,1992,11,22,327,"00:00:00",,POINT(-81.74 25.925),USMCOB-RC13804
USMCOB,"55 MI. S.E. OF GULFPORT, MS",29.847,-88.387,1.0,,TL,,,1993-05-29 00:00:00.000,USM,2,USMCOB-RC13804,2026-05-05 00:00:00.000,UTC,1993,5,29,149,"00:00:00",,POINT(-88.387 29.847),USMCOB-RC13804
USMCOB,"20MI. NORTH OF KEY WEST, FL",24.845615,-81.734318,0.97,,FL,,,1992-10-26 00:00:00.000,USM,1,USMCOB-RC13876,2026-05-05 00:00:00.000,UTC,1992,10,26,300,"00:00:00",,POINT(-81.734318 24.845615),USMCOB-RC13876
USMCOB,"KEY WEST, FL (GULF SIDE)",24.57,-81.79,1.22,,TL,,,1993-10-26 00:00:00.000,USM,2,USMCOB-RC13876,2026-05-05 00:00:00.000,UTC,1993,10,26,299,"00:00:00",,POINT(-81.79 24.57),USMCOB-RC13876
USMCOB,"20MI. NORTH OF KEY WEST, FL",24.845615,-81.734318,0.76,,FL,0.84,TL,1992-10-26 00:00:00.000,USM,1,USMCOB-RC13878,2026-05-05 00:00:00.000,UTC,1992,10,26,300,"00:00:00",,POINT(-81.734318 24.845615),USMCOB-RC13878
USMCOB,"W.OF MS RIV.,W. DEL.BLK,RIG 94",28.912,-89.784,1.04,,TL,,,1993-09-05 00:00:00.000,USM,2,USMCOB-RC13878,2026-05-05 00:00:00.000,UTC,1993,9,5,248,"00:00:00",,POINT(-89.784 28.912),USMCOB-RC13878
USMCOB,"20MI. NORTH OF KEY WEST, FL",24.845615,-81.734318,0.81,,FL,0.91,TL,1992-10-25 00:00:00.000,USM,1,USMCOB-RC13882,2026-05-05 00:00:00.000,UTC,1992,10,25,299,"00:00:00",,POINT(-81.734318 24.845615),USMCOB-RC13882
USMCOB,"OKALOOSA WALTON PIER, FL",30.39,-86.593,,,,,,1993-05-04 00:00:00.000,USM,2,USMCOB-RC13882,2026-05-05 00:00:00.000,UTC,1993,5,4,124,"00:00:00",,POINT(-86.593 30.39),USMCOB-RC13882
USMCOB,"KEY WEST, FL(CAPT CHRIS WRECK)",24.5,-81.6,0.69,,FL,0.79,TL,1993-01-13 00:00:00.000,USM,1,USMCOB-RC13886,2026-05-05 00:00:00.000,UTC,1993,1,13,13,"00:00:00",,POINT(-81.6 24.5),USMCOB-RC13886
USMCOB,"BIG PINE KEY, FL",24.659,-81.356,0.69,,FL,0.74,TL,1993-02-05 00:00:00.000,USM,2,USMCOB-RC13886,2026-05-05 00:00:00.000,UTC,1993,2,5,36,"00:00:00",,POINT(-81.356 24.659),USMCOB-RC13886
USMCOB,"OFF DOCTOR PASS, NAPLES, FL",26.174,-81.8145,0.84,,FL,0.9,TL,1993-09-13 00:00:00.000,USM,1,USMCOB-RC13908,2026-05-05 00:00:00.000,UTC,1993,9,13,256,"00:00:00",,POINT(-81.8145 26.174),USMCOB-RC13908
USMCOB,"KEY WEST, FL",24.563,-81.726,0.85,,FL,,,1994-02-26 00:00:00.000,USM,2,USMCOB-RC13908,2026-05-05 00:00:00.000,UTC,1994,2,26,57,"00:00:00",,POINT(-81.726 24.563),USMCOB-RC13908
USMCOB,"17 Mi N of Sawyer Key FL, Keys",24.993218,-81.566312,0.69,,FL,0.76,TL,1995-12-02 00:00:00.000,USM,1,USMCOB-RC13938,2026-05-05 00:00:00.000,UTC,1995,12,2,336,"00:00:00",,POINT(-81.566312 24.993218),USMCOB-RC13938
USMCOB,"24-56-290,81-46-374 SugarloafK",24.93817,-81.7729,0.97,,FL,1.04,TL,1997-08-04 00:00:00.000,USM,2,USMCOB-RC13938,2026-05-05 00:00:00.000,UTC,1997,8,4,216,"00:00:00",,POINT(-81.7729 24.93817),USMCOB-RC13938
USMCOB,"17 Mi N of Sawyer Key FL, Keys",24.993218,-81.566312,0.81,,FL,0.89,TL,1995-12-02 00:00:00.000,USM,1,USMCOB-RC13949,2026-05-05 00:00:00.000,UTC,1995,12,2,336,"00:00:00",,POINT(-81.566312 24.993218),USMCOB-RC13949
USMCOB,Pensacola Beach,30.333,-87.15,,,,,,1999-04-05 00:00:00.000,USM,2,USMCOB-RC13949,2026-05-05 00:00:00.000,UTC,1999,4,5,95,"00:00:00",,POINT(-87.15 30.333),USMCOB-RC13949
USMCOB,"10 MILES N OF KEY WEST, FL",24.709,-81.787,0.75,,FL,0.84,TL,1993-02-06 00:00:00.000,USM,1,USMCOB-RC13952,2026-05-05 00:00:00.000,UTC,1993,2,6,37,"00:00:00",,POINT(-81.787 24.709),USMCOB-RC13952
USMCOB,"10MI. N. OF KEY WEST, FL",24.709,-81.787,0.79,,FL,0.86,TL,1993-03-11 00:00:00.000,USM,2,USMCOB-RC13952,2026-05-05 00:00:00.000,UTC,1993,3,11,70,"00:00:00",,POINT(-81.787 24.709),USMCOB-RC13952
USMCOB,"10 MILES N OF KEY WEST, FL",24.709,-81.787,0.79,,FL,0.88,TL,1993-03-11 00:00:00.000,USM,1,USMCOB-RC13956,2026-05-05 00:00:00.000,UTC,1993,3,11,70,"00:00:00",,POINT(-81.787 24.709),USMCOB-RC13956
USMCOB,"10MI. N. OF KEY WEST, FL",24.709,-81.787,0.79,,FL,0.88,TL,1993-03-12 00:00:00.000,USM,2,USMCOB-RC13956,2026-05-05 00:00:00.000,UTC,1993,3,12,71,"00:00:00",,POINT(-81.787 24.709),USMCOB-RC13956
USMCOB,"KEY WEST, FL -GULFSIDE",24.57,-81.79,0.75,,FL,0.83,TL,1994-02-13 00:00:00.000,USM,1,USMCOB-RC13973,2026-05-05 00:00:00.000,UTC,1994,2,13,44,"00:00:00",,POINT(-81.79 24.57),USMCOB-RC13973
USMCOB,"TAMPA BAY, FL",27.757,-82.555,,,,,,1994-09-25 00:00:00.000,USM,2,USMCOB-RC13973,2026-05-05 00:00:00.000,UTC,1994,9,25,268,"00:00:00",,POINT(-82.555 27.757),USMCOB-RC13973
USMCOB,"10 Mi N of Key West",24.709,-81.787,0.81,,FL,0.9,TL,1995-12-03 00:00:00.000,USM,1,USMCOB-RC13984,2026-05-05 00:00:00.000,UTC,1995,12,3,337,"00:00:00",,POINT(-81.787 24.709),USMCOB-RC13984
USMCOB,"Panama City Beach, FL",30.212,-85.88,0.84,,FL,,,1996-04-29 00:00:00.000,USM,2,USMCOB-RC13984,2026-05-05 00:00:00.000,UTC,1996,4,29,120,"00:00:00",,POINT(-85.88 30.212),USMCOB-RC13984
USMCOB,"Destin, FL",30.38,-86.5,0.71,,FL,0.76,TL,1996-04-12 00:00:00.000,USM,1,USMCOB-RC14065,2026-05-05 00:00:00.000,UTC,1996,4,12,103,"00:00:00",,POINT(-86.5 30.38),USMCOB-RC14065
USMCOB,"30-04.46N 88-00.76W AL",30.074333,-88.012667,0.99,,TL,,,1996-09-08 00:00:00.000,USM,2,USMCOB-RC14065,2026-05-05 00:00:00.000,UTC,1996,9,8,252,"00:00:00",,POINT(-88.012667 30.074333),USMCOB-RC14065
USMCOB,Pensacola,30.315,-87.203,0.76,,FL,,,1996-04-20 00:00:00.000,USM,1,USMCOB-RC14068,2026-05-05 00:00:00.000,UTC,1996,4,20,111,"00:00:00",,POINT(-87.203 30.315),USMCOB-RC14068
USMCOB,Gas Buoy West Ship Island MS,30.228,-89.012,1.1,,FL,1.22,TL,1996-07-01 00:00:00.000,USM,2,USMCOB-RC14068,2026-05-05 00:00:00.000,UTC,1996,7,1,183,"00:00:00",,POINT(-89.012 30.228),USMCOB-RC14068
USMCOB,"SHIP ISLAND PASS, MS",30.118,-88.93,0.72,,FL,0.81,TL,1994-06-28 00:00:00.000,USM,1,USMCOB-RC14370,2026-05-05 00:00:00.000,UTC,1994,6,28,179,"00:00:00",,POINT(-88.93 30.118),USMCOB-RC14370
USMCOB,"60 Mi off Panama City, FL",29.496,-86.435,0.86,,TL,,,1995-11-20 00:00:00.000,USM,2,USMCOB-RC14370,2026-05-05 00:00:00.000,UTC,1995,11,20,324,"00:00:00",,POINT(-86.435 29.496),USMCOB-RC14370
USMCOB,"Miss Too Nicey Wreck, Key W FL",24.5,-81.6,0.74,,FL,0.84,TL,1995-02-01 00:00:00.000,USM,1,USMCOB-RC14402,2026-05-05 00:00:00.000,UTC,1995,2,1,32,"00:00:00",,POINT(-81.6 24.5),USMCOB-RC14402
USMCOB,"Miss Too Nicey Wreck, Key West",,,1.04,,TL,,,1995-11-11 00:00:00.000,USM,2,USMCOB-RC14402,2026-05-05 00:00:00.000,UTC,1995,11,11,315,"00:00:00",,POINT(nan nan),USMCOB-RC14402
USMCOB,"Miss Too Nicey Wreck, Key W FL",24.5,-81.6,0.71,,FL,0.79,TL,1995-02-01 00:00:00.000,USM,1,USMCOB-RC14403,2026-05-05 00:00:00.000,UTC,1995,2,1,32,"00:00:00",,POINT(-81.6 24.5),USMCOB-RC14403
USMCOB,"Panama City Pier, FL",30.212,-85.88,0.85,,TL,,,1995-04-25 00:00:00.000,USM,2,USMCOB-RC14403,2026-05-05 00:00:00.000,UTC,1995,4,25,115,"00:00:00",,POINT(-85.88 30.212),USMCOB-RC14403
USMCOB,"Northwest Channel, Key West FL",24.594,-81.856,0.76,,FL,0.81,TL,1995-03-01 00:00:00.000,USM,1,USMCOB-RC14408,2026-05-05 00:00:00.000,UTC,1995,3,1,60,"00:00:00",,POINT(-81.856 24.594),USMCOB-RC14408
USMCOB,"Cedar Key, FL",29.091613,-83.038337,0.89,,TL,,,1995-04-15 00:00:00.000,USM,2,USMCOB-RC14408,2026-05-05 00:00:00.000,UTC,1995,4,15,105,"00:00:00",,POINT(-83.038337 29.091613),USMCOB-RC14408
USMCOB,"DAUPHIN ISLAND, AL",30.235,-88.18,0.69,,FL,0.76,TL,1993-04-30 00:00:00.000,USM,1,USMCOB-RC14523,2026-05-05 00:00:00.000,UTC,1993,4,30,120,"00:00:00",,POINT(-88.18 30.235),USMCOB-RC14523
USMCOB,"13 Mi S Sand Island, AL",29.997,-88.05,1.19,,FL,1.32,TL,1995-06-01 00:00:00.000,USM,2,USMCOB-RC14523,2026-05-05 00:00:00.000,UTC,1995,6,1,152,"00:00:00",,POINT(-88.05 29.997),USMCOB-RC14523
USMCOB,"PETIT BOIS RIGS, MS",30.115,-88.45,0.7,,FL,0.8,TL,1993-08-12 00:00:00.000,USM,1,USMCOB-RC14615,2026-05-05 00:00:00.000,UTC,1993,8,12,224,"00:00:00",,POINT(-88.45 30.115),USMCOB-RC14615
USMCOB,"36 MI. E. OF ST. AUGUSTINE, FL",29.915,-80.689,0.84,,FL,0.94,TL,1994-03-20 00:00:00.000,USM,2,USMCOB-RC14615,2026-05-05 00:00:00.000,UTC,1994,3,20,79,"00:00:00",,POINT(-80.689 29.915),USMCOB-RC14615
USMCOB,"Destin, FL",30.38,-86.5,0.88,,FL,0.98,TL,1995-04-18 00:00:00.000,USM,1,USMCOB-RC14707,2026-05-05 00:00:00.000,UTC,1995,4,18,108,"00:00:00",,POINT(-86.5 30.38),USMCOB-RC14707
USMCOB,"Main Pass #299, LA",29.27,-88.76,1.07,,FL,,,1997-06-07 00:00:00.000,USM,2,USMCOB-RC14707,2026-05-05 00:00:00.000,UTC,1997,6,7,158,"00:00:00",,POINT(-88.76 29.27),USMCOB-RC14707
USMCOB,"3 MILES EAST NAVARRE, FL",30.378,-86.862,1.02,,FL,1.09,TL,1994-04-29 00:00:00.000,USM,1,USMCOB-RC14812,2026-05-05 00:00:00.000,UTC,1994,4,29,119,"00:00:00",,POINT(-86.862 30.378),USMCOB-RC14812
USMCOB,"OFF CHANDELEUR ISLANDS, LA",29.819,-88.836,1.02,,FL,,,1994-09-11 00:00:00.000,USM,2,USMCOB-RC14812,2026-05-05 00:00:00.000,UTC,1994,9,11,254,"00:00:00",,POINT(-88.836 29.819),USMCOB-RC14812
USMCOB,"1 Mi W Navarre Beach Pier FL",30.378,-86.862,0.97,,FL,1.04,TL,1996-04-17 00:00:00.000,USM,1,USMCOB-RC14818,2026-05-05 00:00:00.000,UTC,1996,4,17,108,"00:00:00",,POINT(-86.862 30.378),USMCOB-RC14818
USMCOB,"Horn Island, MS",30.237,-88.686,1.08,,TL,,,1996-05-22 00:00:00.000,USM,2,USMCOB-RC14818,2026-05-05 00:00:00.000,UTC,1996,5,22,143,"00:00:00",,POINT(-88.686 30.237),USMCOB-RC14818
USMCOB,Pensacola (Tank) FL,30.315,-87.203,1.02,,FL,1.09,TL,1996-04-20 00:00:00.000,USM,1,USMCOB-RC14829,2026-05-05 00:00:00.000,UTC,1996,4,20,111,"00:00:00",,POINT(-87.203 30.315),USMCOB-RC14829
USMCOB,Islamorada (Keys FL) Atl Side,24.924,-80.625,1.02,,FL,,,1997-03-24 00:00:00.000,USM,2,USMCOB-RC14829,2026-05-05 00:00:00.000,UTC,1997,3,24,83,"00:00:00",,POINT(-80.625 24.924),USMCOB-RC14829
USMCOB,"GAS MARKER NW SHIP IS. FORT,MS",30.228,-89.012,0.74,,FL,0.79,TL,1993-08-31 00:00:00.000,USM,1,USMCOB-RC14964,2026-05-05 00:00:00.000,UTC,1993,8,31,243,"00:00:00",,POINT(-89.012 30.228),USMCOB-RC14964
USMCOB,"OFF TIMBALIER ISLAND, LA",29.06,-90.49,0.97,,FL,1.07,TL,1994-07-24 00:00:00.000,USM,2,USMCOB-RC14964,2026-05-05 00:00:00.000,UTC,1994,7,24,205,"00:00:00",,POINT(-90.49 29.06),USMCOB-RC14964
USMCOB,"WRECK OF THE CHRIS,KEY WEST,FL",24.5,-81.6,0.76,,FL,0.84,TL,1994-01-29 00:00:00.000,USM,1,USMCOB-RC14981,2026-05-05 00:00:00.000,UTC,1994,1,29,29,"00:00:00",,POINT(-81.6 24.5),USMCOB-RC14981
USMCOB,"KEY WEST, FL",24.563,-81.726,0.76,,FL,,,1994-05-02 00:00:00.000,USM,2,USMCOB-RC14981,2026-05-05 00:00:00.000,UTC,1994,5,2,122,"00:00:00",,POINT(-81.726 24.563),USMCOB-RC14981
USMCOB,"KEY WEST, FL (WRK M.SWEEPER)",24.5,-81.6,0.71,,FL,0.79,TL,1993-11-27 00:00:00.000,USM,1,USMCOB-RC15031,2026-05-05 00:00:00.000,UTC,1993,11,27,331,"00:00:00",,POINT(-81.6 24.5),USMCOB-RC15031
USMCOB,"Key West, FL",24.563,-81.726,0.84,,FL,,,1995-07-09 00:00:00.000,USM,2,USMCOB-RC15031,2026-05-05 00:00:00.000,UTC,1995,7,9,190,"00:00:00",,POINT(-81.726 24.563),USMCOB-RC15031
USMCOB,"WRECK OF THE CHRIS,KEY WEST,FL",24.5,-81.6,0.77,,FL,0.84,TL,1994-01-29 00:00:00.000,USM,1,USMCOB-RC15037,2026-05-05 00:00:00.000,UTC,1994,1,29,29,"00:00:00",,POINT(-81.6 24.5),USMCOB-RC15037
USMCOB,"WRECK OF THE CHRIS,KEY WEST,FL",,,0.89,,FL,0.97,TL,1994-09-24 00:00:00.000,USM,2,USMCOB-RC15037,2026-05-05 00:00:00.000,UTC,1994,9,24,267,"00:00:00",,POINT(nan nan),USMCOB-RC15037
USMCOB,"KEY WEST, FL (WRK M.SWEEPER)",24.5,-81.6,0.81,,FL,0.89,TL,1993-12-11 00:00:00.000,USM,1,USMCOB-RC15050,2026-05-05 00:00:00.000,UTC,1993,12,11,345,"00:00:00",,POINT(-81.6 24.5),USMCOB-RC15050
USMCOB,"16.5MI.NW SUGARLOAF KEY,FL(guL",24.788,-81.713,0.98,,FL,1.04,TL,1994-08-22 00:00:00.000,USM,2,USMCOB-RC15050,2026-05-05 00:00:00.000,UTC,1994,8,22,234,"00:00:00",,POINT(-81.713 24.788),USMCOB-RC15050
USMCOB,"KEY WEST, FL (WRK M.SWEEPER)",24.5,-81.6,0.76,,FL,0.83,TL,1993-12-10 00:00:00.000,USM,1,USMCOB-RC15058,2026-05-05 00:00:00.000,UTC,1993,12,10,344,"00:00:00",,POINT(-81.6 24.5),USMCOB-RC15058
USMCOB,N.OF FLA. BAY (GULF OF MEXICO),,,0.88,,FL,,,1994-11-11 00:00:00.000,USM,2,USMCOB-RC15058,2026-05-05 00:00:00.000,UTC,1994,11,11,315,"00:00:00",,POINT(nan nan),USMCOB-RC15058
USMCOB,"KEY WEST, FL (WRK M.SWEEPER)",24.5,-81.6,0.79,,FL,0.88,TL,1993-12-08 00:00:00.000,USM,1,USMCOB-RC15060,2026-05-05 00:00:00.000,UTC,1993,12,8,342,"00:00:00",,POINT(-81.6 24.5),USMCOB-RC15060
USMCOB,"6 MI. OFF ST. LUCIE INLET, FL",27.197,-80.058,0.89,,FL,,,1994-10-25 00:00:00.000,USM,2,USMCOB-RC15060,2026-05-05 00:00:00.000,UTC,1994,10,25,298,"00:00:00",,POINT(-80.058 27.197),USMCOB-RC15060
USMCOB,"24' 49.327N  81'29.230W",24.825,-81.48,0.77,,FL,0.86,TL,1995-07-15 00:00:00.000,USM,1,USMCOB-RC15097,2026-05-05 00:00:00.000,UTC,1995,7,15,196,"00:00:00",,POINT(-81.48 24.825),USMCOB-RC15097
USMCOB,"Destin, FL",30.38,-86.5,1.07,,TL,,,1996-10-16 00:00:00.000,USM,2,USMCOB-RC15097,2026-05-05 00:00:00.000,UTC,1996,10,16,290,"00:00:00",,POINT(-86.5 30.38),USMCOB-RC15097
USMCOB,"1.5NM.N.CONTENT PASSAGE FL.KEY",24.81,-81.48,0.71,,FL,0.79,TL,1994-03-18 00:00:00.000,USM,1,USMCOB-RC15101,2026-05-05 00:00:00.000,UTC,1994,3,18,77,"00:00:00",,POINT(-81.48 24.81),USMCOB-RC15101
USMCOB,"OFF SARASOTA, FL",27.302,-82.608,0.97,,FL,1.07,TL,1995-02-23 00:00:00.000,USM,2,USMCOB-RC15101,2026-05-05 00:00:00.000,UTC,1995,2,23,54,"00:00:00",,POINT(-82.608 27.302),USMCOB-RC15101
USMCOB,"Navarre Beach, FL",30.378,-86.862,0.91,,FL,1.02,TL,1995-04-09 00:00:00.000,USM,1,USMCOB-RC15173,2026-05-05 00:00:00.000,UTC,1995,4,9,99,"00:00:00",,POINT(-86.862 30.378),USMCOB-RC15173
USMCOB,"31 Mi SW of Sabine, Texas",29.634,-94.195,1.46,,TL,,,1996-07-03 00:00:00.000,USM,2,USMCOB-RC15173,2026-05-05 00:00:00.000,UTC,1996,7,3,185,"00:00:00",,POINT(-94.195 29.634),USMCOB-RC15173
USMCOB,"PENSACOLA BEACH, FL",30.315,-87.203,0.94,,FL,1.04,TL,1994-04-28 00:00:00.000,USM,1,USMCOB-RC15279,2026-05-05 00:00:00.000,UTC,1994,4,28,118,"00:00:00",,POINT(-87.203 30.315),USMCOB-RC15279
USMCOB,"20 Mi off St Augustine, FL",30.004,-80.973,,,,,,1996-12-16 00:00:00.000,USM,2,USMCOB-RC15279,2026-05-05 00:00:00.000,UTC,1996,12,16,351,"00:00:00",,POINT(-80.973 30.004),USMCOB-RC15279
USMCOB,"GPT SHIP CHAN., MS, GAS PIPE",30.326,-89.0,0.66,,FL,0.74,TL,1994-07-19 00:00:00.000,USM,1,USMCOB-RC15369,2026-05-05 00:00:00.000,UTC,1994,7,19,200,"00:00:00",,POINT(-89.0 30.326),USMCOB-RC15369
USMCOB,"West end Horn Island, MS",30.246,-88.782,1.16,,TL,,,1996-04-21 00:00:00.000,USM,2,USMCOB-RC15369,2026-05-05 00:00:00.000,UTC,1996,4,21,112,"00:00:00",,POINT(-88.782 30.246),USMCOB-RC15369
USMCOB,"MAIN PASS 103, OFF LA",29.591,-88.848,0.71,,FL,0.76,TL,1993-09-25 00:00:00.000,USM,1,USMCOB-RC15464,2026-05-05 00:00:00.000,UTC,1993,9,25,268,"00:00:00",,POINT(-88.848 29.591),USMCOB-RC15464
USMCOB,GULFPORT SHIP CHANNEL,30.349,-89.083,0.94,,FL,1.02,TL,1994-08-18 00:00:00.000,USM,2,USMCOB-RC15464,2026-05-05 00:00:00.000,UTC,1994,8,18,230,"00:00:00",,POINT(-89.083 30.349),USMCOB-RC15464
USMCOB,"13480 / 47137 NAVARRE BEACH,FL",30.37333,-86.89333,0.91,,FL,1.02,TL,1992-04-24 00:00:00.000,USM,1,USMCOB-RC15503,2026-05-05 00:00:00.000,UTC,1992,4,24,115,"00:00:00",,POINT(-86.89333 30.37333),USMCOB-RC15503
USMCOB,"BRETON SOUND, LA",29.496,-89.25,0.99,,FL,,,1993-09-24 00:00:00.000,USM,2,USMCOB-RC15503,2026-05-05 00:00:00.000,UTC,1993,9,24,267,"00:00:00",,POINT(-89.25 29.496),USMCOB-RC15503
USMCOB,"13540 / 47138 NAVARRE BEACH,FL",30.37333,-86.795,0.97,,FL,1.07,TL,1993-04-29 00:00:00.000,USM,1,USMCOB-RC15508,2026-05-05 00:00:00.000,UTC,1993,4,29,119,"00:00:00",,POINT(-86.795 30.37333),USMCOB-RC15508
USMCOB,"37 MILES OFF MATAGORDA, TEXAS",28.097,-95.793,1.14,,TL,,,1994-07-25 00:00:00.000,USM,2,USMCOB-RC15508,2026-05-05 00:00:00.000,UTC,1994,7,25,206,"00:00:00",,POINT(-95.793 28.097),USMCOB-RC15508
USMCOB,"13750.0 / 47143.0, FL",30.38167,-86.43333,0.79,,FL,0.86,TL,1993-05-11 00:00:00.000,USM,1,USMCOB-RC15511,2026-05-05 00:00:00.000,UTC,1993,5,11,131,"00:00:00",,POINT(-86.43333 30.38167),USMCOB-RC15511
USMCOB,"GETTY RIGS, OFF E. LA",29.544,-88.677,0.84,,FL,0.94,TL,1993-08-04 00:00:00.000,USM,2,USMCOB-RC15511,2026-05-05 00:00:00.000,UTC,1993,8,4,216,"00:00:00",,POINT(-88.677 29.544),USMCOB-RC15511
USMCOB,"10 MI. W. OF NAVARRE PIER, FL",30.349292,-87.202809,0.98,,TL,,,1993-04-15 00:00:00.000,USM,1,USMCOB-RC15558,2026-05-05 00:00:00.000,UTC,1993,4,15,105,"00:00:00",,POINT(-87.202809 30.349292),USMCOB-RC15558
USMCOB,"OFF PANAMA CITY BEACH, FL",30.212,-85.88,0.89,,FL,0.99,TL,1993-11-10 00:00:00.000,USM,2,USMCOB-RC15558,2026-05-05 00:00:00.000,UTC,1993,11,10,314,"00:00:00",,POINT(-85.88 30.212),USMCOB-RC15558
USMCOB,"FISH HAV.I 12404.9/47036.7, MS",30.05167,-88.615,0.58,,FL,0.66,TL,1994-08-07 00:00:00.000,USM,1,USMCOB-RC15722,2026-05-05 00:00:00.000,UTC,1994,8,7,219,"00:00:00",,POINT(-88.615 30.05167),USMCOB-RC15722
USMCOB,"9 Mi S of Dauphin Island,AL",30.1155,-88.215,1.02,,FL,1.09,TL,1996-06-18 00:00:00.000,USM,2,USMCOB-RC15722,2026-05-05 00:00:00.000,UTC,1996,6,18,170,"00:00:00",,POINT(-88.215 30.1155),USMCOB-RC15722
USMCOB,"MP-MB953, LA",,,0.51,,FL,0.58,TL,1995-07-23 00:00:00.000,USM,1,USMCOB-RC15749,2026-05-05 00:00:00.000,UTC,1995,7,23,204,"00:00:00",,POINT(nan nan),USMCOB-RC15749
USMCOB,"12 ml S of Ft. Morgan, AL",30.049,-88.017,,,,,,1999-06-22 00:00:00.000,USM,2,USMCOB-RC15749,2026-05-05 00:00:00.000,UTC,1999,6,22,173,"00:00:00",,POINT(-88.017 30.049),USMCOB-RC15749
USMCOB,"12255.5 / 47030.0, LA",30.02667,-88.86167,0.7,,FL,0.77,TL,1994-09-24 00:00:00.000,USM,1,USMCOB-RC15792,2026-05-05 00:00:00.000,UTC,1994,9,24,267,"00:00:00",,POINT(-88.86167 30.02667),USMCOB-RC15792
USMCOB,"OFF PASS A LOUTRE',LA-43 FATH.",29.082,-89.13,0.75,,FL,0.81,TL,1995-02-08 00:00:00.000,USM,2,USMCOB-RC15792,2026-05-05 00:00:00.000,UTC,1995,2,8,39,"00:00:00",,POINT(-89.13 29.082),USMCOB-RC15792
USMCOB,"20MI. S. SAND ISLE LIGHT, AL",29.889908,-88.05,0.74,,FL,0.83,TL,1993-08-01 00:00:00.000,USM,1,USMCOB-RC16003,2026-05-05 00:00:00.000,UTC,1993,8,1,213,"00:00:00",,POINT(-88.05 29.889908),USMCOB-RC16003
USMCOB,"KEY WEST, FL",24.563,-81.726,0.91,,TL,,,1994-03-22 00:00:00.000,USM,2,USMCOB-RC16003,2026-05-05 00:00:00.000,UTC,1994,3,22,81,"00:00:00",,POINT(-81.726 24.563),USMCOB-RC16003
USMCOB,"12MI. S.E. SAND ISLE LIGHT, AL",30.071482,-87.899155,0.81,,TL,,,1993-07-30 00:00:00.000,USM,1,USMCOB-RC16013,2026-05-05 00:00:00.000,UTC,1993,7,30,211,"00:00:00",,POINT(-87.899155 30.071482),USMCOB-RC16013
USMCOB,N of Horseshoe Rigs Chevron Ri,29.425,-88.615,1.07,,TL,,,1996-09-14 00:00:00.000,USM,2,USMCOB-RC16013,2026-05-05 00:00:00.000,UTC,1996,9,14,258,"00:00:00",,POINT(-88.615 29.425),USMCOB-RC16013
USMCOB,"3.5MI.OFF SUGARLOAF KEY,FL(GUL",24.658,-81.579,0.74,,FL,0.8,TL,1994-10-04 00:00:00.000,USM,1,USMCOB-RC16026,2026-05-05 00:00:00.000,UTC,1994,10,4,277,"00:00:00",,POINT(-81.579 24.658),USMCOB-RC16026
USMCOB,"3.5MI.OFF SUGARLOAF KEY,FL)GUL",24.718,-81.604,0.74,,FL,0.8,TL,1994-10-14 00:00:00.000,USM,2,USMCOB-RC16026,2026-05-05 00:00:00.000,UTC,1994,10,14,287,"00:00:00",,POINT(-81.604 24.718),USMCOB-RC16026
USMCOB,"20MI. OFF SUGARLOAF KEY,FL(GUL",24.963,-81.645,0.76,,FL,0.86,TL,1994-09-01 00:00:00.000,USM,1,USMCOB-RC16033,2026-05-05 00:00:00.000,UTC,1994,9,1,244,"00:00:00",,POINT(-81.645 24.963),USMCOB-RC16033
USMCOB,"KEY WEST, FL (WRECK OF GARDNER",,,0.76,,FL,0.86,TL,1994-09-04 00:00:00.000,USM,2,USMCOB-RC16033,2026-05-05 00:00:00.000,UTC,1994,9,4,247,"00:00:00",,POINT(nan nan),USMCOB-RC16033
USMCOB,N24-56-29 W81-46-37.4,24.941389,-81.776944,0.76,,FL,0.86,TL,1995-05-26 00:00:00.000,USM,1,USMCOB-RC16045,2026-05-05 00:00:00.000,UTC,1995,5,26,146,"00:00:00",,POINT(-81.776944 24.941389),USMCOB-RC16045
USMCOB,Eugene Island Block 188,28.75,-91.4,1.07,,TL,,,1997-05-22 00:00:00.000,USM,2,USMCOB-RC16045,2026-05-05 00:00:00.000,UTC,1997,5,22,142,"00:00:00",,POINT(-91.4 28.75),USMCOB-RC16045
USMCOB,"12 mi.out Gpt. Chan.(Gas Bouy)",30.048611,-89.10944,0.58,,FL,0.66,TL,1996-06-04 00:00:00.000,USM,1,USMCOB-RC16124,2026-05-05 00:00:00.000,UTC,1996,6,4,156,"00:00:00",,POINT(-89.10944 30.048611),USMCOB-RC16124
USMCOB,off Mississippi,,,1.17,,FL,,,1998-05-01 00:00:00.000,USM,2,USMCOB-RC16124,2026-05-05 00:00:00.000,UTC,1998,5,1,121,"00:00:00",,POINT(nan nan),USMCOB-RC16124
USMCOB,"GULFPORT SHIP CHANNEL, MS",30.24,-89.0,0.67,,FL,0.75,TL,1994-08-28 00:00:00.000,USM,1,USMCOB-RC16268,2026-05-05 00:00:00.000,UTC,1994,8,28,240,"00:00:00",,POINT(-89.0 30.24),USMCOB-RC16268
USMCOB,GULFPORT SHIP CHANNEL,30.349,-89.083,0.69,,FL,0.76,TL,1994-08-30 00:00:00.000,USM,2,USMCOB-RC16268,2026-05-05 00:00:00.000,UTC,1994,8,30,242,"00:00:00",,POINT(-89.083 30.349),USMCOB-RC16268
USMCOB,"12589 47048 S. Dauphin Island",30.09333,-88.31333,0.86,,FL,0.91,TL,1995-05-05 00:00:00.000,USM,1,USMCOB-RC16289,2026-05-05 00:00:00.000,UTC,1995,5,5,125,"00:00:00",,POINT(-88.31333 30.09333),USMCOB-RC16289
USMCOB,"9 Mi South Dauphin Island, AL",30.1155,-88.215,1.12,,FL,,,1997-05-31 00:00:00.000,USM,2,USMCOB-RC16289,2026-05-05 00:00:00.000,UTC,1997,5,31,151,"00:00:00",,POINT(-88.215 30.1155),USMCOB-RC16289
USMCOB,"GULF OF MEXICO, MARATHON, FL",24.726,-81.089,0.83,,FL,0.91,TL,1994-02-16 00:00:00.000,USM,1,USMCOB-RC16305,2026-05-05 00:00:00.000,UTC,1994,2,16,47,"00:00:00",,POINT(-81.089 24.726),USMCOB-RC16305
USMCOB,"TAMPA BAY, FL",27.757,-82.555,0.86,,FL,0.97,TL,1994-05-01 00:00:00.000,USM,2,USMCOB-RC16305,2026-05-05 00:00:00.000,UTC,1994,5,1,121,"00:00:00",,POINT(-82.555 27.757),USMCOB-RC16305
USMCOB,"GULF OF MEXICO, MARATHON, FL",24.726,-81.089,0.74,,FL,0.8,TL,1994-01-07 00:00:00.000,USM,1,USMCOB-RC16308,2026-05-05 00:00:00.000,UTC,1994,1,7,7,"00:00:00",,POINT(-81.089 24.726),USMCOB-RC16308
USMCOB,"12 MI. NW OF MARATHON, FL",24.378,-81.758,0.99,,TL,,,1994-10-20 00:00:00.000,USM,2,USMCOB-RC16308,2026-05-05 00:00:00.000,UTC,1994,10,20,293,"00:00:00",,POINT(-81.758 24.378),USMCOB-RC16308
USMCOB,"GULF OF MEXICO, MARATHON, FL",24.726,-81.089,0.79,,FL,0.88,TL,1993-12-18 00:00:00.000,USM,1,USMCOB-RC16309,2026-05-05 00:00:00.000,UTC,1993,12,18,352,"00:00:00",,POINT(-81.089 24.726),USMCOB-RC16309
USMCOB,"WRECK OF THE CHRIS,KEY WEST,FL",,,,,,,,1995-03-26 00:00:00.000,USM,2,USMCOB-RC16309,2026-05-05 00:00:00.000,UTC,1995,3,26,85,"00:00:00",,POINT(nan nan),USMCOB-RC16309
USMCOB,"GULF OF MEXICO, MARATHON, FL",24.726,-81.089,0.97,,FL,1.08,TL,1993-12-05 00:00:00.000,USM,1,USMCOB-RC16319,2026-05-05 00:00:00.000,UTC,1993,12,5,339,"00:00:00",,POINT(-81.089 24.726),USMCOB-RC16319
USMCOB,"Cameron Block 188,Pt.Neches TX",29.305,-93.407,0.99,,FL,,,1995-05-29 00:00:00.000,USM,2,USMCOB-RC16319,2026-05-05 00:00:00.000,UTC,1995,5,29,149,"00:00:00",,POINT(-93.407 29.305),USMCOB-RC16319
USMCOB,"GULF OF MEXICO, MARATHON, FL",24.726,-81.089,0.81,,FL,0.89,TL,1994-03-23 00:00:00.000,USM,1,USMCOB-RC16320,2026-05-05 00:00:00.000,UTC,1994,3,23,82,"00:00:00",,POINT(-81.089 24.726),USMCOB-RC16320
USMCOB,"Sugarloaf Key, Florida",24.63,-81.524,1.14,,TL,,,1996-02-25 00:00:00.000,USM,2,USMCOB-RC16320,2026-05-05 00:00:00.000,UTC,1996,2,25,56,"00:00:00",,POINT(-81.524 24.63),USMCOB-RC16320
USMCOB,"MARATHON, FL- GULF SIDE",24.726,-81.089,0.84,,FL,0.95,TL,1994-03-23 00:00:00.000,USM,1,USMCOB-RC16326,2026-05-05 00:00:00.000,UTC,1994,3,23,82,"00:00:00",,POINT(-81.089 24.726),USMCOB-RC16326
USMCOB,"20 MI. SW ORANGE BEACH, AL",30.07,-87.83,0.86,,FL,,,1994-08-12 00:00:00.000,USM,2,USMCOB-RC16326,2026-05-05 00:00:00.000,UTC,1994,8,12,224,"00:00:00",,POINT(-87.83 30.07),USMCOB-RC16326
USMCOB,"PENSACOLA BEACH, FL",30.315,-87.203,0.84,,FL,0.91,TL,1994-04-23 00:00:00.000,USM,1,USMCOB-RC16398,2026-05-05 00:00:00.000,UTC,1994,4,23,113,"00:00:00",,POINT(-87.203 30.315),USMCOB-RC16398
USMCOB,"Horn I. bar, Mississippi",30.244,-88.777,1.52,,TL,,,2000-04-01 00:00:00.000,USM,2,USMCOB-RC16398,2026-05-05 00:00:00.000,UTC,2000,4,1,92,"00:00:00",,POINT(-88.777 30.244),USMCOB-RC16398
USMCOB,"12600/46825, OFF LA",29.465,-88.28833,0.79,,FL,0.89,TL,1993-05-15 00:00:00.000,USM,1,USMCOB-RC16401,2026-05-05 00:00:00.000,UTC,1993,5,15,135,"00:00:00",,POINT(-88.28833 29.465),USMCOB-RC16401
USMCOB,"15 MI. OFF FORT PIERCE, FL",27.55,-80.061,0.89,,FL,,,1993-09-01 00:00:00.000,USM,2,USMCOB-RC16401,2026-05-05 00:00:00.000,UTC,1993,9,1,244,"00:00:00",,POINT(-80.061 27.55),USMCOB-RC16401
USMCOB,"1 MI.E.PENSACOLA BEACH PIER,FL",30.313,-87.275,0.84,,FL,0.94,TL,1994-04-25 00:00:00.000,USM,1,USMCOB-RC16406,2026-05-05 00:00:00.000,UTC,1994,4,25,115,"00:00:00",,POINT(-87.275 30.313),USMCOB-RC16406
USMCOB,"40 MI. SE OF SOUTH PASS, LA",28.609,-88.658,1.02,,TL,,,1994-05-28 00:00:00.000,USM,2,USMCOB-RC16406,2026-05-05 00:00:00.000,UTC,1994,5,28,148,"00:00:00",,POINT(-88.658 28.609),USMCOB-RC16406
USMCOB,"PENSACOLA BEACH, FL",30.315,-87.203,0.91,,FL,,,1993-05-04 00:00:00.000,USM,1,USMCOB-RC16642,2026-05-05 00:00:00.000,UTC,1993,5,4,124,"00:00:00",,POINT(-87.203 30.315),USMCOB-RC16642
USMCOB,"1 Mi West Navarre Pier, FL",30.377,-86.88,1.12,,FL,,,1996-05-05 00:00:00.000,USM,2,USMCOB-RC16642,2026-05-05 00:00:00.000,UTC,1996,5,5,126,"00:00:00",,POINT(-86.88 30.377),USMCOB-RC16642
USMCOB,"PENSACOLA BEACH, FL",30.315,-87.203,0.89,,FL,,,1993-05-04 00:00:00.000,USM,1,USMCOB-RC16643,2026-05-05 00:00:00.000,UTC,1993,5,4,124,"00:00:00",,POINT(-87.203 30.315),USMCOB-RC16643
USMCOB,"PANAMA CITY BEACH PIER, FL",30.212,-85.88,,,,,,1994-06-01 00:00:00.000,USM,2,USMCOB-RC16643,2026-05-05 00:00:00.000,UTC,1994,6,1,152,"00:00:00",,POINT(-85.88 30.212),USMCOB-RC16643
USMCOB,"PENSACOLA BEACH, FL",30.315,-87.203,0.84,,FL,,,1993-05-08 00:00:00.000,USM,1,USMCOB-RC16651,2026-05-05 00:00:00.000,UTC,1993,5,8,128,"00:00:00",,POINT(-87.203 30.315),USMCOB-RC16651
USMCOB,DRY TORTUGAS,24.654,-82.858,0.84,,FL,1.07,TL,1994-03-18 00:00:00.000,USM,2,USMCOB-RC16651,2026-05-05 00:00:00.000,UTC,1994,3,18,77,"00:00:00",,POINT(-82.858 24.654),USMCOB-RC16651
USMCOB,"PENSACOLA BEACH, FL",30.315,-87.203,0.89,,FL,,,1993-05-08 00:00:00.000,USM,1,USMCOB-RC16653,2026-05-05 00:00:00.000,UTC,1993,5,8,128,"00:00:00",,POINT(-87.203 30.315),USMCOB-RC16653
USMCOB,"40 MI. W. OF BOCA GRANDE, FL",26.711,-82.907,1.09,,FL,1.22,TL,1994-09-20 00:00:00.000,USM,2,USMCOB-RC16653,2026-05-05 00:00:00.000,UTC,1994,9,20,263,"00:00:00",,POINT(-82.907 26.711),USMCOB-RC16653
USMCOB,"NAVARRE BEACH, FL",30.378,-86.862,0.84,,FL,,,1993-05-20 00:00:00.000,USM,1,USMCOB-RC16659,2026-05-05 00:00:00.000,UTC,1993,5,20,140,"00:00:00",,POINT(-86.862 30.378),USMCOB-RC16659
USMCOB,"Off Orange Beach, AL",30.26,-87.58,1.17,,TL,,,1996-04-17 00:00:00.000,USM,2,USMCOB-RC16659,2026-05-05 00:00:00.000,UTC,1996,4,17,108,"00:00:00",,POINT(-87.58 30.26),USMCOB-RC16659
USMCOB,"MAIN PASS BLOCK 100, OFF LA",29.58,-88.706,0.84,,FL,0.89,TL,1993-09-06 00:00:00.000,USM,1,USMCOB-RC16712,2026-05-05 00:00:00.000,UTC,1993,9,6,249,"00:00:00",,POINT(-88.706 29.58),USMCOB-RC16712
USMCOB,"SOUTH OF CHANDELEUR ISLANDS,LA",29.662,-88.945,0.86,,FL,,,1994-06-30 00:00:00.000,USM,2,USMCOB-RC16712,2026-05-05 00:00:00.000,UTC,1994,6,30,181,"00:00:00",,POINT(-88.945 29.662),USMCOB-RC16712
USMCOB,"22 Mi WSW Perdido Pass, AL",30.099,-87.869,0.66,,TL,,,1995-06-20 00:00:00.000,USM,1,USMCOB-RC16821,2026-05-05 00:00:00.000,UTC,1995,6,20,171,"00:00:00",,POINT(-87.869 30.099),USMCOB-RC16821
USMCOB,Red Can Dog Key's Pass,30.246,-88.782,0.64,,FL,0.71,TL,1995-08-20 00:00:00.000,USM,2,USMCOB-RC16821,2026-05-05 00:00:00.000,UTC,1995,8,20,232,"00:00:00",,POINT(-88.782 30.246),USMCOB-RC16821
USMCOB,"4 Mi E Pensacola Beach, Fl",30.313,-87.275,1.04,,FL,1.12,TL,1996-04-24 00:00:00.000,USM,1,USMCOB-RC17022,2026-05-05 00:00:00.000,UTC,1996,4,24,115,"00:00:00",,POINT(-87.275 30.313),USMCOB-RC17022
USMCOB,"Gulf Side Marathon, FL",24.726,-81.089,1.24,,TL,,,1997-01-01 00:00:00.000,USM,2,USMCOB-RC17022,2026-05-05 00:00:00.000,UTC,1997,1,1,1,"00:00:00",,POINT(-81.089 24.726),USMCOB-RC17022
USMCOB,"Navarre Beach, FL",30.378,-86.862,0.53,,FL,0.61,TL,1996-04-25 00:00:00.000,USM,1,USMCOB-RC17025,2026-05-05 00:00:00.000,UTC,1996,4,25,116,"00:00:00",,POINT(-86.862 30.378),USMCOB-RC17025
USMCOB,"Ship Island, MS              E",30.223,-88.521,,,,,,1997-09-21 00:00:00.000,USM,2,USMCOB-RC17025,2026-05-05 00:00:00.000,UTC,1997,9,21,264,"00:00:00",,POINT(-88.521 30.223),USMCOB-RC17025
USMCOB,"24-52'N 82-45'W Dry Tortugas",24.866667,-82.75,0.81,,FL,0.86,TL,1995-03-18 00:00:00.000,USM,1,USMCOB-RC17161,2026-05-05 00:00:00.000,UTC,1995,3,18,77,"00:00:00",,POINT(-82.75 24.866667),USMCOB-RC17161
USMCOB,"50 Mi South Carrabelle, FL",29.117,-84.869,,,,,,1995-09-17 00:00:00.000,USM,2,USMCOB-RC17161,2026-05-05 00:00:00.000,UTC,1995,9,17,260,"00:00:00",,POINT(-84.869 29.117),USMCOB-RC17161
USMCOB,"25 29 62 / 81 45 22",25.493667,-81.753667,1.07,,FL,1.17,TL,1994-10-08 00:00:00.000,USM,1,USMCOB-RC17311,2026-05-05 00:00:00.000,UTC,1994,10,8,281,"00:00:00",,POINT(-81.753667 25.493667),USMCOB-RC17311
USMCOB,"25 30, 82 00 Florida Bay, FL",25.5,-82.0,1.37,,TL,,,1998-02-01 00:00:00.000,USM,2,USMCOB-RC17311,2026-05-05 00:00:00.000,UTC,1998,2,1,32,"00:00:00",,POINT(-82.0 25.5),USMCOB-RC17311
USMCOB,"30MI. W. OF MARCO IS., FL",25.9,-82.2,1.09,,FL,1.17,TL,1994-11-09 00:00:00.000,USM,1,USMCOB-RC17320,2026-05-05 00:00:00.000,UTC,1994,11,9,313,"00:00:00",,POINT(-82.2 25.9),USMCOB-RC17320
USMCOB,"Eugene Island, LA",29.372,-91.385,1.04,,FL,1.19,TL,1995-05-11 00:00:00.000,USM,2,USMCOB-RC17320,2026-05-05 00:00:00.000,UTC,1995,5,11,131,"00:00:00",,POINT(-91.385 29.372),USMCOB-RC17320
USMCOB,"25 29 65/81 45 19 MARCO, FL",25.494167,-81.753167,1.17,,FL,1.24,TL,1994-11-09 00:00:00.000,USM,1,USMCOB-RC17322,2026-05-05 00:00:00.000,UTC,1994,11,9,313,"00:00:00",,POINT(-81.753167 25.494167),USMCOB-RC17322
USMCOB,"Orange Beach, AL",30.267,-87.585,1.22,,FL,,,1995-04-11 00:00:00.000,USM,2,USMCOB-RC17322,2026-05-05 00:00:00.000,UTC,1995,4,11,101,"00:00:00",,POINT(-87.585 30.267),USMCOB-RC17322
USMCOB,"8 MI. S. OF GULF SHORES, AL",30.211125,-87.660774,0.61,,FL,0.66,TL,1994-07-01 00:00:00.000,USM,1,USMCOB-RC17395,2026-05-05 00:00:00.000,UTC,1994,7,1,182,"00:00:00",,POINT(-87.660774 30.211125),USMCOB-RC17395
USMCOB,"Navarre, FL",30.378,-86.862,1.13,,FL,1.26,TL,1999-04-26 00:00:00.000,USM,2,USMCOB-RC17395,2026-05-05 00:00:00.000,UTC,1999,4,26,116,"00:00:00",,POINT(-86.862 30.378),USMCOB-RC17395
USMCOB,"CHRIS WRECK, KEY WEST, FL",24.5,-81.6,0.69,,FL,0.75,TL,1994-10-05 00:00:00.000,USM,1,USMCOB-RC17637,2026-05-05 00:00:00.000,UTC,1994,10,5,278,"00:00:00",,POINT(-81.6 24.5),USMCOB-RC17637
USMCOB,S.Timb Blk 277 (903017 281503),28.24,-90.494,1.32,,TL,,,1999-05-03 00:00:00.000,USM,2,USMCOB-RC17637,2026-05-05 00:00:00.000,UTC,1999,5,3,123,"00:00:00",,POINT(-90.494 28.24),USMCOB-RC17637
USMCOB,"GARDNER WRECK, KEY WEST, FL",24.5,-81.6,0.66,,FL,0.71,TL,1994-09-04 00:00:00.000,USM,1,USMCOB-RC17660,2026-05-05 00:00:00.000,UTC,1994,9,4,247,"00:00:00",,POINT(-81.6 24.5),USMCOB-RC17660
USMCOB,WRECK OF THE MISS TOO NICELY,,,0.74,,FL,0.86,TL,1995-02-26 00:00:00.000,USM,2,USMCOB-RC17660,2026-05-05 00:00:00.000,UTC,1995,2,26,57,"00:00:00",,POINT(nan nan),USMCOB-RC17660
USMCOB,"MP 990, LA",,,0.61,,FL,0.71,TL,1995-06-08 00:00:00.000,USM,1,USMCOB-RC17762,2026-05-05 00:00:00.000,UTC,1995,6,8,159,"00:00:00",,POINT(nan nan),USMCOB-RC17762
USMCOB,"Key West, FL",24.563,-81.726,,,,,,1996-01-26 00:00:00.000,USM,2,USMCOB-RC17762,2026-05-05 00:00:00.000,UTC,1996,1,26,26,"00:00:00",,POINT(-81.726 24.563),USMCOB-RC17762
USMCOB,"10 Mi. S. Petit Bois Island",30.045,-88.454,0.86,,FL,0.91,TL,1995-05-04 00:00:00.000,USM,1,USMCOB-RC17771,2026-05-05 00:00:00.000,UTC,1995,5,4,124,"00:00:00",,POINT(-88.454 30.045),USMCOB-RC17771
USMCOB,"20 Mi S. Fort Morgan, AL",30.933,-88.017,1.04,,TL,,,1995-07-16 00:00:00.000,USM,2,USMCOB-RC17771,2026-05-05 00:00:00.000,UTC,1995,7,16,197,"00:00:00",,POINT(-88.017 30.933),USMCOB-RC17771
USMCOB,"WRK OF THE CHRIS, KEY WEST, FL",24.5,-81.6,0.66,,FL,0.69,TL,1994-06-17 00:00:00.000,USM,1,USMCOB-RC18038,2026-05-05 00:00:00.000,UTC,1994,6,17,168,"00:00:00",,POINT(-81.6 24.5),USMCOB-RC18038
USMCOB,"Off Sawyer Key, Florida Keys",24.76,-81.168,1.26,,TL,,,1995-12-07 00:00:00.000,USM,2,USMCOB-RC18038,2026-05-05 00:00:00.000,UTC,1995,12,7,341,"00:00:00",,POINT(-81.168 24.76),USMCOB-RC18038
USMCOB,"KEY WEST HARBOR, FL",24.563,-81.726,0.84,,FL,0.91,TL,1994-06-24 00:00:00.000,USM,1,USMCOB-RC18040,2026-05-05 00:00:00.000,UTC,1994,6,24,175,"00:00:00",,POINT(-81.726 24.563),USMCOB-RC18040
USMCOB,"South of Cedar Key, FL",29.067,-83.038,0.94,,FL,,,1996-07-13 00:00:00.000,USM,2,USMCOB-RC18040,2026-05-05 00:00:00.000,UTC,1996,7,13,195,"00:00:00",,POINT(-83.038 29.067),USMCOB-RC18040
USMCOB,"KEY WEST, FL",24.563,-81.726,0.81,,FL,0.89,TL,1994-08-09 00:00:00.000,USM,1,USMCOB-RC18053,2026-05-05 00:00:00.000,UTC,1994,8,9,221,"00:00:00",,POINT(-81.726 24.563),USMCOB-RC18053
USMCOB,"Gulf Wreck Chris, Keys FL",,,1.02,,TL,,,1996-04-07 00:00:00.000,USM,2,USMCOB-RC18053,2026-05-05 00:00:00.000,UTC,1996,4,7,98,"00:00:00",,POINT(nan nan),USMCOB-RC18053
USMCOB,"GARDNER WRECK, KEY WEST, FL",24.5,-81.6,0.79,,FL,0.86,TL,1994-07-25 00:00:00.000,USM,1,USMCOB-RC18062,2026-05-05 00:00:00.000,UTC,1994,7,25,206,"00:00:00",,POINT(-81.6 24.5),USMCOB-RC18062
USMCOB,"38 MILES NW. OF KEY WEST, FL",24.919,-82.261,,,,,,1994-11-01 00:00:00.000,USM,2,USMCOB-RC18062,2026-05-05 00:00:00.000,UTC,1994,11,1,305,"00:00:00",,POINT(-82.261 24.919),USMCOB-RC18062
USMCOB,"Mexico Beach, FL",29.946,-85.419,0.76,,FL,0.83,TL,1996-05-31 00:00:00.000,USM,1,USMCOB-RC18074,2026-05-05 00:00:00.000,UTC,1996,5,31,152,"00:00:00",,POINT(-85.419 29.946),USMCOB-RC18074
USMCOB,"Mexico Beach, FL",29.946,-85.419,0.76,,FL,,,1996-06-03 00:00:00.000,USM,2,USMCOB-RC18074,2026-05-05 00:00:00.000,UTC,1996,6,3,155,"00:00:00",,POINT(-85.419 29.946),USMCOB-RC18074
USMCOB,"S OF PENSACOLA BCH PIER, FL",30.315,-87.203,0.69,,FL,0.76,TL,1994-04-20 00:00:00.000,USM,1,USMCOB-RC18137,2026-05-05 00:00:00.000,UTC,1994,4,20,110,"00:00:00",,POINT(-87.203 30.315),USMCOB-RC18137
USMCOB,"Key West, Florida",24.563,-81.726,1.17,,FL,1.27,TL,1995-11-03 00:00:00.000,USM,2,USMCOB-RC18137,2026-05-05 00:00:00.000,UTC,1995,11,3,307,"00:00:00",,POINT(-81.726 24.563),USMCOB-RC18137
USMCOB,"Pensacola Beach, FL",30.315,-87.203,0.89,,FL,,,1996-05-02 00:00:00.000,USM,1,USMCOB-RC18163,2026-05-05 00:00:00.000,UTC,1996,5,2,123,"00:00:00",,POINT(-87.203 30.315),USMCOB-RC18163
USMCOB,"Off Ponce Inlet, FL",29.077,-80.91,1.04,,FL,1.14,TL,1996-08-20 00:00:00.000,USM,2,USMCOB-RC18163,2026-05-05 00:00:00.000,UTC,1996,8,20,233,"00:00:00",,POINT(-80.91 29.077),USMCOB-RC18163
USMCOB,"RIG NO.244B, OFF LA",,,0.97,,FL,1.07,TL,1994-05-07 00:00:00.000,USM,1,USMCOB-RC18182,2026-05-05 00:00:00.000,UTC,1994,5,7,127,"00:00:00",,POINT(nan nan),USMCOB-RC18182
USMCOB,Exxon Rig 60 Mi South Ship Isl,29.34,-88.96,,,,,,1996-05-17 00:00:00.000,USM,2,USMCOB-RC18182,2026-05-05 00:00:00.000,UTC,1996,5,17,138,"00:00:00",,POINT(-88.96 29.34),USMCOB-RC18182
USMCOB,"Orange Beach, AL",30.267,-87.585,0.69,,FL,,,1995-04-25 00:00:00.000,USM,1,USMCOB-RC18185,2026-05-05 00:00:00.000,UTC,1995,4,25,115,"00:00:00",,POINT(-87.585 30.267),USMCOB-RC18185
USMCOB,Buoy 5 Mobile ship channel,30.156,-88.055,1.07,,FL,,,1997-09-19 00:00:00.000,USM,2,USMCOB-RC18185,2026-05-05 00:00:00.000,UTC,1997,9,19,262,"00:00:00",,POINT(-88.055 30.156),USMCOB-RC18185
USMCOB,"Orange Beach, AL",30.267,-87.585,,,,,,1994-04-17 00:00:00.000,USM,1,USMCOB-RC18235,2026-05-05 00:00:00.000,UTC,1994,4,17,107,"00:00:00",,POINT(-87.585 30.267),USMCOB-RC18235
USMCOB,"Gulfport Ship Channel, MS",30.349,-89.083,0.95,,FL,1.04,TL,1995-09-06 00:00:00.000,USM,2,USMCOB-RC18235,2026-05-05 00:00:00.000,UTC,1995,9,6,249,"00:00:00",,POINT(-89.083 30.349),USMCOB-RC18235
USMCOB,"PENSACOLA, FL",30.315,-87.203,1.02,,FL,,,1994-04-08 00:00:00.000,USM,1,USMCOB-RC18239,2026-05-05 00:00:00.000,UTC,1994,4,8,98,"00:00:00",,POINT(-87.203 30.315),USMCOB-RC18239
USMCOB,"West Delta, LA",28.92,-89.42,,,,,,2002-05-29 00:00:00.000,USM,2,USMCOB-RC18239,2026-05-05 00:00:00.000,UTC,2002,5,29,149,"00:00:00",,POINT(-89.42 28.92),USMCOB-RC18239
USMCOB,"PENSACOLA BEACH, FL",30.315,-87.203,1.02,,FL,,,1994-04-23 00:00:00.000,USM,1,USMCOB-RC18262,2026-05-05 00:00:00.000,UTC,1994,4,23,113,"00:00:00",,POINT(-87.203 30.315),USMCOB-RC18262
USMCOB,"OFF ORANGE BEACH, AL",30.26,-87.58,1.22,,TL,,,1995-04-10 00:00:00.000,USM,2,USMCOB-RC18262,2026-05-05 00:00:00.000,UTC,1995,4,10,100,"00:00:00",,POINT(-87.58 30.26),USMCOB-RC18262
USMCOB,"Pensacola Beach, FL",30.315,-87.203,1.02,,FL,,,1995-04-08 00:00:00.000,USM,1,USMCOB-RC18277,2026-05-05 00:00:00.000,UTC,1995,4,8,98,"00:00:00",,POINT(-87.203 30.315),USMCOB-RC18277
USMCOB,"42 Mi SW Cat Island Pass, LA",29.756,-89.577,1.09,,FL,,,1995-05-28 00:00:00.000,USM,2,USMCOB-RC18277,2026-05-05 00:00:00.000,UTC,1995,5,28,148,"00:00:00",,POINT(-89.577 29.756),USMCOB-RC18277
USMCOB,"Pensacola Beach, FL",30.315,-87.203,0.94,,FL,,,1995-04-16 00:00:00.000,USM,1,USMCOB-RC18281,2026-05-05 00:00:00.000,UTC,1995,4,16,106,"00:00:00",,POINT(-87.203 30.315),USMCOB-RC18281
USMCOB,"West Delta 73, LA",28.97,-89.718,0.97,,FL,,,1996-07-26 00:00:00.000,USM,2,USMCOB-RC18281,2026-05-05 00:00:00.000,UTC,1996,7,26,208,"00:00:00",,POINT(-89.718 28.97),USMCOB-RC18281
USMCOB,"PENSACOLA BEACH, FL",30.315,-87.203,1.02,,FL,1.09,TL,1994-04-07 00:00:00.000,USM,1,USMCOB-RC18416,2026-05-05 00:00:00.000,UTC,1994,4,7,97,"00:00:00",,POINT(-87.203 30.315),USMCOB-RC18416
USMCOB,"Myrtle Beach, South Carolina",33.683,-78.882,1.22,,FL,1.37,TL,1995-07-30 00:00:00.000,USM,2,USMCOB-RC18416,2026-05-05 00:00:00.000,UTC,1995,7,30,211,"00:00:00",,POINT(-78.882 33.683),USMCOB-RC18416
USMCOB,"OFF ORANGE BEACH, AL",30.267,-87.585,0.51,,FL,0.56,TL,1994-05-10 00:00:00.000,USM,1,USMCOB-RC18437,2026-05-05 00:00:00.000,UTC,1994,5,10,130,"00:00:00",,POINT(-87.585 30.267),USMCOB-RC18437
USMCOB,"15 MI. OFF ORANGE BEACH, AL",30.048762,-87.584509,,,,,,1994-08-10 00:00:00.000,USM,2,USMCOB-RC18437,2026-05-05 00:00:00.000,UTC,1994,8,10,222,"00:00:00",,POINT(-87.584509 30.048762),USMCOB-RC18437
USMCOB,"ORANGE BEACH, AL",30.267,-87.585,0.74,,FL,0.86,TL,1994-04-23 00:00:00.000,USM,1,USMCOB-RC18452,2026-05-05 00:00:00.000,UTC,1994,4,23,113,"00:00:00",,POINT(-87.585 30.267),USMCOB-RC18452
USMCOB,Orange Beach AL 3016.200 87334,30.27,-87.556667,,,,,,1998-04-09 00:00:00.000,USM,2,USMCOB-RC18452,2026-05-05 00:00:00.000,UTC,1998,4,9,99,"00:00:00",,POINT(-87.556667 30.27),USMCOB-RC18452
USMCOB,"PENSACOLA BEACH, FL",30.315,-87.203,0.91,,FL,0.97,TL,1994-04-07 00:00:00.000,USM,1,USMCOB-RC18459,2026-05-05 00:00:00.000,UTC,1994,4,7,97,"00:00:00",,POINT(-87.203 30.315),USMCOB-RC18459
USMCOB,"Destin, FL",30.38,-86.5,1.02,,FL,,,1996-04-03 00:00:00.000,USM,2,USMCOB-RC18459,2026-05-05 00:00:00.000,UTC,1996,4,3,94,"00:00:00",,POINT(-86.5 30.38),USMCOB-RC18459
USMCOB,"ORANGE BEACH, AL",30.267,-87.585,0.97,,FL,1.07,TL,1994-04-04 00:00:00.000,USM,1,USMCOB-RC18460,2026-05-05 00:00:00.000,UTC,1994,4,4,94,"00:00:00",,POINT(-87.585 30.267),USMCOB-RC18460
USMCOB,"OFF PENSACOLA BEACH PIER, FL",30.333,-87.15,1.22,,TL,,,1995-04-08 00:00:00.000,USM,2,USMCOB-RC18460,2026-05-05 00:00:00.000,UTC,1995,4,8,98,"00:00:00",,POINT(-87.15 30.333),USMCOB-RC18460
USMCOB,"1 Mi N Port Canaveral FL",28.395,-80.577,0.76,,FL,0.84,TL,1996-04-05 00:00:00.000,USM,1,USMCOB-RC18478,2026-05-05 00:00:00.000,UTC,1996,4,5,96,"00:00:00",,POINT(-80.577 28.395),USMCOB-RC18478
USMCOB,Port Canaveral FL,28.41,-80.584,0.94,,FL,,,1997-03-24 00:00:00.000,USM,2,USMCOB-RC18478,2026-05-05 00:00:00.000,UTC,1997,3,24,83,"00:00:00",,POINT(-80.584 28.41),USMCOB-RC18478
USMCOB,"5 Mi North Port Canaveral, FL",28.479649,-80.526392,0.76,,FL,0.86,TL,1995-07-24 00:00:00.000,USM,1,USMCOB-RC18480,2026-05-05 00:00:00.000,UTC,1995,7,24,205,"00:00:00",,POINT(-80.526392 28.479649),USMCOB-RC18480
USMCOB,"Horn Island, MS",30.237,-88.686,1.17,,FL,,,1997-04-25 00:00:00.000,USM,2,USMCOB-RC18480,2026-05-05 00:00:00.000,UTC,1997,4,25,115,"00:00:00",,POINT(-88.686 30.237),USMCOB-RC18480
USMCOB,"WRECK OF THE CHRIS, FL",24.5,-81.6,0.72,,FL,0.83,TL,1994-05-27 00:00:00.000,USM,1,USMCOB-RC18503,2026-05-05 00:00:00.000,UTC,1994,5,27,147,"00:00:00",,POINT(-81.6 24.5),USMCOB-RC18503
USMCOB,"20 mi NE Dry Tortugas",24.909,-82.563,1.12,,TL,,,1995-02-25 00:00:00.000,USM,2,USMCOB-RC18503,2026-05-05 00:00:00.000,UTC,1995,2,25,56,"00:00:00",,POINT(-82.563 24.909),USMCOB-RC18503
USMCOB,"WRECK OF THE CHRIS, FL",24.5,-81.6,0.81,,FL,0.93,TL,1994-05-27 00:00:00.000,USM,1,USMCOB-RC18515,2026-05-05 00:00:00.000,UTC,1994,5,27,147,"00:00:00",,POINT(-81.6 24.5),USMCOB-RC18515
USMCOB,Between P'Cola & Navarre Bch,30.342,-87.048,1.17,,FL,,,1996-04-05 00:00:00.000,USM,2,USMCOB-RC18515,2026-05-05 00:00:00.000,UTC,1996,4,5,96,"00:00:00",,POINT(-87.048 30.342),USMCOB-RC18515
USMCOB,"WRK OF THE CHRIS, KEY WEST, FL",24.5,-81.6,0.74,,FL,0.8,TL,1994-06-05 00:00:00.000,USM,1,USMCOB-RC18519,2026-05-05 00:00:00.000,UTC,1994,6,5,156,"00:00:00",,POINT(-81.6 24.5),USMCOB-RC18519
USMCOB,Marathon FL,24.726,-81.089,1.09,,FL,1.17,TL,1997-07-31 00:00:00.000,USM,2,USMCOB-RC18519,2026-05-05 00:00:00.000,UTC,1997,7,31,212,"00:00:00",,POINT(-81.089 24.726),USMCOB-RC18519
USMCOB,"GULF, WRECK CHRIS, KEY WEST,FL",24.5,-81.6,0.72,,FL,0.8,TL,1994-06-10 00:00:00.000,USM,1,USMCOB-RC18525,2026-05-05 00:00:00.000,UTC,1994,6,10,161,"00:00:00",,POINT(-81.6 24.5),USMCOB-RC18525
USMCOB,"Bahia Honda, Keys FL, Atl Side",24.661,-81.261,1.12,,TL,,,1997-02-09 00:00:00.000,USM,2,USMCOB-RC18525,2026-05-05 00:00:00.000,UTC,1997,2,9,40,"00:00:00",,POINT(-81.261 24.661),USMCOB-RC18525
USMCOB,"5 Mi off Key West,FL",24.638233,-81.788261,0.8,,FL,0.91,TL,1997-02-23 00:00:00.000,USM,1,USMCOB-RC18552,2026-05-05 00:00:00.000,UTC,1997,2,23,54,"00:00:00",,POINT(-81.788261 24.638233),USMCOB-RC18552
USMCOB,"Ft. Meyers, FL",26.643,-81.877,0.97,,FL,1.05,TL,1998-02-14 00:00:00.000,USM,2,USMCOB-RC18552,2026-05-05 00:00:00.000,UTC,1998,2,14,45,"00:00:00",,POINT(-81.877 26.643),USMCOB-RC18552
USMCOB,Key West,24.563,-81.726,0.86,,FL,0.94,TL,1999-02-20 00:00:00.000,USM,1,USMCOB-RC18557,2026-05-05 00:00:00.000,UTC,1999,2,20,51,"00:00:00",,POINT(-81.726 24.563),USMCOB-RC18557
USMCOB,Key West,24.563,-81.726,0.88,,FL,,,1999-03-09 00:00:00.000,USM,2,USMCOB-RC18557,2026-05-05 00:00:00.000,UTC,1999,3,9,68,"00:00:00",,POINT(-81.726 24.563),USMCOB-RC18557
USMCOB,"47 Mi South Dauphin Island, AL",29.560126,-88.082364,0.66,,FL,0.74,TL,1995-06-04 00:00:00.000,USM,1,USMCOB-RC18604,2026-05-05 00:00:00.000,UTC,1995,6,4,155,"00:00:00",,POINT(-88.082364 29.560126),USMCOB-RC18604
USMCOB,"29-23.68 88-05.37 AL",29.394667,-88.0895,0.88,,FL,0.97,TL,1996-05-18 00:00:00.000,USM,2,USMCOB-RC18604,2026-05-05 00:00:00.000,UTC,1996,5,18,139,"00:00:00",,POINT(-88.0895 29.394667),USMCOB-RC18604
USMCOB,"Orange Beach, AL",30.267,-87.585,0.71,,TL,,,1996-04-17 00:00:00.000,USM,1,USMCOB-RC18706,2026-05-05 00:00:00.000,UTC,1996,4,17,108,"00:00:00",,POINT(-87.585 30.267),USMCOB-RC18706
USMCOB,"Eugene I., LA - Block 162",28.83,-91.545,,,,,,1999-05-20 00:00:00.000,USM,2,USMCOB-RC18706,2026-05-05 00:00:00.000,UTC,1999,5,20,140,"00:00:00",,POINT(-91.545 28.83),USMCOB-RC18706
USMCOB,Orange Beach Alabama,30.267,-87.585,0.89,,FL,,,1996-06-09 00:00:00.000,USM,1,USMCOB-RC18717,2026-05-05 00:00:00.000,UTC,1996,6,9,161,"00:00:00",,POINT(-87.585 30.267),USMCOB-RC18717
USMCOB,"50 Mi S Grand Isle, LA",28.498,-89.968,1.22,,TL,,,1997-05-23 00:00:00.000,USM,2,USMCOB-RC18717,2026-05-05 00:00:00.000,UTC,1997,5,23,143,"00:00:00",,POINT(-89.968 28.498),USMCOB-RC18717
USMCOB,Orange Beach Alabama,30.267,-87.585,1.02,,TL,,,1996-09-08 00:00:00.000,USM,1,USMCOB-RC18718,2026-05-05 00:00:00.000,UTC,1996,9,8,252,"00:00:00",,POINT(-87.585 30.267),USMCOB-RC18718
USMCOB,"25-10'N 82-30'W",25.16667,-82.5,1.04,,TL,,,1996-12-07 00:00:00.000,USM,2,USMCOB-RC18718,2026-05-05 00:00:00.000,UTC,1996,12,7,342,"00:00:00",,POINT(-82.5 25.16667),USMCOB-RC18718
USMCOB,"Orange Beach, AL",30.267,-87.585,0.94,,FL,,,1996-04-18 00:00:00.000,USM,1,USMCOB-RC18725,2026-05-05 00:00:00.000,UTC,1996,4,18,109,"00:00:00",,POINT(-87.585 30.267),USMCOB-RC18725
USMCOB,"Horn Island Bar, MS",30.244,-88.777,0.94,,FL,,,1996-05-10 00:00:00.000,USM,2,USMCOB-RC18725,2026-05-05 00:00:00.000,UTC,1996,5,10,131,"00:00:00",,POINT(-88.777 30.244),USMCOB-RC18725
USMCOB,"Gulf Shores, AL",30.245,-87.701,0.81,,FL,,,1996-04-21 00:00:00.000,USM,1,USMCOB-RC18738,2026-05-05 00:00:00.000,UTC,1996,4,21,112,"00:00:00",,POINT(-87.701 30.245),USMCOB-RC18738
USMCOB,Navarre Beach,30.378,-86.862,,,,,,1998-04-14 00:00:00.000,USM,2,USMCOB-RC18738,2026-05-05 00:00:00.000,UTC,1998,4,14,104,"00:00:00",,POINT(-86.862 30.378),USMCOB-RC18738
USMCOB,"Orange Beach, AL",30.267,-87.585,1.07,,TL,,,1996-05-03 00:00:00.000,USM,1,USMCOB-RC18745,2026-05-05 00:00:00.000,UTC,1996,5,3,124,"00:00:00",,POINT(-87.585 30.267),USMCOB-RC18745
USMCOB,"Key West, FL - Atlantic side E",24.563,-81.726,1.09,,TL,,,1999-03-21 00:00:00.000,USM,2,USMCOB-RC18745,2026-05-05 00:00:00.000,UTC,1999,3,21,80,"00:00:00",,POINT(-81.726 24.563),USMCOB-RC18745
USMCOB,Orange Beach Alabama,30.267,-87.585,0.86,,FL,,,1996-04-15 00:00:00.000,USM,1,USMCOB-RC18754,2026-05-05 00:00:00.000,UTC,1996,4,15,106,"00:00:00",,POINT(-87.585 30.267),USMCOB-RC18754
USMCOB,"3 Miles S Orange Beach, AL",30.223,-87.585,1.09,,FL,1.22,TL,1997-05-09 00:00:00.000,USM,2,USMCOB-RC18754,2026-05-05 00:00:00.000,UTC,1997,5,9,129,"00:00:00",,POINT(-87.585 30.223),USMCOB-RC18754
USMCOB,"Orange Beach, AL",30.267,-87.585,0.84,,FL,,,1996-05-03 00:00:00.000,USM,1,USMCOB-RC18762,2026-05-05 00:00:00.000,UTC,1996,5,3,124,"00:00:00",,POINT(-87.585 30.267),USMCOB-RC18762
USMCOB,"Naples, FL",26.14,-81.81,1.07,,FL,,,1996-11-20 00:00:00.000,USM,2,USMCOB-RC18762,2026-05-05 00:00:00.000,UTC,1996,11,20,325,"00:00:00",,POINT(-81.81 26.14),USMCOB-RC18762
USMCOB,"Gulf Shores, AL",30.245,-87.701,0.86,,FL,,,1996-05-03 00:00:00.000,USM,1,USMCOB-RC18764,2026-05-05 00:00:00.000,UTC,1996,5,3,124,"00:00:00",,POINT(-87.701 30.245),USMCOB-RC18764
USMCOB,"SSW of Perdido Pass, AL",30.268,-87.559,1.0,,FL,,,1996-05-25 00:00:00.000,USM,2,USMCOB-RC18764,2026-05-05 00:00:00.000,UTC,1996,5,25,146,"00:00:00",,POINT(-87.559 30.268),USMCOB-RC18764
USMCOB,Orange Beach Alabama,30.267,-87.585,0.61,,FL,,,1996-04-15 00:00:00.000,USM,1,USMCOB-RC18769,2026-05-05 00:00:00.000,UTC,1996,4,15,106,"00:00:00",,POINT(-87.585 30.267),USMCOB-RC18769
USMCOB,"Main Pass, 252 Oil Rig",29.36,-87.88,1.12,,FL,,,2001-05-23 00:00:00.000,USM,2,USMCOB-RC18769,2026-05-05 00:00:00.000,UTC,2001,5,23,143,"00:00:00",,POINT(-87.88 29.36),USMCOB-RC18769
USMCOB,Orange Beach Alabama,30.267,-87.585,0.46,,FL,,,1996-05-08 00:00:00.000,USM,1,USMCOB-RC18774,2026-05-05 00:00:00.000,UTC,1996,5,8,129,"00:00:00",,POINT(-87.585 30.267),USMCOB-RC18774
USMCOB,High Is(Stetson Bk)Galvest. TX,28.165,-94.3,1.3,,TL,,,1998-05-04 00:00:00.000,USM,2,USMCOB-RC18774,2026-05-05 00:00:00.000,UTC,1998,5,4,124,"00:00:00",,POINT(-94.3 28.165),USMCOB-RC18774
USMCOB,"Fleming Key Chain, Key West",24.58,-81.794,0.76,,FL,0.86,TL,1995-02-19 00:00:00.000,USM,1,USMCOB-RC18983,2026-05-05 00:00:00.000,UTC,1995,2,19,50,"00:00:00",,POINT(-81.794 24.58),USMCOB-RC18983
USMCOB,Off Gulf Shores AL,30.245,-87.701,1.22,,TL,,,1997-04-10 00:00:00.000,USM,2,USMCOB-RC18983,2026-05-05 00:00:00.000,UTC,1997,4,10,100,"00:00:00",,POINT(-87.701 30.245),USMCOB-RC18983
USMCOB,"GULFPORT SHIP CHANNEL, MS",30.24,-89.0,0.66,,FL,0.74,TL,1994-08-26 00:00:00.000,USM,1,USMCOB-RC19005,2026-05-05 00:00:00.000,UTC,1994,8,26,238,"00:00:00",,POINT(-89.0 30.24),USMCOB-RC19005
USMCOB,"GULFPORT SHIP CHANNEL,MS (#21)",30.189,-88.99,0.67,,FL,0.74,TL,1994-08-30 00:00:00.000,USM,2,USMCOB-RC19005,2026-05-05 00:00:00.000,UTC,1994,8,30,242,"00:00:00",,POINT(-88.99 30.189),USMCOB-RC19005
USMCOB,"GULFPORT SHIP CHANNEL, MS",30.24,-89.0,0.69,,FL,0.74,TL,1994-11-29 00:00:00.000,USM,1,USMCOB-RC19043,2026-05-05 00:00:00.000,UTC,1994,11,29,333,"00:00:00",,POINT(-89.0 30.24),USMCOB-RC19043
USMCOB,"N. end Chandeleur Island, LA",30.043,-88.878,1.22,,TL,,,1997-07-26 00:00:00.000,USM,2,USMCOB-RC19043,2026-05-05 00:00:00.000,UTC,1997,7,26,207,"00:00:00",,POINT(-88.878 30.043),USMCOB-RC19043
USMCOB,"14 Mi SW Perdido Pass",30.123594,-87.717569,0.7,,FL,0.74,TL,1995-07-06 00:00:00.000,USM,1,USMCOB-RC19065,2026-05-05 00:00:00.000,UTC,1995,7,6,187,"00:00:00",,POINT(-87.717569 30.123594),USMCOB-RC19065
USMCOB,"Pensacola, FL",30.333,-87.15,0.89,,FL,0.99,TL,1996-04-26 00:00:00.000,USM,2,USMCOB-RC19065,2026-05-05 00:00:00.000,UTC,1996,4,26,117,"00:00:00",,POINT(-87.15 30.333),USMCOB-RC19065
USMCOB,"7 Mi SW Perdido Pass",30.198378,-87.64,0.53,,FL,0.58,TL,1995-07-09 00:00:00.000,USM,1,USMCOB-RC19072,2026-05-05 00:00:00.000,UTC,1995,7,9,190,"00:00:00",,POINT(-87.64 30.198378),USMCOB-RC19072
USMCOB,north of Horseshoe Rigs,29.425,-88.615,1.18,,FL,1.3,TL,1999-05-01 00:00:00.000,USM,2,USMCOB-RC19072,2026-05-05 00:00:00.000,UTC,1999,5,1,121,"00:00:00",,POINT(-88.615 29.425),USMCOB-RC19072
USMCOB,South of Gulf Shores AL,30.245,-87.701,0.51,,FL,0.56,TL,1996-06-06 00:00:00.000,USM,1,USMCOB-RC19134,2026-05-05 00:00:00.000,UTC,1996,6,6,158,"00:00:00",,POINT(-87.701 30.245),USMCOB-RC19134
USMCOB,"Islamorada, FL",24.924,-80.625,0.81,,TL,,,1996-12-25 00:00:00.000,USM,2,USMCOB-RC19134,2026-05-05 00:00:00.000,UTC,1996,12,25,360,"00:00:00",,POINT(-80.625 24.924),USMCOB-RC19134
USMCOB,"Wreck of the Gardner, Key W FL",24.5,-81.6,0.81,,FL,0.89,TL,1995-03-17 00:00:00.000,USM,1,USMCOB-RC19162,2026-05-05 00:00:00.000,UTC,1995,3,17,76,"00:00:00",,POINT(-81.6 24.5),USMCOB-RC19162
USMCOB,"Wreck of the Gardner, Key W FL",,,1.07,,TL,,,1996-02-26 00:00:00.000,USM,2,USMCOB-RC19162,2026-05-05 00:00:00.000,UTC,1996,2,26,57,"00:00:00",,POINT(nan nan),USMCOB-RC19162
USMCOB,"Key West Harbor, Key West FL",24.563,-81.726,0.8,,FL,0.86,TL,1995-03-22 00:00:00.000,USM,1,USMCOB-RC19163,2026-05-05 00:00:00.000,UTC,1995,3,22,81,"00:00:00",,POINT(-81.726 24.563),USMCOB-RC19163
USMCOB,"30 Mi W of Key West FL",24.551,-82.287,1.09,,TL,,,1996-04-15 00:00:00.000,USM,2,USMCOB-RC19163,2026-05-05 00:00:00.000,UTC,1996,4,15,106,"00:00:00",,POINT(-82.287 24.551),USMCOB-RC19163
USMCOB,"Northwest Channel, Key West FL",24.594,-81.856,0.81,,FL,0.91,TL,1995-02-23 00:00:00.000,USM,1,USMCOB-RC19168,2026-05-05 00:00:00.000,UTC,1995,2,23,54,"00:00:00",,POINT(-81.856 24.594),USMCOB-RC19168
USMCOB,"26 Mi N of Big Pine Key, FL",25.074,-81.361,0.91,,FL,1.02,TL,1995-12-27 00:00:00.000,USM,2,USMCOB-RC19168,2026-05-05 00:00:00.000,UTC,1995,12,27,361,"00:00:00",,POINT(-81.361 25.074),USMCOB-RC19168
USMCOB,"TOO NICEY WRECK, KEY WEST, FL",24.5,-81.6,0.67,,FL,0.74,TL,1994-12-30 00:00:00.000,USM,1,USMCOB-RC19172,2026-05-05 00:00:00.000,UTC,1994,12,30,364,"00:00:00",,POINT(-81.6 24.5),USMCOB-RC19172
USMCOB,"Shell Island, P.C. FL",30.094,-85.692,0.86,,TL,,,1996-05-03 00:00:00.000,USM,2,USMCOB-RC19172,2026-05-05 00:00:00.000,UTC,1996,5,3,124,"00:00:00",,POINT(-85.692 30.094),USMCOB-RC19172
USMCOB,"28 53 09/90 49 92 BLOCK 94, LA",28.885833,-90.842222,0.84,,FL,0.91,TL,1994-09-27 00:00:00.000,USM,1,USMCOB-RC19210,2026-05-05 00:00:00.000,UTC,1994,9,27,270,"00:00:00",,POINT(-90.842222 28.885833),USMCOB-RC19210
USMCOB,"28-8 93-40, E of Surf Side, TX",28.8,-93.4,,,,,,1996-02-13 00:00:00.000,USM,2,USMCOB-RC19210,2026-05-05 00:00:00.000,UTC,1996,2,13,44,"00:00:00",,POINT(-93.4 28.8),USMCOB-RC19210
USMCOB,"S. OF TERREBONNE BAY, LA",29.05,-90.57,0.99,,FL,1.09,TL,1994-09-27 00:00:00.000,USM,1,USMCOB-RC19214,2026-05-05 00:00:00.000,UTC,1994,9,27,270,"00:00:00",,POINT(-90.57 29.05),USMCOB-RC19214
USMCOB,"SHIP SHOAL BLK 94,LA(40 MI OFF",28.843,-90.871,1.14,,TL,,,1994-10-21 00:00:00.000,USM,2,USMCOB-RC19214,2026-05-05 00:00:00.000,UTC,1994,10,21,294,"00:00:00",,POINT(-90.871 28.843),USMCOB-RC19214
USMCOB,Shallow Rigs,29.718,-88.797,0.65,,FL,0.72,TL,1996-08-17 00:00:00.000,USM,1,USMCOB-RC19447,2026-05-05 00:00:00.000,UTC,1996,8,17,230,"00:00:00",,POINT(-88.797 29.718),USMCOB-RC19447
USMCOB,Block 102 off MS,29.589,-88.8,,,,,,1997-09-02 00:00:00.000,USM,2,USMCOB-RC19447,2026-05-05 00:00:00.000,UTC,1997,9,2,245,"00:00:00",,POINT(-88.8 29.589),USMCOB-RC19447
USMCOB,"12285.7 46936.6",29.64667,-88.83667,0.71,,FL,0.81,TL,1995-06-25 00:00:00.000,USM,1,USMCOB-RC19457,2026-05-05 00:00:00.000,UTC,1995,6,25,176,"00:00:00",,POINT(-88.83667 29.64667),USMCOB-RC19457
USMCOB,Hurricane Cut Port St. Joe. FL,29.811,-85.306,0.86,,TL,,,1996-05-04 00:00:00.000,USM,2,USMCOB-RC19457,2026-05-05 00:00:00.000,UTC,1996,5,4,125,"00:00:00",,POINT(-85.306 29.811),USMCOB-RC19457
USMCOB,"12290.9 46937.6",29.65,-88.82667,0.79,,FL,0.86,TL,1995-07-08 00:00:00.000,USM,1,USMCOB-RC19464,2026-05-05 00:00:00.000,UTC,1995,7,8,189,"00:00:00",,POINT(-88.82667 29.65),USMCOB-RC19464
USMCOB,"off Destin, FL",30.38,-86.5,1.16,,FL,,,2000-03-24 00:00:00.000,USM,2,USMCOB-RC19464,2026-05-05 00:00:00.000,UTC,2000,3,24,84,"00:00:00",,POINT(-86.5 30.38),USMCOB-RC19464
USMCOB,"25 Mi SW Terrebonne Bay LA",28.964,-90.947,0.97,,FL,1.07,TL,1996-09-14 00:00:00.000,USM,1,USMCOB-RC19520,2026-05-05 00:00:00.000,UTC,1996,9,14,258,"00:00:00",,POINT(-90.947 28.964),USMCOB-RC19520
USMCOB,"Ship Shoal Block 90, LA",28.92,-90.822,1.4,,TL,,,1998-10-12 00:00:00.000,USM,2,USMCOB-RC19520,2026-05-05 00:00:00.000,UTC,1998,10,12,285,"00:00:00",,POINT(-90.822 28.92),USMCOB-RC19520
USMCOB,"25 Mi SW Terrebonne Bay LA",28.964,-90.947,0.97,,FL,1.07,TL,1996-09-14 00:00:00.000,USM,1,USMCOB-RC19521,2026-05-05 00:00:00.000,UTC,1996,9,14,258,"00:00:00",,POINT(-90.947 28.964),USMCOB-RC19521
USMCOB,Belle Pass by Bayou LaFouche,29.098,-90.222,1.05,,FL,1.19,TL,1997-10-03 00:00:00.000,USM,2,USMCOB-RC19521,2026-05-05 00:00:00.000,UTC,1997,10,3,276,"00:00:00",,POINT(-90.222 29.098),USMCOB-RC19521
USMCOB,Ship Shoal Block 166,28.649488,-90.869629,0.71,,FL,0.79,TL,1996-08-18 00:00:00.000,USM,1,USMCOB-RC19525,2026-05-05 00:00:00.000,UTC,1996,8,18,231,"00:00:00",,POINT(-90.869629 28.649488),USMCOB-RC19525
USMCOB,"24.5 nm due S of Barataria Pas",28.908,-89.95,,,,,,1999-11-20 00:00:00.000,USM,2,USMCOB-RC19525,2026-05-05 00:00:00.000,UTC,1999,11,20,324,"00:00:00",,POINT(-89.95 28.908),USMCOB-RC19525
USMCOB,"20 Mi SW Terrebonne Bay LA",28.964,-90.947,0.69,,FL,0.76,TL,1995-08-20 00:00:00.000,USM,1,USMCOB-RC19532,2026-05-05 00:00:00.000,UTC,1995,8,20,232,"00:00:00",,POINT(-90.947 28.964),USMCOB-RC19532
USMCOB,"Grand Isle, LA",29.23,-89.98,1.09,,FL,1.21,TL,1999-05-23 00:00:00.000,USM,2,USMCOB-RC19532,2026-05-05 00:00:00.000,UTC,1999,5,23,143,"00:00:00",,POINT(-89.98 29.23),USMCOB-RC19532
USMCOB,Ship Shoal Block 92  Rig #8,28.882,-90.774113,0.53,,FL,0.61,TL,1995-09-09 00:00:00.000,USM,1,USMCOB-RC19536,2026-05-05 00:00:00.000,UTC,1995,9,9,252,"00:00:00",,POINT(-90.774113 28.882),USMCOB-RC19536
USMCOB,"South Timberlier, Block 68 LA",28.81,-90.449,0.97,,TL,,,1996-12-06 00:00:00.000,USM,2,USMCOB-RC19536,2026-05-05 00:00:00.000,UTC,1996,12,6,341,"00:00:00",,POINT(-90.449 28.81),USMCOB-RC19536
USMCOB,"East of Navarre Pier, FL",29.9,-88.81,0.91,,FL,0.97,TL,1995-04-01 00:00:00.000,USM,1,USMCOB-RC19706,2026-05-05 00:00:00.000,UTC,1995,4,1,91,"00:00:00",,POINT(-88.81 29.9),USMCOB-RC19706
USMCOB,"30 miles off Fushion, LA",28.6615,-90.2,,,,,,1998-06-14 00:00:00.000,USM,2,USMCOB-RC19706,2026-05-05 00:00:00.000,UTC,1998,6,14,165,"00:00:00",,POINT(-90.2 28.6615),USMCOB-RC19706
USMCOB,"SanDestin, FL",30.367,-86.331,0.71,,FL,0.76,TL,1995-04-18 00:00:00.000,USM,1,USMCOB-RC19707,2026-05-05 00:00:00.000,UTC,1995,4,18,108,"00:00:00",,POINT(-86.331 30.367),USMCOB-RC19707
USMCOB,"SanDestin, FL",30.367,-86.331,1.14,,TL,,,1996-05-03 00:00:00.000,USM,2,USMCOB-RC19707,2026-05-05 00:00:00.000,UTC,1996,5,3,124,"00:00:00",,POINT(-86.331 30.367),USMCOB-RC19707
USMCOB,"13410.0 47133.6",30.365,-87.005,0.66,,FL,0.79,TL,1995-03-29 00:00:00.000,USM,1,USMCOB-RC19781,2026-05-05 00:00:00.000,UTC,1995,3,29,88,"00:00:00",,POINT(-87.005 30.365),USMCOB-RC19781
USMCOB,"Camille Cut, Ship Island MS",30.221,-88.912,0.97,,TL,,,1995-08-18 00:00:00.000,USM,2,USMCOB-RC19781,2026-05-05 00:00:00.000,UTC,1995,8,18,230,"00:00:00",,POINT(-88.912 30.221),USMCOB-RC19781
USMCOB,"Houses, Navarre FL",30.369,-86.89,1.02,,FL,1.09,TL,1996-04-01 00:00:00.000,USM,1,USMCOB-RC20157,2026-05-05 00:00:00.000,UTC,1996,4,1,92,"00:00:00",,POINT(-86.89 30.369),USMCOB-RC20157
USMCOB,"Panama City, FL              E",30.212,-85.88,,,,,,1998-04-13 00:00:00.000,USM,2,USMCOB-RC20157,2026-05-05 00:00:00.000,UTC,1998,4,13,103,"00:00:00",,POINT(-85.88 30.212),USMCOB-RC20157
USMCOB,"Orange Beach, AL",30.267,-87.585,0.76,,FL,0.84,TL,1997-05-04 00:00:00.000,USM,1,USMCOB-RC20180,2026-05-05 00:00:00.000,UTC,1997,5,4,124,"00:00:00",,POINT(-87.585 30.267),USMCOB-RC20180
USMCOB,Destin FL,30.38,-86.5,0.94,,FL,,,1998-07-17 00:00:00.000,USM,2,USMCOB-RC20180,2026-05-05 00:00:00.000,UTC,1998,7,17,198,"00:00:00",,POINT(-86.5 30.38),USMCOB-RC20180
USMCOB,"2 Mi W. Navarre Pier",30.378,-86.862,0.84,,FL,0.91,TL,1995-04-26 00:00:00.000,USM,1,USMCOB-RC20206,2026-05-05 00:00:00.000,UTC,1995,4,26,116,"00:00:00",,POINT(-86.862 30.378),USMCOB-RC20206
USMCOB,"2 Mi W. Ft. Walton Beach Pier",30.394,-86.65,,,,,,1996-04-27 00:00:00.000,USM,2,USMCOB-RC20206,2026-05-05 00:00:00.000,UTC,1996,4,27,118,"00:00:00",,POINT(-86.65 30.394),USMCOB-RC20206
USMCOB,"2 Mi E. Navarre Pier",30.378,-86.862,0.86,,FL,0.97,TL,1995-04-10 00:00:00.000,USM,1,USMCOB-RC20213,2026-05-05 00:00:00.000,UTC,1995,4,10,100,"00:00:00",,POINT(-86.862 30.378),USMCOB-RC20213
USMCOB,"46 Miles S. Barataria Bay, LA",28.6,-89.945,0.86,,FL,,,1995-06-03 00:00:00.000,USM,2,USMCOB-RC20213,2026-05-05 00:00:00.000,UTC,1995,6,3,154,"00:00:00",,POINT(-89.945 28.6),USMCOB-RC20213
USMCOB,"6 Mi E. Pensacola",30.313,-87.1,0.81,,FL,0.91,TL,1995-04-16 00:00:00.000,USM,1,USMCOB-RC20218,2026-05-05 00:00:00.000,UTC,1995,4,16,106,"00:00:00",,POINT(-87.1 30.313),USMCOB-RC20218
USMCOB,"28-19.41 90-59.02 ShipShoal LA",28.3235,-90.983667,1.04,,TL,,,1995-06-29 00:00:00.000,USM,2,USMCOB-RC20218,2026-05-05 00:00:00.000,UTC,1995,6,29,180,"00:00:00",,POINT(-90.983667 28.3235),USMCOB-RC20218
USMCOB,"Navarre Beach, FL",30.378,-86.862,0.94,,FL,1.02,TL,1996-04-01 00:00:00.000,USM,1,USMCOB-RC20247,2026-05-05 00:00:00.000,UTC,1996,4,1,92,"00:00:00",,POINT(-86.862 30.378),USMCOB-RC20247
USMCOB,"13974.0 46175.0 Apalachicola",28.82167,-85.135,,,,,,2000-06-01 00:00:00.000,USM,2,USMCOB-RC20247,2026-05-05 00:00:00.000,UTC,2000,6,1,153,"00:00:00",,POINT(-85.135 28.82167),USMCOB-RC20247
USMCOB,"Destin, FL",30.38,-86.5,1.12,,TL,,,1996-05-08 00:00:00.000,USM,2,USMCOB-RC20300,2026-05-05 00:00:00.000,UTC,1996,5,8,129,"00:00:00",,POINT(-86.5 30.38),USMCOB-RC20300
USMCOB,Pensacola FL,30.315,-87.203,0.94,,FL,1.12,TL,,USM,1,USMCOB-RC20300,2026-05-05 00:00:00.000,UTC,,,,,,,POINT(-87.203 30.315),USMCOB-RC20300
USMCOB,"Destin, FL",30.38,-86.5,0.79,,FL,0.86,TL,1996-04-28 00:00:00.000,USM,1,USMCOB-RC20318,2026-05-05 00:00:00.000,UTC,1996,4,28,119,"00:00:00",,POINT(-86.5 30.38),USMCOB-RC20318
USMCOB,"30 Mi South Panama City, FL",29.735,-85.803,0.88,,FL,,,1996-08-24 00:00:00.000,USM,2,USMCOB-RC20318,2026-05-05 00:00:00.000,UTC,1996,8,24,237,"00:00:00",,POINT(-85.803 29.735),USMCOB-RC20318
USMCOB,Pensacola,30.315,-87.203,0.99,,FL,1.19,TL,1996-04-17 00:00:00.000,USM,1,USMCOB-RC20326,2026-05-05 00:00:00.000,UTC,1996,4,17,108,"00:00:00",,POINT(-87.203 30.315),USMCOB-RC20326
USMCOB,East Bar of Ship Island,29.25,-88.87,1.22,,TL,,,1997-05-26 00:00:00.000,USM,2,USMCOB-RC20326,2026-05-05 00:00:00.000,UTC,1997,5,26,146,"00:00:00",,POINT(-88.87 29.25),USMCOB-RC20326
USMCOB,"Navarre, FL",30.378,-86.862,0.53,,FL,0.64,TL,1996-04-29 00:00:00.000,USM,1,USMCOB-RC20329,2026-05-05 00:00:00.000,UTC,1996,4,29,120,"00:00:00",,POINT(-86.862 30.378),USMCOB-RC20329
USMCOB,"1/4 mile off Navarre",30.378,-86.862,1.35,,FL,,,2001-04-11 00:00:00.000,USM,2,USMCOB-RC20329,2026-05-05 00:00:00.000,UTC,2001,4,11,101,"00:00:00",,POINT(-86.862 30.378),USMCOB-RC20329
USMCOB,"Pensacola,FL",30.315,-87.203,0.69,,FL,0.79,TL,1995-04-26 00:00:00.000,USM,1,USMCOB-RC20330,2026-05-05 00:00:00.000,UTC,1995,4,26,116,"00:00:00",,POINT(-87.203 30.315),USMCOB-RC20330
USMCOB,"West Delta, LA",28.92,-89.42,0.95,,TL,,,1996-05-17 00:00:00.000,USM,2,USMCOB-RC20330,2026-05-05 00:00:00.000,UTC,1996,5,17,138,"00:00:00",,POINT(-89.42 28.92),USMCOB-RC20330
USMCOB,"GLPT. SHIP CHANNEL, BUOY #37",30.262,-89.008,0.76,,FL,0.84,TL,1990-08-04 00:00:00.000,USM,1,USMCOB-RC2044,2026-05-05 00:00:00.000,UTC,1990,8,4,216,"00:00:00",,POINT(-89.008 30.262),USMCOB-RC2044
USMCOB,"W. END OF SHIP ISLAND, MS",30.21,-88.964,0.83,,FL,0.93,TL,1990-09-26 00:00:00.000,USM,2,USMCOB-RC2044,2026-05-05 00:00:00.000,UTC,1990,9,26,269,"00:00:00",,POINT(-88.964 30.21),USMCOB-RC2044
USMCOB,"Destin, FL",30.38,-86.5,0.77,,FL,0.85,TL,1996-05-02 00:00:00.000,USM,1,USMCOB-RC20457,2026-05-05 00:00:00.000,UTC,1996,5,2,123,"00:00:00",,POINT(-86.5 30.38),USMCOB-RC20457
USMCOB,"Navarre, FL",30.378,-86.862,0.86,,FL,1.02,TL,1997-04-30 00:00:00.000,USM,2,USMCOB-RC20457,2026-05-05 00:00:00.000,UTC,1997,4,30,120,"00:00:00",,POINT(-86.862 30.378),USMCOB-RC20457
USMCOB,Pensacola Beach,30.315,-87.203,1.02,,FL,1.12,TL,2002-04-18 00:00:00.000,USM,1,USMCOB-RC20466,2026-05-05 00:00:00.000,UTC,2002,4,18,108,"00:00:00",,POINT(-87.203 30.315),USMCOB-RC20466
USMCOB,"south of Aransas Pass, TX",27.844,-97.154,1.37,,TL,,,2002-08-30 00:00:00.000,USM,2,USMCOB-RC20466,2026-05-05 00:00:00.000,UTC,2002,8,30,242,"00:00:00",,POINT(-97.154 27.844),USMCOB-RC20466
USMCOB,"Destin, FL",30.38,-86.5,0.84,,FL,,,1995-04-30 00:00:00.000,USM,1,USMCOB-RC20542,2026-05-05 00:00:00.000,UTC,1995,4,30,120,"00:00:00",,POINT(-86.5 30.38),USMCOB-RC20542
USMCOB,"4 Mi off Marco Island, FL",25.908,-81.793,1.02,,TL,,,1995-11-08 00:00:00.000,USM,2,USMCOB-RC20542,2026-05-05 00:00:00.000,UTC,1995,11,8,312,"00:00:00",,POINT(-81.793 25.908),USMCOB-RC20542
USMCOB,"Destin, FL",30.38,-86.5,0.86,,FL,0.94,TL,1996-04-19 00:00:00.000,USM,1,USMCOB-RC20546,2026-05-05 00:00:00.000,UTC,1996,4,19,110,"00:00:00",,POINT(-86.5 30.38),USMCOB-RC20546
USMCOB,"13900  47100",30.26667,-86.165,1.05,,TL,,,1998-06-17 00:00:00.000,USM,2,USMCOB-RC20546,2026-05-05 00:00:00.000,UTC,1998,6,17,168,"00:00:00",,POINT(-86.165 30.26667),USMCOB-RC20546
USMCOB,"S. OF PENSACOLA BEACH, FL",30.315,-87.203,0.81,,FL,0.91,TL,1989-04-23 00:00:00.000,USM,1,USMCOB-RC2062,2026-05-05 00:00:00.000,UTC,1989,4,23,113,"00:00:00",,POINT(-87.203 30.315),USMCOB-RC2062
USMCOB,"S. OF MORGAN CITY, LA",29.453,-91.278,1.05,,TL,,,1991-09-15 00:00:00.000,USM,2,USMCOB-RC2062,2026-05-05 00:00:00.000,UTC,1991,9,15,258,"00:00:00",,POINT(-91.278 29.453),USMCOB-RC2062
USMCOB,"Pensacola Beach, FL",30.315,-87.203,1.04,,FL,1.17,TL,1996-04-20 00:00:00.000,USM,1,USMCOB-RC20626,2026-05-05 00:00:00.000,UTC,1996,4,20,111,"00:00:00",,POINT(-87.203 30.315),USMCOB-RC20626
USMCOB,Naval Tower in Dry Tortugas,24.925,-82.687,,,,,,1996-09-28 00:00:00.000,USM,2,USMCOB-RC20626,2026-05-05 00:00:00.000,UTC,1996,9,28,272,"00:00:00",,POINT(-82.687 24.925),USMCOB-RC20626
USMCOB,"OFF SANDESTIN, FL",30.367,-86.331,0.83,,FL,0.91,TL,1989-04-29 00:00:00.000,USM,1,USMCOB-RC2065,2026-05-05 00:00:00.000,UTC,1989,4,29,119,"00:00:00",,POINT(-86.331 30.367),USMCOB-RC2065
USMCOB,"50MI S. OF TERREBONNE BAY, LA",28.362,-90.582,,,,,,1992-06-05 00:00:00.000,USM,2,USMCOB-RC2065,2026-05-05 00:00:00.000,UTC,1992,6,5,157,"00:00:00",,POINT(-90.582 28.362),USMCOB-RC2065
USMCOB,"Pensacola Beach, FL",30.315,-87.203,0.99,,FL,1.07,TL,1996-05-08 00:00:00.000,USM,1,USMCOB-RC20702,2026-05-05 00:00:00.000,UTC,1996,5,8,129,"00:00:00",,POINT(-87.203 30.315),USMCOB-RC20702
USMCOB,"Destin, FL                   E",30.38,-86.5,,,,,,1997-09-01 00:00:00.000,USM,2,USMCOB-RC20702,2026-05-05 00:00:00.000,UTC,1997,9,1,244,"00:00:00",,POINT(-86.5 30.38),USMCOB-RC20702
USMCOB,"West end Ship Island, MS",30.21,-88.964,0.71,,FL,0.79,TL,1995-09-05 00:00:00.000,USM,1,USMCOB-RC20762,2026-05-05 00:00:00.000,UTC,1995,9,5,248,"00:00:00",,POINT(-88.964 30.21),USMCOB-RC20762
USMCOB,"Sebastian Inlet, FL",27.862,-80.447,,,,,,1997-03-04 00:00:00.000,USM,2,USMCOB-RC20762,2026-05-05 00:00:00.000,UTC,1997,3,4,63,"00:00:00",,POINT(-80.447 27.862),USMCOB-RC20762
USMCOB,"29-11.23   89-53.66  LA",29.187167,-89.894333,0.61,,TL,,,1996-07-31 00:00:00.000,USM,1,USMCOB-RC20807,2026-05-05 00:00:00.000,UTC,1996,7,31,213,"00:00:00",,POINT(-89.894333 29.187167),USMCOB-RC20807
USMCOB,Destin FL                    E,30.38,-86.5,,,,,,1998-04-12 00:00:00.000,USM,2,USMCOB-RC20807,2026-05-05 00:00:00.000,UTC,1998,4,12,102,"00:00:00",,POINT(-86.5 30.38),USMCOB-RC20807
USMCOB,"OFF NAVARRE, FLA",30.378,-86.862,0.76,,FL,0.84,TL,1990-10-05 00:00:00.000,USM,1,USMCOB-RC2084,2026-05-05 00:00:00.000,UTC,1990,10,5,278,"00:00:00",,POINT(-86.862 30.378),USMCOB-RC2084
USMCOB,N. POINT OF CHANDELEUR ISLANDS,30.046,-88.877,1.04,,FL,1.17,TL,1992-04-25 00:00:00.000,USM,2,USMCOB-RC2084,2026-05-05 00:00:00.000,UTC,1992,4,25,116,"00:00:00",,POINT(-88.877 30.046),USMCOB-RC2084
USMCOB,"Petit Bois Rigs, MS",30.115,-88.45,0.76,,FL,0.84,TL,1995-05-27 00:00:00.000,USM,1,USMCOB-RC20861,2026-05-05 00:00:00.000,UTC,1995,5,27,147,"00:00:00",,POINT(-88.45 30.115),USMCOB-RC20861
USMCOB,"Petit Bois Island, MS",30.202,-88.486,0.95,,TL,,,1995-08-11 00:00:00.000,USM,2,USMCOB-RC20861,2026-05-05 00:00:00.000,UTC,1995,8,11,223,"00:00:00",,POINT(-88.486 30.202),USMCOB-RC20861
USMCOB,"OFF DESTIN, FL",30.38,-86.5,0.76,,FL,0.84,TL,1990-10-20 00:00:00.000,USM,1,USMCOB-RC2087,2026-05-05 00:00:00.000,UTC,1990,10,20,293,"00:00:00",,POINT(-86.5 30.38),USMCOB-RC2087
USMCOB,"40 MI. OFF DESTIN, FL",29.812,-86.626,1.17,,TL,,,1994-04-30 00:00:00.000,USM,2,USMCOB-RC2087,2026-05-05 00:00:00.000,UTC,1994,4,30,120,"00:00:00",,POINT(-86.626 29.812),USMCOB-RC2087
USMCOB,"Orange Beach, AL",30.267,-87.585,0.99,,TL,,,1995-06-08 00:00:00.000,USM,1,USMCOB-RC20885,2026-05-05 00:00:00.000,UTC,1995,6,8,159,"00:00:00",,POINT(-87.585 30.267),USMCOB-RC20885
USMCOB,Horseshoe Rigs off MS,29.425,-88.615,1.07,,FL,1.13,TL,1997-05-24 00:00:00.000,USM,2,USMCOB-RC20885,2026-05-05 00:00:00.000,UTC,1997,5,24,144,"00:00:00",,POINT(-88.615 29.425),USMCOB-RC20885
USMCOB,"Orange Beach, AL",30.267,-87.585,1.02,,FL,,,1996-04-05 00:00:00.000,USM,1,USMCOB-RC20888,2026-05-05 00:00:00.000,UTC,1996,4,5,96,"00:00:00",,POINT(-87.585 30.267),USMCOB-RC20888
USMCOB,"Pensacola Beach, FL",30.333,-87.15,1.05,,FL,1.16,TL,1997-04-04 00:00:00.000,USM,2,USMCOB-RC20888,2026-05-05 00:00:00.000,UTC,1997,4,4,94,"00:00:00",,POINT(-87.15 30.333),USMCOB-RC20888
USMCOB,"OFF DESTIN, FL",30.38,-86.5,0.85,,FL,0.95,TL,1990-04-09 00:00:00.000,USM,1,USMCOB-RC2090,2026-05-05 00:00:00.000,UTC,1990,4,9,99,"00:00:00",,POINT(-86.5 30.38),USMCOB-RC2090
USMCOB,"8 MI. S. OF PANAMA CITY, FLA",30.003,-85.732,0.95,,TL,,,1990-07-29 00:00:00.000,USM,2,USMCOB-RC2090,2026-05-05 00:00:00.000,UTC,1990,7,29,210,"00:00:00",,POINT(-85.732 30.003),USMCOB-RC2090
USMCOB,"Orange Beach, AL",30.267,-87.585,0.74,,TL,,,1995-05-02 00:00:00.000,USM,1,USMCOB-RC20906,2026-05-05 00:00:00.000,UTC,1995,5,2,122,"00:00:00",,POINT(-87.585 30.267),USMCOB-RC20906
USMCOB,"12846.0 47064.0/New Tag #19146",30.149,-87.896,0.84,,FL,0.94,TL,1995-10-08 00:00:00.000,USM,2,USMCOB-RC20906,2026-05-05 00:00:00.000,UTC,1995,10,8,281,"00:00:00",,POINT(-87.896 30.149),USMCOB-RC20906
USMCOB,Ship Shoal Block 113,28.845227,-90.869279,0.91,,FL,1.02,TL,1995-09-20 00:00:00.000,USM,1,USMCOB-RC20911,2026-05-05 00:00:00.000,UTC,1995,9,20,263,"00:00:00",,POINT(-90.869279 28.845227),USMCOB-RC20911
USMCOB,"Ship Shoal Block 145, LA",28.73,-91.018,1.02,,FL,1.13,TL,1996-08-29 00:00:00.000,USM,2,USMCOB-RC20911,2026-05-05 00:00:00.000,UTC,1996,8,29,242,"00:00:00",,POINT(-91.018 28.73),USMCOB-RC20911
USMCOB,"Pensacola Beach, FL",30.315,-87.203,0.71,,FL,,,1996-03-22 00:00:00.000,USM,1,USMCOB-RC20932,2026-05-05 00:00:00.000,UTC,1996,3,22,82,"00:00:00",,POINT(-87.203 30.315),USMCOB-RC20932
USMCOB,"43641.0 61960.9 Sebast.Inl. FL",28.035,-80.245,,,,,,1997-01-25 00:00:00.000,USM,2,USMCOB-RC20932,2026-05-05 00:00:00.000,UTC,1997,1,25,25,"00:00:00",,POINT(-80.245 28.035),USMCOB-RC20932
USMCOB,"Pensacola Beach, FL",30.315,-87.203,1.12,,FL,,,1996-04-01 00:00:00.000,USM,1,USMCOB-RC20935,2026-05-05 00:00:00.000,UTC,1996,4,1,92,"00:00:00",,POINT(-87.203 30.315),USMCOB-RC20935
USMCOB,"N Bar Chandelier Island, LA",30.043,-88.878,1.17,,FL,1.27,TL,1996-05-07 00:00:00.000,USM,2,USMCOB-RC20935,2026-05-05 00:00:00.000,UTC,1996,5,7,128,"00:00:00",,POINT(-88.878 30.043),USMCOB-RC20935
USMCOB,"Pensacola Beach, FL",30.315,-87.203,0.64,,FL,,,1996-04-01 00:00:00.000,USM,1,USMCOB-RC20936,2026-05-05 00:00:00.000,UTC,1996,4,1,92,"00:00:00",,POINT(-87.203 30.315),USMCOB-RC20936
USMCOB,Dry Tortugas,24.654,-82.858,1.17,,TL,,,1997-03-04 00:00:00.000,USM,2,USMCOB-RC20936,2026-05-05 00:00:00.000,UTC,1997,3,4,63,"00:00:00",,POINT(-82.858 24.654),USMCOB-RC20936
USMCOB,Ship Shoal Block 114,28.845227,-90.82066,0.89,,FL,0.97,TL,1995-09-21 00:00:00.000,USM,1,USMCOB-RC20951,2026-05-05 00:00:00.000,UTC,1995,9,21,264,"00:00:00",,POINT(-90.82066 28.845227),USMCOB-RC20951
USMCOB,"80 Mi SW Terrebonne Bay, LA",28.276,-91.521,0.97,,TL,,,1996-06-15 00:00:00.000,USM,2,USMCOB-RC20951,2026-05-05 00:00:00.000,UTC,1996,6,15,167,"00:00:00",,POINT(-91.521 28.276),USMCOB-RC20951
USMCOB,"OFF DESTIN, FLORIDA",30.38,-86.5,0.74,,FL,,,1989-05-01 00:00:00.000,USM,1,USMCOB-RC2097,2026-05-05 00:00:00.000,UTC,1989,5,1,121,"00:00:00",,POINT(-86.5 30.38),USMCOB-RC2097
USMCOB,"27 MI.E. OF MISS. RIV.,SE PASS",29.11,-88.664,0.89,,FL,,,1989-08-30 00:00:00.000,USM,2,USMCOB-RC2097,2026-05-05 00:00:00.000,UTC,1989,8,30,242,"00:00:00",,POINT(-88.664 29.11),USMCOB-RC2097
USMCOB,"West end Ship Island, MS",30.21,-88.964,0.65,,FL,0.71,TL,1995-08-05 00:00:00.000,USM,1,USMCOB-RC21030,2026-05-05 00:00:00.000,UTC,1995,8,5,217,"00:00:00",,POINT(-88.964 30.21),USMCOB-RC21030
USMCOB,"Camille Cut, Ship I., MS",30.221,-88.912,1.22,,FL,,,1999-05-14 00:00:00.000,USM,2,USMCOB-RC21030,2026-05-05 00:00:00.000,UTC,1999,5,14,134,"00:00:00",,POINT(-88.912 30.221),USMCOB-RC21030
USMCOB,"West end Ship Island, MS",30.21,-88.964,0.79,,FL,0.86,TL,1995-09-27 00:00:00.000,USM,1,USMCOB-RC21109,2026-05-05 00:00:00.000,UTC,1995,9,27,270,"00:00:00",,POINT(-88.964 30.21),USMCOB-RC21109
USMCOB,"25 Mi due West of Key West, FL",24.551,-82.207,0.86,,TL,,,1995-12-02 00:00:00.000,USM,2,USMCOB-RC21109,2026-05-05 00:00:00.000,UTC,1995,12,2,336,"00:00:00",,POINT(-82.207 24.551),USMCOB-RC21109
USMCOB,"Miss Too Nicey Wreck, Keys",24.5,-81.6,0.8,,FL,0.91,TL,1995-11-11 00:00:00.000,USM,1,USMCOB-RC21123,2026-05-05 00:00:00.000,UTC,1995,11,11,315,"00:00:00",,POINT(-81.6 24.5),USMCOB-RC21123
USMCOB,South of Chandelier Island LA,29.662,-88.945,1.0,,FL,,,1997-05-01 00:00:00.000,USM,2,USMCOB-RC21123,2026-05-05 00:00:00.000,UTC,1997,5,1,121,"00:00:00",,POINT(-88.945 29.662),USMCOB-RC21123
USMCOB,"OFF DESTIN, FL",30.38,-86.5,,,,,,1990-04-15 00:00:00.000,USM,1,USMCOB-RC2115,2026-05-05 00:00:00.000,UTC,1990,4,15,105,"00:00:00",,POINT(-86.5 30.38),USMCOB-RC2115
USMCOB,"30MI. NW OF MARATHON, FL",24.842,-82.165,1.19,,TL,,,1992-02-27 00:00:00.000,USM,2,USMCOB-RC2115,2026-05-05 00:00:00.000,UTC,1992,2,27,58,"00:00:00",,POINT(-82.165 24.842),USMCOB-RC2115
USMCOB,Petit Bois Rigs,30.115,-88.45,0.7,,FL,0.79,TL,1995-08-19 00:00:00.000,USM,1,USMCOB-RC21211,2026-05-05 00:00:00.000,UTC,1995,8,19,231,"00:00:00",,POINT(-88.45 30.115),USMCOB-RC21211
USMCOB,"10 Mi SE Destin Pass, FL",30.285,-86.384,0.89,,FL,,,1996-06-26 00:00:00.000,USM,2,USMCOB-RC21211,2026-05-05 00:00:00.000,UTC,1996,6,26,178,"00:00:00",,POINT(-86.384 30.285),USMCOB-RC21211
USMCOB,"Petit Bois Rigs, MS",30.115,-88.45,0.56,,FL,0.62,TL,1996-06-09 00:00:00.000,USM,1,USMCOB-RC21216,2026-05-05 00:00:00.000,UTC,1996,6,9,161,"00:00:00",,POINT(-88.45 30.115),USMCOB-RC21216
USMCOB,"Ft. Lauderdale, FL",26.12,-80.1,0.99,,TL,,,1997-06-29 00:00:00.000,USM,2,USMCOB-RC21216,2026-05-05 00:00:00.000,UTC,1997,6,29,180,"00:00:00",,POINT(-80.1 26.12),USMCOB-RC21216
USMCOB,"15 ml W of Marco, FL",25.638,-81.792,0.84,,FL,,,1998-12-01 00:00:00.000,USM,1,USMCOB-RC21250,2026-05-05 00:00:00.000,UTC,1998,12,1,335,"00:00:00",,POINT(-81.792 25.638),USMCOB-RC21250
USMCOB,"Key West, FL",24.563,-81.726,0.91,,TL,,,1999-05-07 00:00:00.000,USM,2,USMCOB-RC21250,2026-05-05 00:00:00.000,UTC,1999,5,7,127,"00:00:00",,POINT(-81.726 24.563),USMCOB-RC21250
USMCOB,"12 MI. SOUTH OF DESTIN, FL",30.206,-86.494078,0.84,,FL,,,1990-10-21 00:00:00.000,USM,1,USMCOB-RC2126,2026-05-05 00:00:00.000,UTC,1990,10,21,294,"00:00:00",,POINT(-86.494078 30.206),USMCOB-RC2126
USMCOB,"KEY WEST, FL  (GULF SIDE)",24.57,-81.79,0.99,,FL,1.12,TL,1991-04-17 00:00:00.000,USM,2,USMCOB-RC2126,2026-05-05 00:00:00.000,UTC,1991,4,17,107,"00:00:00",,POINT(-81.79 24.57),USMCOB-RC2126
USMCOB,"Gulf Wrck Chris, Keys FL",24.5,-81.6,0.81,,FL,0.91,TL,1995-10-02 00:00:00.000,USM,1,USMCOB-RC21264,2026-05-05 00:00:00.000,UTC,1995,10,2,275,"00:00:00",,POINT(-81.6 24.5),USMCOB-RC21264
USMCOB,"Wreck of Miss Too Nicey, FL",,,1.07,,TL,,,1996-12-19 00:00:00.000,USM,2,USMCOB-RC21264,2026-05-05 00:00:00.000,UTC,1996,12,19,354,"00:00:00",,POINT(nan nan),USMCOB-RC21264
USMCOB,"Wrck Northwest Ship, Keys FL",30.22,-88.918,0.69,,FL,0.79,TL,1996-02-03 00:00:00.000,USM,1,USMCOB-RC21285,2026-05-05 00:00:00.000,UTC,1996,2,3,34,"00:00:00",,POINT(-88.918 30.22),USMCOB-RC21285
USMCOB,"Key West Harbor, Key West FL",24.563,-81.726,0.74,,FL,0.84,TL,1996-02-20 00:00:00.000,USM,2,USMCOB-RC21285,2026-05-05 00:00:00.000,UTC,1996,2,20,51,"00:00:00",,POINT(-81.726 24.563),USMCOB-RC21285
USMCOB,"Key West Harbor, Key West FL",24.563,-81.726,0.75,,FL,0.84,TL,1996-03-29 00:00:00.000,USM,1,USMCOB-RC21313,2026-05-05 00:00:00.000,UTC,1996,3,29,89,"00:00:00",,POINT(-81.726 24.563),USMCOB-RC21313
USMCOB,"Off Big Pine Key, FL Gulf Side",24.659,-81.356,1.02,,FL,1.14,TL,1997-07-07 00:00:00.000,USM,2,USMCOB-RC21313,2026-05-05 00:00:00.000,UTC,1997,7,7,188,"00:00:00",,POINT(-81.356 24.659),USMCOB-RC21313
USMCOB,"Key West Harbor, Key West FL",24.563,-81.726,0.72,,FL,0.79,TL,1996-03-29 00:00:00.000,USM,1,USMCOB-RC21315,2026-05-05 00:00:00.000,UTC,1996,3,29,89,"00:00:00",,POINT(-81.726 24.563),USMCOB-RC21315
USMCOB,"Key West Harbor, Keys FL",24.563,-81.726,0.72,,FL,0.79,TL,1996-03-29 00:00:00.000,USM,2,USMCOB-RC21315,2026-05-05 00:00:00.000,UTC,1996,3,29,89,"00:00:00",,POINT(-81.726 24.563),USMCOB-RC21315
USMCOB,"25 Mi SW Terrebonne Bay LA",28.964,-90.947,0.91,,FL,1.02,TL,1996-09-22 00:00:00.000,USM,1,USMCOB-RC21424,2026-05-05 00:00:00.000,UTC,1996,9,22,266,"00:00:00",,POINT(-90.947 28.964),USMCOB-RC21424
USMCOB,"28.49.09 92.44.11 E.Cameron185",28.818167,-92.735167,1.35,,TL,,,1999-06-19 00:00:00.000,USM,2,USMCOB-RC21424,2026-05-05 00:00:00.000,UTC,1999,6,19,170,"00:00:00",,POINT(-92.735167 28.818167),USMCOB-RC21424
USMCOB,"25 Mi SW Terrebonne Bay LA",28.964,-90.947,0.94,,FL,1.07,TL,1996-09-23 00:00:00.000,USM,1,USMCOB-RC21432,2026-05-05 00:00:00.000,UTC,1996,9,23,267,"00:00:00",,POINT(-90.947 28.964),USMCOB-RC21432
USMCOB,"25 Mi SW Terrebonne Bay, LA",28.964,-90.947,1.07,,TL,,,1996-09-25 00:00:00.000,USM,2,USMCOB-RC21432,2026-05-05 00:00:00.000,UTC,1996,9,25,269,"00:00:00",,POINT(-90.947 28.964),USMCOB-RC21432
USMCOB,"25 Mi SW Terrebonne Bay, LA",28.964,-90.947,0.99,,FL,1.12,TL,1996-10-28 00:00:00.000,USM,1,USMCOB-RC21438,2026-05-05 00:00:00.000,UTC,1996,10,28,302,"00:00:00",,POINT(-90.947 28.964),USMCOB-RC21438
USMCOB,"Cocodrie, LA",29.239,-90.66,,,,,,1997-11-04 00:00:00.000,USM,2,USMCOB-RC21438,2026-05-05 00:00:00.000,UTC,1997,11,4,308,"00:00:00",,POINT(-90.66 29.239),USMCOB-RC21438
USMCOB,"KW Reef Eastern Dry Rocks, Key",24.459,-81.844,0.74,,FL,0.81,TL,1995-11-18 00:00:00.000,USM,1,USMCOB-RC21447,2026-05-05 00:00:00.000,UTC,1995,11,18,322,"00:00:00",,POINT(-81.844 24.459),USMCOB-RC21447
USMCOB,"Off St. Lucie Inlet, Stuart FL",27.165,-80.15,,,,,,1996-05-19 00:00:00.000,USM,2,USMCOB-RC21447,2026-05-05 00:00:00.000,UTC,1996,5,19,140,"00:00:00",,POINT(-80.15 27.165),USMCOB-RC21447
USMCOB,"47030.0 / 12280.0",30.02667,-88.82167,0.58,,FL,,,1989-07-08 00:00:00.000,USM,1,USMCOB-RC2147,2026-05-05 00:00:00.000,UTC,1989,7,8,189,"00:00:00",,POINT(-88.82167 30.02667),USMCOB-RC2147
USMCOB,"WEST END OF SHIP ISLAND, MS",30.21,-88.964,0.69,,FL,0.74,TL,1990-09-03 00:00:00.000,USM,2,USMCOB-RC2147,2026-05-05 00:00:00.000,UTC,1990,9,3,246,"00:00:00",,POINT(-88.964 30.21),USMCOB-RC2147
USMCOB,"20 Mi SW Terrebonne Bay LA",28.964,-90.947,0.97,,FL,1.12,TL,1996-09-13 00:00:00.000,USM,1,USMCOB-RC21481,2026-05-05 00:00:00.000,UTC,1996,9,13,257,"00:00:00",,POINT(-90.947 28.964),USMCOB-RC21481
USMCOB,"South Delta Block 13, LA",29.29,-89.85,1.12,,TL,,,1996-10-02 00:00:00.000,USM,2,USMCOB-RC21481,2026-05-05 00:00:00.000,UTC,1996,10,2,276,"00:00:00",,POINT(-89.85 29.29),USMCOB-RC21481
USMCOB,"25 Mi SW Terrebonne Bay LA",28.964,-90.947,1.09,,FL,1.24,TL,1996-09-13 00:00:00.000,USM,1,USMCOB-RC21482,2026-05-05 00:00:00.000,UTC,1996,9,13,257,"00:00:00",,POINT(-90.947 28.964),USMCOB-RC21482
USMCOB,"Grand Isle, Cominada Pass",29.267,-89.945,,,,,,1999-11-20 00:00:00.000,USM,2,USMCOB-RC21482,2026-05-05 00:00:00.000,UTC,1999,11,20,324,"00:00:00",,POINT(-89.945 29.267),USMCOB-RC21482
USMCOB,"25 Mi SW Terrebonne Bay LA",28.964,-90.947,0.91,,FL,1.02,TL,1996-09-13 00:00:00.000,USM,1,USMCOB-RC21490,2026-05-05 00:00:00.000,UTC,1996,9,13,257,"00:00:00",,POINT(-90.947 28.964),USMCOB-RC21490
USMCOB,"South Timbalier Area #50, LA",28.89,-90.45,,,,,,1997-08-31 00:00:00.000,USM,2,USMCOB-RC21490,2026-05-05 00:00:00.000,UTC,1997,8,31,243,"00:00:00",,POINT(-90.45 28.89),USMCOB-RC21490
USMCOB,"Pensacola Beach, FL",30.315,-87.203,0.94,,FL,1.07,TL,1996-04-13 00:00:00.000,USM,1,USMCOB-RC21491,2026-05-05 00:00:00.000,UTC,1996,4,13,104,"00:00:00",,POINT(-87.203 30.315),USMCOB-RC21491
USMCOB,"Ship Shoal 200, LA",28.537,-91.309,,,,,,1997-06-06 00:00:00.000,USM,2,USMCOB-RC21491,2026-05-05 00:00:00.000,UTC,1997,6,6,157,"00:00:00",,POINT(-91.309 28.537),USMCOB-RC21491
USMCOB,"Pensacola Beach, FL",30.315,-87.203,1.05,,FL,1.19,TL,1996-05-01 00:00:00.000,USM,1,USMCOB-RC21495,2026-05-05 00:00:00.000,UTC,1996,5,1,122,"00:00:00",,POINT(-87.203 30.315),USMCOB-RC21495
USMCOB,"NW of Dry Tortugas, FL",24.912,-83.246,,,,,,1996-11-03 00:00:00.000,USM,2,USMCOB-RC21495,2026-05-05 00:00:00.000,UTC,1996,11,3,308,"00:00:00",,POINT(-83.246 24.912),USMCOB-RC21495
USMCOB,"PORT CANAVERAL, FL",28.395,-80.587,0.46,,TL,,,1997-02-07 00:00:00.000,USM,1,USMCOB-RC21539,2026-05-05 00:00:00.000,UTC,1997,2,7,38,"00:00:00",,POINT(-80.587 28.395),USMCOB-RC21539
USMCOB,"PORT CANAVERAL, FL",28.41,-80.584,,,,,,1997-06-01 00:00:00.000,USM,2,USMCOB-RC21539,2026-05-05 00:00:00.000,UTC,1997,6,1,152,"00:00:00",,POINT(-80.584 28.41),USMCOB-RC21539
USMCOB,"47030.0 / 12280.0",30.02667,-88.82167,0.53,,FL,,,1989-07-09 00:00:00.000,USM,1,USMCOB-RC2155,2026-05-05 00:00:00.000,UTC,1989,7,9,190,"00:00:00",,POINT(-88.82167 30.02667),USMCOB-RC2155
USMCOB,"HARTEEVILLE, SC (6MI INLAND)",32.235,-81.15,1.17,,TL,,,1992-05-17 00:00:00.000,USM,2,USMCOB-RC2155,2026-05-05 00:00:00.000,UTC,1992,5,17,138,"00:00:00",,POINT(-81.15 32.235),USMCOB-RC2155
USMCOB,Buoy 46 Gulfport Ship Channel,30.292,-89.032,0.3,,FL,0.33,TL,1996-08-13 00:00:00.000,USM,1,USMCOB-RC21551,2026-05-05 00:00:00.000,UTC,1996,8,13,226,"00:00:00",,POINT(-89.032 30.292),USMCOB-RC21551
USMCOB,Inside Buoy Ship Island,30.216,-88.994,0.3,,FL,0.33,TL,1996-08-16 00:00:00.000,USM,2,USMCOB-RC21551,2026-05-05 00:00:00.000,UTC,1996,8,16,229,"00:00:00",,POINT(-88.994 30.216),USMCOB-RC21551
USMCOB,"Wreck of the Gardner, Key W FL",24.5,-81.6,0.71,,FL,0.81,TL,1995-03-29 00:00:00.000,USM,1,USMCOB-RC21613,2026-05-05 00:00:00.000,UTC,1995,3,29,88,"00:00:00",,POINT(-81.6 24.5),USMCOB-RC21613
USMCOB,"25 Mi N. of Key West, FL",24.924,-81.72,0.71,,FL,,,1995-05-17 00:00:00.000,USM,2,USMCOB-RC21613,2026-05-05 00:00:00.000,UTC,1995,5,17,137,"00:00:00",,POINT(-81.72 24.924),USMCOB-RC21613
USMCOB,"Wreck of the Gardner, Keys",24.5,-81.6,0.56,,FL,0.64,TL,1995-07-23 00:00:00.000,USM,1,USMCOB-RC21627,2026-05-05 00:00:00.000,UTC,1995,7,23,204,"00:00:00",,POINT(-81.6 24.5),USMCOB-RC21627
USMCOB,"60 mi S of Biloxi, MS",29.519,-88.88,0.91,,FL,1.0,TL,1998-05-23 00:00:00.000,USM,2,USMCOB-RC21627,2026-05-05 00:00:00.000,UTC,1998,5,23,143,"00:00:00",,POINT(-88.88 29.519),USMCOB-RC21627
USMCOB,"47070.0 / 12275.0 (S. OF SHIP",30.2,-88.82333,0.71,,FL,,,1989-08-13 00:00:00.000,USM,1,USMCOB-RC2163,2026-05-05 00:00:00.000,UTC,1989,8,13,225,"00:00:00",,POINT(-88.82333 30.2),USMCOB-RC2163
USMCOB,"NE. END OF E. SHIP ISLAND, MS",29.25,-88.87,0.83,,FL,0.91,TL,1989-09-20 00:00:00.000,USM,2,USMCOB-RC2163,2026-05-05 00:00:00.000,UTC,1989,9,20,263,"00:00:00",,POINT(-88.87 29.25),USMCOB-RC2163
USMCOB,"Wreck of the Gardner, Keys",24.5,-81.6,0.81,,FL,0.91,TL,1995-07-26 00:00:00.000,USM,1,USMCOB-RC21633,2026-05-05 00:00:00.000,UTC,1995,7,26,207,"00:00:00",,POINT(-81.6 24.5),USMCOB-RC21633
USMCOB,Wreck of the Miss too Nicey,,,0.91,,FL,1.04,TL,1995-12-01 00:00:00.000,USM,2,USMCOB-RC21633,2026-05-05 00:00:00.000,UTC,1995,12,1,335,"00:00:00",,POINT(nan nan),USMCOB-RC21633
USMCOB,"Wreck of the Chris, Keys",24.5,-81.6,0.66,,FL,0.74,TL,1995-08-29 00:00:00.000,USM,1,USMCOB-RC21638,2026-05-05 00:00:00.000,UTC,1995,8,29,241,"00:00:00",,POINT(-81.6 24.5),USMCOB-RC21638
USMCOB,"Wreck of the Gardner, Keys",,,0.94,,TL,,,1996-09-14 00:00:00.000,USM,2,USMCOB-RC21638,2026-05-05 00:00:00.000,UTC,1996,9,14,258,"00:00:00",,POINT(nan nan),USMCOB-RC21638
USMCOB,"W. TIP OF HORN ISLAND, MS",30.246,-88.782,0.6,,FL,,,1989-08-20 00:00:00.000,USM,1,USMCOB-RC2172,2026-05-05 00:00:00.000,UTC,1989,8,20,232,"00:00:00",,POINT(-88.782 30.246),USMCOB-RC2172
USMCOB,"GETTY RIGS,S. OF CHANDELEUR IS",29.544,-88.677,0.76,,TL,,,1989-11-06 00:00:00.000,USM,2,USMCOB-RC2172,2026-05-05 00:00:00.000,UTC,1989,11,6,310,"00:00:00",,POINT(-88.677 29.544),USMCOB-RC2172
USMCOB,"DUE S. OF SHIP ISLAND, MS",30.205937,-88.955349,0.74,,FL,0.81,TL,1989-09-10 00:00:00.000,USM,1,USMCOB-RC2186,2026-05-05 00:00:00.000,UTC,1989,9,10,253,"00:00:00",,POINT(-88.955349 30.205937),USMCOB-RC2186
USMCOB,"SQUASH CHAN.,E. OF SHIP IS.,MS",30.245,-88.829,0.74,,FL,,,1989-09-17 00:00:00.000,USM,2,USMCOB-RC2186,2026-05-05 00:00:00.000,UTC,1989,9,17,260,"00:00:00",,POINT(-88.829 30.245),USMCOB-RC2186
USMCOB,"28-55.90 90-25.01",28.931667,-90.416833,0.56,,FL,0.61,TL,1995-08-28 00:00:00.000,USM,1,USMCOB-RC21873,2026-05-05 00:00:00.000,UTC,1995,8,28,240,"00:00:00",,POINT(-90.416833 28.931667),USMCOB-RC21873
USMCOB,Block 66 South Marsh Island LA,28.634,-91.95,0.94,,TL,,,1996-09-07 00:00:00.000,USM,2,USMCOB-RC21873,2026-05-05 00:00:00.000,UTC,1996,9,7,251,"00:00:00",,POINT(-91.95 28.634),USMCOB-RC21873
USMCOB,RIG S. OF CHANDELEUR ISLANDS,29.544,-88.677,0.69,,FL,0.74,TL,1989-07-22 00:00:00.000,USM,1,USMCOB-RC2193,2026-05-05 00:00:00.000,UTC,1989,7,22,203,"00:00:00",,POINT(-88.677 29.544),USMCOB-RC2193
USMCOB,"SOUTH OF NAPLES, FLORIDA",26.086,-81.81,1.07,,FL,,,1990-08-27 00:00:00.000,USM,2,USMCOB-RC2193,2026-05-05 00:00:00.000,UTC,1990,8,27,239,"00:00:00",,POINT(-81.81 26.086),USMCOB-RC2193
USMCOB,Buoy 27 GFPT Ship Channel,30.223,-88.998,0.64,,FL,0.74,TL,1995-09-04 00:00:00.000,USM,1,USMCOB-RC22106,2026-05-05 00:00:00.000,UTC,1995,9,4,247,"00:00:00",,POINT(-88.998 30.223),USMCOB-RC22106
USMCOB,"35 Mi SW Pensacola Pass, FL",29.965,-87.719,0.91,,FL,,,1997-05-21 00:00:00.000,USM,2,USMCOB-RC22106,2026-05-05 00:00:00.000,UTC,1997,5,21,141,"00:00:00",,POINT(-87.719 29.965),USMCOB-RC22106
USMCOB,"12282.1 46968.2",29.77167,-88.81667,0.65,,FL,0.74,TL,1995-05-04 00:00:00.000,USM,1,USMCOB-RC22141,2026-05-05 00:00:00.000,UTC,1995,5,4,124,"00:00:00",,POINT(-88.81667 29.77167),USMCOB-RC22141
USMCOB,"Off Alligator Point, FL",29.896,-84.382,0.79,,TL,,,1995-07-20 00:00:00.000,USM,2,USMCOB-RC22141,2026-05-05 00:00:00.000,UTC,1995,7,20,201,"00:00:00",,POINT(-84.382 29.896),USMCOB-RC22141
USMCOB,Petit Bois Gas Rigs,30.115,-88.45,0.76,,FL,0.81,TL,1995-06-20 00:00:00.000,USM,1,USMCOB-RC22153,2026-05-05 00:00:00.000,UTC,1995,6,20,171,"00:00:00",,POINT(-88.45 30.115),USMCOB-RC22153
USMCOB,"Tag found w/ trout Grand I, LA",29.23,-89.987,,,,,,1998-08-09 00:00:00.000,USM,2,USMCOB-RC22153,2026-05-05 00:00:00.000,UTC,1998,8,9,221,"00:00:00",,POINT(-89.987 29.23),USMCOB-RC22153
USMCOB,MP-MB953  LA,,,0.3,,FL,0.36,TL,1995-07-23 00:00:00.000,USM,1,USMCOB-RC22266,2026-05-05 00:00:00.000,UTC,1995,7,23,204,"00:00:00",,POINT(nan nan),USMCOB-RC22266
USMCOB,"Off Miami Beach, FL",25.766,-80.126,0.94,,TL,,,1996-08-06 00:00:00.000,USM,2,USMCOB-RC22266,2026-05-05 00:00:00.000,UTC,1996,8,6,219,"00:00:00",,POINT(-80.126 25.766),USMCOB-RC22266
USMCOB,SE end of Chandelier Island,29.76,-88.88,0.74,,FL,0.81,TL,1995-06-25 00:00:00.000,USM,1,USMCOB-RC22279,2026-05-05 00:00:00.000,UTC,1995,6,25,176,"00:00:00",,POINT(-88.88 29.76),USMCOB-RC22279
USMCOB,"Monkey Bayou Rigs, MS",29.718,-88.797,0.99,,TL,,,1996-09-24 00:00:00.000,USM,2,USMCOB-RC22279,2026-05-05 00:00:00.000,UTC,1996,9,24,268,"00:00:00",,POINT(-88.797 29.718),USMCOB-RC22279
USMCOB,W. end of Ship Island,30.21,-88.964,0.74,,FL,0.81,TL,1996-08-24 00:00:00.000,USM,1,USMCOB-RC22321,2026-05-05 00:00:00.000,UTC,1996,8,24,237,"00:00:00",,POINT(-88.964 30.21),USMCOB-RC22321
USMCOB,"Chevron Pipeline, Ship Is",30.228,-89.012,0.97,,TL,,,1997-10-04 00:00:00.000,USM,2,USMCOB-RC22321,2026-05-05 00:00:00.000,UTC,1997,10,4,277,"00:00:00",,POINT(-89.012 30.228),USMCOB-RC22321
USMCOB,"Ship Island Channel, MS",30.24,-89.0,0.84,,FL,0.93,TL,1995-06-03 00:00:00.000,USM,1,USMCOB-RC22334,2026-05-05 00:00:00.000,UTC,1995,6,3,154,"00:00:00",,POINT(-89.0 30.24),USMCOB-RC22334
USMCOB,Buoy 20 Gulfport Ship Channel,30.186,-88.985,0.94,,FL,1.1,TL,1995-09-05 00:00:00.000,USM,2,USMCOB-RC22334,2026-05-05 00:00:00.000,UTC,1995,9,5,248,"00:00:00",,POINT(-88.985 30.186),USMCOB-RC22334
USMCOB,"30.13.70N 89.00.65W",30.228333,-89.010833,0.79,,FL,0.84,TL,1999-05-01 00:00:00.000,USM,1,USMCOB-RC22372,2026-05-05 00:00:00.000,UTC,1999,5,1,121,"00:00:00",,POINT(-89.010833 30.228333),USMCOB-RC22372
USMCOB,"40 mls SW of Dauphin I.",29.85,-88.705,0.89,,TL,,,1999-07-17 00:00:00.000,USM,2,USMCOB-RC22372,2026-05-05 00:00:00.000,UTC,1999,7,17,198,"00:00:00",,POINT(-88.705 29.85),USMCOB-RC22372
USMCOB,MP-7,29.639,-88.881,0.76,,FL,0.81,TL,1998-06-27 00:00:00.000,USM,1,USMCOB-RC22487,2026-05-05 00:00:00.000,UTC,1998,6,27,178,"00:00:00",,POINT(-88.881 29.639),USMCOB-RC22487
USMCOB,"Main Pass 91, LA",29.659,-88.846,0.86,,TL,,,1998-07-19 00:00:00.000,USM,2,USMCOB-RC22487,2026-05-05 00:00:00.000,UTC,1998,7,19,200,"00:00:00",,POINT(-88.846 29.659),USMCOB-RC22487
USMCOB,Ship Shoal Block 93,28.891167,-90.811167,0.58,,FL,0.64,TL,1995-09-20 00:00:00.000,USM,1,USMCOB-RC22557,2026-05-05 00:00:00.000,UTC,1995,9,20,263,"00:00:00",,POINT(-90.811167 28.891167),USMCOB-RC22557
USMCOB,"Grand Isle, LA Gulf side",29.23,-89.98,,,,,,1997-03-25 00:00:00.000,USM,2,USMCOB-RC22557,2026-05-05 00:00:00.000,UTC,1997,3,25,84,"00:00:00",,POINT(-89.98 29.23),USMCOB-RC22557
USMCOB,I MI N. OF PORT CANAVERAL,28.423,-80.574,0.3,,TL,,,1996-04-05 00:00:00.000,USM,1,USMCOB-RC22613,2026-05-05 00:00:00.000,UTC,1996,4,5,96,"00:00:00",,POINT(-80.574 28.423),USMCOB-RC22613
USMCOB,"ST. SIMMONS, GA",31.133,-81.397,0.41,,TL,,,1996-06-28 00:00:00.000,USM,2,USMCOB-RC22613,2026-05-05 00:00:00.000,UTC,1996,6,28,180,"00:00:00",,POINT(-81.397 31.133),USMCOB-RC22613
USMCOB,"1/2 MI OFF PORT CANAVERAL",28.395,-80.577,0.48,,TL,,,1996-06-21 00:00:00.000,USM,1,USMCOB-RC22626,2026-05-05 00:00:00.000,UTC,1996,6,21,173,"00:00:00",,POINT(-80.577 28.395),USMCOB-RC22626
USMCOB,"PORT CANAVERAL, FL",28.41,-80.584,0.48,,TL,,,1996-06-27 00:00:00.000,USM,2,USMCOB-RC22626,2026-05-05 00:00:00.000,UTC,1996,6,27,179,"00:00:00",,POINT(-80.584 28.41),USMCOB-RC22626
USMCOB,"1/2 MI OUT OF PORT CANAVERAL",28.395,-80.577,0.43,,TL,,,1996-06-21 00:00:00.000,USM,1,USMCOB-RC22630,2026-05-05 00:00:00.000,UTC,1996,6,21,173,"00:00:00",,POINT(-80.577 28.395),USMCOB-RC22630
USMCOB,"CAPE CANAVERAL, FL",28.391,-80.594,0.43,,TL,,,1996-06-21 00:00:00.000,USM,2,USMCOB-RC22630,2026-05-05 00:00:00.000,UTC,1996,6,21,173,"00:00:00",,POINT(-80.594 28.391),USMCOB-RC22630
USMCOB,"10 Mi N of Key West FL",24.709,-81.787,0.84,,FL,0.94,TL,1997-02-24 00:00:00.000,USM,1,USMCOB-RC22645,2026-05-05 00:00:00.000,UTC,1997,2,24,55,"00:00:00",,POINT(-81.787 24.709),USMCOB-RC22645
USMCOB,"Gunbor Wreck, SugarloafFL",24.92,-81.792,0.93,,FL,,,1998-03-01 00:00:00.000,USM,2,USMCOB-RC22645,2026-05-05 00:00:00.000,UTC,1998,3,1,60,"00:00:00",,POINT(-81.792 24.92),USMCOB-RC22645
USMCOB,"10 Mi N of Key West FL",24.709,-81.787,0.76,,FL,0.84,TL,1997-02-24 00:00:00.000,USM,1,USMCOB-RC22648,2026-05-05 00:00:00.000,UTC,1997,2,24,55,"00:00:00",,POINT(-81.787 24.709),USMCOB-RC22648
USMCOB,"Key West, FL",24.563,-81.726,0.76,,FL,0.84,TL,1997-03-02 00:00:00.000,USM,2,USMCOB-RC22648,2026-05-05 00:00:00.000,UTC,1997,3,2,61,"00:00:00",,POINT(-81.726 24.563),USMCOB-RC22648
USMCOB,Wreck of the Gardner,24.5,-81.6,0.74,,FL,0.81,TL,1996-04-11 00:00:00.000,USM,1,USMCOB-RC22654,2026-05-05 00:00:00.000,UTC,1996,4,11,102,"00:00:00",,POINT(-81.6 24.5),USMCOB-RC22654
USMCOB,"16 Mi Gulf off Sugarloaf Key",24.784,-81.706,0.91,,FL,1.0,TL,1996-08-15 00:00:00.000,USM,2,USMCOB-RC22654,2026-05-05 00:00:00.000,UTC,1996,8,15,228,"00:00:00",,POINT(-81.706 24.784),USMCOB-RC22654
USMCOB,"Wreck of the Gardner, Keys FL",24.5,-81.6,0.74,,FL,0.81,TL,1996-04-11 00:00:00.000,USM,1,USMCOB-RC22655,2026-05-05 00:00:00.000,UTC,1996,4,11,102,"00:00:00",,POINT(-81.6 24.5),USMCOB-RC22655
USMCOB,"54 mi S of Orange Beach, AL",29.482,-87.585,1.04,,TL,,,1997-05-24 00:00:00.000,USM,2,USMCOB-RC22655,2026-05-05 00:00:00.000,UTC,1997,5,24,144,"00:00:00",,POINT(-87.585 29.482),USMCOB-RC22655
USMCOB,Fleming Key Basin Key West FL,24.58,-81.794,0.86,,FL,0.91,TL,1996-02-28 00:00:00.000,USM,1,USMCOB-RC22659,2026-05-05 00:00:00.000,UTC,1996,2,28,59,"00:00:00",,POINT(-81.794 24.58),USMCOB-RC22659
USMCOB,"Wreck of the Gardner, Key West",,,0.94,,TL,,,1996-04-12 00:00:00.000,USM,2,USMCOB-RC22659,2026-05-05 00:00:00.000,UTC,1996,4,12,103,"00:00:00",,POINT(nan nan),USMCOB-RC22659
USMCOB,Fleming Key Basin Key West FL,24.58,-81.794,0.76,,FL,0.89,TL,1996-02-28 00:00:00.000,USM,1,USMCOB-RC22660,2026-05-05 00:00:00.000,UTC,1996,2,28,59,"00:00:00",,POINT(-81.794 24.58),USMCOB-RC22660
USMCOB,"Cedar Key, FL",29.091613,-83.038337,0.89,,FL,,,1997-05-22 00:00:00.000,USM,2,USMCOB-RC22660,2026-05-05 00:00:00.000,UTC,1997,5,22,142,"00:00:00",,POINT(-83.038337 29.091613),USMCOB-RC22660
USMCOB,Fleming Key Basin Keys FL,24.58,-81.794,0.81,,FL,0.91,TL,1996-04-07 00:00:00.000,USM,1,USMCOB-RC22729,2026-05-05 00:00:00.000,UTC,1996,4,7,98,"00:00:00",,POINT(-81.794 24.58),USMCOB-RC22729
USMCOB,"24-33.0 81-49.0 Key West, FL",24.55,-81.816667,1.09,,TL,,,1997-03-20 00:00:00.000,USM,2,USMCOB-RC22729,2026-05-05 00:00:00.000,UTC,1997,3,20,79,"00:00:00",,POINT(-81.816667 24.55),USMCOB-RC22729
USMCOB,Fleming Key Basin Key West FL,24.58,-81.794,0.81,,FL,0.9,TL,1996-02-21 00:00:00.000,USM,1,USMCOB-RC22736,2026-05-05 00:00:00.000,UTC,1996,2,21,52,"00:00:00",,POINT(-81.794 24.58),USMCOB-RC22736
USMCOB,Key West Florida,24.563,-81.726,0.9,,TL,,,1996-02-27 00:00:00.000,USM,2,USMCOB-RC22736,2026-05-05 00:00:00.000,UTC,1996,2,27,58,"00:00:00",,POINT(-81.726 24.563),USMCOB-RC22736
USMCOB,Fleming Key Basin Key West FL,24.58,-81.794,0.53,,FL,0.58,TL,1996-02-29 00:00:00.000,USM,1,USMCOB-RC22739,2026-05-05 00:00:00.000,UTC,1996,2,29,60,"00:00:00",,POINT(-81.794 24.58),USMCOB-RC22739
USMCOB,Key West Florida,24.563,-81.726,0.58,,TL,,,1996-03-07 00:00:00.000,USM,2,USMCOB-RC22739,2026-05-05 00:00:00.000,UTC,1996,3,7,67,"00:00:00",,POINT(-81.726 24.563),USMCOB-RC22739
USMCOB,Fleming Key Basin Keys FL,24.58,-81.794,0.81,,FL,0.91,TL,1996-04-08 00:00:00.000,USM,1,USMCOB-RC22744,2026-05-05 00:00:00.000,UTC,1996,4,8,99,"00:00:00",,POINT(-81.794 24.58),USMCOB-RC22744
USMCOB,"Key West Harbor, Key West FL",24.563,-81.726,0.91,,TL,,,1996-04-14 00:00:00.000,USM,2,USMCOB-RC22744,2026-05-05 00:00:00.000,UTC,1996,4,14,105,"00:00:00",,POINT(-81.726 24.563),USMCOB-RC22744
USMCOB,WESTERN END SHIP ISLAND,30.21,-88.964,0.51,,FL,0.56,TL,1989-06-09 00:00:00.000,USM,1,USMCOB-RC2279,2026-05-05 00:00:00.000,UTC,1989,6,9,160,"00:00:00",,POINT(-88.964 30.21),USMCOB-RC2279
USMCOB,"EAST OF SHIP ISLAND, MS",29.25,-88.87,0.74,,TL,,,1989-09-10 00:00:00.000,USM,2,USMCOB-RC2279,2026-05-05 00:00:00.000,UTC,1989,9,10,253,"00:00:00",,POINT(-88.87 29.25),USMCOB-RC2279
USMCOB,"2 mi. E. of Navarre Pier",30.378,-86.862,0.86,,FL,0.91,TL,1996-04-03 00:00:00.000,USM,1,USMCOB-RC22823,2026-05-05 00:00:00.000,UTC,1996,4,3,94,"00:00:00",,POINT(-86.862 30.378),USMCOB-RC22823
USMCOB,"Pensacoola Beach, FL",30.333,-87.15,0.98,,FL,,,1998-04-20 00:00:00.000,USM,2,USMCOB-RC22823,2026-05-05 00:00:00.000,UTC,1998,4,20,110,"00:00:00",,POINT(-87.15 30.333),USMCOB-RC22823
USMCOB,"11 mi. E. of Destin",30.360832,-86.312337,0.89,,FL,0.97,TL,1996-04-04 00:00:00.000,USM,1,USMCOB-RC22827,2026-05-05 00:00:00.000,UTC,1996,4,4,95,"00:00:00",,POINT(-86.312337 30.360832),USMCOB-RC22827
USMCOB,"Vermillion Block 245, LA",28.581,-92.454,0.98,,TL,,,1996-06-22 00:00:00.000,USM,2,USMCOB-RC22827,2026-05-05 00:00:00.000,UTC,1996,6,22,174,"00:00:00",,POINT(-92.454 28.581),USMCOB-RC22827
USMCOB,WESTERN END SHIP ISLAND,30.21,-88.964,0.81,,FL,0.89,TL,1989-06-20 00:00:00.000,USM,1,USMCOB-RC2285,2026-05-05 00:00:00.000,UTC,1989,6,20,171,"00:00:00",,POINT(-88.964 30.21),USMCOB-RC2285
USMCOB,"PASCAGOULA MISS. SHIP CH, #14",30.206,-88.512,1.04,,TL,,,1990-08-25 00:00:00.000,USM,2,USMCOB-RC2285,2026-05-05 00:00:00.000,UTC,1990,8,25,237,"00:00:00",,POINT(-88.512 30.206),USMCOB-RC2285
USMCOB,"Destin, FL",30.38,-86.5,0.97,,FL,1.02,TL,1996-04-05 00:00:00.000,USM,1,USMCOB-RC22869,2026-05-05 00:00:00.000,UTC,1996,4,5,96,"00:00:00",,POINT(-86.5 30.38),USMCOB-RC22869
USMCOB,"45 mls S of Grand Isle, LA",28.569,-89.968,,,,,,1999-06-05 00:00:00.000,USM,2,USMCOB-RC22869,2026-05-05 00:00:00.000,UTC,1999,6,5,156,"00:00:00",,POINT(-89.968 28.569),USMCOB-RC22869
USMCOB,WESTERN END SHIP ISLAND,30.21,-88.964,0.56,,FL,0.62,TL,1989-06-23 00:00:00.000,USM,1,USMCOB-RC2287,2026-05-05 00:00:00.000,UTC,1989,6,23,174,"00:00:00",,POINT(-88.964 30.21),USMCOB-RC2287
USMCOB,"WEST END OF SHIP ISLAND, MS",30.21,-88.964,0.75,,FL,0.8,TL,1989-10-07 00:00:00.000,USM,2,USMCOB-RC2287,2026-05-05 00:00:00.000,UTC,1989,10,7,280,"00:00:00",,POINT(-88.964 30.21),USMCOB-RC2287
USMCOB,Pensacola Bch.,30.315,-87.203,0.76,,FL,0.84,TL,1996-04-07 00:00:00.000,USM,1,USMCOB-RC22883,2026-05-05 00:00:00.000,UTC,1996,4,7,98,"00:00:00",,POINT(-87.203 30.315),USMCOB-RC22883
USMCOB,"Pensacola, FL",30.333,-87.15,,,,,,1999-04-02 00:00:00.000,USM,2,USMCOB-RC22883,2026-05-05 00:00:00.000,UTC,1999,4,2,92,"00:00:00",,POINT(-87.15 30.333),USMCOB-RC22883
USMCOB,WEST END OF SHIP ISLAND,30.21,-88.964,0.62,,FL,0.67,TL,1989-07-07 00:00:00.000,USM,1,USMCOB-RC2291,2026-05-05 00:00:00.000,UTC,1989,7,7,188,"00:00:00",,POINT(-88.964 30.21),USMCOB-RC2291
USMCOB,"E. OF GETTY RIGS,S. OF CHAND.I",29.544,-88.677,0.84,,TL,,,1990-05-26 00:00:00.000,USM,2,USMCOB-RC2291,2026-05-05 00:00:00.000,UTC,1990,5,26,146,"00:00:00",,POINT(-88.677 29.544),USMCOB-RC2291
USMCOB,"10 MI. OFF DAUPHIN ISLAND",30.095574,-88.104951,0.76,,FL,0.86,TL,1989-04-29 00:00:00.000,USM,1,USMCOB-RC2295,2026-05-05 00:00:00.000,UTC,1989,4,29,119,"00:00:00",,POINT(-88.104951 30.095574),USMCOB-RC2295
USMCOB,"KEY WEST, FL (GULF SIDE)",24.57,-81.79,1.12,,TL,,,1991-01-25 00:00:00.000,USM,2,USMCOB-RC2295,2026-05-05 00:00:00.000,UTC,1991,1,25,25,"00:00:00",,POINT(-81.79 24.57),USMCOB-RC2295
USMCOB,Destin,30.38,-86.5,0.84,,FL,0.94,TL,1996-04-13 00:00:00.000,USM,1,USMCOB-RC22954,2026-05-05 00:00:00.000,UTC,1996,4,13,104,"00:00:00",,POINT(-86.5 30.38),USMCOB-RC22954
USMCOB,Ship Shoal LA Area 253,28.384,-91.067,1.14,,TL,,,1997-07-22 00:00:00.000,USM,2,USMCOB-RC22954,2026-05-05 00:00:00.000,UTC,1997,7,22,203,"00:00:00",,POINT(-91.067 28.384),USMCOB-RC22954
USMCOB,"10 MI. SE. OF DAUPHIN ISLAND",30.140823,-87.981352,0.73,,FL,0.83,TL,1989-04-29 00:00:00.000,USM,1,USMCOB-RC2301,2026-05-05 00:00:00.000,UTC,1989,4,29,119,"00:00:00",,POINT(-87.981352 30.140823),USMCOB-RC2301
USMCOB,"4 MI.E. OF ISLAMORADA, FL (ATL",24.924,-80.563,0.97,,TL,,,1989-10-06 00:00:00.000,USM,2,USMCOB-RC2301,2026-05-05 00:00:00.000,UTC,1989,10,6,279,"00:00:00",,POINT(-80.563 24.924),USMCOB-RC2301
USMCOB,"10 MI. SE. OF DAUPHIN ISLAND",30.140823,-87.981352,0.76,,FL,0.84,TL,1989-05-03 00:00:00.000,USM,1,USMCOB-RC2305,2026-05-05 00:00:00.000,UTC,1989,5,3,123,"00:00:00",,POINT(-87.981352 30.140823),USMCOB-RC2305
USMCOB,"18 MI. SE. OF FORT MORGAN, AL",30.044,-87.8,0.97,,TL,,,1989-07-08 00:00:00.000,USM,2,USMCOB-RC2305,2026-05-05 00:00:00.000,UTC,1989,7,8,189,"00:00:00",,POINT(-87.8 30.044),USMCOB-RC2305
USMCOB,"Orange Beach, AL",30.267,-87.585,0.53,,FL,0.58,TL,2000-04-19 00:00:00.000,USM,1,USMCOB-RC23055,2026-05-05 00:00:00.000,UTC,2000,4,19,110,"00:00:00",,POINT(-87.585 30.267),USMCOB-RC23055
USMCOB,"1/2 ml W P'cola Pier",30.325,-87.158,1.24,,FL,,,2004-04-28 00:00:00.000,USM,2,USMCOB-RC23055,2026-05-05 00:00:00.000,UTC,2004,4,28,119,"00:00:00",,POINT(-87.158 30.325),USMCOB-RC23055
USMCOB,"3 Mi South of Perdido Pass AL",30.197353,-87.556655,0.79,,TL,,,1996-09-13 00:00:00.000,USM,1,USMCOB-RC23061,2026-05-05 00:00:00.000,UTC,1996,9,13,257,"00:00:00",,POINT(-87.556655 30.197353),USMCOB-RC23061
USMCOB,"6.5 mi SE of Destin, FL",30.316,-86.419,0.93,,FL,,,1998-07-23 00:00:00.000,USM,2,USMCOB-RC23061,2026-05-05 00:00:00.000,UTC,1998,7,23,204,"00:00:00",,POINT(-86.419 30.316),USMCOB-RC23061
USMCOB,Panama City,30.212,-85.88,0.89,,FL,0.97,TL,2005-04-18 00:00:00.000,USM,1,USMCOB-RC23101,2026-05-05 00:00:00.000,UTC,2005,4,18,108,"00:00:00",,POINT(-85.88 30.212),USMCOB-RC23101
USMCOB,Panama City Pier  check FL,30.212,-85.88,0.99,,FL,,,2005-04-19 00:00:00.000,USM,2,USMCOB-RC23101,2026-05-05 00:00:00.000,UTC,2005,4,19,109,"00:00:00",,POINT(-85.88 30.212),USMCOB-RC23101
USMCOB,"10 MI. SE. OF DAUPHIN ISLAND",30.140823,-87.981352,0.76,,FL,0.84,TL,1989-05-03 00:00:00.000,USM,1,USMCOB-RC2312,2026-05-05 00:00:00.000,UTC,1989,5,3,123,"00:00:00",,POINT(-87.981352 30.140823),USMCOB-RC2312
USMCOB,"EAST OF DESTIN, FL",30.383,-86.51,1.24,,FL,,,1991-04-03 00:00:00.000,USM,2,USMCOB-RC2312,2026-05-05 00:00:00.000,UTC,1991,4,3,93,"00:00:00",,POINT(-86.51 30.383),USMCOB-RC2312
USMCOB,"Destin, FL",30.38,-86.5,0.94,,FL,1.02,TL,1996-04-05 00:00:00.000,USM,1,USMCOB-RC23181,2026-05-05 00:00:00.000,UTC,1996,4,5,96,"00:00:00",,POINT(-86.5 30.38),USMCOB-RC23181
USMCOB,"Grand Isle, LA Blk 18",29.108,-89.923,,,,,,1998-07-17 00:00:00.000,USM,2,USMCOB-RC23181,2026-05-05 00:00:00.000,UTC,1998,7,17,198,"00:00:00",,POINT(-89.923 29.108),USMCOB-RC23181
USMCOB,Ship Shoal Block 93,28.891167,-90.811167,0.71,,FL,0.79,TL,1996-05-11 00:00:00.000,USM,1,USMCOB-RC23230,2026-05-05 00:00:00.000,UTC,1996,5,11,132,"00:00:00",,POINT(-90.811167 28.891167),USMCOB-RC23230
USMCOB,"Grand Isle,LA 2838.95 9014.00",28.649167,-90.233333,,,,,,1998-08-20 00:00:00.000,USM,2,USMCOB-RC23230,2026-05-05 00:00:00.000,UTC,1998,8,20,232,"00:00:00",,POINT(-90.233333 28.649167),USMCOB-RC23230
USMCOB,Ship Shoal Block 92 Rig 8,28.882,-90.774113,0.56,,FL,0.61,TL,1996-05-10 00:00:00.000,USM,1,USMCOB-RC23246,2026-05-05 00:00:00.000,UTC,1996,5,10,131,"00:00:00",,POINT(-90.774113 28.882),USMCOB-RC23246
USMCOB,"Marsh Is,LA (Vermillion Bl 247",28.582,-92.363,1.22,,TL,,,1998-07-07 00:00:00.000,USM,2,USMCOB-RC23246,2026-05-05 00:00:00.000,UTC,1998,7,7,188,"00:00:00",,POINT(-92.363 28.582),USMCOB-RC23246
USMCOB,"Sea Grove Bch.,FL  E of Destin",30.316,-86.131,0.99,,FL,1.07,TL,1996-04-12 00:00:00.000,USM,1,USMCOB-RC23251,2026-05-05 00:00:00.000,UTC,1996,4,12,103,"00:00:00",,POINT(-86.131 30.316),USMCOB-RC23251
USMCOB,"50ml W of Sanibel I., FL",26.425,-82.937,1.6,,TL,,,1999-03-18 00:00:00.000,USM,2,USMCOB-RC23251,2026-05-05 00:00:00.000,UTC,1999,3,18,77,"00:00:00",,POINT(-82.937 26.425),USMCOB-RC23251
USMCOB,"Navarre Beach, FL",30.378,-86.862,0.76,,FL,0.81,TL,1996-04-24 00:00:00.000,USM,1,USMCOB-RC23266,2026-05-05 00:00:00.000,UTC,1996,4,24,115,"00:00:00",,POINT(-86.862 30.378),USMCOB-RC23266
USMCOB,"8 mi N of Ft. Jefferson, FL",24.74,-82.877,1.09,,FL,1.18,TL,1998-01-24 00:00:00.000,USM,2,USMCOB-RC23266,2026-05-05 00:00:00.000,UTC,1998,1,24,24,"00:00:00",,POINT(-82.877 24.74),USMCOB-RC23266
USMCOB,"W. OF N. CHANDELEUR LIGHT, LA",30.046,-88.897,0.61,,FL,0.66,TL,1989-08-12 00:00:00.000,USM,1,USMCOB-RC2336,2026-05-05 00:00:00.000,UTC,1989,8,12,224,"00:00:00",,POINT(-88.897 30.046),USMCOB-RC2336
USMCOB,"OFF MEXICO BEACH, FL",29.946,-85.419,1.14,,TL,,,1991-05-06 00:00:00.000,USM,2,USMCOB-RC2336,2026-05-05 00:00:00.000,UTC,1991,5,6,126,"00:00:00",,POINT(-85.419 29.946),USMCOB-RC2336
USMCOB,GETTY RIGS,29.544,-88.677,0.71,,FL,0.76,TL,1990-08-06 00:00:00.000,USM,1,USMCOB-RC2339,2026-05-05 00:00:00.000,UTC,1990,8,6,218,"00:00:00",,POINT(-88.677 29.544),USMCOB-RC2339
USMCOB,"45MI N OF WEST PALM BEACH, FL",27.354,-80.022,1.23,,FL,,,1992-08-09 00:00:00.000,USM,2,USMCOB-RC2339,2026-05-05 00:00:00.000,UTC,1992,8,9,222,"00:00:00",,POINT(-80.022 27.354),USMCOB-RC2339
USMCOB,"Pensacola Beach, FL",30.315,-87.203,0.94,,FL,,,1997-04-20 00:00:00.000,USM,1,USMCOB-RC23392,2026-05-05 00:00:00.000,UTC,1997,4,20,110,"00:00:00",,POINT(-87.203 30.315),USMCOB-RC23392
USMCOB,Block 133 MP,29.382,-88.619,1.07,,FL,1.17,TL,2000-07-04 00:00:00.000,USM,2,USMCOB-RC23392,2026-05-05 00:00:00.000,UTC,2000,7,4,186,"00:00:00",,POINT(-88.619 29.382),USMCOB-RC23392
USMCOB,SHALLOW RIGS,29.718,-88.797,0.51,,FL,0.56,TL,1990-09-01 00:00:00.000,USM,1,USMCOB-RC2348,2026-05-05 00:00:00.000,UTC,1990,9,1,244,"00:00:00",,POINT(-88.797 29.718),USMCOB-RC2348
USMCOB,"ATLANTIC OCEAN OFF MARATHON,FL",24.716,-81.039,1.07,,FL,1.22,TL,1992-03-31 00:00:00.000,USM,2,USMCOB-RC2348,2026-05-05 00:00:00.000,UTC,1992,3,31,91,"00:00:00",,POINT(-81.039 24.716),USMCOB-RC2348
USMCOB,Gulfport Ship Channel,30.349,-89.083,0.81,,FL,0.9,TL,1996-08-16 00:00:00.000,USM,1,USMCOB-RC23492,2026-05-05 00:00:00.000,UTC,1996,8,16,229,"00:00:00",,POINT(-89.083 30.349),USMCOB-RC23492
USMCOB,"Farewell Buoy, Petit BoisI MS",30.215,-88.791,1.12,,TL,,,1997-10-03 00:00:00.000,USM,2,USMCOB-RC23492,2026-05-05 00:00:00.000,UTC,1997,10,3,276,"00:00:00",,POINT(-88.791 30.215),USMCOB-RC23492
USMCOB,"W. Delta/Tiger Pass, LA",29.1519,-89.399,0.66,,FL,,,1998-06-30 00:00:00.000,USM,1,USMCOB-RC23703,2026-05-05 00:00:00.000,UTC,1998,6,30,181,"00:00:00",,POINT(-89.399 29.1519),USMCOB-RC23703
USMCOB,Grand Isle - Exxon GI17So,29.108,-89.97,,,,,,1998-08-04 00:00:00.000,USM,2,USMCOB-RC23703,2026-05-05 00:00:00.000,UTC,1998,8,4,216,"00:00:00",,POINT(-89.97 29.108),USMCOB-RC23703
USMCOB,"12278.6 / 47019.6",29.98167,-88.825,0.64,,FL,0.69,TL,1989-09-02 00:00:00.000,USM,1,USMCOB-RC2400,2026-05-05 00:00:00.000,UTC,1989,9,2,245,"00:00:00",,POINT(-88.825 29.98167),USMCOB-RC2400
USMCOB,"DRY TORTUGAS, OFF KEY WEST",24.654,-82.858,0.72,,FL,0.8,TL,1989-12-15 00:00:00.000,USM,2,USMCOB-RC2400,2026-05-05 00:00:00.000,UTC,1989,12,15,349,"00:00:00",,POINT(-82.858 24.654),USMCOB-RC2400
USMCOB,"Pensacola Beach, FL",30.315,-87.203,0.99,,FL,1.07,TL,1996-05-01 00:00:00.000,USM,1,USMCOB-RC24092,2026-05-05 00:00:00.000,UTC,1996,5,1,122,"00:00:00",,POINT(-87.203 30.315),USMCOB-RC24092
USMCOB,between Navarre and Ft. Walton,30.387,-86.758,,,,,,2000-04-21 00:00:00.000,USM,2,USMCOB-RC24092,2026-05-05 00:00:00.000,UTC,2000,4,21,112,"00:00:00",,POINT(-86.758 30.387),USMCOB-RC24092
USMCOB,North end Chandelier Island,30.043,-88.878,0.83,,FL,0.93,TL,1996-05-03 00:00:00.000,USM,1,USMCOB-RC24172,2026-05-05 00:00:00.000,UTC,1996,5,3,124,"00:00:00",,POINT(-88.878 30.043),USMCOB-RC24172
USMCOB,Horn Island,30.237,-88.686,1.04,,TL,,,1998-04-21 00:00:00.000,USM,2,USMCOB-RC24172,2026-05-05 00:00:00.000,UTC,1998,4,21,111,"00:00:00",,POINT(-88.686 30.237),USMCOB-RC24172
USMCOB,North end Chandelier Island,30.043,-88.878,0.62,,FL,0.7,TL,1996-05-04 00:00:00.000,USM,1,USMCOB-RC24325,2026-05-05 00:00:00.000,UTC,1996,5,4,125,"00:00:00",,POINT(-88.878 30.043),USMCOB-RC24325
USMCOB,Biosca 114 33 Mi. S. of Pascag,29.869,-88.403,0.97,,TL,,,1997-08-15 00:00:00.000,USM,2,USMCOB-RC24325,2026-05-05 00:00:00.000,UTC,1997,8,15,227,"00:00:00",,POINT(-88.403 29.869),USMCOB-RC24325
USMCOB,"Keaton Beach, FL - 2 mi. off",29.8173,-83.5922,0.76,,TL,,,2025-04-18 00:00:00.000,USM,2,USMCOB-RC24332,2026-05-05 00:00:00.000,UTC,2025,4,18,108,"00:00:00",,POINT(-83.5922 29.8173),USMCOB-RC24332
USMCOB,,,,,,,,,,USM,1,USMCOB-RC24332,2026-05-05 00:00:00.000,UTC,,,,,,,POINT(nan nan),USMCOB-RC24332
USMCOB,"FAREWELL BUOY,DOG KEYS PASS,MS",30.215,-88.791,0.65,,FL,,,1991-08-01 00:00:00.000,USM,1,USMCOB-RC2452,2026-05-05 00:00:00.000,UTC,1991,8,1,213,"00:00:00",,POINT(-88.791 30.215),USMCOB-RC2452
USMCOB,"MONKEY BAYOU, S. CHAND. IS.,LA",29.718,-88.797,0.91,,FL,0.99,TL,1992-06-12 00:00:00.000,USM,2,USMCOB-RC2452,2026-05-05 00:00:00.000,UTC,1992,6,12,164,"00:00:00",,POINT(-88.797 29.718),USMCOB-RC2452
USMCOB,"16 Mi. S. of Horn I Pass",29.96,-88.6,0.74,,FL,,,1997-08-24 00:00:00.000,USM,1,USMCOB-RC24802,2026-05-05 00:00:00.000,UTC,1997,8,24,236,"00:00:00",,POINT(-88.6 29.96),USMCOB-RC24802
USMCOB,"off Mobile, AL",30.428,-88.015,,,,,,2000-04-13 00:00:00.000,USM,2,USMCOB-RC24802,2026-05-05 00:00:00.000,UTC,2000,4,13,104,"00:00:00",,POINT(-88.015 30.428),USMCOB-RC24802
USMCOB,GAS WELLS OFF PETIT BOIS IS.MS,30.115,-88.45,0.71,,FL,0.76,TL,1989-04-28 00:00:00.000,USM,1,USMCOB-RC2495,2026-05-05 00:00:00.000,UTC,1989,4,28,118,"00:00:00",,POINT(-88.45 30.115),USMCOB-RC2495
USMCOB,"SSW.OF DAUPHIN I. LT. HOUSE,AL",30.144,-88.065,0.97,,TL,,,1989-09-08 00:00:00.000,USM,2,USMCOB-RC2495,2026-05-05 00:00:00.000,UTC,1989,9,8,251,"00:00:00",,POINT(-88.065 30.144),USMCOB-RC2495
USMCOB,"28.58.15 89.57.51",28.970833,-89.964167,0.71,,TL,,,1997-11-09 00:00:00.000,USM,1,USMCOB-RC25015,2026-05-05 00:00:00.000,UTC,1997,11,9,313,"00:00:00",,POINT(-89.964167 28.970833),USMCOB-RC25015
USMCOB,"28250, 46783 Grand Is. LA",28.85,-90.28,0.76,,TL,,,1998-01-18 00:00:00.000,USM,2,USMCOB-RC25015,2026-05-05 00:00:00.000,UTC,1998,1,18,18,"00:00:00",,POINT(-90.28 28.85),USMCOB-RC25015
USMCOB,"Gulf Wreck of Chris, FL",24.5,-81.6,0.79,,FL,0.89,TL,1996-12-30 00:00:00.000,USM,1,USMCOB-RC25056,2026-05-05 00:00:00.000,UTC,1996,12,30,365,"00:00:00",,POINT(-81.6 24.5),USMCOB-RC25056
USMCOB,Gulf Wreck of Chris,,,0.83,,FL,0.93,TL,1997-02-22 00:00:00.000,USM,2,USMCOB-RC25056,2026-05-05 00:00:00.000,UTC,1997,2,22,53,"00:00:00",,POINT(nan nan),USMCOB-RC25056
USMCOB,Wreck of Gardner Keys FL,24.5,-81.6,0.81,,FL,0.89,TL,1996-12-24 00:00:00.000,USM,1,USMCOB-RC25073,2026-05-05 00:00:00.000,UTC,1996,12,24,359,"00:00:00",,POINT(-81.6 24.5),USMCOB-RC25073
USMCOB,"27400 47030",30.025,-88.62333,,,,,,1998-06-23 00:00:00.000,USM,2,USMCOB-RC25073,2026-05-05 00:00:00.000,UTC,1998,6,23,174,"00:00:00",,POINT(-88.62333 30.025),USMCOB-RC25073
USMCOB,Wreck of Gardner Key West FL,24.5,-81.6,0.81,,FL,0.89,TL,1996-12-31 00:00:00.000,USM,1,USMCOB-RC25078,2026-05-05 00:00:00.000,UTC,1996,12,31,366,"00:00:00",,POINT(-81.6 24.5),USMCOB-RC25078
USMCOB,"Panama City, FL",30.212,-85.88,0.99,,FL,1.09,TL,1998-04-21 00:00:00.000,USM,2,USMCOB-RC25078,2026-05-05 00:00:00.000,UTC,1998,4,21,111,"00:00:00",,POINT(-85.88 30.212),USMCOB-RC25078
USMCOB,Wreck of The Miss Too Nicey FL,24.5,-81.6,0.71,,FL,0.81,TL,1996-12-12 00:00:00.000,USM,1,USMCOB-RC25098,2026-05-05 00:00:00.000,UTC,1996,12,12,347,"00:00:00",,POINT(-81.6 24.5),USMCOB-RC25098
USMCOB,"Panama City, FL",30.212,-85.88,0.97,,FL,1.04,TL,1997-04-25 00:00:00.000,USM,2,USMCOB-RC25098,2026-05-05 00:00:00.000,UTC,1997,4,25,115,"00:00:00",,POINT(-85.88 30.212),USMCOB-RC25098
USMCOB,"INTERCOASTAL WW., MS  BUOY #15",30.163,-88.969,0.66,,FL,0.71,TL,1991-08-17 00:00:00.000,USM,1,USMCOB-RC2511,2026-05-05 00:00:00.000,UTC,1991,8,17,229,"00:00:00",,POINT(-88.969 30.163),USMCOB-RC2511
USMCOB,"65MI. OFF INTERCOASTAL CITY,LA",28.833,-92.44,1.09,,TL,,,1993-08-11 00:00:00.000,USM,2,USMCOB-RC2511,2026-05-05 00:00:00.000,UTC,1993,8,11,223,"00:00:00",,POINT(-92.44 28.833),USMCOB-RC2511
USMCOB,Key West Harbor FL,24.563,-81.726,0.79,,FL,0.89,TL,1997-02-14 00:00:00.000,USM,1,USMCOB-RC25112,2026-05-05 00:00:00.000,UTC,1997,2,14,45,"00:00:00",,POINT(-81.726 24.563),USMCOB-RC25112
USMCOB,Key West Harbor,24.563,-81.726,1.17,,TL,,,1997-03-25 00:00:00.000,USM,2,USMCOB-RC25112,2026-05-05 00:00:00.000,UTC,1997,3,25,84,"00:00:00",,POINT(-81.726 24.563),USMCOB-RC25112
USMCOB,Key West Harbor,24.563,-81.726,0.77,,FL,0.85,TL,1997-03-11 00:00:00.000,USM,1,USMCOB-RC25117,2026-05-05 00:00:00.000,UTC,1997,3,11,70,"00:00:00",,POINT(-81.726 24.563),USMCOB-RC25117
USMCOB,"Key West Harbor, FL",24.563,-81.726,0.86,,TL,,,1997-03-26 00:00:00.000,USM,2,USMCOB-RC25117,2026-05-05 00:00:00.000,UTC,1997,3,26,85,"00:00:00",,POINT(-81.726 24.563),USMCOB-RC25117
USMCOB,Wreck of Miss Too Nicey,24.5,-81.6,0.74,,FL,0.84,TL,1997-04-22 00:00:00.000,USM,1,USMCOB-RC25129,2026-05-05 00:00:00.000,UTC,1997,4,22,112,"00:00:00",,POINT(-81.6 24.5),USMCOB-RC25129
USMCOB,Wreck of the Chris,,,0.97,,TL,,,1998-01-24 00:00:00.000,USM,2,USMCOB-RC25129,2026-05-05 00:00:00.000,UTC,1998,1,24,24,"00:00:00",,POINT(nan nan),USMCOB-RC25129
USMCOB,"CAPE CANAVERAL, FL",28.391,-80.594,0.58,,TL,,,1997-05-27 00:00:00.000,USM,1,USMCOB-RC25137,2026-05-05 00:00:00.000,UTC,1997,5,27,147,"00:00:00",,POINT(-80.594 28.391),USMCOB-RC25137
USMCOB,"CAPE CANAVERAL, FL",28.391,-80.594,0.61,,TL,,,1997-07-03 00:00:00.000,USM,2,USMCOB-RC25137,2026-05-05 00:00:00.000,UTC,1997,7,3,184,"00:00:00",,POINT(-80.594 28.391),USMCOB-RC25137
USMCOB,"CAPE CANAVERAL, FL",28.391,-80.594,0.58,,TL,,,1997-05-27 00:00:00.000,USM,1,USMCOB-RC25139,2026-05-05 00:00:00.000,UTC,1997,5,27,147,"00:00:00",,POINT(-80.594 28.391),USMCOB-RC25139
USMCOB,"PORT CANAVERAL, FL",28.41,-80.584,0.48,,TL,,,1997-06-19 00:00:00.000,USM,2,USMCOB-RC25139,2026-05-05 00:00:00.000,UTC,1997,6,19,170,"00:00:00",,POINT(-80.584 28.41),USMCOB-RC25139
USMCOB,"28-52.30 90-50.95",28.871667,-90.849167,0.76,,FL,0.84,TL,1997-05-16 00:00:00.000,USM,1,USMCOB-RC25178,2026-05-05 00:00:00.000,UTC,1997,5,16,136,"00:00:00",,POINT(-90.849167 28.871667),USMCOB-RC25178
USMCOB,"50mi off Intracoastal, LA",29.051,-92.402,0.84,,FL,,,1997-07-28 00:00:00.000,USM,2,USMCOB-RC25178,2026-05-05 00:00:00.000,UTC,1997,7,28,209,"00:00:00",,POINT(-92.402 29.051),USMCOB-RC25178
USMCOB,"OFF BRANTON BEACH, FL",27.4673,-82.71,0.69,,FL,0.79,TL,1990-08-05 00:00:00.000,USM,1,USMCOB-RC2519,2026-05-05 00:00:00.000,UTC,1990,8,5,217,"00:00:00",,POINT(-82.71 27.4673),USMCOB-RC2519
USMCOB,"ST.ANDREWS PASS, PANAMA CTY,FL",30.12,-85.731,0.94,,FL,,,1991-08-28 00:00:00.000,USM,2,USMCOB-RC2519,2026-05-05 00:00:00.000,UTC,1991,8,28,240,"00:00:00",,POINT(-85.731 30.12),USMCOB-RC2519
USMCOB,Cat Island,30.225,-89.092,0.8,,FL,0.91,TL,1997-08-22 00:00:00.000,USM,1,USMCOB-RC25192,2026-05-05 00:00:00.000,UTC,1997,8,22,234,"00:00:00",,POINT(-89.092 30.225),USMCOB-RC25192
USMCOB,"Gpt Ship Channel, MS",30.349,-89.083,0.99,,TL,,,1998-09-25 00:00:00.000,USM,2,USMCOB-RC25192,2026-05-05 00:00:00.000,UTC,1998,9,25,268,"00:00:00",,POINT(-89.083 30.349),USMCOB-RC25192
USMCOB,"OFF DESTIN, FLORIDA",30.38,-86.5,0.69,,FL,0.84,TL,1990-07-18 00:00:00.000,USM,1,USMCOB-RC2520,2026-05-05 00:00:00.000,UTC,1990,7,18,199,"00:00:00",,POINT(-86.5 30.38),USMCOB-RC2520
USMCOB,"KEY WEST, FL  (GULF SIDE)",24.57,-81.79,0.89,,FL,,,1991-03-14 00:00:00.000,USM,2,USMCOB-RC2520,2026-05-05 00:00:00.000,UTC,1991,3,14,73,"00:00:00",,POINT(-81.79 24.57),USMCOB-RC2520
USMCOB,"10 mls E Pt Canaveral, date&TL = E",28.409,-80.419641,0.64,,FL,,,2006-04-01 00:00:00.000,USM,1,USMCOB-RC25214,2026-05-05 00:00:00.000,UTC,2006,4,1,91,"00:00:00",,POINT(-80.419641 28.409),USMCOB-RC25214
USMCOB,"Chesapeake Bay, Hampton, DO=E",37.012,-76.339,0.91,,TL,,,2007-06-16 00:00:00.000,USM,2,USMCOB-RC25214,2026-05-05 00:00:00.000,UTC,2007,6,16,167,"00:00:00",,POINT(-76.339 37.012),USMCOB-RC25214
USMCOB,W. of the Gardmen,24.6,-82.9,0.72,,FL,0.76,TL,1997-07-28 00:00:00.000,USM,1,USMCOB-RC25242,2026-05-05 00:00:00.000,UTC,1997,7,28,209,"00:00:00",,POINT(-82.9 24.6),USMCOB-RC25242
USMCOB,Gulf Wreck Chris,,,0.83,,FL,0.93,TL,1998-02-11 00:00:00.000,USM,2,USMCOB-RC25242,2026-05-05 00:00:00.000,UTC,1998,2,11,42,"00:00:00",,POINT(nan nan),USMCOB-RC25242
USMCOB,"30 04.900  87 54.000",30.081667,-87.9,0.86,,FL,0.94,TL,1998-07-13 00:00:00.000,USM,1,USMCOB-RC25269,2026-05-05 00:00:00.000,UTC,1998,7,13,194,"00:00:00",,POINT(-87.9 30.081667),USMCOB-RC25269
USMCOB,"47035.0 12600.0",30.04333,-88.29333,0.97,,FL,1.07,TL,1998-11-02 00:00:00.000,USM,2,USMCOB-RC25269,2026-05-05 00:00:00.000,UTC,1998,11,2,306,"00:00:00",,POINT(-88.29333 30.04333),USMCOB-RC25269
USMCOB,"10 Mi N of Key West FL",24.709,-81.787,0.77,,FL,0.86,TL,1997-02-24 00:00:00.000,USM,1,USMCOB-RC25272,2026-05-05 00:00:00.000,UTC,1997,2,24,55,"00:00:00",,POINT(-81.787 24.709),USMCOB-RC25272
USMCOB,"Key West, FL",24.563,-81.726,0.77,,FL,0.86,TL,1997-03-02 00:00:00.000,USM,2,USMCOB-RC25272,2026-05-05 00:00:00.000,UTC,1997,3,2,61,"00:00:00",,POINT(-81.726 24.563),USMCOB-RC25272
USMCOB,Smith Shoal,24.69,-82.9,0.72,,FL,0.83,TL,1998-12-25 00:00:00.000,USM,1,USMCOB-RC25278,2026-05-05 00:00:00.000,UTC,1998,12,25,359,"00:00:00",,POINT(-82.9 24.69),USMCOB-RC25278
USMCOB,"Key West, FL",24.563,-81.726,0.75,,FL,0.84,TL,2000-01-20 00:00:00.000,USM,2,USMCOB-RC25278,2026-05-05 00:00:00.000,UTC,2000,1,20,20,"00:00:00",,POINT(-81.726 24.563),USMCOB-RC25278
USMCOB,MAIN PASS 92-6  (RIG),29.632,-88.846,0.71,,FL,0.79,TL,1989-06-16 00:00:00.000,USM,1,USMCOB-RC2546,2026-05-05 00:00:00.000,UTC,1989,6,16,167,"00:00:00",,POINT(-88.846 29.632),USMCOB-RC2546
USMCOB,"OFF FOUCHON,LA.(W. OF MIS. R.)",29.095,-90.194,0.91,,FL,,,1990-01-15 00:00:00.000,USM,2,USMCOB-RC2546,2026-05-05 00:00:00.000,UTC,1990,1,15,15,"00:00:00",,POINT(-90.194 29.095),USMCOB-RC2546
USMCOB,"3 Rig South Horn Is. Pass",30.083,-88.496,0.56,,FL,0.61,TL,1998-05-21 00:00:00.000,USM,1,USMCOB-RC25471,2026-05-05 00:00:00.000,UTC,1998,5,21,141,"00:00:00",,POINT(-88.496 30.083),USMCOB-RC25471
USMCOB,VK69,29.926,-88.479,0.76,,FL,0.81,TL,1999-03-10 00:00:00.000,USM,2,USMCOB-RC25471,2026-05-05 00:00:00.000,UTC,1999,3,10,69,"00:00:00",,POINT(-88.479 29.926),USMCOB-RC25471
USMCOB,Buoy 21 Gfpt Ship Channel,30.189,-88.99,0.28,,FL,0.3,TL,1996-09-06 00:00:00.000,USM,1,USMCOB-RC25501,2026-05-05 00:00:00.000,UTC,1996,9,6,250,"00:00:00",,POINT(-88.99 30.189),USMCOB-RC25501
USMCOB,Buoy 21 GFPT Ship Channel,30.189,-88.99,,,,,,1996-09-12 00:00:00.000,USM,2,USMCOB-RC25501,2026-05-05 00:00:00.000,UTC,1996,9,12,256,"00:00:00",,POINT(-88.99 30.189),USMCOB-RC25501
USMCOB,"24 Mi. SW Marco Island FL",25.68,-82.01,0.76,,FL,0.84,TL,1997-10-29 00:00:00.000,USM,1,USMCOB-RC25598,2026-05-05 00:00:00.000,UTC,1997,10,29,302,"00:00:00",,POINT(-82.01 25.68),USMCOB-RC25598
USMCOB,"off Pensacola, FL",30.333,-87.15,,,,,,1999-04-21 00:00:00.000,USM,2,USMCOB-RC25598,2026-05-05 00:00:00.000,UTC,1999,4,21,111,"00:00:00",,POINT(-87.15 30.333),USMCOB-RC25598
USMCOB,MONKEY BAYOU RIGS,29.718,-88.797,0.66,,FL,0.74,TL,1989-07-15 00:00:00.000,USM,1,USMCOB-RC2569,2026-05-05 00:00:00.000,UTC,1989,7,15,196,"00:00:00",,POINT(-88.797 29.718),USMCOB-RC2569
USMCOB,"OFF MARATHON, FLA (ATL. OCEAN)",24.713,-81.065,0.81,,FL,,,1990-01-21 00:00:00.000,USM,2,USMCOB-RC2569,2026-05-05 00:00:00.000,UTC,1990,1,21,21,"00:00:00",,POINT(-81.065 24.713),USMCOB-RC2569
USMCOB,"27 Mi SW Marco Island, FL",25.645,-82.032,0.81,,FL,0.91,TL,1996-11-06 00:00:00.000,USM,1,USMCOB-RC25705,2026-05-05 00:00:00.000,UTC,1996,11,6,311,"00:00:00",,POINT(-82.032 25.645),USMCOB-RC25705
USMCOB,"22 mi SW Marco Island, FL",25.703,-81.982,0.91,,FL,,,1997-03-29 00:00:00.000,USM,2,USMCOB-RC25705,2026-05-05 00:00:00.000,UTC,1997,3,29,88,"00:00:00",,POINT(-81.982 25.703),USMCOB-RC25705
USMCOB,"24 Mi SW Marco Island, FL",25.68,-82.01,0.79,,FL,0.86,TL,1996-11-06 00:00:00.000,USM,1,USMCOB-RC25708,2026-05-05 00:00:00.000,UTC,1996,11,6,311,"00:00:00",,POINT(-82.01 25.68),USMCOB-RC25708
USMCOB,"Marco Island, FL",25.93,-81.74,0.97,,TL,,,1997-05-30 00:00:00.000,USM,2,USMCOB-RC25708,2026-05-05 00:00:00.000,UTC,1997,5,30,150,"00:00:00",,POINT(-81.74 25.93),USMCOB-RC25708
USMCOB,"24 Mi SW Marco Island, FL",25.68,-82.01,0.74,,FL,0.81,TL,1996-11-06 00:00:00.000,USM,1,USMCOB-RC25732,2026-05-05 00:00:00.000,UTC,1996,11,6,311,"00:00:00",,POINT(-82.01 25.68),USMCOB-RC25732
USMCOB,"24-41.0 81-53.0 Keys FL",24.683333,-81.883333,0.76,,FL,,,1997-03-06 00:00:00.000,USM,2,USMCOB-RC25732,2026-05-05 00:00:00.000,UTC,1997,3,6,65,"00:00:00",,POINT(-81.883333 24.683333),USMCOB-RC25732
USMCOB,"21 Mi SW Marco Island, FL",25.720987,-81.985356,0.69,,FL,0.74,TL,1996-11-24 00:00:00.000,USM,1,USMCOB-RC25739,2026-05-05 00:00:00.000,UTC,1996,11,24,329,"00:00:00",,POINT(-81.985356 25.720987),USMCOB-RC25739
USMCOB,"25 mi. off Marco Island",25.565,-81.734233,,,,,,1997-10-01 00:00:00.000,USM,2,USMCOB-RC25739,2026-05-05 00:00:00.000,UTC,1997,10,1,274,"00:00:00",,POINT(-81.734233 25.565),USMCOB-RC25739
USMCOB,Ship Shoal Blk 134,28.766582,-91.016728,0.86,,FL,0.97,TL,1998-07-07 00:00:00.000,USM,1,USMCOB-RC25834,2026-05-05 00:00:00.000,UTC,1998,7,7,188,"00:00:00",,POINT(-91.016728 28.766582),USMCOB-RC25834
USMCOB,Ship Shoal Blk 91,28.922,-90.774,1.09,,TL,,,1998-10-11 00:00:00.000,USM,2,USMCOB-RC25834,2026-05-05 00:00:00.000,UTC,1998,10,11,284,"00:00:00",,POINT(-90.774 28.922),USMCOB-RC25834
USMCOB,Ship Shoal Blk 134,28.766582,-91.016728,0.84,,FL,0.91,TL,1998-07-07 00:00:00.000,USM,1,USMCOB-RC25836,2026-05-05 00:00:00.000,UTC,1998,7,7,188,"00:00:00",,POINT(-91.016728 28.766582),USMCOB-RC25836
USMCOB,South Marsh Island 288,29.0,-91.867,1.04,,TL,,,1998-10-10 00:00:00.000,USM,2,USMCOB-RC25836,2026-05-05 00:00:00.000,UTC,1998,10,10,283,"00:00:00",,POINT(-91.867 29.0),USMCOB-RC25836
USMCOB,"Getty Rigs, S of Chandele",29.544,-88.677,0.64,,FL,0.76,TL,1998-07-17 00:00:00.000,USM,1,USMCOB-RC25885,2026-05-05 00:00:00.000,UTC,1998,7,17,198,"00:00:00",,POINT(-88.677 29.544),USMCOB-RC25885
USMCOB,"ShallowField, Curlew RigE",29.643,-88.859,0.89,,TL,,,1998-07-18 00:00:00.000,USM,2,USMCOB-RC25885,2026-05-05 00:00:00.000,UTC,1998,7,18,199,"00:00:00",,POINT(-88.859 29.643),USMCOB-RC25885
USMCOB,"21 Mi SW of Marco Island FL",25.720987,-81.985356,0.69,,FL,0.76,TL,1996-08-13 00:00:00.000,USM,1,USMCOB-RC25895,2026-05-05 00:00:00.000,UTC,1996,8,13,226,"00:00:00",,POINT(-81.985356 25.720987),USMCOB-RC25895
USMCOB,"32 miles off Mexico Beach FL",29.587,-85.76,,,,,,1997-07-13 00:00:00.000,USM,2,USMCOB-RC25895,2026-05-05 00:00:00.000,UTC,1997,7,13,194,"00:00:00",,POINT(-85.76 29.587),USMCOB-RC25895
USMCOB,"12442.0  47023.0",29.99667,-88.55333,0.74,,FL,0.79,TL,1997-06-28 00:00:00.000,USM,1,USMCOB-RC25908,2026-05-05 00:00:00.000,UTC,1997,6,28,179,"00:00:00",,POINT(-88.55333 29.99667),USMCOB-RC25908
USMCOB,Oil Rig off AL,,,0.91,,FL,,,1998-07-22 00:00:00.000,USM,2,USMCOB-RC25908,2026-05-05 00:00:00.000,UTC,1998,7,22,203,"00:00:00",,POINT(nan nan),USMCOB-RC25908
USMCOB,"25 Mi SW Terrebonne Bay, LA",28.964,-90.947,0.64,,FL,0.69,TL,1996-10-28 00:00:00.000,USM,1,USMCOB-RC25922,2026-05-05 00:00:00.000,UTC,1996,10,28,302,"00:00:00",,POINT(-90.947 28.964),USMCOB-RC25922
USMCOB,"60 Mi. off Franklin, LA",28.936,-91.958,0.88,,FL,1.0,TL,1998-08-01 00:00:00.000,USM,2,USMCOB-RC25922,2026-05-05 00:00:00.000,UTC,1998,8,1,213,"00:00:00",,POINT(-91.958 28.936),USMCOB-RC25922
USMCOB,South Timbilier Block 99,28.689,-90.726,0.56,,FL,0.61,TL,1996-08-16 00:00:00.000,USM,1,USMCOB-RC25949,2026-05-05 00:00:00.000,UTC,1996,8,16,229,"00:00:00",,POINT(-90.726 28.689),USMCOB-RC25949
USMCOB,South Timbilier Block 10,29.022,-90.575,0.95,,FL,,,1997-09-13 00:00:00.000,USM,2,USMCOB-RC25949,2026-05-05 00:00:00.000,UTC,1997,9,13,256,"00:00:00",,POINT(-90.575 29.022),USMCOB-RC25949
USMCOB,Pensacola Beach,30.315,-87.203,0.94,,FL,1.04,TL,1997-04-29 00:00:00.000,USM,1,USMCOB-RC26136,2026-05-05 00:00:00.000,UTC,1997,4,29,119,"00:00:00",,POINT(-87.203 30.315),USMCOB-RC26136
USMCOB,Rig CD-CA-38A-MS(fed.wat),29.746,-88.474,1.04,,TL,,,1997-05-29 00:00:00.000,USM,2,USMCOB-RC26136,2026-05-05 00:00:00.000,UTC,1997,5,29,149,"00:00:00",,POINT(-88.474 29.746),USMCOB-RC26136
USMCOB,N. END OF CHANDELEUR ISLANDS,30.043,-88.878,0.79,,FL,0.84,TL,1991-05-12 00:00:00.000,USM,1,USMCOB-RC2637,2026-05-05 00:00:00.000,UTC,1991,5,12,132,"00:00:00",,POINT(-88.878 30.043),USMCOB-RC2637
USMCOB,"17 MI. OFF DESTIN, FL",30.1355,-86.494,0.94,,FL,,,1991-11-06 00:00:00.000,USM,2,USMCOB-RC2637,2026-05-05 00:00:00.000,UTC,1991,11,6,310,"00:00:00",,POINT(-86.494 30.1355),USMCOB-RC2637
USMCOB,"15 Mi W Destin, FL",30.380147,-86.742983,0.81,,FL,0.91,TL,1997-04-21 00:00:00.000,USM,1,USMCOB-RC26542,2026-05-05 00:00:00.000,UTC,1997,4,21,111,"00:00:00",,POINT(-86.742983 30.380147),USMCOB-RC26542
USMCOB,"10 mi NW of Key West FL",24.646,-81.929,0.91,,FL,1.04,TL,1998-01-24 00:00:00.000,USM,2,USMCOB-RC26542,2026-05-05 00:00:00.000,UTC,1998,1,24,24,"00:00:00",,POINT(-81.929 24.646),USMCOB-RC26542
USMCOB,"1 Mi E Destin, FL",30.38,-86.5,0.79,,FL,0.89,TL,1997-05-06 00:00:00.000,USM,1,USMCOB-RC26544,2026-05-05 00:00:00.000,UTC,1997,5,6,126,"00:00:00",,POINT(-86.5 30.38),USMCOB-RC26544
USMCOB,Lamark Reef E CarabelleFL,29.849,-84.611,0.81,,FL,,,1997-06-01 00:00:00.000,USM,2,USMCOB-RC26544,2026-05-05 00:00:00.000,UTC,1997,6,1,152,"00:00:00",,POINT(-84.611 29.849),USMCOB-RC26544
USMCOB,"Destin, FL",30.38,-86.5,0.51,,FL,0.56,TL,1999-05-03 00:00:00.000,USM,1,USMCOB-RC26578,2026-05-05 00:00:00.000,UTC,1999,5,3,123,"00:00:00",,POINT(-86.5 30.38),USMCOB-RC26578
USMCOB,"Ft. Walton, FL         **",30.395,-86.616,1.02,,FL,,,2000-04-22 00:00:00.000,USM,2,USMCOB-RC26578,2026-05-05 00:00:00.000,UTC,2000,4,22,113,"00:00:00",,POINT(-86.616 30.395),USMCOB-RC26578
USMCOB,Navarre Pier,30.378,-86.862,0.89,,FL,0.94,TL,1997-03-18 00:00:00.000,USM,1,USMCOB-RC26581,2026-05-05 00:00:00.000,UTC,1997,3,18,77,"00:00:00",,POINT(-86.862 30.378),USMCOB-RC26581
USMCOB,"Port Aransas, Tx",27.836,-97.043,0.94,,TL,,,1997-05-18 00:00:00.000,USM,2,USMCOB-RC26581,2026-05-05 00:00:00.000,UTC,1997,5,18,138,"00:00:00",,POINT(-97.043 27.836),USMCOB-RC26581
USMCOB,"5 Mi. S. Perdido Pass",30.197353,-87.556655,0.62,,TL,,,1997-08-24 00:00:00.000,USM,1,USMCOB-RC26759,2026-05-05 00:00:00.000,UTC,1997,8,24,236,"00:00:00",,POINT(-87.556655 30.197353),USMCOB-RC26759
USMCOB,"Eugene I., LA, Block 258",28.472,-91.4,0.97,,FL,,,1999-05-14 00:00:00.000,USM,2,USMCOB-RC26759,2026-05-05 00:00:00.000,UTC,1999,5,14,134,"00:00:00",,POINT(-91.4 28.472),USMCOB-RC26759
USMCOB,"30.02.29N 85.58.11W",30.038167,-85.9685,0.57,,FL,0.61,TL,2000-08-06 00:00:00.000,USM,1,USMCOB-RC26808,2026-05-05 00:00:00.000,UTC,2000,8,6,219,"00:00:00",,POINT(-85.9685 30.038167),USMCOB-RC26808
USMCOB,"Jupiter, FL",26.944,-80.07,0.94,,TL,,,2002-05-03 00:00:00.000,USM,2,USMCOB-RC26808,2026-05-05 00:00:00.000,UTC,2002,5,3,123,"00:00:00",,POINT(-80.07 26.944),USMCOB-RC26808
USMCOB,Gport-Ship I Chan. #41,30.276,-89.021,0.84,,FL,0.94,TL,1997-08-12 00:00:00.000,USM,1,USMCOB-RC26912,2026-05-05 00:00:00.000,UTC,1997,8,12,224,"00:00:00",,POINT(-89.021 30.276),USMCOB-RC26912
USMCOB,Gulfport channel mark 39,30.268,-89.014,0.85,,FL,,,1997-09-14 00:00:00.000,USM,2,USMCOB-RC26912,2026-05-05 00:00:00.000,UTC,1997,9,14,257,"00:00:00",,POINT(-89.014 30.268),USMCOB-RC26912
USMCOB,"DEEP BARGES S. OF HORN ISL.,MS",30.16,-88.75,0.56,,FL,,,1989-09-08 00:00:00.000,USM,1,USMCOB-RC2693,2026-05-05 00:00:00.000,UTC,1989,9,8,251,"00:00:00",,POINT(-88.75 30.16),USMCOB-RC2693
USMCOB,"MAIN PASS, BLK 116",29.457,-88.84,0.71,,FL,,,1990-04-30 00:00:00.000,USM,2,USMCOB-RC2693,2026-05-05 00:00:00.000,UTC,1990,4,30,120,"00:00:00",,POINT(-88.84 29.457),USMCOB-RC2693
USMCOB,Block 94,28.883,-90.8687,0.74,,FL,0.81,TL,1998-07-11 00:00:00.000,USM,1,USMCOB-RC27391,2026-05-05 00:00:00.000,UTC,1998,7,11,192,"00:00:00",,POINT(-90.8687 28.883),USMCOB-RC27391
USMCOB,W. Delta Block 40       E,29.086,-89.793,1.02,,TL,,,2000-08-23 00:00:00.000,USM,2,USMCOB-RC27391,2026-05-05 00:00:00.000,UTC,2000,8,23,236,"00:00:00",,POINT(-89.793 29.086),USMCOB-RC27391
USMCOB,"Ship Shoal Block 93, LA",28.891167,-90.811167,0.69,,FL,0.76,TL,1997-05-30 00:00:00.000,USM,1,USMCOB-RC27428,2026-05-05 00:00:00.000,UTC,1997,5,30,150,"00:00:00",,POINT(-90.811167 28.891167),USMCOB-RC27428
USMCOB,South Timbilier 67,28.81,-90.405,1.07,,FL,,,1998-12-01 00:00:00.000,USM,2,USMCOB-RC27428,2026-05-05 00:00:00.000,UTC,1998,12,1,335,"00:00:00",,POINT(-90.405 28.81),USMCOB-RC27428
USMCOB,"28-37-91 90-56-69 Blok167",28.641944,-90.9525,0.84,,FL,0.91,TL,1997-06-27 00:00:00.000,USM,1,USMCOB-RC27437,2026-05-05 00:00:00.000,UTC,1997,6,27,178,"00:00:00",,POINT(-90.9525 28.641944),USMCOB-RC27437
USMCOB,"5 mi S of Whiskey pass",28.975,-90.78,1.08,,TL,,,1997-11-04 00:00:00.000,USM,2,USMCOB-RC27437,2026-05-05 00:00:00.000,UTC,1997,11,4,308,"00:00:00",,POINT(-90.78 28.975),USMCOB-RC27437
USMCOB,"28-37-91 90-56-69 Blok167",28.641944,-90.9525,0.69,,FL,0.76,TL,1997-06-27 00:00:00.000,USM,1,USMCOB-RC27458,2026-05-05 00:00:00.000,UTC,1997,6,27,178,"00:00:00",,POINT(-90.9525 28.641944),USMCOB-RC27458
USMCOB,"32 off LA off Morgan City",29.266,-91.435,,,,,,1997-08-20 00:00:00.000,USM,2,USMCOB-RC27458,2026-05-05 00:00:00.000,UTC,1997,8,20,232,"00:00:00",,POINT(-91.435 29.266),USMCOB-RC27458
USMCOB,Mine Sweeper Wreck,24.5,-81.6,0.74,,FL,0.81,TL,1997-11-06 00:00:00.000,USM,1,USMCOB-RC27515,2026-05-05 00:00:00.000,UTC,1997,11,6,310,"00:00:00",,POINT(-81.6 24.5),USMCOB-RC27515
USMCOB,"off Jupiter, FL",26.944,-80.07,1.08,,TL,,,1999-01-01 00:00:00.000,USM,2,USMCOB-RC27515,2026-05-05 00:00:00.000,UTC,1999,1,1,1,"00:00:00",,POINT(-80.07 26.944),USMCOB-RC27515
USMCOB,Gpt Channel MS,30.24,-89.0,0.61,,FL,0.69,TL,1997-08-14 00:00:00.000,USM,1,USMCOB-RC27566,2026-05-05 00:00:00.000,UTC,1997,8,14,226,"00:00:00",,POINT(-89.0 30.24),USMCOB-RC27566
USMCOB,Pensacola,30.333,-87.15,0.84,,FL,1.02,TL,2005-04-05 00:00:00.000,USM,2,USMCOB-RC27566,2026-05-05 00:00:00.000,UTC,2005,4,5,95,"00:00:00",,POINT(-87.15 30.333),USMCOB-RC27566
USMCOB,Pensacola,30.315,-87.203,1.02,,FL,1.14,TL,2005-04-05 00:00:00.000,USM,1,USMCOB-RC27569,2026-05-05 00:00:00.000,UTC,2005,4,5,95,"00:00:00",,POINT(-87.203 30.315),USMCOB-RC27569
USMCOB,"Heel Bank, 30 ml SE Galveston E",29.08,-94.27,,,,,,2005-06-10 00:00:00.000,USM,2,USMCOB-RC27569,2026-05-05 00:00:00.000,UTC,2005,6,10,161,"00:00:00",,POINT(-94.27 29.08),USMCOB-RC27569
USMCOB,"GULFPORT SHIP CHANNEL, BUOY 34",30.248,-89.002,0.67,,FL,0.74,TL,1989-09-13 00:00:00.000,USM,1,USMCOB-RC2758,2026-05-05 00:00:00.000,UTC,1989,9,13,256,"00:00:00",,POINT(-89.002 30.248),USMCOB-RC2758
USMCOB,W. END OF SHIP ISLAND,30.21,-88.964,1.07,,FL,1.17,TL,1990-09-22 00:00:00.000,USM,2,USMCOB-RC2758,2026-05-05 00:00:00.000,UTC,1990,9,22,265,"00:00:00",,POINT(-88.964 30.21),USMCOB-RC2758
USMCOB,"Gport Marker 39, MS  date",30.268,-89.014,0.64,,FL,0.71,TL,1997-07-16 00:00:00.000,USM,1,USMCOB-RC27583,2026-05-05 00:00:00.000,UTC,1997,7,16,197,"00:00:00",,POINT(-89.014 30.268),USMCOB-RC27583
USMCOB,"28.55N, 90.05W, off LA",28.916667,-90.083333,1.07,,TL,,,1999-08-28 00:00:00.000,USM,2,USMCOB-RC27583,2026-05-05 00:00:00.000,UTC,1999,8,28,240,"00:00:00",,POINT(-90.083333 28.916667),USMCOB-RC27583
USMCOB,"28-33-65 90-52-99Ship 190",28.568056,-90.894167,0.66,,FL,0.74,TL,1997-08-30 00:00:00.000,USM,1,USMCOB-RC27653,2026-05-05 00:00:00.000,UTC,1997,8,30,242,"00:00:00",,POINT(-90.894167 28.568056),USMCOB-RC27653
USMCOB,"28 54.4, 91 52.57 (shp sh",28.908333,-91.876767,0.81,,FL,0.91,TL,1998-07-04 00:00:00.000,USM,2,USMCOB-RC27653,2026-05-05 00:00:00.000,UTC,1998,7,4,185,"00:00:00",,POINT(-91.876767 28.908333),USMCOB-RC27653
USMCOB,"28 53 47, 90 48 67",28.891167,-90.811167,0.61,,FL,0.66,TL,1998-08-08 00:00:00.000,USM,1,USMCOB-RC27825,2026-05-05 00:00:00.000,UTC,1998,8,8,220,"00:00:00",,POINT(-90.811167 28.891167),USMCOB-RC27825
USMCOB,"off Navarre, FL   ~wt",30.378,-86.862,,,,,,2000-04-15 00:00:00.000,USM,2,USMCOB-RC27825,2026-05-05 00:00:00.000,UTC,2000,4,15,106,"00:00:00",,POINT(-86.862 30.378),USMCOB-RC27825
USMCOB,"28 53 47, 90 48 67ssBlk93",28.891167,-90.811167,0.56,,FL,0.61,TL,1998-08-08 00:00:00.000,USM,1,USMCOB-RC27828,2026-05-05 00:00:00.000,UTC,1998,8,8,220,"00:00:00",,POINT(-90.811167 28.891167),USMCOB-RC27828
USMCOB,"Breton Sound, Venice, LA",29.496,-89.25,0.99,,TL,,,1999-08-17 00:00:00.000,USM,2,USMCOB-RC27828,2026-05-05 00:00:00.000,UTC,1999,8,17,229,"00:00:00",,POINT(-89.25 29.496),USMCOB-RC27828
USMCOB,Pensacola Beach,30.315,-87.203,1.07,,FL,1.17,TL,2005-04-12 00:00:00.000,USM,1,USMCOB-RC27873,2026-05-05 00:00:00.000,UTC,2005,4,12,102,"00:00:00",,POINT(-87.203 30.315),USMCOB-RC27873
USMCOB,"10 miles S of Freeport, TX",28.792,-95.298,1.27,,TL,,,2005-05-19 00:00:00.000,USM,2,USMCOB-RC27873,2026-05-05 00:00:00.000,UTC,2005,5,19,139,"00:00:00",,POINT(-95.298 28.792),USMCOB-RC27873
USMCOB,Pensacola,30.315,-87.203,0.93,,FL,1.02,TL,2005-04-05 00:00:00.000,USM,1,USMCOB-RC27879,2026-05-05 00:00:00.000,UTC,2005,4,5,95,"00:00:00",,POINT(-87.203 30.315),USMCOB-RC27879
USMCOB,Main Pass 108,29.552,-88.665,1.12,,FL,,,2007-05-05 00:00:00.000,USM,2,USMCOB-RC27879,2026-05-05 00:00:00.000,UTC,2007,5,5,125,"00:00:00",,POINT(-88.665 29.552),USMCOB-RC27879
USMCOB,"41 Gpt. Channel, MS",30.276,-89.021,0.69,,FL,0.74,TL,1997-08-28 00:00:00.000,USM,1,USMCOB-RC27887,2026-05-05 00:00:00.000,UTC,1997,8,28,240,"00:00:00",,POINT(-89.021 30.276),USMCOB-RC27887
USMCOB,"Grnad Isle, LA Block 55",28.905,-89.88,0.9,,TL,,,1998-08-08 00:00:00.000,USM,2,USMCOB-RC27887,2026-05-05 00:00:00.000,UTC,1998,8,8,220,"00:00:00",,POINT(-89.88 28.905),USMCOB-RC27887
USMCOB,"30-07.0 87-49.00",30.116667,-87.816667,0.7,,FL,0.79,TL,1997-10-16 00:00:00.000,USM,1,USMCOB-RC28002,2026-05-05 00:00:00.000,UTC,1997,10,16,289,"00:00:00",,POINT(-87.816667 30.116667),USMCOB-RC28002
USMCOB,"St. Petersburg, FL",27.766,-82.776,0.81,,FL,,,1998-04-05 00:00:00.000,USM,2,USMCOB-RC28002,2026-05-05 00:00:00.000,UTC,1998,4,5,95,"00:00:00",,POINT(-82.776 27.766),USMCOB-RC28002
USMCOB,"50 MI. SOUTH OF BILOXI, MS",29.663451,-88.879253,0.66,,FL,0.71,TL,1989-07-08 00:00:00.000,USM,1,USMCOB-RC2803,2026-05-05 00:00:00.000,UTC,1989,7,8,189,"00:00:00",,POINT(-88.879253 29.663451),USMCOB-RC2803
USMCOB,"OFF MEXICO BEACH, FL",29.946,-85.419,1.27,,TL,,,1992-04-14 00:00:00.000,USM,2,USMCOB-RC2803,2026-05-05 00:00:00.000,UTC,1992,4,14,105,"00:00:00",,POINT(-85.419 29.946),USMCOB-RC2803
USMCOB,"2 mi W Ft. Myers Beach",26.44952,-81.983138,0.79,,FL,0.86,TL,2000-07-11 00:00:00.000,USM,1,USMCOB-RC28405,2026-05-05 00:00:00.000,UTC,2000,7,11,193,"00:00:00",,POINT(-81.983138 26.44952),USMCOB-RC28405
USMCOB,"Sanibel, FL",26.425,-82.129,0.87,,FL,,,2000-09-02 00:00:00.000,USM,2,USMCOB-RC28405,2026-05-05 00:00:00.000,UTC,2000,9,2,246,"00:00:00",,POINT(-82.129 26.425),USMCOB-RC28405
USMCOB,"30.05.429N 88.17.622W",30.090483,-88.2937,0.66,,FL,0.71,TL,2001-08-25 00:00:00.000,USM,1,USMCOB-RC28412,2026-05-05 00:00:00.000,UTC,2001,8,25,237,"00:00:00",,POINT(-88.2937 30.090483),USMCOB-RC28412
USMCOB,Bill Walker site,30.088,-88.553,0.94,,FL,1.07,TL,2002-06-02 00:00:00.000,USM,2,USMCOB-RC28412,2026-05-05 00:00:00.000,UTC,2002,6,2,153,"00:00:00",,POINT(-88.553 30.088),USMCOB-RC28412
USMCOB,"30.05.048N 88.29.807W",30.084133,-88.496783,0.79,,FL,0.84,TL,2001-08-25 00:00:00.000,USM,1,USMCOB-RC28413,2026-05-05 00:00:00.000,UTC,2001,8,25,237,"00:00:00",,POINT(-88.496783 30.084133),USMCOB-RC28413
USMCOB,MS modules,,,0.92,,FL,1.02,TL,2002-06-17 00:00:00.000,USM,2,USMCOB-RC28413,2026-05-05 00:00:00.000,UTC,2002,6,17,168,"00:00:00",,POINT(nan nan),USMCOB-RC28413
USMCOB,Destin,30.38,-86.5,1.12,,TL,,,2004-04-06 00:00:00.000,USM,2,USMCOB-RC36802,2026-05-05 00:00:00.000,UTC,2004,4,6,97,"00:00:00",,POINT(-86.5 30.38),USMCOB-RC36802
USMCOB,Port Canaveral,28.395,-80.587,0.69,,FL,0.74,TL,1999-02-17 00:00:00.000,USM,1,USMCOB-RC28475,2026-05-05 00:00:00.000,UTC,1999,2,17,48,"00:00:00",,POINT(-80.587 28.395),USMCOB-RC28475
USMCOB,Port Canaveral,28.41,-80.584,0.76,,FL,,,1999-04-05 00:00:00.000,USM,2,USMCOB-RC28475,2026-05-05 00:00:00.000,UTC,1999,4,5,95,"00:00:00",,POINT(-80.584 28.41),USMCOB-RC28475
USMCOB,North Port canvoral Fl,28.423,-80.574,0.61,,FL,0.66,TL,2001-02-21 00:00:00.000,USM,1,USMCOB-RC28499,2026-05-05 00:00:00.000,UTC,2001,2,21,52,"00:00:00",,POINT(-80.574 28.423),USMCOB-RC28499
USMCOB,"near Rodanthe, NC",35.594,-75.459,,,,,,2003-07-17 00:00:00.000,USM,2,USMCOB-RC28499,2026-05-05 00:00:00.000,UTC,2003,7,17,198,"00:00:00",,POINT(-75.459 35.594),USMCOB-RC28499
USMCOB,"10 ml N Key West",24.709,-81.787,0.79,,FL,0.86,TL,1999-02-27 00:00:00.000,USM,1,USMCOB-RC28694,2026-05-05 00:00:00.000,UTC,1999,2,27,58,"00:00:00",,POINT(-81.787 24.709),USMCOB-RC28694
USMCOB,"North Channel,CedarKey,FL",29.134,-83.035,0.89,,TL,,,1999-05-15 00:00:00.000,USM,2,USMCOB-RC28694,2026-05-05 00:00:00.000,UTC,1999,5,15,135,"00:00:00",,POINT(-83.035 29.134),USMCOB-RC28694
USMCOB,"Navarre, FL",30.378,-86.862,0.71,,FL,,,1998-04-20 00:00:00.000,USM,1,USMCOB-RC28871,2026-05-05 00:00:00.000,UTC,1998,4,20,110,"00:00:00",,POINT(-86.862 30.378),USMCOB-RC28871
USMCOB,"off Fort Myers, FL",26.648,-81.885,,,,,,2001-01-25 00:00:00.000,USM,2,USMCOB-RC28871,2026-05-05 00:00:00.000,UTC,2001,1,25,25,"00:00:00",,POINT(-81.885 26.648),USMCOB-RC28871
USMCOB,W. END OF HORN IS.(IN MS SOUND,30.255,-88.774,0.71,,TL,,,1989-08-16 00:00:00.000,USM,1,USMCOB-RC2893,2026-05-05 00:00:00.000,UTC,1989,8,16,228,"00:00:00",,POINT(-88.774 30.255),USMCOB-RC2893
USMCOB,"GULFPORT SHIP CHANNEL, BUOY #3",30.12,-88.897,1.04,,FL,1.15,TL,1990-10-14 00:00:00.000,USM,2,USMCOB-RC2893,2026-05-05 00:00:00.000,UTC,1990,10,14,287,"00:00:00",,POINT(-88.897 30.12),USMCOB-RC2893
USMCOB,Pensacola Beach,30.315,-87.203,0.97,,FL,1.04,TL,1998-04-06 00:00:00.000,USM,1,USMCOB-RC28972,2026-05-05 00:00:00.000,UTC,1998,4,6,96,"00:00:00",,POINT(-87.203 30.315),USMCOB-RC28972
USMCOB,Mr. Gus,,,1.26,,TL,,,1999-08-25 00:00:00.000,USM,2,USMCOB-RC28972,2026-05-05 00:00:00.000,UTC,1999,8,25,237,"00:00:00",,POINT(nan nan),USMCOB-RC28972
USMCOB,"Pensacola Beach, Fl",30.315,-87.203,1.09,,FL,1.18,TL,2007-04-21 00:00:00.000,USM,1,USMCOB-RC28976,2026-05-05 00:00:00.000,UTC,2007,4,21,111,"00:00:00",,POINT(-87.203 30.315),USMCOB-RC28976
USMCOB,"22 miles off Port O'Conner Tx",28.146,-96.135,1.32,,TL,,,2009-07-18 00:00:00.000,USM,2,USMCOB-RC28976,2026-05-05 00:00:00.000,UTC,2009,7,18,199,"00:00:00",,POINT(-96.135 28.146),USMCOB-RC28976
USMCOB,Chandeleur,29.819,-88.836,0.77,,FL,0.86,TL,1998-07-18 00:00:00.000,USM,1,USMCOB-RC29036,2026-05-05 00:00:00.000,UTC,1998,7,18,199,"00:00:00",,POINT(-88.836 29.819),USMCOB-RC29036
USMCOB,"S. Timbalier, Block 151",28.605,-90.268,,,,,,2002-04-26 00:00:00.000,USM,2,USMCOB-RC29036,2026-05-05 00:00:00.000,UTC,2002,4,26,116,"00:00:00",,POINT(-90.268 28.605),USMCOB-RC29036
USMCOB,E. OF SHIP IS.(SPADE FISH SHO),30.218,-89.032,0.74,,FL,0.83,TL,1990-08-05 00:00:00.000,USM,1,USMCOB-RC2913,2026-05-05 00:00:00.000,UTC,1990,8,5,217,"00:00:00",,POINT(-89.032 30.218),USMCOB-RC2913
USMCOB,"W. END OF SHIP ISLAND, MS",30.21,-88.964,0.83,,FL,0.91,TL,1990-09-11 00:00:00.000,USM,2,USMCOB-RC2913,2026-05-05 00:00:00.000,UTC,1990,9,11,254,"00:00:00",,POINT(-88.964 30.21),USMCOB-RC2913
USMCOB,Pensacola Beach,30.315,-87.203,0.76,,FL,0.81,TL,2001-04-29 00:00:00.000,USM,1,USMCOB-RC29197,2026-05-05 00:00:00.000,UTC,2001,4,29,119,"00:00:00",,POINT(-87.203 30.315),USMCOB-RC29197
USMCOB,"Key West, FL",24.563,-81.726,0.91,,FL,0.99,TL,2003-03-26 00:00:00.000,USM,2,USMCOB-RC29197,2026-05-05 00:00:00.000,UTC,2003,3,26,85,"00:00:00",,POINT(-81.726 24.563),USMCOB-RC29197
USMCOB,Vermilion Block 215    E,,,0.97,,FL,,,2007-06-30 00:00:00.000,USM,3,USMCOB-RC29197,2026-05-05 00:00:00.000,UTC,2007,6,30,181,"00:00:00",,POINT(nan nan),USMCOB-RC29197
USMCOB,"Triple Rig, Petit Bois",30.083,-88.496,0.61,,FL,0.67,TL,2000-07-26 00:00:00.000,USM,1,USMCOB-RC29321,2026-05-05 00:00:00.000,UTC,2000,7,26,208,"00:00:00",,POINT(-88.496 30.083),USMCOB-RC29321
USMCOB,"29.56.6N  80.50.7W",29.943333,-80.845,1.04,,FL,,,2002-04-20 00:00:00.000,USM,2,USMCOB-RC29321,2026-05-05 00:00:00.000,UTC,2002,4,20,110,"00:00:00",,POINT(-80.845 29.943333),USMCOB-RC29321
USMCOB,"Triple Rig, Petit Bois",30.083,-88.496,0.61,,FL,0.69,TL,2000-07-26 00:00:00.000,USM,1,USMCOB-RC29326,2026-05-05 00:00:00.000,UTC,2000,7,26,208,"00:00:00",,POINT(-88.496 30.083),USMCOB-RC29326
USMCOB,"Navarre, FL",30.378,-86.862,0.99,,FL,1.12,TL,2002-04-26 00:00:00.000,USM,2,USMCOB-RC29326,2026-05-05 00:00:00.000,UTC,2002,4,26,116,"00:00:00",,POINT(-86.862 30.378),USMCOB-RC29326
USMCOB,MONKEY BAYOU RIGS,29.718,-88.797,0.53,,FL,0.58,TL,1989-07-27 00:00:00.000,USM,1,USMCOB-RC2946,2026-05-05 00:00:00.000,UTC,1989,7,27,208,"00:00:00",,POINT(-88.797 29.718),USMCOB-RC2946
USMCOB,"GETTY RIGS,S. OF CHANDELERU IS",29.544,-88.677,0.86,,FL,,,1990-07-21 00:00:00.000,USM,2,USMCOB-RC2946,2026-05-05 00:00:00.000,UTC,1990,7,21,202,"00:00:00",,POINT(-88.677 29.544),USMCOB-RC2946
USMCOB,inside Ship I. buoys,30.234,-88.98,0.76,,FL,0.85,TL,2006-09-18 00:00:00.000,USM,1,USMCOB-RC29506,2026-05-05 00:00:00.000,UTC,2006,9,18,261,"00:00:00",,POINT(-88.98 30.234),USMCOB-RC29506
USMCOB,"farewell buoy, Horn Island",30.215,-88.791,0.94,,FL,,,2007-07-09 00:00:00.000,USM,2,USMCOB-RC29506,2026-05-05 00:00:00.000,UTC,2007,7,9,190,"00:00:00",,POINT(-88.791 30.215),USMCOB-RC29506
USMCOB,Key West-Atl.reef 9ml S,24.418,-81.765,0.74,,FL,0.84,TL,1998-09-12 00:00:00.000,USM,1,USMCOB-RC29571,2026-05-05 00:00:00.000,UTC,1998,9,12,255,"00:00:00",,POINT(-81.765 24.418),USMCOB-RC29571
USMCOB,"20 ml SSE of Destin",30.092,-86.347,0.94,,FL,,,1999-06-10 00:00:00.000,USM,2,USMCOB-RC29571,2026-05-05 00:00:00.000,UTC,1999,6,10,161,"00:00:00",,POINT(-86.347 30.092),USMCOB-RC29571
USMCOB,"28 54 38, 90 46 67 BLK 11",28.910556,-90.785278,0.69,,FL,0.76,TL,1998-08-29 00:00:00.000,USM,1,USMCOB-RC29605,2026-05-05 00:00:00.000,UTC,1998,8,29,241,"00:00:00",,POINT(-90.785278 28.910556),USMCOB-RC29605
USMCOB,"Morgan City, LA",29.687,-91.212,0.91,,TL,,,1998-12-14 00:00:00.000,USM,2,USMCOB-RC29605,2026-05-05 00:00:00.000,UTC,1998,12,14,348,"00:00:00",,POINT(-91.212 29.687),USMCOB-RC29605
USMCOB,GETTY RIGS,29.544,-88.677,0.71,,FL,0.79,TL,1990-08-15 00:00:00.000,USM,1,USMCOB-RC2970,2026-05-05 00:00:00.000,UTC,1990,8,15,227,"00:00:00",,POINT(-88.677 29.544),USMCOB-RC2970
USMCOB,"SUGARLOAF KEY, FL",24.63,-81.524,0.94,,FL,,,1991-04-12 00:00:00.000,USM,2,USMCOB-RC2970,2026-05-05 00:00:00.000,UTC,1991,4,12,102,"00:00:00",,POINT(-81.524 24.63),USMCOB-RC2970
USMCOB,"off Islamorada, FL",24.924,-80.625,,,,,,2003-02-25 00:00:00.000,USM,2,USMCOB-RC37237,2026-05-05 00:00:00.000,UTC,2003,2,25,56,"00:00:00",,POINT(-80.625 24.924),USMCOB-RC37237
USMCOB,"12268.0 / 46937.0",29.64667,-88.86833,0.53,,FL,0.56,TL,1989-07-09 00:00:00.000,USM,1,USMCOB-RC2977,2026-05-05 00:00:00.000,UTC,1989,7,9,190,"00:00:00",,POINT(-88.86833 29.64667),USMCOB-RC2977
USMCOB,"0.5M OFF CAPE CANAVERAL, FLA.",28.39,-80.587,0.85,,FL,,,1990-02-19 00:00:00.000,USM,2,USMCOB-RC2977,2026-05-05 00:00:00.000,UTC,1990,2,19,50,"00:00:00",,POINT(-80.587 28.39),USMCOB-RC2977
USMCOB,"28 54 39   90 43 69",28.910833,-90.735833,1.19,,FL,1.37,TL,1998-10-03 00:00:00.000,USM,1,USMCOB-RC29893,2026-05-05 00:00:00.000,UTC,1998,10,3,276,"00:00:00",,POINT(-90.735833 28.910833),USMCOB-RC29893
USMCOB,South Timbilier Block71 E,28.8,-90.58,1.37,,TL,,,1999-10-28 00:00:00.000,USM,2,USMCOB-RC29893,2026-05-05 00:00:00.000,UTC,1999,10,28,301,"00:00:00",,POINT(-90.58 28.8),USMCOB-RC29893
USMCOB,"28.54.39N,90.43.68W Blk11",28.910833,-90.735556,0.86,,FL,0.97,TL,1999-07-16 00:00:00.000,USM,1,USMCOB-RC29913,2026-05-05 00:00:00.000,UTC,1999,7,16,197,"00:00:00",,POINT(-90.735556 28.910833),USMCOB-RC29913
USMCOB,Grand Isle rig 47C      E,28.948,-90.018,,,,,,2000-08-12 00:00:00.000,USM,2,USMCOB-RC29913,2026-05-05 00:00:00.000,UTC,2000,8,12,225,"00:00:00",,POINT(-90.018 28.948),USMCOB-RC29913
USMCOB,"28.54.39N,90.43.68W Blk11",28.910833,-90.735556,0.91,,FL,1.04,TL,1999-07-16 00:00:00.000,USM,1,USMCOB-RC29917,2026-05-05 00:00:00.000,UTC,1999,7,16,197,"00:00:00",,POINT(-90.735556 28.910833),USMCOB-RC29917
USMCOB,"28.15.724N  94.31.718W E",28.262,-94.52863,1.02,,FL,,,2000-08-25 00:00:00.000,USM,2,USMCOB-RC29917,2026-05-05 00:00:00.000,UTC,2000,8,25,238,"00:00:00",,POINT(-94.52863 28.262),USMCOB-RC29917
USMCOB,"28.56.358 90.17.665",29.032778,-90.468056,0.6,,FL,0.66,TL,2000-07-29 00:00:00.000,USM,1,USMCOB-RC29973,2026-05-05 00:00:00.000,UTC,2000,7,29,211,"00:00:00",,POINT(-90.468056 29.032778),USMCOB-RC29973
USMCOB,rig 20 ml S of Belle Pass,28.795,-90.233,,,,,,2005-05-28 00:00:00.000,USM,2,USMCOB-RC29973,2026-05-05 00:00:00.000,UTC,2005,5,28,148,"00:00:00",,POINT(-90.233 28.795),USMCOB-RC29973
USMCOB,"28.56.750 90.21.972",29.141667,-90.62,0.77,,FL,0.86,TL,2000-07-29 00:00:00.000,USM,1,USMCOB-RC29977,2026-05-05 00:00:00.000,UTC,2000,7,29,211,"00:00:00",,POINT(-90.62 29.141667),USMCOB-RC29977
USMCOB,"Jupiter, FL",26.944,-80.07,1.04,,FL,,,2002-05-13 00:00:00.000,USM,2,USMCOB-RC29977,2026-05-05 00:00:00.000,UTC,2002,5,13,133,"00:00:00",,POINT(-80.07 26.944),USMCOB-RC29977
USMCOB,"30 08.0 N  87 52.0 W",30.133333,-87.866667,0.74,,FL,0.81,TL,2002-05-20 00:00:00.000,USM,1,USMCOB-RC30039,2026-05-05 00:00:00.000,UTC,2002,5,20,140,"00:00:00",,POINT(-87.866667 30.133333),USMCOB-RC30039
USMCOB,"off Daytona Beach, FL",29.212,-80.998,0.97,,TL,,,2003-04-16 00:00:00.000,USM,2,USMCOB-RC30039,2026-05-05 00:00:00.000,UTC,2003,4,16,106,"00:00:00",,POINT(-80.998 29.212),USMCOB-RC30039
USMCOB,"Navarre, FL",30.378,-86.862,0.86,,FL,0.91,TL,1999-05-01 00:00:00.000,USM,1,USMCOB-RC30362,2026-05-05 00:00:00.000,UTC,1999,5,1,121,"00:00:00",,POINT(-86.862 30.378),USMCOB-RC30362
USMCOB,Rig 261 60 ml S Dauphin I,29.336,-88.11,1.14,,FL,,,2003-05-03 00:00:00.000,USM,2,USMCOB-RC30362,2026-05-05 00:00:00.000,UTC,2003,5,3,123,"00:00:00",,POINT(-88.11 29.336),USMCOB-RC30362
USMCOB,Key West,24.563,-81.726,0.83,,FL,0.91,TL,1999-03-07 00:00:00.000,USM,1,USMCOB-RC30423,2026-05-05 00:00:00.000,UTC,1999,3,7,66,"00:00:00",,POINT(-81.726 24.563),USMCOB-RC30423
USMCOB,Key West,24.563,-81.726,0.9,,FL,0.94,TL,2000-01-09 00:00:00.000,USM,2,USMCOB-RC30423,2026-05-05 00:00:00.000,UTC,2000,1,9,9,"00:00:00",,POINT(-81.726 24.563),USMCOB-RC30423
USMCOB,Key West,24.563,-81.726,0.81,,FL,0.9,TL,1999-03-10 00:00:00.000,USM,1,USMCOB-RC30440,2026-05-05 00:00:00.000,UTC,1999,3,10,69,"00:00:00",,POINT(-81.726 24.563),USMCOB-RC30440
USMCOB,west end Ship Island,30.21,-88.964,1.14,,TL,,,2000-05-21 00:00:00.000,USM,2,USMCOB-RC30440,2026-05-05 00:00:00.000,UTC,2000,5,21,142,"00:00:00",,POINT(-88.964 30.21),USMCOB-RC30440
USMCOB,"Key West Harbor, FL",24.563,-81.726,0.74,,FL,0.79,TL,2001-03-14 00:00:00.000,USM,1,USMCOB-RC30506,2026-05-05 00:00:00.000,UTC,2001,3,14,73,"00:00:00",,POINT(-81.726 24.563),USMCOB-RC30506
USMCOB,"Key West Harbor, FL",24.563,-81.726,0.74,,FL,0.79,TL,2001-03-21 00:00:00.000,USM,2,USMCOB-RC30506,2026-05-05 00:00:00.000,UTC,2001,3,21,80,"00:00:00",,POINT(-81.726 24.563),USMCOB-RC30506
USMCOB,"26.53N  82.20W",26.88333,-82.33333,0.76,,FL,0.81,TL,2002-03-17 00:00:00.000,USM,1,USMCOB-RC30571,2026-05-05 00:00:00.000,UTC,2002,3,17,76,"00:00:00",,POINT(-82.33333 26.88333),USMCOB-RC30571
USMCOB,"27.46.19N 82.54.55W",27.769833,-82.909167,0.89,,FL,0.99,TL,2002-09-29 00:00:00.000,USM,2,USMCOB-RC30571,2026-05-05 00:00:00.000,UTC,2002,9,29,272,"00:00:00",,POINT(-82.909167 27.769833),USMCOB-RC30571
USMCOB,"27.06N  82.28W",27.1,-82.46667,0.81,,FL,0.89,TL,2002-03-18 00:00:00.000,USM,1,USMCOB-RC30575,2026-05-05 00:00:00.000,UTC,2002,3,18,77,"00:00:00",,POINT(-82.46667 27.1),USMCOB-RC30575
USMCOB,"6 mls S of Venice Inlet",27.025,-82.469,1.02,,TL,,,2003-05-05 00:00:00.000,USM,2,USMCOB-RC30575,2026-05-05 00:00:00.000,UTC,2003,5,5,125,"00:00:00",,POINT(-82.469 27.025),USMCOB-RC30575
USMCOB,"26.53N  82.20W",26.88333,-82.33333,0.74,,FL,0.81,TL,2002-03-29 00:00:00.000,USM,1,USMCOB-RC30580,2026-05-05 00:00:00.000,UTC,2002,3,29,88,"00:00:00",,POINT(-82.33333 26.88333),USMCOB-RC30580
USMCOB,"26.53N  82.20W",26.883333,-82.333,0.74,,FL,0.81,TL,2002-03-30 00:00:00.000,USM,2,USMCOB-RC30580,2026-05-05 00:00:00.000,UTC,2002,3,30,89,"00:00:00",,POINT(-82.333 26.883333),USMCOB-RC30580
USMCOB,"off Fort Pierce, FL",27.458,-80.282,,,,,,2006-04-21 00:00:00.000,USM,2,USMCOB-RC30805,2026-05-05 00:00:00.000,UTC,2006,4,21,111,"00:00:00",,POINT(-80.282 27.458),USMCOB-RC30805
USMCOB,btw Navarre and Seagrove,30.338,-86.65,,,,,,,USM,1,USMCOB-RC30805,2026-05-05 00:00:00.000,UTC,,,,,,,POINT(-86.65 30.338),USMCOB-RC30805
USMCOB,Pensacola Beach,30.315,-87.203,0.97,,TL,,,1999-05-02 00:00:00.000,USM,1,USMCOB-RC30955,2026-05-05 00:00:00.000,UTC,1999,5,2,122,"00:00:00",,POINT(-87.203 30.315),USMCOB-RC30955
USMCOB,Grand Isle Block 65,28.867,-89.973,0.99,,TL,,,1999-08-07 00:00:00.000,USM,2,USMCOB-RC30955,2026-05-05 00:00:00.000,UTC,1999,8,7,219,"00:00:00",,POINT(-89.973 28.867),USMCOB-RC30955
USMCOB,"26.53N  82.20W",26.88333,-82.33333,0.76,,FL,0.81,TL,2002-03-17 00:00:00.000,USM,1,USMCOB-RC30989,2026-05-05 00:00:00.000,UTC,2002,3,17,76,"00:00:00",,POINT(-82.33333 26.88333),USMCOB-RC30989
USMCOB,Madeira Beach Reef,28.792,-82.81,0.89,,FL,,,2003-09-10 00:00:00.000,USM,2,USMCOB-RC30989,2026-05-05 00:00:00.000,UTC,2003,9,10,253,"00:00:00",,POINT(-82.81 28.792),USMCOB-RC30989
USMCOB,"7 ml Marco I.",25.875706,-81.828195,0.69,,FL,0.76,TL,2000-07-26 00:00:00.000,USM,1,USMCOB-RC31053,2026-05-05 00:00:00.000,UTC,2000,7,26,208,"00:00:00",,POINT(-81.828195 25.875706),USMCOB-RC31053
USMCOB,"30 ml W of Naples, FL",26.137,-82.292,0.97,,FL,1.07,TL,2001-03-10 00:00:00.000,USM,2,USMCOB-RC31053,2026-05-05 00:00:00.000,UTC,2001,3,10,69,"00:00:00",,POINT(-82.292 26.137),USMCOB-RC31053
USMCOB,"20 ml E of St. Marks, FL",30.006683,-83.872079,0.65,,FL,0.72,TL,2000-03-06 00:00:00.000,USM,1,USMCOB-RC31156,2026-05-05 00:00:00.000,UTC,2000,3,6,66,"00:00:00",,POINT(-83.872079 30.006683),USMCOB-RC31156
USMCOB,"St. Marks, FL",30.074,-84.185,0.88,,FL,,,2001-06-10 00:00:00.000,USM,2,USMCOB-RC31156,2026-05-05 00:00:00.000,UTC,2001,6,10,161,"00:00:00",,POINT(-84.185 30.074),USMCOB-RC31156
USMCOB,"32 miles off Grand Isle, LA",28.759,-89.968,,,,,,2007-08-19 00:00:00.000,USM,2,USMCOB-RC42116,2026-05-05 00:00:00.000,UTC,2007,8,19,231,"00:00:00",,POINT(-89.968 28.759),USMCOB-RC42116
USMCOB,Apalachicola Reef,29.462917,-84.83585,0.81,,FL,0.86,TL,2002-05-13 00:00:00.000,USM,1,USMCOB-RC31279,2026-05-05 00:00:00.000,UTC,2002,5,13,133,"00:00:00",,POINT(-84.83585 29.462917),USMCOB-RC31279
USMCOB,"26.59N 83.28W",26.983,-83.467,1.07,,FL,,,2003-08-15 00:00:00.000,USM,2,USMCOB-RC31279,2026-05-05 00:00:00.000,UTC,2003,8,15,227,"00:00:00",,POINT(-83.467 26.983),USMCOB-RC31279
USMCOB,"Key West Harbor, FL",24.563,-81.726,0.81,,FL,0.91,TL,2001-03-18 00:00:00.000,USM,1,USMCOB-RC31418,2026-05-05 00:00:00.000,UTC,2001,3,18,77,"00:00:00",,POINT(-81.726 24.563),USMCOB-RC31418
USMCOB,"Key West Harbor, FL",24.563,-81.726,0.81,,FL,0.91,TL,2001-03-25 00:00:00.000,USM,2,USMCOB-RC31418,2026-05-05 00:00:00.000,UTC,2001,3,25,84,"00:00:00",,POINT(-81.726 24.563),USMCOB-RC31418
USMCOB,"Key West Harbor, FL",24.563,-81.726,0.74,,FL,0.79,TL,2001-03-14 00:00:00.000,USM,1,USMCOB-RC31419,2026-05-05 00:00:00.000,UTC,2001,3,14,73,"00:00:00",,POINT(-81.726 24.563),USMCOB-RC31419
USMCOB,"Key West Harbor, FL",24.563,-81.726,0.74,,FL,0.79,TL,2001-04-03 00:00:00.000,USM,2,USMCOB-RC31419,2026-05-05 00:00:00.000,UTC,2001,4,3,93,"00:00:00",,POINT(-81.726 24.563),USMCOB-RC31419
USMCOB,"NE Port Canaveral, 120'",28.45,-80.52,0.86,,FL,0.94,TL,2007-11-05 00:00:00.000,USM,1,USMCOB-RC31652,2026-05-05 00:00:00.000,UTC,2007,11,5,309,"00:00:00",,POINT(-80.52 28.45),USMCOB-RC31652
USMCOB,"Cocoa Beach, FL",28.32,-80.605,0.93,,FL,,,2008-07-02 00:00:00.000,USM,2,USMCOB-RC31652,2026-05-05 00:00:00.000,UTC,2008,7,2,184,"00:00:00",,POINT(-80.605 28.32),USMCOB-RC31652
USMCOB,"Destin, FL",30.38,-86.5,0.86,,FL,0.97,TL,2007-05-01 00:00:00.000,USM,1,USMCOB-RC31672,2026-05-05 00:00:00.000,UTC,2007,5,1,121,"00:00:00",,POINT(-86.5 30.38),USMCOB-RC31672
USMCOB,"off Jupiter, FL",26.944,-80.07,1.07,,FL,,,2008-03-28 00:00:00.000,USM,2,USMCOB-RC31672,2026-05-05 00:00:00.000,UTC,2008,3,28,88,"00:00:00",,POINT(-80.07 26.944),USMCOB-RC31672
USMCOB,Port Canaveral,28.395,-80.587,0.71,,FL,0.76,TL,2002-02-09 00:00:00.000,USM,1,USMCOB-RC32041,2026-05-05 00:00:00.000,UTC,2002,2,9,40,"00:00:00",,POINT(-80.587 28.395),USMCOB-RC32041
USMCOB,"28o12.261'N 80o19.812'W",28.20435,-80.3302,1.17,,TL,,,2004-03-14 00:00:00.000,USM,2,USMCOB-RC32041,2026-05-05 00:00:00.000,UTC,2004,3,14,74,"00:00:00",,POINT(-80.3302 28.20435),USMCOB-RC32041
USMCOB,Ship Shoal Block 118,28.804701,-90.868545,0.66,,FL,0.71,TL,2000-08-12 00:00:00.000,USM,1,USMCOB-RC32153,2026-05-05 00:00:00.000,UTC,2000,8,12,225,"00:00:00",,POINT(-90.868545 28.804701),USMCOB-RC32153
USMCOB,"Jupiter, FL",26.944,-80.07,1.24,,FL,,,2002-05-13 00:00:00.000,USM,2,USMCOB-RC32153,2026-05-05 00:00:00.000,UTC,2002,5,13,133,"00:00:00",,POINT(-80.07 26.944),USMCOB-RC32153
USMCOB,Ship Shoal Block 118,28.804701,-90.868545,0.61,,FL,0.66,TL,2000-08-12 00:00:00.000,USM,1,USMCOB-RC32156,2026-05-05 00:00:00.000,UTC,2000,8,12,225,"00:00:00",,POINT(-90.868545 28.804701),USMCOB-RC32156
USMCOB,"15 mi W Marathon Bay, FL",24.695,-81.307,0.74,,FL,0.84,TL,2001-04-25 00:00:00.000,USM,2,USMCOB-RC32156,2026-05-05 00:00:00.000,UTC,2001,4,25,115,"00:00:00",,POINT(-81.307 24.695),USMCOB-RC32156
USMCOB,GPT Channel Ship I. can,30.213,-88.966,0.69,,FL,0.79,TL,2003-10-09 00:00:00.000,USM,1,USMCOB-RC32186,2026-05-05 00:00:00.000,UTC,2003,10,9,282,"00:00:00",,POINT(-88.966 30.213),USMCOB-RC32186
USMCOB,Camille Cut,30.221,-88.912,1.0,,TL,,,2004-08-10 00:00:00.000,USM,2,USMCOB-RC32186,2026-05-05 00:00:00.000,UTC,2004,8,10,223,"00:00:00",,POINT(-88.912 30.221),USMCOB-RC32186
USMCOB,Ship I. buoy 26,30.216,-88.994,0.66,,FL,0.74,TL,2000-08-04 00:00:00.000,USM,1,USMCOB-RC32200,2026-05-05 00:00:00.000,UTC,2000,8,4,217,"00:00:00",,POINT(-88.994 30.216),USMCOB-RC32200
USMCOB,Gulfport Ship Channel,30.349,-89.083,0.71,,FL,0.79,TL,2000-09-20 00:00:00.000,USM,2,USMCOB-RC32200,2026-05-05 00:00:00.000,UTC,2000,9,20,264,"00:00:00",,POINT(-89.083 30.349),USMCOB-RC32200
USMCOB,"Pensacola Beach, FL",30.315,-87.203,1.02,,FL,,,2007-04-30 00:00:00.000,USM,1,USMCOB-RC32325,2026-05-05 00:00:00.000,UTC,2007,4,30,120,"00:00:00",,POINT(-87.203 30.315),USMCOB-RC32325
USMCOB,Horn I bar,30.244,-88.777,1.12,,FL,,,2010-04-10 00:00:00.000,USM,2,USMCOB-RC32325,2026-05-05 00:00:00.000,UTC,2010,4,10,100,"00:00:00",,POINT(-88.777 30.244),USMCOB-RC32325
USMCOB,"Destin, FL",30.38,-86.5,0.84,,FL,0.97,TL,2007-05-01 00:00:00.000,USM,1,USMCOB-RC32330,2026-05-05 00:00:00.000,UTC,2007,5,1,121,"00:00:00",,POINT(-86.5 30.38),USMCOB-RC32330
USMCOB,south of Pensacola Beach Pier,30.333,-87.15,1.17,,FL,,,2010-05-13 00:00:00.000,USM,2,USMCOB-RC32330,2026-05-05 00:00:00.000,UTC,2010,5,13,133,"00:00:00",,POINT(-87.15 30.333),USMCOB-RC32330
USMCOB,Pensacola Beach Pier,30.315,-87.203,0.91,,FL,1.02,TL,2002-03-30 00:00:00.000,USM,1,USMCOB-RC32354,2026-05-05 00:00:00.000,UTC,2002,3,30,89,"00:00:00",,POINT(-87.203 30.315),USMCOB-RC32354
USMCOB,South Pass #70,29.011,-88.92,0.84,,FL,,,2002-07-21 00:00:00.000,USM,2,USMCOB-RC32354,2026-05-05 00:00:00.000,UTC,2002,7,21,202,"00:00:00",,POINT(-88.92 29.011),USMCOB-RC32354
USMCOB,Pensacola Beach Pier,30.315,-87.203,0.91,,FL,0.99,TL,2002-03-30 00:00:00.000,USM,1,USMCOB-RC32355,2026-05-05 00:00:00.000,UTC,2002,3,30,89,"00:00:00",,POINT(-87.203 30.315),USMCOB-RC32355
USMCOB,Isle of Capri Bar,30.389,-88.864,0.93,,FL,1.0,TL,2002-04-15 00:00:00.000,USM,2,USMCOB-RC32355,2026-05-05 00:00:00.000,UTC,2002,4,15,105,"00:00:00",,POINT(-88.864 30.389),USMCOB-RC32355
USMCOB,"7 ml SW Marco I.",25.875706,-81.828195,0.56,,FL,0.62,TL,2000-08-21 00:00:00.000,USM,1,USMCOB-RC32418,2026-05-05 00:00:00.000,UTC,2000,8,21,234,"00:00:00",,POINT(-81.828195 25.875706),USMCOB-RC32418
USMCOB,"28.55N 82.54W",28.916667,-82.9,0.99,,FL,1.09,TL,2002-07-11 00:00:00.000,USM,2,USMCOB-RC32418,2026-05-05 00:00:00.000,UTC,2002,7,11,192,"00:00:00",,POINT(-82.9 28.916667),USMCOB-RC32418
USMCOB,"Navarre, FL",30.378,-86.862,0.91,,FL,,,2021-05-01 00:00:00.000,USM,1,USMCOB-RC32480,2026-05-05 00:00:00.000,UTC,2021,5,1,121,"00:00:00",,POINT(-86.862 30.378),USMCOB-RC32480
USMCOB,"Petit Bois Island, MS - S",29.986059,-88.448392,1.07,,TL,,,2022-06-15 00:00:00.000,USM,2,USMCOB-RC32480,2026-05-05 00:00:00.000,UTC,2022,6,15,166,"00:00:00",,POINT(-88.448392 29.986059),USMCOB-RC32480
USMCOB,"12 miles W of Destin",30.380788,-86.69758,0.91,,FL,0.97,TL,2002-04-26 00:00:00.000,USM,1,USMCOB-RC32503,2026-05-05 00:00:00.000,UTC,2002,4,26,116,"00:00:00",,POINT(-86.69758 30.380788),USMCOB-RC32503
USMCOB,"Ponce Inlet, Daytona Beac",29.077,-80.91,,,,,,2004-01-02 00:00:00.000,USM,2,USMCOB-RC32503,2026-05-05 00:00:00.000,UTC,2004,1,2,2,"00:00:00",,POINT(-80.91 29.077),USMCOB-RC32503
USMCOB,"Navarre, FL",30.378,-86.862,0.95,,FL,,,2017-04-18 00:00:00.000,USM,1,USMCOB-RC32516,2026-05-05 00:00:00.000,UTC,2017,4,18,108,"00:00:00",,POINT(-86.862 30.378),USMCOB-RC32516
USMCOB,"Destin, FL - in Choctawhatchee Bay",30.436,-86.491,0.97,,TL,,,2017-07-19 00:00:00.000,USM,2,USMCOB-RC32516,2026-05-05 00:00:00.000,UTC,2017,7,19,200,"00:00:00",,POINT(-86.491 30.436),USMCOB-RC32516
USMCOB,"Navarre, FL",30.378,-86.862,0.8,,FL,,,2017-04-19 00:00:00.000,USM,1,USMCOB-RC32517,2026-05-05 00:00:00.000,UTC,2017,4,19,109,"00:00:00",,POINT(-86.862 30.378),USMCOB-RC32517
USMCOB,"Venice, LA - Main Pass Rig 41",29.478,-88.99,,,,,,2018-06-17 00:00:00.000,USM,2,USMCOB-RC32517,2026-05-05 00:00:00.000,UTC,2018,6,17,168,"00:00:00",,POINT(-88.99 29.478),USMCOB-RC32517
USMCOB,"47070.0 / 12275.0",30.2,-88.82333,0.65,,FL,,,1989-08-20 00:00:00.000,USM,1,USMCOB-RC3260,2026-05-05 00:00:00.000,UTC,1989,8,20,232,"00:00:00",,POINT(-88.82333 30.2),USMCOB-RC3260
USMCOB,"MAIN PASS,BLK 102(CHAND. IS.)",29.607,-88.797,0.89,,FL,1.0,TL,1990-08-11 00:00:00.000,USM,2,USMCOB-RC3260,2026-05-05 00:00:00.000,UTC,1990,8,11,223,"00:00:00",,POINT(-88.797 29.607),USMCOB-RC3260
USMCOB,"29.36  88.51",29.36,-88.51,0.61,,FL,0.69,TL,2000-08-11 00:00:00.000,USM,1,USMCOB-RC32644,2026-05-05 00:00:00.000,UTC,2000,8,11,224,"00:00:00",,POINT(-88.51 29.36),USMCOB-RC32644
USMCOB,"near Flamingo, FL, GOM",25.121,-81.925,0.83,,FL,,,2001-03-02 00:00:00.000,USM,2,USMCOB-RC32644,2026-05-05 00:00:00.000,UTC,2001,3,2,61,"00:00:00",,POINT(-81.925 25.121),USMCOB-RC32644
USMCOB,"13 ml S Horn I.",30.039853,-88.68188,0.89,,TL,,,2000-07-25 00:00:00.000,USM,1,USMCOB-RC32668,2026-05-05 00:00:00.000,UTC,2000,7,25,207,"00:00:00",,POINT(-88.68188 30.039853),USMCOB-RC32668
USMCOB,oil well 7 ml S Dauphin I,30.136,-88.258,0.97,,FL,,,2001-06-23 00:00:00.000,USM,2,USMCOB-RC32668,2026-05-05 00:00:00.000,UTC,2001,6,23,174,"00:00:00",,POINT(-88.258 30.136),USMCOB-RC32668
USMCOB,"29.38 88.49",29.38,-88.49,0.58,,FL,0.65,TL,2000-07-08 00:00:00.000,USM,1,USMCOB-RC32747,2026-05-05 00:00:00.000,UTC,2000,7,8,190,"00:00:00",,POINT(-88.49 29.38),USMCOB-RC32747
USMCOB,Main Pass 93,29.632,-88.798,0.56,,FL,,,2000-08-26 00:00:00.000,USM,2,USMCOB-RC32747,2026-05-05 00:00:00.000,UTC,2000,8,26,239,"00:00:00",,POINT(-88.798 29.632),USMCOB-RC32747
USMCOB,"Navarre, FL",30.378,-86.862,0.76,,FL,,,2015-05-01 00:00:00.000,USM,1,USMCOB-RC32787,2026-05-05 00:00:00.000,UTC,2015,5,1,121,"00:00:00",,POINT(-86.862 30.378),USMCOB-RC32787
USMCOB,"29 50, 86 05",29.833,-86.033,0.78,,TL,,,2015-06-24 00:00:00.000,USM,2,USMCOB-RC32787,2026-05-05 00:00:00.000,UTC,2015,6,24,175,"00:00:00",,POINT(-86.033 29.833),USMCOB-RC32787
USMCOB,East Cameron 161,28.93712,-92.705136,1.07,,TL,,,2001-05-30 00:00:00.000,USM,1,USMCOB-RC32878,2026-05-05 00:00:00.000,UTC,2001,5,30,150,"00:00:00",,POINT(-92.705136 28.93712),USMCOB-RC32878
USMCOB,Pensacola Beach,30.333,-87.15,1.22,,FL,1.35,TL,2003-04-03 00:00:00.000,USM,2,USMCOB-RC32878,2026-05-05 00:00:00.000,UTC,2003,4,3,93,"00:00:00",,POINT(-87.15 30.333),USMCOB-RC32878
USMCOB,"29.37N 88.50W",29.37,-88.5,0.66,,FL,0.74,TL,2000-07-22 00:00:00.000,USM,1,USMCOB-RC32985,2026-05-05 00:00:00.000,UTC,2000,7,22,204,"00:00:00",,POINT(-88.5 29.37),USMCOB-RC32985
USMCOB,"29.38  88.49",29.38,-88.49,,,,,,2000-08-18 00:00:00.000,USM,2,USMCOB-RC32985,2026-05-05 00:00:00.000,UTC,2000,8,18,231,"00:00:00",,POINT(-88.49 29.38),USMCOB-RC32985
USMCOB,"GULFPORT SHIP CHANNEL, BUOY 8",30.121,-88.931,0.91,,FL,0.98,TL,1989-08-16 00:00:00.000,USM,1,USMCOB-RC3307,2026-05-05 00:00:00.000,UTC,1989,8,16,228,"00:00:00",,POINT(-88.931 30.121),USMCOB-RC3307
USMCOB,"40 MI. SE.  DAUPHIN ISLAND, AL",29.858,-87.717,1.07,,FL,,,1990-06-23 00:00:00.000,USM,2,USMCOB-RC3307,2026-05-05 00:00:00.000,UTC,1990,6,23,174,"00:00:00",,POINT(-87.717 29.858),USMCOB-RC3307
USMCOB,"10 MI. SE. OF DAUPHIN ISLAND",30.140823,-87.981352,0.74,,FL,0.79,TL,1989-05-03 00:00:00.000,USM,1,USMCOB-RC3315,2026-05-05 00:00:00.000,UTC,1989,5,3,123,"00:00:00",,POINT(-87.981352 30.140823),USMCOB-RC3315
USMCOB,"10 MI. SE. OF DAUPHIN ISL., AL",30.140823,-87.981352,1.22,,TL,,,1990-10-20 00:00:00.000,USM,2,USMCOB-RC3315,2026-05-05 00:00:00.000,UTC,1990,10,20,293,"00:00:00",,POINT(-87.981352 30.140823),USMCOB-RC3315
USMCOB,Pensacola Beach,30.315,-87.203,0.48,,FL,0.53,TL,2008-05-28 00:00:00.000,USM,1,USMCOB-RC33206,2026-05-05 00:00:00.000,UTC,2008,5,28,149,"00:00:00",,POINT(-87.203 30.315),USMCOB-RC33206
USMCOB,"off Boca Raton, FL",26.365,-80.066,1.14,,FL,,,2011-01-20 00:00:00.000,USM,2,USMCOB-RC33206,2026-05-05 00:00:00.000,UTC,2011,1,20,20,"00:00:00",,POINT(-80.066 26.365),USMCOB-RC33206
USMCOB,"5 ml S Horn Island Pass",30.168692,-88.789684,0.61,,FL,,,2004-08-25 00:00:00.000,USM,1,USMCOB-RC33247,2026-05-05 00:00:00.000,UTC,2004,8,25,238,"00:00:00",,POINT(-88.789684 30.168692),USMCOB-RC33247
USMCOB,"26d 59'N 83d 26'W",26.983,-83.433,0.86,,FL,0.91,TL,2006-02-07 00:00:00.000,USM,2,USMCOB-RC33247,2026-05-05 00:00:00.000,UTC,2006,2,7,38,"00:00:00",,POINT(-83.433 26.983),USMCOB-RC33247
USMCOB,"10 MI. SE. OF DAUPHIN ISLAND",30.140823,-87.981352,0.71,,FL,0.79,TL,1989-05-03 00:00:00.000,USM,1,USMCOB-RC3329,2026-05-05 00:00:00.000,UTC,1989,5,3,123,"00:00:00",,POINT(-87.981352 30.140823),USMCOB-RC3329
USMCOB,"ISLAMORADA, FL (ATLANTIC SIDE)",24.924,-80.625,1.12,,FL,,,1991-03-06 00:00:00.000,USM,2,USMCOB-RC3329,2026-05-05 00:00:00.000,UTC,1991,3,6,65,"00:00:00",,POINT(-80.625 24.924),USMCOB-RC3329
USMCOB,"52 miles S of Ocean Sprin",29.648479,-88.826419,0.85,,FL,0.94,TL,2003-04-21 00:00:00.000,USM,1,USMCOB-RC33401,2026-05-05 00:00:00.000,UTC,2003,4,21,111,"00:00:00",,POINT(-88.826419 29.648479),USMCOB-RC33401
USMCOB,"30 miles off Grand Isle",28.795,-89.989,0.91,,FL,,,2003-05-25 00:00:00.000,USM,2,USMCOB-RC33401,2026-05-05 00:00:00.000,UTC,2003,5,25,145,"00:00:00",,POINT(-89.989 28.795),USMCOB-RC33401
USMCOB,Navarre,30.378,-86.862,0.79,,FL,0.84,TL,2003-04-23 00:00:00.000,USM,1,USMCOB-RC33443,2026-05-05 00:00:00.000,UTC,2003,4,23,113,"00:00:00",,POINT(-86.862 30.378),USMCOB-RC33443
USMCOB,East Cameron 100 ml out,28.2,-92.8,0.97,,FL,,,2004-06-24 00:00:00.000,USM,2,USMCOB-RC33443,2026-05-05 00:00:00.000,UTC,2004,6,24,176,"00:00:00",,POINT(-92.8 28.2),USMCOB-RC33443
USMCOB,"1mi E of Navarre pier",30.378,-86.862,0.74,,FL,0.86,TL,2001-04-24 00:00:00.000,USM,1,USMCOB-RC33473,2026-05-05 00:00:00.000,UTC,2001,4,24,114,"00:00:00",,POINT(-86.862 30.378),USMCOB-RC33473
USMCOB,"18 miles S Dauphin I.",29.988,-88.215,1.05,,FL,1.22,TL,2003-05-03 00:00:00.000,USM,2,USMCOB-RC33473,2026-05-05 00:00:00.000,UTC,2003,5,3,123,"00:00:00",,POINT(-88.215 29.988),USMCOB-RC33473
USMCOB,S. END OF CHANDELEUR IS.,29.662,-88.945,0.67,,FL,,,1989-08-19 00:00:00.000,USM,1,USMCOB-RC3355,2026-05-05 00:00:00.000,UTC,1989,8,19,231,"00:00:00",,POINT(-88.945 29.662),USMCOB-RC3355
USMCOB,OFF CHANDELEUR ISLAND BEACH,29.819,-88.836,0.69,,FL,,,1989-08-27 00:00:00.000,USM,2,USMCOB-RC3355,2026-05-05 00:00:00.000,UTC,1989,8,27,239,"00:00:00",,POINT(-88.836 29.819),USMCOB-RC3355
USMCOB,"DATA BOUY, S. OF SHIP ISL.",30.09,-88.769,0.66,,FL,0.71,TL,1990-07-21 00:00:00.000,USM,1,USMCOB-RC3360,2026-05-05 00:00:00.000,UTC,1990,7,21,202,"00:00:00",,POINT(-88.769 30.09),USMCOB-RC3360
USMCOB,"DATA BUOY S. OF HORN ISL., MS",30.042,-88.647,0.69,,FL,,,1990-08-06 00:00:00.000,USM,2,USMCOB-RC3360,2026-05-05 00:00:00.000,UTC,1990,8,6,218,"00:00:00",,POINT(-88.647 30.042),USMCOB-RC3360
USMCOB,"29.46 88.35",29.46,-88.35,0.66,,FL,0.76,TL,2001-05-13 00:00:00.000,USM,1,USMCOB-RC33703,2026-05-05 00:00:00.000,UTC,2001,5,13,133,"00:00:00",,POINT(-88.35 29.46),USMCOB-RC33703
USMCOB,"100 miles S of Mobile Bay",28.859,-88.063,1.02,,FL,,,2003-01-19 00:00:00.000,USM,2,USMCOB-RC33703,2026-05-05 00:00:00.000,UTC,2003,1,19,19,"00:00:00",,POINT(-88.063 28.859),USMCOB-RC33703
USMCOB,"28.58 90.10             E",28.966667,-90.016667,1.07,,TL,,,2000-08-19 00:00:00.000,USM,1,USMCOB-RC33734,2026-05-05 00:00:00.000,UTC,2000,8,19,232,"00:00:00",,POINT(-90.016667 28.966667),USMCOB-RC33734
USMCOB,West Delta Block 117,28.806,-89.789,,,,,,2002-07-24 00:00:00.000,USM,2,USMCOB-RC33734,2026-05-05 00:00:00.000,UTC,2002,7,24,205,"00:00:00",,POINT(-89.789 28.806),USMCOB-RC33734
USMCOB,"north of Key Largo, FL",25.29,-80.373,0.69,,FL,0.74,TL,2000-11-17 00:00:00.000,USM,1,USMCOB-RC33825,2026-05-05 00:00:00.000,UTC,2000,11,17,322,"00:00:00",,POINT(-80.373 25.29),USMCOB-RC33825
USMCOB,"off Key Biscayne, FL",25.695,-80.192,,,,,,2001-01-05 00:00:00.000,USM,2,USMCOB-RC33825,2026-05-05 00:00:00.000,UTC,2001,1,5,5,"00:00:00",,POINT(-80.192 25.695),USMCOB-RC33825
USMCOB,MONKEY BAYOU RIGS,29.718,-88.797,0.76,,FL,0.81,TL,1989-07-08 00:00:00.000,USM,1,USMCOB-RC3393,2026-05-05 00:00:00.000,UTC,1989,7,8,189,"00:00:00",,POINT(-88.797 29.718),USMCOB-RC3393
USMCOB,"OFF FT. WALTON, FL,OCALOOSA IS",30.39,-86.593,1.07,,FL,,,1990-04-16 00:00:00.000,USM,2,USMCOB-RC3393,2026-05-05 00:00:00.000,UTC,1990,4,16,106,"00:00:00",,POINT(-86.593 30.39),USMCOB-RC3393
USMCOB,"18 miles off Marco I.",25.867,-82.017,0.71,,FL,0.79,TL,2001-06-23 00:00:00.000,USM,1,USMCOB-RC34142,2026-05-05 00:00:00.000,UTC,2001,6,23,174,"00:00:00",,POINT(-82.017 25.867),USMCOB-RC34142
USMCOB,"Marco Island, FL  (FL est",25.935,-81.738,0.81,,FL,,,2001-07-06 00:00:00.000,USM,2,USMCOB-RC34142,2026-05-05 00:00:00.000,UTC,2001,7,6,187,"00:00:00",,POINT(-81.738 25.935),USMCOB-RC34142
USMCOB,"DOG KEYS PASS, MS",30.246,-88.782,0.66,,FL,0.72,TL,1990-09-09 00:00:00.000,USM,1,USMCOB-RC3463,2026-05-05 00:00:00.000,UTC,1990,9,9,252,"00:00:00",,POINT(-88.782 30.246),USMCOB-RC3463
USMCOB,"MARATHON, FL (GULF SIDE)",24.726,-81.089,0.81,,FL,,,1991-03-15 00:00:00.000,USM,2,USMCOB-RC3463,2026-05-05 00:00:00.000,UTC,1991,3,15,74,"00:00:00",,POINT(-81.089 24.726),USMCOB-RC3463
USMCOB,Pensacola Beach,30.315,-87.203,0.71,,FL,0.79,TL,2001-04-15 00:00:00.000,USM,1,USMCOB-RC34689,2026-05-05 00:00:00.000,UTC,2001,4,15,105,"00:00:00",,POINT(-87.203 30.315),USMCOB-RC34689
USMCOB,Grand Isle Block 181    E,,,0.89,,FL,,,2002-05-04 00:00:00.000,USM,2,USMCOB-RC34689,2026-05-05 00:00:00.000,UTC,2002,5,4,124,"00:00:00",,POINT(nan nan),USMCOB-RC34689
USMCOB,Pensacola Beach,30.315,-87.203,1.02,,FL,1.12,TL,2001-04-08 00:00:00.000,USM,1,USMCOB-RC34690,2026-05-05 00:00:00.000,UTC,2001,4,8,98,"00:00:00",,POINT(-87.203 30.315),USMCOB-RC34690
USMCOB,"17 mls off P'cola Pass",30.079,-87.3,1.32,,FL,,,2003-06-17 00:00:00.000,USM,2,USMCOB-RC34690,2026-05-05 00:00:00.000,UTC,2003,6,17,168,"00:00:00",,POINT(-87.3 30.079),USMCOB-RC34690
USMCOB,Destin,30.38,-86.5,0.71,,FL,0.79,TL,2001-05-19 00:00:00.000,USM,1,USMCOB-RC34692,2026-05-05 00:00:00.000,UTC,2001,5,19,139,"00:00:00",,POINT(-86.5 30.38),USMCOB-RC34692
USMCOB,"29o47.8N 88o17.3W",29.796667,-88.288333,1.07,,FL,1.16,TL,2004-05-01 00:00:00.000,USM,2,USMCOB-RC34692,2026-05-05 00:00:00.000,UTC,2004,5,1,122,"00:00:00",,POINT(-88.288333 29.796667),USMCOB-RC34692
USMCOB,"8mi E of Destin",30.366,-86.36,0.81,,FL,0.9,TL,2002-04-01 00:00:00.000,USM,1,USMCOB-RC34698,2026-05-05 00:00:00.000,UTC,2002,4,1,91,"00:00:00",,POINT(-86.36 30.366),USMCOB-RC34698
USMCOB,Main Pass 133,29.38,-88.62,0.88,,FL,0.98,TL,2003-05-02 00:00:00.000,USM,2,USMCOB-RC34698,2026-05-05 00:00:00.000,UTC,2003,5,2,122,"00:00:00",,POINT(-88.62 29.38),USMCOB-RC34698
USMCOB,Pensacola Beach,30.315,-87.203,0.89,,FL,0.97,TL,2001-04-15 00:00:00.000,USM,1,USMCOB-RC34711,2026-05-05 00:00:00.000,UTC,2001,4,15,105,"00:00:00",,POINT(-87.203 30.315),USMCOB-RC34711
USMCOB,SW of Destin,30.378,-86.518,1.19,,FL,1.32,TL,2002-06-07 00:00:00.000,USM,2,USMCOB-RC34711,2026-05-05 00:00:00.000,UTC,2002,6,7,158,"00:00:00",,POINT(-86.518 30.378),USMCOB-RC34711
USMCOB,Pensacola Beach,30.315,-87.203,0.94,,FL,1.02,TL,2001-04-20 00:00:00.000,USM,1,USMCOB-RC34712,2026-05-05 00:00:00.000,UTC,2001,4,20,110,"00:00:00",,POINT(-87.203 30.315),USMCOB-RC34712
USMCOB,"off Fourchon, LA",29.095,-90.194,,,,,,2001-05-15 00:00:00.000,USM,2,USMCOB-RC34712,2026-05-05 00:00:00.000,UTC,2001,5,15,135,"00:00:00",,POINT(-90.194 29.095),USMCOB-RC34712
USMCOB,Pensacola Beach,30.315,-87.203,0.99,,FL,,,2004-04-18 00:00:00.000,USM,1,USMCOB-RC34748,2026-05-05 00:00:00.000,UTC,2004,4,18,109,"00:00:00",,POINT(-87.203 30.315),USMCOB-RC34748
USMCOB,Vermilion Block 217,28.703,-92.407,1.12,,FL,,,2004-05-08 00:00:00.000,USM,2,USMCOB-RC34748,2026-05-05 00:00:00.000,UTC,2004,5,8,129,"00:00:00",,POINT(-92.407 28.703),USMCOB-RC34748
USMCOB,Pensacola Beach,30.315,-87.203,0.71,,FL,0.76,TL,2003-05-12 00:00:00.000,USM,1,USMCOB-RC34825,2026-05-05 00:00:00.000,UTC,2003,5,12,132,"00:00:00",,POINT(-87.203 30.315),USMCOB-RC34825
USMCOB,Pensacola,30.333,-87.15,1.04,,FL,1.17,TL,2004-04-23 00:00:00.000,USM,2,USMCOB-RC34825,2026-05-05 00:00:00.000,UTC,2004,4,23,114,"00:00:00",,POINT(-87.15 30.333),USMCOB-RC34825
USMCOB,Pensacola Beach,30.315,-87.203,0.97,,FL,1.09,TL,2001-04-13 00:00:00.000,USM,1,USMCOB-RC34992,2026-05-05 00:00:00.000,UTC,2001,4,13,103,"00:00:00",,POINT(-87.203 30.315),USMCOB-RC34992
USMCOB,"Key Largo, FL (Atlantic)",25.086,-80.433,,,,,,2001-11-26 00:00:00.000,USM,2,USMCOB-RC34992,2026-05-05 00:00:00.000,UTC,2001,11,26,330,"00:00:00",,POINT(-80.433 25.086),USMCOB-RC34992
USMCOB,"49 ml S of Galveston",28.568239,-94.736477,0.86,,FL,0.94,TL,2004-08-28 00:00:00.000,USM,1,USMCOB-RC35087,2026-05-05 00:00:00.000,UTC,2004,8,28,241,"00:00:00",,POINT(-94.736477 28.568239),USMCOB-RC35087
USMCOB,"65 miles Se of Galveston",28.65,-93.981,1.03,,TL,,,2005-08-21 00:00:00.000,USM,2,USMCOB-RC35087,2026-05-05 00:00:00.000,UTC,2005,8,21,233,"00:00:00",,POINT(-93.981 28.65),USMCOB-RC35087
USMCOB,"Peace R., Punta Gorda, F",26.945,-82.068,0.85,,FL,0.97,TL,2001-04-23 00:00:00.000,USM,1,USMCOB-RC35104,2026-05-05 00:00:00.000,UTC,2001,4,23,113,"00:00:00",,POINT(-82.068 26.945),USMCOB-RC35104
USMCOB,Port Charlotte harbor,26.945,-82.068,0.84,,FL,,,2001-05-08 00:00:00.000,USM,2,USMCOB-RC35104,2026-05-05 00:00:00.000,UTC,2001,5,8,128,"00:00:00",,POINT(-82.068 26.945),USMCOB-RC35104
USMCOB,Panama City Beach,30.212,-85.88,1.02,,FL,1.12,TL,2005-04-28 00:00:00.000,USM,1,USMCOB-RC35487,2026-05-05 00:00:00.000,UTC,2005,4,28,118,"00:00:00",,POINT(-85.88 30.212),USMCOB-RC35487
USMCOB,"Port Canaveral, FL   E",28.41,-80.584,1.04,,FL,,,2006-03-12 00:00:00.000,USM,2,USMCOB-RC35487,2026-05-05 00:00:00.000,UTC,2006,3,12,71,"00:00:00",,POINT(-80.584 28.41),USMCOB-RC35487
USMCOB,"MARKER 2, W. END OF HORN ISL.",30.246,-88.782,0.66,,FL,0.72,TL,1989-08-21 00:00:00.000,USM,1,USMCOB-RC3549,2026-05-05 00:00:00.000,UTC,1989,8,21,233,"00:00:00",,POINT(-88.782 30.246),USMCOB-RC3549
USMCOB,SUNKEN TUG N. OF HORN ISL. MS,30.235,-88.645,0.69,,FL,0.76,TL,1989-09-10 00:00:00.000,USM,2,USMCOB-RC3549,2026-05-05 00:00:00.000,UTC,1989,9,10,253,"00:00:00",,POINT(-88.645 30.235),USMCOB-RC3549
USMCOB,N. POINT OF CHANDELEUR ISL.,30.043,-88.878,0.76,,FL,,,1989-08-11 00:00:00.000,USM,1,USMCOB-RC3555,2026-05-05 00:00:00.000,UTC,1989,8,11,223,"00:00:00",,POINT(-88.878 30.043),USMCOB-RC3555
USMCOB,"WEST OF MS. RIVER, 28300/46790",28.85,-90.28,1.02,,FL,,,1990-04-14 00:00:00.000,USM,2,USMCOB-RC3555,2026-05-05 00:00:00.000,UTC,1990,4,14,104,"00:00:00",,POINT(-90.28 28.85),USMCOB-RC3555
USMCOB,"6 miles S of Horn I.",30.141,-88.669,0.83,,FL,,,2006-08-26 00:00:00.000,USM,1,USMCOB-RC35686,2026-05-05 00:00:00.000,UTC,2006,8,26,238,"00:00:00",,POINT(-88.669 30.141),USMCOB-RC35686
USMCOB,"3 miles S of Horn I.",30.186,-88.686,0.84,,FL,0.94,TL,2006-09-14 00:00:00.000,USM,2,USMCOB-RC35686,2026-05-05 00:00:00.000,UTC,2006,9,14,257,"00:00:00",,POINT(-88.686 30.186),USMCOB-RC35686
USMCOB,"MONKEY BAYOU RIGS,  LA",29.718,-88.797,0.6,,FL,0.65,TL,1989-07-18 00:00:00.000,USM,1,USMCOB-RC3600,2026-05-05 00:00:00.000,UTC,1989,7,18,199,"00:00:00",,POINT(-88.797 29.718),USMCOB-RC3600
USMCOB,"12374.8 / 46918.7",29.594,-88.689,0.66,,FL,0.74,TL,1992-05-01 00:00:00.000,USM,2,USMCOB-RC3600,2026-05-05 00:00:00.000,UTC,1992,5,1,122,"00:00:00",,POINT(-88.689 29.594),USMCOB-RC3600
USMCOB,Pasc. ship channel,30.241,-88.506,0.76,,TL,,,2000-06-01 00:00:00.000,USM,1,USMCOB-RC36390,2026-05-05 00:00:00.000,UTC,2000,6,1,153,"00:00:00",,POINT(-88.506 30.241),USMCOB-RC36390
USMCOB,Grand Isle Block 63,28.867,-90.066,1.04,,FL,,,2001-10-25 00:00:00.000,USM,2,USMCOB-RC36390,2026-05-05 00:00:00.000,UTC,2001,10,25,298,"00:00:00",,POINT(-90.066 28.867),USMCOB-RC36390
USMCOB,"20 ml off Grand Isle",28.937,-89.989,,,,,,2008-07-04 00:00:00.000,USM,2,USMCOB-RC44550,2026-05-05 00:00:00.000,UTC,2008,7,4,186,"00:00:00",,POINT(-89.989 28.937),USMCOB-RC44550
USMCOB,Charlotte Harbor,26.955,-82.06,0.69,,FL,0.76,TL,2002-08-10 00:00:00.000,USM,1,USMCOB-RC36450,2026-05-05 00:00:00.000,UTC,2002,8,10,222,"00:00:00",,POINT(-82.06 26.955),USMCOB-RC36450
USMCOB,Charlotte Harbor,26.955,-82.06,0.83,,FL,0.91,TL,2003-05-14 00:00:00.000,USM,2,USMCOB-RC36450,2026-05-05 00:00:00.000,UTC,2003,5,14,134,"00:00:00",,POINT(-82.06 26.955),USMCOB-RC36450
USMCOB,"29.59.017 88.35.000",29.988056,-88.583333,0.81,,FL,0.91,TL,2002-05-03 00:00:00.000,USM,1,USMCOB-RC36502,2026-05-05 00:00:00.000,UTC,2002,5,3,123,"00:00:00",,POINT(-88.583333 29.988056),USMCOB-RC36502
USMCOB,Main Pass Block 265,29.347,-88.282,0.94,,FL,1.08,TL,2003-07-12 00:00:00.000,USM,2,USMCOB-RC36502,2026-05-05 00:00:00.000,UTC,2003,7,12,193,"00:00:00",,POINT(-88.282 29.347),USMCOB-RC36502
USMCOB,Ship Shoal Block 92,28.882,-90.774113,0.58,,FL,0.64,TL,2002-07-21 00:00:00.000,USM,1,USMCOB-RC36590,2026-05-05 00:00:00.000,UTC,2002,7,21,202,"00:00:00",,POINT(-90.774113 28.882),USMCOB-RC36590
USMCOB,"12 miles S Key West",24.378,-81.758,1.02,,TL,,,2004-04-20 00:00:00.000,USM,2,USMCOB-RC36590,2026-05-05 00:00:00.000,UTC,2004,4,20,111,"00:00:00",,POINT(-81.758 24.378),USMCOB-RC36590
USMCOB,RIGS S. OF PETIT BOIS ISL.,30.115,-88.45,0.89,,TL,,,1989-09-15 00:00:00.000,USM,1,USMCOB-RC3668,2026-05-05 00:00:00.000,UTC,1989,9,15,258,"00:00:00",,POINT(-88.45 30.115),USMCOB-RC3668
USMCOB,"SOMBRERO REEF, MARATHON KEY,FL",24.626,-81.111,1.09,,TL,,,1990-09-12 00:00:00.000,USM,2,USMCOB-RC3668,2026-05-05 00:00:00.000,UTC,1990,9,12,255,"00:00:00",,POINT(-81.111 24.626),USMCOB-RC3668
USMCOB,MONKEY BAYOU RIGS,29.718,-88.797,0.66,,FL,0.71,TL,1989-06-10 00:00:00.000,USM,1,USMCOB-RC3676,2026-05-05 00:00:00.000,UTC,1989,6,10,161,"00:00:00",,POINT(-88.797 29.718),USMCOB-RC3676
USMCOB,"20 MI. SE. OF GALVESTON, TX",29.096,-94.525,1.07,,FL,1.17,TL,1990-06-29 00:00:00.000,USM,2,USMCOB-RC3676,2026-05-05 00:00:00.000,UTC,1990,6,29,180,"00:00:00",,POINT(-94.525 29.096),USMCOB-RC3676
USMCOB,Bonita Beach,26.35,-81.856,0.76,,FL,0.86,TL,2003-09-22 00:00:00.000,USM,1,USMCOB-RC36790,2026-05-05 00:00:00.000,UTC,2003,9,22,265,"00:00:00",,POINT(-81.856 26.35),USMCOB-RC36790
USMCOB,"3 miles off Naples, FL",26.136,-81.856,0.86,,FL,,,2003-09-30 00:00:00.000,USM,2,USMCOB-RC36790,2026-05-05 00:00:00.000,UTC,2003,9,30,273,"00:00:00",,POINT(-81.856 26.136),USMCOB-RC36790
USMCOB,Pensacola,30.315,-87.203,0.66,,FL,0.74,TL,2002-04-21 00:00:00.000,USM,1,USMCOB-RC36802,2026-05-05 00:00:00.000,UTC,2002,4,21,111,"00:00:00",,POINT(-87.203 30.315),USMCOB-RC36802
USMCOB,Pensacola Beach,30.315,-87.203,1.19,,FL,1.3,TL,2003-03-27 00:00:00.000,USM,1,USMCOB-RC36816,2026-05-05 00:00:00.000,UTC,2003,3,27,86,"00:00:00",,POINT(-87.203 30.315),USMCOB-RC36816
USMCOB,"30 ml S of Apalachicola",29.281,-84.953,1.19,,FL,,,2003-04-21 00:00:00.000,USM,2,USMCOB-RC36816,2026-05-05 00:00:00.000,UTC,2003,4,21,111,"00:00:00",,POINT(-84.953 29.281),USMCOB-RC36816
USMCOB,S curves between P'cola and Navarre,30.35,-87.0,0.69,,FL,0.76,TL,2003-04-13 00:00:00.000,USM,1,USMCOB-RC36817,2026-05-05 00:00:00.000,UTC,2003,4,13,103,"00:00:00",,POINT(-87.0 30.35),USMCOB-RC36817
USMCOB,"Orange Beach, AL",30.267,-87.585,0.97,,TL,,,2004-03-20 00:00:00.000,USM,2,USMCOB-RC36817,2026-05-05 00:00:00.000,UTC,2004,3,20,80,"00:00:00",,POINT(-87.585 30.267),USMCOB-RC36817
USMCOB,E end of Pensacola Beach,30.315,-87.1,0.71,,FL,0.76,TL,2002-04-15 00:00:00.000,USM,1,USMCOB-RC36866,2026-05-05 00:00:00.000,UTC,2002,4,15,105,"00:00:00",,POINT(-87.1 30.315),USMCOB-RC36866
USMCOB,Horn I. bar,30.244,-88.777,0.93,,FL,,,2003-04-26 00:00:00.000,USM,2,USMCOB-RC36866,2026-05-05 00:00:00.000,UTC,2003,4,26,116,"00:00:00",,POINT(-88.777 30.244),USMCOB-RC36866
USMCOB,"MAIN PASS, BLOCK 31",29.468,-88.95,0.76,,FL,0.89,TL,1991-08-29 00:00:00.000,USM,1,USMCOB-RC3711,2026-05-05 00:00:00.000,UTC,1991,8,29,241,"00:00:00",,POINT(-88.95 29.468),USMCOB-RC3711
USMCOB,"APPROX 100MI SE OF CAMERON, LA",28.766,-92.124,0.94,,TL,,,1992-05-31 00:00:00.000,USM,2,USMCOB-RC3711,2026-05-05 00:00:00.000,UTC,1992,5,31,152,"00:00:00",,POINT(-92.124 28.766),USMCOB-RC3711
USMCOB,Port Canaveral FL 9 miles out,28.395,-80.587,0.69,,FL,0.79,TL,2004-03-12 00:00:00.000,USM,1,USMCOB-RC37113,2026-05-05 00:00:00.000,UTC,2004,3,12,72,"00:00:00",,POINT(-80.587 28.395),USMCOB-RC37113
USMCOB,"20 miles E of Daytona Beach  E",29.219,-80.667,0.9,,FL,,,2005-05-29 00:00:00.000,USM,2,USMCOB-RC37113,2026-05-05 00:00:00.000,UTC,2005,5,29,149,"00:00:00",,POINT(-80.667 29.219),USMCOB-RC37113
USMCOB,Port Canaveral,28.395,-80.587,0.81,,FL,,,2005-04-04 00:00:00.000,USM,1,USMCOB-RC37118,2026-05-05 00:00:00.000,UTC,2005,4,4,94,"00:00:00",,POINT(-80.587 28.395),USMCOB-RC37118
USMCOB,Cape Canaveral 2817.23 8027.33,28.287167,-80.4555,0.89,,FL,,,2006-03-05 00:00:00.000,USM,2,USMCOB-RC37118,2026-05-05 00:00:00.000,UTC,2006,3,5,64,"00:00:00",,POINT(-80.4555 28.287167),USMCOB-RC37118
USMCOB,"MAIN PASS, BLOCK 31",29.468,-88.95,0.6,,FL,0.66,TL,1991-08-29 00:00:00.000,USM,1,USMCOB-RC3712,2026-05-05 00:00:00.000,UTC,1991,8,29,241,"00:00:00",,POINT(-88.95 29.468),USMCOB-RC3712
USMCOB,MAIN PASS (BLOCK 103) OFF LA,29.59,-88.85,0.86,,FL,0.94,TL,1992-08-23 00:00:00.000,USM,2,USMCOB-RC3712,2026-05-05 00:00:00.000,UTC,1992,8,23,236,"00:00:00",,POINT(-88.85 29.59),USMCOB-RC3712
USMCOB,"9 miles out Port Canaveral",28.409854,-80.4398,0.66,,FL,,,2006-03-10 00:00:00.000,USM,1,USMCOB-RC37139,2026-05-05 00:00:00.000,UTC,2006,3,10,69,"00:00:00",,POINT(-80.4398 28.409854),USMCOB-RC37139
USMCOB,Port Royal Sound,32.26,-80.67,,,,,,2006-05-20 00:00:00.000,USM,2,USMCOB-RC37139,2026-05-05 00:00:00.000,UTC,2006,5,20,140,"00:00:00",,POINT(-80.67 32.26),USMCOB-RC37139
USMCOB,West Delta 62,29.025,-89.652,0.91,,FL,1.02,TL,2007-09-28 00:00:00.000,USM,1,USMCOB-RC37181,2026-05-05 00:00:00.000,UTC,2007,9,28,271,"00:00:00",,POINT(-89.652 29.025),USMCOB-RC37181
USMCOB,Ship Shoal 214,28.498,-91.872,1.09,,FL,1.24,TL,2009-08-22 00:00:00.000,USM,2,USMCOB-RC37181,2026-05-05 00:00:00.000,UTC,2009,8,22,234,"00:00:00",,POINT(-91.872 28.498),USMCOB-RC37181
USMCOB,Navarre Beach,30.378,-86.862,0.86,,FL,0.94,TL,2002-04-24 00:00:00.000,USM,1,USMCOB-RC37237,2026-05-05 00:00:00.000,UTC,2002,4,24,114,"00:00:00",,POINT(-86.862 30.378),USMCOB-RC37237
USMCOB,"3 ml E of Navarre Beach",30.378,-86.862,0.94,,FL,1.02,TL,2002-04-23 00:00:00.000,USM,1,USMCOB-RC37239,2026-05-05 00:00:00.000,UTC,2002,4,23,113,"00:00:00",,POINT(-86.862 30.378),USMCOB-RC37239
USMCOB,W of Morgan City  E,29.475,-91.34,,,,,,2003-06-26 00:00:00.000,USM,2,USMCOB-RC37239,2026-05-05 00:00:00.000,UTC,2003,6,26,177,"00:00:00",,POINT(-91.34 29.475),USMCOB-RC37239
USMCOB,"28.55.57N 82.57.28W",28.9325,-82.957778,0.52,,FL,0.58,TL,2002-06-15 00:00:00.000,USM,1,USMCOB-RC37301,2026-05-05 00:00:00.000,UTC,2002,6,15,166,"00:00:00",,POINT(-82.957778 28.9325),USMCOB-RC37301
USMCOB,Middle Cape Sable,25.156,-81.14,0.86,,FL,,,2004-01-06 00:00:00.000,USM,2,USMCOB-RC37301,2026-05-05 00:00:00.000,UTC,2004,1,6,6,"00:00:00",,POINT(-81.14 25.156),USMCOB-RC37301
USMCOB,N28 57    W82 54,28.95,-82.9,0.76,,FL,0.86,TL,2002-06-27 00:00:00.000,USM,1,USMCOB-RC37371,2026-05-05 00:00:00.000,UTC,2002,6,27,178,"00:00:00",,POINT(-82.9 28.95),USMCOB-RC37371
USMCOB,"28.55N 82.57W",28.916667,-82.95,0.89,,FL,0.97,TL,2003-07-01 00:00:00.000,USM,2,USMCOB-RC37371,2026-05-05 00:00:00.000,UTC,2003,7,1,182,"00:00:00",,POINT(-82.95 28.916667),USMCOB-RC37371
USMCOB,"28.57N 82.57W",28.95,-82.95,0.76,,FL,0.86,TL,2002-07-15 00:00:00.000,USM,1,USMCOB-RC37378,2026-05-05 00:00:00.000,UTC,2002,7,15,196,"00:00:00",,POINT(-82.95 28.95),USMCOB-RC37378
USMCOB,"off Tarpon Spring, FL",28.14,-82.8,0.81,,FL,0.86,TL,2003-04-19 00:00:00.000,USM,2,USMCOB-RC37378,2026-05-05 00:00:00.000,UTC,2003,4,19,109,"00:00:00",,POINT(-82.8 28.14),USMCOB-RC37378
USMCOB,South of Horn Is.,30.239,-88.749,0.8,,FL,0.9,TL,2002-05-05 00:00:00.000,USM,1,USMCOB-RC37534,2026-05-05 00:00:00.000,UTC,2002,5,5,125,"00:00:00",,POINT(-88.749 30.239),USMCOB-RC37534
USMCOB,Block 105,29.548,-88.8,1.04,,TL,,,2002-10-26 00:00:00.000,USM,2,USMCOB-RC37534,2026-05-05 00:00:00.000,UTC,2002,10,26,299,"00:00:00",,POINT(-88.8 29.548),USMCOB-RC37534
USMCOB,south of Petit Bois,30.202,-88.486,0.76,,FL,0.81,TL,2002-06-09 00:00:00.000,USM,1,USMCOB-RC37537,2026-05-05 00:00:00.000,UTC,2002,6,9,160,"00:00:00",,POINT(-88.486 30.202),USMCOB-RC37537
USMCOB,farewell buoy - Pasc. cha,30.215,-88.791,0.85,,TL,,,2002-08-29 00:00:00.000,USM,2,USMCOB-RC37537,2026-05-05 00:00:00.000,UTC,2002,8,29,241,"00:00:00",,POINT(-88.791 30.215),USMCOB-RC37537
USMCOB,"Phillips Inlet, FL",30.271,-85.986,1.02,,FL,,,2003-04-16 00:00:00.000,USM,1,USMCOB-RC37659,2026-05-05 00:00:00.000,UTC,2003,4,16,106,"00:00:00",,POINT(-85.986 30.271),USMCOB-RC37659
USMCOB,Main Pass 138     est wt,29.345,-88.81,,,,,,2004-05-23 00:00:00.000,USM,2,USMCOB-RC37659,2026-05-05 00:00:00.000,UTC,2004,5,23,144,"00:00:00",,POINT(-88.81 29.345),USMCOB-RC37659
USMCOB,"2 ml N of Jupiter, 0.5 mile offshor",26.964227,-80.066878,0.66,,FL,0.75,TL,2004-08-24 00:00:00.000,USM,1,USMCOB-RC37683,2026-05-05 00:00:00.000,UTC,2004,8,24,237,"00:00:00",,POINT(-80.066878 26.964227),USMCOB-RC37683
USMCOB,"Naples, FL - 5 ml offshore",26.14,-81.81,1.02,,FL,,,2006-05-13 00:00:00.000,USM,2,USMCOB-RC37683,2026-05-05 00:00:00.000,UTC,2006,5,13,133,"00:00:00",,POINT(-81.81 26.14),USMCOB-RC37683
USMCOB,Dog Keys Pass,30.246,-88.782,0.85,,FL,0.89,TL,2003-03-28 00:00:00.000,USM,1,USMCOB-RC37801,2026-05-05 00:00:00.000,UTC,2003,3,28,87,"00:00:00",,POINT(-88.782 30.246),USMCOB-RC37801
USMCOB,"25 ml S of Perdido Pass",29.908,-87.556,0.91,,FL,,,2003-08-02 00:00:00.000,USM,2,USMCOB-RC37801,2026-05-05 00:00:00.000,UTC,2003,8,2,214,"00:00:00",,POINT(-87.556 29.908),USMCOB-RC37801
USMCOB,"29 31.64N 88 36.55W",29.527333,-88.609167,0.84,,FL,0.89,TL,2005-05-14 00:00:00.000,USM,1,USMCOB-RC37824,2026-05-05 00:00:00.000,UTC,2005,5,14,134,"00:00:00",,POINT(-88.609167 29.527333),USMCOB-RC37824
USMCOB,Grand Isle Block 94,28.54,-90.11,0.97,,FL,,,2006-05-09 00:00:00.000,USM,2,USMCOB-RC37824,2026-05-05 00:00:00.000,UTC,2006,5,9,129,"00:00:00",,POINT(-90.11 28.54),USMCOB-RC37824
USMCOB,"29 32.582N 88 37.062W",29.543033,-88.6177,0.79,,FL,0.89,TL,2005-05-14 00:00:00.000,USM,1,USMCOB-RC37830,2026-05-05 00:00:00.000,UTC,2005,5,14,134,"00:00:00",,POINT(-88.6177 29.543033),USMCOB-RC37830
USMCOB,Grand Isle Block 90   E,28.58,-90.07,1.14,,TL,,,2008-05-09 00:00:00.000,USM,2,USMCOB-RC37830,2026-05-05 00:00:00.000,UTC,2008,5,9,130,"00:00:00",,POINT(-90.07 28.58),USMCOB-RC37830
USMCOB,Destin,30.38,-86.5,0.89,,FL,0.91,TL,2003-04-16 00:00:00.000,USM,1,USMCOB-RC38001,2026-05-05 00:00:00.000,UTC,2003,4,16,106,"00:00:00",,POINT(-86.5 30.38),USMCOB-RC38001
USMCOB,Grand Isle Block 120,28.528,-90.027,0.99,,FL,,,2003-08-02 00:00:00.000,USM,2,USMCOB-RC38001,2026-05-05 00:00:00.000,UTC,2003,8,2,214,"00:00:00",,POINT(-90.027 28.528),USMCOB-RC38001
USMCOB,Hurbert,30.393,-86.688,0.91,,FL,1.07,TL,2003-04-23 00:00:00.000,USM,1,USMCOB-RC38022,2026-05-05 00:00:00.000,UTC,2003,4,23,113,"00:00:00",,POINT(-86.688 30.393),USMCOB-RC38022
USMCOB,"25.0N 81.5W",25.0,-81.5,0.99,,FL,,,2003-07-10 00:00:00.000,USM,2,USMCOB-RC38022,2026-05-05 00:00:00.000,UTC,2003,7,10,191,"00:00:00",,POINT(-81.5 25.0),USMCOB-RC38022
USMCOB,Pensacola Beach,30.315,-87.203,0.99,,FL,,,2003-04-30 00:00:00.000,USM,1,USMCOB-RC38103,2026-05-05 00:00:00.000,UTC,2003,4,30,120,"00:00:00",,POINT(-87.203 30.315),USMCOB-RC38103
USMCOB,"Carrabelle, FL",29.843,-84.856,1.17,,TL,,,2003-10-05 00:00:00.000,USM,2,USMCOB-RC38103,2026-05-05 00:00:00.000,UTC,2003,10,5,278,"00:00:00",,POINT(-84.856 29.843),USMCOB-RC38103
USMCOB,"1 ml E of Destin Pass",30.38,-86.5,0.84,,FL,0.89,TL,2003-03-27 00:00:00.000,USM,1,USMCOB-RC38141,2026-05-05 00:00:00.000,UTC,2003,3,27,86,"00:00:00",,POINT(-86.5 30.38),USMCOB-RC38141
USMCOB,"39 miles off Freeport, TX",28.568,-94.809,1.02,,TL,,,2003-06-14 00:00:00.000,USM,2,USMCOB-RC38141,2026-05-05 00:00:00.000,UTC,2003,6,14,165,"00:00:00",,POINT(-94.809 28.568),USMCOB-RC38141
USMCOB,"1 mile W of Navarre",30.378,-86.862,0.89,,FL,0.94,TL,2003-03-28 00:00:00.000,USM,1,USMCOB-RC38142,2026-05-05 00:00:00.000,UTC,2003,3,28,87,"00:00:00",,POINT(-86.862 30.378),USMCOB-RC38142
USMCOB,"Main Pass 261, 58 SSW GS",29.335,-88.295,1.02,,TL,,,2004-06-30 00:00:00.000,USM,2,USMCOB-RC38142,2026-05-05 00:00:00.000,UTC,2004,6,30,182,"00:00:00",,POINT(-88.295 29.335),USMCOB-RC38142
USMCOB,Pasc Ship Chnl markers,30.241,-88.506,0.56,,FL,0.66,TL,2003-08-20 00:00:00.000,USM,1,USMCOB-RC38381,2026-05-05 00:00:00.000,UTC,2003,8,20,232,"00:00:00",,POINT(-88.506 30.241),USMCOB-RC38381
USMCOB,"30.05 86.21    E",30.05,-86.21,0.99,,FL,,,2004-10-26 00:00:00.000,USM,2,USMCOB-RC38381,2026-05-05 00:00:00.000,UTC,2004,10,26,300,"00:00:00",,POINT(-86.21 30.05),USMCOB-RC38381
USMCOB,Gulfport Ship Channel #55,30.324,-89.061,0.33,,TL,,,2004-07-27 00:00:00.000,USM,1,USMCOB-RC38405,2026-05-05 00:00:00.000,UTC,2004,7,27,209,"00:00:00",,POINT(-89.061 30.324),USMCOB-RC38405
USMCOB,"2 ml S of Broadwater, retagged",30.32,-89.088,0.34,,TL,,,2004-08-07 00:00:00.000,USM,2,USMCOB-RC38405,2026-05-05 00:00:00.000,UTC,2004,8,7,220,"00:00:00",,POINT(-89.088 30.32),USMCOB-RC38405
USMCOB,GULFPORT SHIP CHANNEL,30.349,-89.083,0.74,,FL,0.81,TL,1990-08-23 00:00:00.000,USM,1,USMCOB-RC3855,2026-05-05 00:00:00.000,UTC,1990,8,23,235,"00:00:00",,POINT(-89.083 30.349),USMCOB-RC3855
USMCOB,"RED CAN, DOG KEYS PASS",30.246,-88.782,0.99,,FL,,,1990-08-26 00:00:00.000,USM,2,USMCOB-RC3855,2026-05-05 00:00:00.000,UTC,1990,8,26,238,"00:00:00",,POINT(-88.782 30.246),USMCOB-RC3855
USMCOB,inside Ship I.,30.213,-88.966,0.66,,FL,0.76,TL,2004-08-07 00:00:00.000,USM,1,USMCOB-RC38621,2026-05-05 00:00:00.000,UTC,2004,8,7,220,"00:00:00",,POINT(-88.966 30.213),USMCOB-RC38621
USMCOB,Ship Island Pass,30.228,-89.019,0.95,,FL,1.12,TL,2005-08-14 00:00:00.000,USM,2,USMCOB-RC38621,2026-05-05 00:00:00.000,UTC,2005,8,14,226,"00:00:00",,POINT(-89.019 30.228),USMCOB-RC38621
USMCOB,CA-25-A,29.769,-88.709,0.79,,FL,0.84,TL,2007-04-28 00:00:00.000,USM,1,USMCOB-RC38639,2026-05-05 00:00:00.000,UTC,2007,4,28,118,"00:00:00",,POINT(-88.709 29.769),USMCOB-RC38639
USMCOB,"42007",30.09,-88.769,1.0,,TL,,,2007-08-08 00:00:00.000,USM,2,USMCOB-RC38639,2026-05-05 00:00:00.000,UTC,2007,8,8,220,"00:00:00",,POINT(-88.769 30.09),USMCOB-RC38639
USMCOB,Cape Canaveral,28.391,-80.594,0.8,,FL,0.86,TL,2004-10-01 00:00:00.000,USM,1,USMCOB-RC38651,2026-05-05 00:00:00.000,UTC,2004,10,1,275,"00:00:00",,POINT(-80.594 28.391),USMCOB-RC38651
USMCOB,"off Islamorda, FL",24.924,-80.625,0.89,,FL,,,2005-04-21 00:00:00.000,USM,2,USMCOB-RC38651,2026-05-05 00:00:00.000,UTC,2005,4,21,111,"00:00:00",,POINT(-80.625 24.924),USMCOB-RC38651
USMCOB,Englewood,26.96,-82.384,0.79,,FL,,,2005-01-05 00:00:00.000,USM,1,USMCOB-RC38726,2026-05-05 00:00:00.000,UTC,2005,1,5,5,"00:00:00",,POINT(-82.384 26.96),USMCOB-RC38726
USMCOB,"Cedar Key, FL",29.091613,-83.038337,0.89,,FL,,,2006-06-29 00:00:00.000,USM,2,USMCOB-RC38726,2026-05-05 00:00:00.000,UTC,2006,6,29,180,"00:00:00",,POINT(-83.038337 29.091613),USMCOB-RC38726
USMCOB,OFF E. CHANDELEUR BEACH,29.819,-88.836,0.56,,FL,0.62,TL,1990-07-02 00:00:00.000,USM,1,USMCOB-RC3876,2026-05-05 00:00:00.000,UTC,1990,7,2,183,"00:00:00",,POINT(-88.836 29.819),USMCOB-RC3876
USMCOB,OFF CHANDELEUR ISLANDS,29.819,-88.836,0.64,,FL,0.66,TL,1990-07-09 00:00:00.000,USM,2,USMCOB-RC3876,2026-05-05 00:00:00.000,UTC,1990,7,9,190,"00:00:00",,POINT(-88.836 29.819),USMCOB-RC3876
USMCOB,Pensacola Beach,30.315,-87.203,1.19,,FL,1.35,TL,2003-03-18 00:00:00.000,USM,1,USMCOB-RC38801,2026-05-05 00:00:00.000,UTC,2003,3,18,77,"00:00:00",,POINT(-87.203 30.315),USMCOB-RC38801
USMCOB,"off Orange Beach, AL",30.26,-87.58,1.3,,FL,1.45,TL,2004-03-28 00:00:00.000,USM,2,USMCOB-RC38801,2026-05-05 00:00:00.000,UTC,2004,3,28,88,"00:00:00",,POINT(-87.58 30.26),USMCOB-RC38801
USMCOB,Pensacola Beach,30.315,-87.203,0.91,,FL,,,2003-04-26 00:00:00.000,USM,1,USMCOB-RC38816,2026-05-05 00:00:00.000,UTC,2003,4,26,116,"00:00:00",,POINT(-87.203 30.315),USMCOB-RC38816
USMCOB,"6 miles S Panama City Pas",30.033,-85.733,0.97,,FL,,,2003-09-13 00:00:00.000,USM,2,USMCOB-RC38816,2026-05-05 00:00:00.000,UTC,2003,9,13,256,"00:00:00",,POINT(-85.733 30.033),USMCOB-RC38816
USMCOB,Pensacola Beach,30.315,-87.203,0.94,,FL,1.02,TL,2003-04-26 00:00:00.000,USM,1,USMCOB-RC38838,2026-05-05 00:00:00.000,UTC,2003,4,26,116,"00:00:00",,POINT(-87.203 30.315),USMCOB-RC38838
USMCOB,Main Pass 299,29.27,-88.76,,,,,,2007-06-01 00:00:00.000,USM,2,USMCOB-RC38838,2026-05-05 00:00:00.000,UTC,2007,6,1,152,"00:00:00",,POINT(-88.76 29.27),USMCOB-RC38838
USMCOB,"Pensacola, Fl  previous 34825",30.315,-87.203,1.04,,FL,1.17,TL,2004-04-23 00:00:00.000,USM,1,USMCOB-RC39334,2026-05-05 00:00:00.000,UTC,2004,4,23,114,"00:00:00",,POINT(-87.203 30.315),USMCOB-RC39334
USMCOB,Pensacola,30.333,-87.15,1.07,,FL,,,2004-06-15 00:00:00.000,USM,2,USMCOB-RC39334,2026-05-05 00:00:00.000,UTC,2004,6,15,167,"00:00:00",,POINT(-87.15 30.333),USMCOB-RC39334
USMCOB,Pensacola Beach,30.315,-87.203,1.12,,FL,1.22,TL,2003-04-18 00:00:00.000,USM,1,USMCOB-RC39349,2026-05-05 00:00:00.000,UTC,2003,4,18,108,"00:00:00",,POINT(-87.203 30.315),USMCOB-RC39349
USMCOB,"off Miami, FL",25.766,-80.126,1.21,,FL,,,2004-03-15 00:00:00.000,USM,2,USMCOB-RC39349,2026-05-05 00:00:00.000,UTC,2004,3,15,75,"00:00:00",,POINT(-80.126 25.766),USMCOB-RC39349
USMCOB,Pensacola Pass East Shoal,30.315,-87.203,0.84,,FL,0.91,TL,2004-04-17 00:00:00.000,USM,1,USMCOB-RC39401,2026-05-05 00:00:00.000,UTC,2004,4,17,108,"00:00:00",,POINT(-87.203 30.315),USMCOB-RC39401
USMCOB,"28.23.6N 90.35.0W",28.39333,-90.583333,,,,,,2004-07-01 00:00:00.000,USM,2,USMCOB-RC39401,2026-05-05 00:00:00.000,UTC,2004,7,1,183,"00:00:00",,POINT(-90.583333 28.39333),USMCOB-RC39401
USMCOB,Pensacola Beach,30.315,-87.203,0.97,,FL,1.07,TL,2003-04-06 00:00:00.000,USM,1,USMCOB-RC39419,2026-05-05 00:00:00.000,UTC,2003,4,6,96,"00:00:00",,POINT(-87.203 30.315),USMCOB-RC39419
USMCOB,"off Stuart, FL   E",27.165,-80.15,,,,,,2004-03-07 00:00:00.000,USM,2,USMCOB-RC39419,2026-05-05 00:00:00.000,UTC,2004,3,7,67,"00:00:00",,POINT(-80.15 27.165),USMCOB-RC39419
USMCOB,Pensacola Beach,30.315,-87.203,0.86,,FL,1.02,TL,2003-04-23 00:00:00.000,USM,1,USMCOB-RC39437,2026-05-05 00:00:00.000,UTC,2003,4,23,113,"00:00:00",,POINT(-87.203 30.315),USMCOB-RC39437
USMCOB,Vermilion Block 226    E,28.662,-92.409,,,,,,2003-07-11 00:00:00.000,USM,2,USMCOB-RC39437,2026-05-05 00:00:00.000,UTC,2003,7,11,192,"00:00:00",,POINT(-92.409 28.662),USMCOB-RC39437
USMCOB,Pensacola Beach CG Station,30.315,-87.203,0.86,,FL,0.94,TL,2004-04-16 00:00:00.000,USM,1,USMCOB-RC39439,2026-05-05 00:00:00.000,UTC,2004,4,16,107,"00:00:00",,POINT(-87.203 30.315),USMCOB-RC39439
USMCOB,"50 miles S of Horn I",29.499,-88.672,1.07,,TL,,,2004-05-26 00:00:00.000,USM,2,USMCOB-RC39439,2026-05-05 00:00:00.000,UTC,2004,5,26,147,"00:00:00",,POINT(-88.672 29.499),USMCOB-RC39439
USMCOB,Navarre,30.378,-86.862,1.09,,FL,,,2003-04-13 00:00:00.000,USM,1,USMCOB-RC39443,2026-05-05 00:00:00.000,UTC,2003,4,13,103,"00:00:00",,POINT(-86.862 30.378),USMCOB-RC39443
USMCOB,"Crystal Beach, east Desti",30.38,-86.5,1.26,,FL,,,2006-04-16 00:00:00.000,USM,2,USMCOB-RC39443,2026-05-05 00:00:00.000,UTC,2006,4,16,106,"00:00:00",,POINT(-86.5 30.38),USMCOB-RC39443
USMCOB,Pensacola Beach,30.315,-87.203,1.09,,FL,,,2003-04-16 00:00:00.000,USM,1,USMCOB-RC39453,2026-05-05 00:00:00.000,UTC,2003,4,16,106,"00:00:00",,POINT(-87.203 30.315),USMCOB-RC39453
USMCOB,"3 m S E end P Bois weedln",30.166,-88.4,,,,,,2005-05-31 00:00:00.000,USM,2,USMCOB-RC39453,2026-05-05 00:00:00.000,UTC,2005,5,31,151,"00:00:00",,POINT(-88.4 30.166),USMCOB-RC39453
USMCOB,"12444.8 / 47044.8, WRK.WALKER",30.085,-88.54833,0.46,,FL,0.49,TL,1990-05-19 00:00:00.000,USM,1,USMCOB-RC3973,2026-05-05 00:00:00.000,UTC,1990,5,19,139,"00:00:00",,POINT(-88.54833 30.085),USMCOB-RC3973
USMCOB,"W. END OF SHIP ISLAND, MS",30.21,-88.964,0.61,,FL,0.66,TL,1990-07-21 00:00:00.000,USM,2,USMCOB-RC3973,2026-05-05 00:00:00.000,UTC,1990,7,21,202,"00:00:00",,POINT(-88.964 30.21),USMCOB-RC3973
USMCOB,Green Can Ship I.,30.216,-88.996,0.56,,FL,0.64,TL,2003-08-06 00:00:00.000,USM,1,USMCOB-RC39871,2026-05-05 00:00:00.000,UTC,2003,8,6,218,"00:00:00",,POINT(-88.996 30.216),USMCOB-RC39871
USMCOB,Sandestin,30.367,-86.331,1.19,,FL,,,2006-04-10 00:00:00.000,USM,2,USMCOB-RC39871,2026-05-05 00:00:00.000,UTC,2006,4,10,100,"00:00:00",,POINT(-86.331 30.367),USMCOB-RC39871
USMCOB,GETTY RIGS,29.544,-88.677,0.56,,FL,0.58,TL,1990-04-30 00:00:00.000,USM,1,USMCOB-RC4023,2026-05-05 00:00:00.000,UTC,1990,4,30,120,"00:00:00",,POINT(-88.677 29.544),USMCOB-RC4023
USMCOB,"GETTY RIGS,S. OF CHANDELEUR IS",29.544,-88.677,0.61,,FL,0.66,TL,1990-06-19 00:00:00.000,USM,2,USMCOB-RC4023,2026-05-05 00:00:00.000,UTC,1990,6,19,170,"00:00:00",,POINT(-88.677 29.544),USMCOB-RC4023
USMCOB,Farewell buoy - Dog Keys Pass,30.215,-88.791,0.61,,FL,0.69,TL,2006-08-01 00:00:00.000,USM,1,USMCOB-RC40292,2026-05-05 00:00:00.000,UTC,2006,8,1,213,"00:00:00",,POINT(-88.791 30.215),USMCOB-RC40292
USMCOB,"off Hatteras Inlet, NC",35.178,-75.746,1.17,,FL,,,2009-05-13 00:00:00.000,USM,2,USMCOB-RC40292,2026-05-05 00:00:00.000,UTC,2009,5,13,133,"00:00:00",,POINT(-75.746 35.178),USMCOB-RC40292
USMCOB,"Destin, FL",30.38,-86.5,0.72,,FL,,,2005-04-18 00:00:00.000,USM,1,USMCOB-RC40505,2026-05-05 00:00:00.000,UTC,2005,4,18,108,"00:00:00",,POINT(-86.5 30.38),USMCOB-RC40505
USMCOB,west of the Marquesas Keys  E,24.573,-82.17,1.12,,TL,,,2006-02-19 00:00:00.000,USM,2,USMCOB-RC40505,2026-05-05 00:00:00.000,UTC,2006,2,19,50,"00:00:00",,POINT(-82.17 24.573),USMCOB-RC40505
USMCOB,"Destin, FL",30.38,-86.5,0.79,,FL,0.86,TL,2005-05-07 00:00:00.000,USM,1,USMCOB-RC40507,2026-05-05 00:00:00.000,UTC,2005,5,7,127,"00:00:00",,POINT(-86.5 30.38),USMCOB-RC40507
USMCOB,"East Bay, LA",29.06,-89.276,0.95,,FL,,,2006-06-12 00:00:00.000,USM,2,USMCOB-RC40507,2026-05-05 00:00:00.000,UTC,2006,6,12,163,"00:00:00",,POINT(-89.276 29.06),USMCOB-RC40507
USMCOB,Sandestin,30.367,-86.331,0.81,,FL,0.89,TL,2007-04-22 00:00:00.000,USM,1,USMCOB-RC40512,2026-05-05 00:00:00.000,UTC,2007,4,22,112,"00:00:00",,POINT(-86.331 30.367),USMCOB-RC40512
USMCOB,"off Fort Myers, FL",26.648,-81.885,0.97,,TL,,,2007-09-15 00:00:00.000,USM,2,USMCOB-RC40512,2026-05-05 00:00:00.000,UTC,2007,9,15,258,"00:00:00",,POINT(-81.885 26.648),USMCOB-RC40512
USMCOB,"Okaloosa Island, FL",30.39,-86.6,0.93,,FL,,,2007-04-20 00:00:00.000,USM,1,USMCOB-RC40519,2026-05-05 00:00:00.000,UTC,2007,4,20,110,"00:00:00",,POINT(-86.6 30.39),USMCOB-RC40519
USMCOB,Pensacola  (again 4/13/08 RC45790),30.333,-87.15,0.97,,FL,,,2008-04-13 00:00:00.000,USM,2,USMCOB-RC40519,2026-05-05 00:00:00.000,UTC,2008,4,13,104,"00:00:00",,POINT(-87.15 30.333),USMCOB-RC40519
USMCOB,Pensacola Beach,30.315,-87.203,0.91,,FL,0.99,TL,2004-04-25 00:00:00.000,USM,1,USMCOB-RC40529,2026-05-05 00:00:00.000,UTC,2004,4,25,116,"00:00:00",,POINT(-87.203 30.315),USMCOB-RC40529
USMCOB,Grand Isle 82   E,28.7,-89.97,1.12,,FL,,,2007-07-22 00:00:00.000,USM,2,USMCOB-RC40529,2026-05-05 00:00:00.000,UTC,2007,7,22,203,"00:00:00",,POINT(-89.97 28.7),USMCOB-RC40529
USMCOB,Navarre,30.378,-86.862,0.94,,FL,,,2004-04-22 00:00:00.000,USM,1,USMCOB-RC40595,2026-05-05 00:00:00.000,UTC,2004,4,22,113,"00:00:00",,POINT(-86.862 30.378),USMCOB-RC40595
USMCOB,"Sandestin, FL",30.367,-86.331,,,,,,2005-04-17 00:00:00.000,USM,2,USMCOB-RC40595,2026-05-05 00:00:00.000,UTC,2005,4,17,107,"00:00:00",,POINT(-86.331 30.367),USMCOB-RC40595
USMCOB,Navarre,30.378,-86.862,,,,,,2004-04-22 00:00:00.000,USM,1,USMCOB-RC40596,2026-05-05 00:00:00.000,UTC,2004,4,22,113,"00:00:00",,POINT(-86.862 30.378),USMCOB-RC40596
USMCOB,"25 mls SE of Venice, LA (wt E)",29.039,-89.043,,,,,,2005-05-07 00:00:00.000,USM,2,USMCOB-RC40596,2026-05-05 00:00:00.000,UTC,2005,5,7,127,"00:00:00",,POINT(-89.043 29.039),USMCOB-RC40596
USMCOB,Navarre,30.378,-86.862,0.89,,FL,,,2004-04-24 00:00:00.000,USM,1,USMCOB-RC40600,2026-05-05 00:00:00.000,UTC,2004,4,24,115,"00:00:00",,POINT(-86.862 30.378),USMCOB-RC40600
USMCOB,"34 ml south of Pascagoula",29.85,-88.557,,,,,,2005-07-16 00:00:00.000,USM,2,USMCOB-RC40600,2026-05-05 00:00:00.000,UTC,2005,7,16,197,"00:00:00",,POINT(-88.557 29.85),USMCOB-RC40600
USMCOB,Pensacola,30.315,-87.203,0.69,,FL,0.76,TL,2005-04-09 00:00:00.000,USM,1,USMCOB-RC40660,2026-05-05 00:00:00.000,UTC,2005,4,9,99,"00:00:00",,POINT(-87.203 30.315),USMCOB-RC40660
USMCOB,"bridge rubble, 12 ml S Mobile Bay",30.063,-88.052,1.03,,TL,,,2006-05-13 00:00:00.000,USM,2,USMCOB-RC40660,2026-05-05 00:00:00.000,UTC,2006,5,13,133,"00:00:00",,POINT(-88.052 30.063),USMCOB-RC40660
USMCOB,Destin Pass,30.116,-86.648,1.22,,FL,1.32,TL,2004-04-21 00:00:00.000,USM,1,USMCOB-RC40665,2026-05-05 00:00:00.000,UTC,2004,4,21,112,"00:00:00",,POINT(-86.648 30.116),USMCOB-RC40665
USMCOB,"off Key West, FL",24.57,-81.79,1.22,,FL,,,2005-04-18 00:00:00.000,USM,2,USMCOB-RC40665,2026-05-05 00:00:00.000,UTC,2005,4,18,108,"00:00:00",,POINT(-81.79 24.57),USMCOB-RC40665
USMCOB,Pensacola,30.315,-87.203,0.94,,FL,1.14,TL,2004-04-27 00:00:00.000,USM,1,USMCOB-RC40695,2026-05-05 00:00:00.000,UTC,2004,4,27,118,"00:00:00",,POINT(-87.203 30.315),USMCOB-RC40695
USMCOB,north end of Chandeleur,30.043,-88.878,0.99,,FL,1.09,TL,2004-05-01 00:00:00.000,USM,2,USMCOB-RC40695,2026-05-05 00:00:00.000,UTC,2004,5,1,122,"00:00:00",,POINT(-88.878 30.043),USMCOB-RC40695
USMCOB,"Destin, FL",30.38,-86.5,0.76,,FL,,,2004-04-23 00:00:00.000,USM,1,USMCOB-RC40755,2026-05-05 00:00:00.000,UTC,2004,4,23,114,"00:00:00",,POINT(-86.5 30.38),USMCOB-RC40755
USMCOB,between Navarre and Pensacola,30.353,-86.989,0.76,,FL,,,2004-04-23 00:00:00.000,USM,2,USMCOB-RC40755,2026-05-05 00:00:00.000,UTC,2004,4,23,114,"00:00:00",,POINT(-86.989 30.353),USMCOB-RC40755
USMCOB,WEST END OF SHIP ISLAND,30.21,-88.964,0.72,,FL,0.8,TL,1989-08-29 00:00:00.000,USM,1,USMCOB-RC4080,2026-05-05 00:00:00.000,UTC,1989,8,29,241,"00:00:00",,POINT(-88.964 30.21),USMCOB-RC4080
USMCOB,"W. END OF SHIP ISLAND, MS",30.21,-88.964,1.02,,FL,1.16,TL,1990-09-15 00:00:00.000,USM,2,USMCOB-RC4080,2026-05-05 00:00:00.000,UTC,1990,9,15,258,"00:00:00",,POINT(-88.964 30.21),USMCOB-RC4080
USMCOB,WEST END OF SHIP ISLAND,30.21,-88.964,0.72,,FL,0.79,TL,1989-08-29 00:00:00.000,USM,1,USMCOB-RC4081,2026-05-05 00:00:00.000,UTC,1989,8,29,241,"00:00:00",,POINT(-88.964 30.21),USMCOB-RC4081
USMCOB,"W. END OF SHIP ISLAND, MS",30.21,-88.964,0.94,,FL,1.02,TL,1990-08-26 00:00:00.000,USM,2,USMCOB-RC4081,2026-05-05 00:00:00.000,UTC,1990,8,26,238,"00:00:00",,POINT(-88.964 30.21),USMCOB-RC4081
USMCOB,"Dauphin I., AL - 20mi out",29.95,-88.17,1.09,,FL,,,2019-06-22 00:00:00.000,USM,2,USMCOB-RC40843,2026-05-05 00:00:00.000,UTC,2019,6,22,173,"00:00:00",,POINT(-88.17 29.95),USMCOB-RC40843
USMCOB,,,,,,,,,,USM,1,USMCOB-RC40843,2026-05-05 00:00:00.000,UTC,,,,,,,POINT(nan nan),USMCOB-RC40843
USMCOB,Navarre Beach,30.378,-86.862,0.91,,FL,0.99,TL,2005-04-18 00:00:00.000,USM,1,USMCOB-RC40851,2026-05-05 00:00:00.000,UTC,2005,4,18,108,"00:00:00",,POINT(-86.862 30.378),USMCOB-RC40851
USMCOB,"off Fourchon, LA",29.095,-90.194,,,,,,2006-08-06 00:00:00.000,USM,2,USMCOB-RC40851,2026-05-05 00:00:00.000,UTC,2006,8,6,218,"00:00:00",,POINT(-90.194 29.095),USMCOB-RC40851
USMCOB,"Destin, FL",30.38,-86.5,0.86,,FL,0.97,TL,2004-04-22 00:00:00.000,USM,1,USMCOB-RC41043,2026-05-05 00:00:00.000,UTC,2004,4,22,113,"00:00:00",,POINT(-86.5 30.38),USMCOB-RC41043
USMCOB,"5 miles off Jupiter Inlet",26.963,-79.993,1.21,,TL,,,2005-07-27 00:00:00.000,USM,2,USMCOB-RC41043,2026-05-05 00:00:00.000,UTC,2005,7,27,208,"00:00:00",,POINT(-79.993 26.963),USMCOB-RC41043
USMCOB,"Destin, FL",30.38,-86.5,0.76,,FL,0.84,TL,2004-04-22 00:00:00.000,USM,1,USMCOB-RC41044,2026-05-05 00:00:00.000,UTC,2004,4,22,113,"00:00:00",,POINT(-86.5 30.38),USMCOB-RC41044
USMCOB,"Pensacola, FL",30.333,-87.15,0.76,,FL,0.84,TL,2004-04-23 00:00:00.000,USM,2,USMCOB-RC41044,2026-05-05 00:00:00.000,UTC,2004,4,23,114,"00:00:00",,POINT(-87.15 30.333),USMCOB-RC41044
USMCOB,Pensacola,30.315,-87.203,0.89,,FL,,,2004-04-17 00:00:00.000,USM,1,USMCOB-RC41264,2026-05-05 00:00:00.000,UTC,2004,4,17,108,"00:00:00",,POINT(-87.203 30.315),USMCOB-RC41264
USMCOB,"off Stuart, FL",27.165,-80.15,,,,,,2005-03-31 00:00:00.000,USM,2,USMCOB-RC41264,2026-05-05 00:00:00.000,UTC,2005,3,31,90,"00:00:00",,POINT(-80.15 27.165),USMCOB-RC41264
USMCOB,Perdido Key,30.288,-87.427,1.17,,FL,1.27,TL,2004-04-21 00:00:00.000,USM,1,USMCOB-RC41364,2026-05-05 00:00:00.000,UTC,2004,4,21,112,"00:00:00",,POINT(-87.427 30.288),USMCOB-RC41364
USMCOB,"25 mls S of Pcola",29.963,-87.159,,,,,,2006-06-28 00:00:00.000,USM,2,USMCOB-RC41364,2026-05-05 00:00:00.000,UTC,2006,6,28,179,"00:00:00",,POINT(-87.159 29.963),USMCOB-RC41364
USMCOB,Pensacola Beach (east end),30.315,-87.203,1.02,,FL,1.12,TL,2004-04-25 00:00:00.000,USM,1,USMCOB-RC41370,2026-05-05 00:00:00.000,UTC,2004,4,25,116,"00:00:00",,POINT(-87.203 30.315),USMCOB-RC41370
USMCOB,"20 miles south of Horn Island",29.942,-88.677,1.04,,FL,,,2004-05-08 00:00:00.000,USM,2,USMCOB-RC41370,2026-05-05 00:00:00.000,UTC,2004,5,8,129,"00:00:00",,POINT(-88.677 29.942),USMCOB-RC41370
USMCOB,Ship Island,30.221,-88.919,0.51,,FL,0.56,TL,2006-06-23 00:00:00.000,USM,1,USMCOB-RC41481,2026-05-05 00:00:00.000,UTC,2006,6,23,174,"00:00:00",,POINT(-88.919 30.221),USMCOB-RC41481
USMCOB,MP116B,29.457,-88.84,0.74,,FL,,,2007-05-05 00:00:00.000,USM,2,USMCOB-RC41481,2026-05-05 00:00:00.000,UTC,2007,5,5,125,"00:00:00",,POINT(-88.84 29.457),USMCOB-RC41481
USMCOB,Pensacola,30.315,-87.203,0.84,,FL,0.91,TL,2006-04-15 00:00:00.000,USM,1,USMCOB-RC41506,2026-05-05 00:00:00.000,UTC,2006,4,15,105,"00:00:00",,POINT(-87.203 30.315),USMCOB-RC41506
USMCOB,"23 miles off New Smyrna Beach",29.245,-80.585,1.04,,FL,,,2007-02-09 00:00:00.000,USM,2,USMCOB-RC41506,2026-05-05 00:00:00.000,UTC,2007,2,9,40,"00:00:00",,POINT(-80.585 29.245),USMCOB-RC41506
USMCOB,Pensacola Beach,30.315,-87.203,1.12,,FL,,,2005-05-29 00:00:00.000,USM,1,USMCOB-RC41532,2026-05-05 00:00:00.000,UTC,2005,5,29,149,"00:00:00",,POINT(-87.203 30.315),USMCOB-RC41532
USMCOB,"120CA Main Pass",29.465,-88.664,1.37,,TL,,,2008-06-01 00:00:00.000,USM,2,USMCOB-RC41532,2026-05-05 00:00:00.000,UTC,2008,6,1,153,"00:00:00",,POINT(-88.664 29.465),USMCOB-RC41532
USMCOB,Santa Rosa Beach,30.345,-86.23,1.12,,FL,,,2005-04-26 00:00:00.000,USM,1,USMCOB-RC41536,2026-05-05 00:00:00.000,UTC,2005,4,26,116,"00:00:00",,POINT(-86.23 30.345),USMCOB-RC41536
USMCOB,"Navarre, FL",30.378,-86.862,,,,,,2005-05-01 00:00:00.000,USM,2,USMCOB-RC41536,2026-05-05 00:00:00.000,UTC,2005,5,1,121,"00:00:00",,POINT(-86.862 30.378),USMCOB-RC41536
USMCOB,Pensacola,30.315,-87.203,1.14,,FL,1.22,TL,2005-04-28 00:00:00.000,USM,1,USMCOB-RC41576,2026-05-05 00:00:00.000,UTC,2005,4,28,118,"00:00:00",,POINT(-87.203 30.315),USMCOB-RC41576
USMCOB,"off Boynton Beach, FL",26.545,-80.04,1.02,,FL,,,2005-08-01 00:00:00.000,USM,2,USMCOB-RC41576,2026-05-05 00:00:00.000,UTC,2005,8,1,213,"00:00:00",,POINT(-80.04 26.545),USMCOB-RC41576
USMCOB,Pensacola,30.315,-87.203,1.14,,FL,,,2007-04-24 00:00:00.000,USM,1,USMCOB-RC41627,2026-05-05 00:00:00.000,UTC,2007,4,24,114,"00:00:00",,POINT(-87.203 30.315),USMCOB-RC41627
USMCOB,north end of Chandeleur I.,30.043,-88.878,1.28,,FL,,,2007-04-28 00:00:00.000,USM,2,USMCOB-RC41627,2026-05-05 00:00:00.000,UTC,2007,4,28,118,"00:00:00",,POINT(-88.878 30.043),USMCOB-RC41627
USMCOB,Pensacola Beach,30.315,-87.203,0.89,,FL,0.99,TL,2005-04-27 00:00:00.000,USM,1,USMCOB-RC41657,2026-05-05 00:00:00.000,UTC,2005,4,27,117,"00:00:00",,POINT(-87.203 30.315),USMCOB-RC41657
USMCOB,NE of St Lucie Inlet; 27 17' 80 08',27.283,-80.13,1.07,,FL,,,2006-03-06 00:00:00.000,USM,2,USMCOB-RC41657,2026-05-05 00:00:00.000,UTC,2006,3,6,65,"00:00:00",,POINT(-80.13 27.283),USMCOB-RC41657
USMCOB,Pensacola Beach,30.315,-87.203,0.81,,FL,0.94,TL,2005-04-28 00:00:00.000,USM,1,USMCOB-RC41665,2026-05-05 00:00:00.000,UTC,2005,4,28,118,"00:00:00",,POINT(-87.203 30.315),USMCOB-RC41665
USMCOB,"18 ml S of Dauphin I. - Scott Barge",29.988,-88.215,,,,,,2006-06-06 00:00:00.000,USM,2,USMCOB-RC41665,2026-05-05 00:00:00.000,UTC,2006,6,6,157,"00:00:00",,POINT(-88.215 29.988),USMCOB-RC41665
USMCOB,Orange Beach,30.267,-87.585,0.84,,FL,,,2007-04-28 00:00:00.000,USM,1,USMCOB-RC41679,2026-05-05 00:00:00.000,UTC,2007,4,28,118,"00:00:00",,POINT(-87.585 30.267),USMCOB-RC41679
USMCOB,West Delta 143,28.672,-89.571,1.17,,TL,,,2007-05-12 00:00:00.000,USM,2,USMCOB-RC41679,2026-05-05 00:00:00.000,UTC,2007,5,12,132,"00:00:00",,POINT(-89.571 28.672),USMCOB-RC41679
USMCOB,WEST END OF SHIP ISLAND,30.21,-88.964,0.76,,FL,0.84,TL,1990-09-28 00:00:00.000,USM,1,USMCOB-RC4168,2026-05-05 00:00:00.000,UTC,1990,9,28,271,"00:00:00",,POINT(-88.964 30.21),USMCOB-RC4168
USMCOB,"10 MI. OFF MARINE ISLAND, FL",29.725,-81.058,0.94,,FL,0.99,TL,1991-08-05 00:00:00.000,USM,2,USMCOB-RC4168,2026-05-05 00:00:00.000,UTC,1991,8,5,217,"00:00:00",,POINT(-81.058 29.725),USMCOB-RC4168
USMCOB,"Orange Beach, AL",30.267,-87.585,1.02,,FL,,,2007-04-25 00:00:00.000,USM,1,USMCOB-RC41685,2026-05-05 00:00:00.000,UTC,2007,4,25,115,"00:00:00",,POINT(-87.585 30.267),USMCOB-RC41685
USMCOB,Horseshoe Rigs,29.425,-88.615,1.22,,TL,,,2007-07-20 00:00:00.000,USM,2,USMCOB-RC41685,2026-05-05 00:00:00.000,UTC,2007,7,20,201,"00:00:00",,POINT(-88.615 29.425),USMCOB-RC41685
USMCOB,WEST END OF SHIP ISLAND,30.21,-88.964,0.81,,FL,0.89,TL,1990-09-28 00:00:00.000,USM,1,USMCOB-RC4170,2026-05-05 00:00:00.000,UTC,1990,9,28,271,"00:00:00",,POINT(-88.964 30.21),USMCOB-RC4170
USMCOB,"MAIN PASS, BLOCK 129",29.387,-88.805,0.89,,FL,,,1990-10-30 00:00:00.000,USM,2,USMCOB-RC4170,2026-05-05 00:00:00.000,UTC,1990,10,30,303,"00:00:00",,POINT(-88.805 29.387),USMCOB-RC4170
USMCOB,"2 nm W of Naples",26.13946,-81.839495,0.83,,FL,,,2005-03-05 00:00:00.000,USM,1,USMCOB-RC41770,2026-05-05 00:00:00.000,UTC,2005,3,5,64,"00:00:00",,POINT(-81.839495 26.13946),USMCOB-RC41770
USMCOB,"Wiggins Pass, 3 ml off Naples",26.275,-81.877,0.86,,FL,,,2005-07-17 00:00:00.000,USM,2,USMCOB-RC41770,2026-05-05 00:00:00.000,UTC,2005,7,17,198,"00:00:00",,POINT(-81.877 26.275),USMCOB-RC41770
USMCOB,Palm Island,25.78,-80.16,0.64,,FL,,,2005-03-31 00:00:00.000,USM,1,USMCOB-RC41779,2026-05-05 00:00:00.000,UTC,2005,3,31,90,"00:00:00",,POINT(-80.16 25.78),USMCOB-RC41779
USMCOB,"Key West, FL",24.563,-81.726,1.0,,TL,,,2006-02-08 00:00:00.000,USM,2,USMCOB-RC41779,2026-05-05 00:00:00.000,UTC,2006,2,8,39,"00:00:00",,POINT(-81.726 24.563),USMCOB-RC41779
USMCOB,"MAIN PASS, BLOCK 92",29.632,-88.846,0.53,,FL,0.57,TL,1989-07-19 00:00:00.000,USM,1,USMCOB-RC4185,2026-05-05 00:00:00.000,UTC,1989,7,19,200,"00:00:00",,POINT(-88.846 29.632),USMCOB-RC4185
USMCOB,"5 MI. SE. PETIT BOIS ISLAND,MS",30.158,-88.365,1.02,,FL,,,1990-09-22 00:00:00.000,USM,2,USMCOB-RC4185,2026-05-05 00:00:00.000,UTC,1990,9,22,265,"00:00:00",,POINT(-88.365 30.158),USMCOB-RC4185
USMCOB,"28 25.829N 82 56.071W",28.43048,-82.93452,0.83,,FL,0.89,TL,2005-05-26 00:00:00.000,USM,1,USMCOB-RC41993,2026-05-05 00:00:00.000,UTC,2005,5,26,146,"00:00:00",,POINT(-82.93452 28.43048),USMCOB-RC41993
USMCOB,"NW of Anclote Key, FL",28.242,-82.88,,,,,,2006-09-16 00:00:00.000,USM,2,USMCOB-RC41993,2026-05-05 00:00:00.000,UTC,2006,9,16,259,"00:00:00",,POINT(-82.88 28.242),USMCOB-RC41993
USMCOB,Navarre,30.378,-86.862,0.61,,FL,0.69,TL,2006-04-28 00:00:00.000,USM,1,USMCOB-RC42043,2026-05-05 00:00:00.000,UTC,2006,4,28,118,"00:00:00",,POINT(-86.862 30.378),USMCOB-RC42043
USMCOB,South Timbalier 128,28.674,-90.269,0.91,,FL,,,2007-09-29 00:00:00.000,USM,2,USMCOB-RC42043,2026-05-05 00:00:00.000,UTC,2007,9,29,272,"00:00:00",,POINT(-90.269 28.674),USMCOB-RC42043
USMCOB,Navarre/FWB ???,30.385,-86.745,0.97,,FL,1.07,TL,2005-04-27 00:00:00.000,USM,1,USMCOB-RC42092,2026-05-05 00:00:00.000,UTC,2005,4,27,117,"00:00:00",,POINT(-86.745 30.385),USMCOB-RC42092
USMCOB,"mouth of MS river at Venice, LA",29.274,-89.345,1.07,,TL,,,2005-08-13 00:00:00.000,USM,2,USMCOB-RC42092,2026-05-05 00:00:00.000,UTC,2005,8,13,225,"00:00:00",,POINT(-89.345 29.274),USMCOB-RC42092
USMCOB,Pensacola,30.315,-87.203,0.97,,FL,1.07,TL,2005-05-07 00:00:00.000,USM,1,USMCOB-RC42097,2026-05-05 00:00:00.000,UTC,2005,5,7,127,"00:00:00",,POINT(-87.203 30.315),USMCOB-RC42097
USMCOB,off Port Canaveral,28.41,-80.584,0.91,,FL,,,2006-04-01 00:00:00.000,USM,2,USMCOB-RC42097,2026-05-05 00:00:00.000,UTC,2006,4,1,91,"00:00:00",,POINT(-80.584 28.41),USMCOB-RC42097
USMCOB,Pensacola Beach,30.315,-87.203,0.99,,FL,,,2005-04-05 00:00:00.000,USM,1,USMCOB-RC42105,2026-05-05 00:00:00.000,UTC,2005,4,5,95,"00:00:00",,POINT(-87.203 30.315),USMCOB-RC42105
USMCOB,"60 miles off Galveston, TX   E",28.703,-94.038,,,,,,2005-06-19 00:00:00.000,USM,2,USMCOB-RC42105,2026-05-05 00:00:00.000,UTC,2005,6,19,170,"00:00:00",,POINT(-94.038 28.703),USMCOB-RC42105
USMCOB,Pensacola Beach,30.315,-87.203,1.07,,FL,,,2005-04-09 00:00:00.000,USM,1,USMCOB-RC42108,2026-05-05 00:00:00.000,UTC,2005,4,9,99,"00:00:00",,POINT(-87.203 30.315),USMCOB-RC42108
USMCOB,"30 ml SE of Cocodrie, LA",28.97,-90.22,1.35,,TL,,,2005-04-27 00:00:00.000,USM,2,USMCOB-RC42108,2026-05-05 00:00:00.000,UTC,2005,4,27,117,"00:00:00",,POINT(-90.22 28.97),USMCOB-RC42108
USMCOB,Pensacola Beach,30.315,-87.203,0.94,,FL,,,2005-04-09 00:00:00.000,USM,1,USMCOB-RC42110,2026-05-05 00:00:00.000,UTC,2005,4,9,99,"00:00:00",,POINT(-87.203 30.315),USMCOB-RC42110
USMCOB,off Pensacola Beach,30.333,-87.15,1.05,,FL,,,2006-04-15 00:00:00.000,USM,2,USMCOB-RC42110,2026-05-05 00:00:00.000,UTC,2006,4,15,105,"00:00:00",,POINT(-87.15 30.333),USMCOB-RC42110
USMCOB,Pensacola Beach,30.315,-87.203,0.94,,FL,,,2005-04-16 00:00:00.000,USM,1,USMCOB-RC42116,2026-05-05 00:00:00.000,UTC,2005,4,16,106,"00:00:00",,POINT(-87.203 30.315),USMCOB-RC42116
USMCOB,Pensacola Beach,30.315,-87.203,1.07,,FL,,,2005-04-17 00:00:00.000,USM,1,USMCOB-RC42119,2026-05-05 00:00:00.000,UTC,2005,4,17,107,"00:00:00",,POINT(-87.203 30.315),USMCOB-RC42119
USMCOB,"Heel Bank, 30 ml SE Galveston E",29.08,-94.27,,,,,,2005-06-12 00:00:00.000,USM,2,USMCOB-RC42119,2026-05-05 00:00:00.000,UTC,2005,6,12,163,"00:00:00",,POINT(-94.27 29.08),USMCOB-RC42119
USMCOB,Pensacola Beach,30.315,-87.203,0.99,,FL,,,2005-04-19 00:00:00.000,USM,1,USMCOB-RC42122,2026-05-05 00:00:00.000,UTC,2005,4,19,109,"00:00:00",,POINT(-87.203 30.315),USMCOB-RC42122
USMCOB,Grand Isle 78 rig,28.74,-89.93,1.12,,FL,1.24,TL,2005-07-15 00:00:00.000,USM,2,USMCOB-RC42122,2026-05-05 00:00:00.000,UTC,2005,7,15,196,"00:00:00",,POINT(-89.93 28.74),USMCOB-RC42122
USMCOB,Destin,30.38,-86.5,0.91,,FL,,,2005-04-20 00:00:00.000,USM,1,USMCOB-RC42129,2026-05-05 00:00:00.000,UTC,2005,4,20,110,"00:00:00",,POINT(-86.5 30.38),USMCOB-RC42129
USMCOB,"East Pass, Destin",30.383,-86.51,,,,,,2007-05-02 00:00:00.000,USM,2,USMCOB-RC42129,2026-05-05 00:00:00.000,UTC,2007,5,2,122,"00:00:00",,POINT(-86.51 30.383),USMCOB-RC42129
USMCOB,Navarre,30.378,-86.862,0.97,,FL,,,2005-04-24 00:00:00.000,USM,1,USMCOB-RC42140,2026-05-05 00:00:00.000,UTC,2005,4,24,114,"00:00:00",,POINT(-86.862 30.378),USMCOB-RC42140
USMCOB,"off Orange Beach, AL",30.26,-87.58,1.31,,FL,,,2007-04-24 00:00:00.000,USM,2,USMCOB-RC42140,2026-05-05 00:00:00.000,UTC,2007,4,24,114,"00:00:00",,POINT(-87.58 30.26),USMCOB-RC42140
USMCOB,GAS WELLS S. PETIT BOIS IS.,30.115,-88.45,0.74,,FL,0.81,TL,1989-08-21 00:00:00.000,USM,1,USMCOB-RC4215,2026-05-05 00:00:00.000,UTC,1989,8,21,233,"00:00:00",,POINT(-88.45 30.115),USMCOB-RC4215
USMCOB,"ISLAMORADA, FLA.",24.924,-80.625,0.97,,TL,,,1989-12-17 00:00:00.000,USM,2,USMCOB-RC4215,2026-05-05 00:00:00.000,UTC,1989,12,17,351,"00:00:00",,POINT(-80.625 24.924),USMCOB-RC4215
USMCOB,"BUOY #48, GLPT. SHIP CHANNEL",30.298,-89.037,0.69,,FL,0.74,TL,1990-09-15 00:00:00.000,USM,1,USMCOB-RC4223,2026-05-05 00:00:00.000,UTC,1990,9,15,258,"00:00:00",,POINT(-89.037 30.298),USMCOB-RC4223
USMCOB,"OFF JUPITER, FL",26.944,-80.07,1.02,,TL,,,1991-07-13 00:00:00.000,USM,2,USMCOB-RC4223,2026-05-05 00:00:00.000,UTC,1991,7,13,194,"00:00:00",,POINT(-80.07 26.944),USMCOB-RC4223
USMCOB,"4.5 mi Se Destin Pass",30.341,-86.45,1.27,,FL,1.37,TL,2005-05-07 00:00:00.000,USM,1,USMCOB-RC42281,2026-05-05 00:00:00.000,UTC,2005,5,7,127,"00:00:00",,POINT(-86.45 30.341),USMCOB-RC42281
USMCOB,near shallow field off Chandeleur I,29.544,-88.677,1.47,,TL,,,2005-05-17 00:00:00.000,USM,2,USMCOB-RC42281,2026-05-05 00:00:00.000,UTC,2005,5,17,137,"00:00:00",,POINT(-88.677 29.544),USMCOB-RC42281
USMCOB,Pensacola,30.315,-87.203,0.69,,FL,0.76,TL,2005-04-14 00:00:00.000,USM,1,USMCOB-RC42374,2026-05-05 00:00:00.000,UTC,2005,4,14,104,"00:00:00",,POINT(-87.203 30.315),USMCOB-RC42374
USMCOB,"30 ml S of Port Fourchon",28.6615,-90.2,,,,,,2009-06-02 00:00:00.000,USM,2,USMCOB-RC42374,2026-05-05 00:00:00.000,UTC,2009,6,2,153,"00:00:00",,POINT(-90.2 28.6615),USMCOB-RC42374
USMCOB,GULFPORT SHIP CHANNEL,30.349,-89.083,0.51,,FL,0.56,TL,1991-07-31 00:00:00.000,USM,1,USMCOB-RC4247,2026-05-05 00:00:00.000,UTC,1991,7,31,212,"00:00:00",,POINT(-89.083 30.349),USMCOB-RC4247
USMCOB,"22 MI. SW. OF DESTIN, FL PASS",30.156,-86.77,0.71,,FL,,,1991-11-07 00:00:00.000,USM,2,USMCOB-RC4247,2026-05-05 00:00:00.000,UTC,1991,11,7,311,"00:00:00",,POINT(-86.77 30.156),USMCOB-RC4247
USMCOB,"2920.801N 8816.923W rig 265",29.346683,-88.28205,0.91,,FL,0.99,TL,2006-05-05 00:00:00.000,USM,1,USMCOB-RC42512,2026-05-05 00:00:00.000,UTC,2006,5,5,125,"00:00:00",,POINT(-88.28205 29.346683),USMCOB-RC42512
USMCOB,"SE of Perdido Pass, FL - speared",30.288,-87.427,1.09,,FL,1.17,TL,2006-09-16 00:00:00.000,USM,2,USMCOB-RC42512,2026-05-05 00:00:00.000,UTC,2006,9,16,259,"00:00:00",,POINT(-87.427 30.288),USMCOB-RC42512
USMCOB,"2937.78N 8842.10W",29.629667,-88.701667,0.76,,FL,0.83,TL,2007-04-29 00:00:00.000,USM,1,USMCOB-RC42518,2026-05-05 00:00:00.000,UTC,2007,4,29,119,"00:00:00",,POINT(-88.701667 29.629667),USMCOB-RC42518
USMCOB,"12 ml south of west end (Dauph.I?)",30.05,-88.307,0.8,,FL,0.89,TL,2007-07-21 00:00:00.000,USM,2,USMCOB-RC42518,2026-05-05 00:00:00.000,UTC,2007,7,21,202,"00:00:00",,POINT(-88.307 30.05),USMCOB-RC42518
USMCOB,Pensacola,30.315,-87.203,0.89,,FL,1.02,TL,2006-04-12 00:00:00.000,USM,1,USMCOB-RC42574,2026-05-05 00:00:00.000,UTC,2006,4,12,102,"00:00:00",,POINT(-87.203 30.315),USMCOB-RC42574
USMCOB,"off Cocodrie, LA",29.239,-90.66,,,,,,2008-04-26 00:00:00.000,USM,2,USMCOB-RC42574,2026-05-05 00:00:00.000,UTC,2008,4,26,117,"00:00:00",,POINT(-90.66 29.239),USMCOB-RC42574
USMCOB,north of St. Lucie Inlet,27.171,-80.15,,,,,,2008-08-05 00:00:00.000,USM,2,USMCOB-RC46088,2026-05-05 00:00:00.000,UTC,2008,8,5,218,"00:00:00",,POINT(-80.15 27.171),USMCOB-RC46088
USMCOB,Pensacola Beach,30.315,-87.203,0.99,,FL,1.07,TL,2005-04-27 00:00:00.000,USM,1,USMCOB-RC42795,2026-05-05 00:00:00.000,UTC,2005,4,27,117,"00:00:00",,POINT(-87.203 30.315),USMCOB-RC42795
USMCOB,"Cameron/Intercoastal City, 80 mls",28.46,-92.8,,,,,,2005-07-07 00:00:00.000,USM,2,USMCOB-RC42795,2026-05-05 00:00:00.000,UTC,2005,7,7,188,"00:00:00",,POINT(-92.8 28.46),USMCOB-RC42795
USMCOB,Siesta Key,27.26,-82.55,0.76,,FL,0.84,TL,2006-02-22 00:00:00.000,USM,1,USMCOB-RC42816,2026-05-05 00:00:00.000,UTC,2006,2,22,53,"00:00:00",,POINT(-82.55 27.26),USMCOB-RC42816
USMCOB,"Ochlockonee R mouth, Carrabelle, FL",29.794,-84.876,0.76,,FL,,,2006-06-20 00:00:00.000,USM,2,USMCOB-RC42816,2026-05-05 00:00:00.000,UTC,2006,6,20,171,"00:00:00",,POINT(-84.876 29.794),USMCOB-RC42816
USMCOB,Siesta Key,27.26,-82.55,0.84,,FL,0.91,TL,2006-02-23 00:00:00.000,USM,1,USMCOB-RC42817,2026-05-05 00:00:00.000,UTC,2006,2,23,54,"00:00:00",,POINT(-82.55 27.26),USMCOB-RC42817
USMCOB,"off Englewood, FL",26.95,-82.38,1.31,,FL,,,2008-03-13 00:00:00.000,USM,2,USMCOB-RC42817,2026-05-05 00:00:00.000,UTC,2008,3,13,73,"00:00:00",,POINT(-82.38 26.95),USMCOB-RC42817
USMCOB,"9 ml E Port Canaveral",28.409854,-80.4398,0.86,,FL,,,2008-03-14 00:00:00.000,USM,1,USMCOB-RC42821,2026-05-05 00:00:00.000,UTC,2008,3,14,74,"00:00:00",,POINT(-80.4398 28.409854),USMCOB-RC42821
USMCOB,"off St. Augustine, FL",29.902,-81.255,0.97,,FL,,,2009-08-07 00:00:00.000,USM,2,USMCOB-RC42821,2026-05-05 00:00:00.000,UTC,2009,8,7,219,"00:00:00",,POINT(-81.255 29.902),USMCOB-RC42821
USMCOB,"Tip of Cape Port Canavral, FL",28.45,-80.52,0.84,,FL,,,2009-07-25 00:00:00.000,USM,1,USMCOB-RC42823,2026-05-05 00:00:00.000,UTC,2009,7,25,206,"00:00:00",,POINT(-80.52 28.45),USMCOB-RC42823
USMCOB,"23 miles off Port Canaveral",28.406,-80.209,0.88,,FL,,,2010-05-29 00:00:00.000,USM,2,USMCOB-RC42823,2026-05-05 00:00:00.000,UTC,2010,5,29,149,"00:00:00",,POINT(-80.209 28.406),USMCOB-RC42823
USMCOB,FAREWELL BUOY(DOG KEYS PASS)MS,30.215,-88.791,0.53,,FL,0.58,TL,1990-08-21 00:00:00.000,USM,1,USMCOB-RC4283,2026-05-05 00:00:00.000,UTC,1990,8,21,233,"00:00:00",,POINT(-88.791 30.215),USMCOB-RC4283
USMCOB,"25 MI. S. DAUPHIN ISL. AL",29.886,-88.215,1.12,,FL,,,1994-06-14 00:00:00.000,USM,2,USMCOB-RC4283,2026-05-05 00:00:00.000,UTC,1994,6,14,165,"00:00:00",,POINT(-88.215 29.886),USMCOB-RC4283
USMCOB,West Delta 24,29.141,-89.53,1.17,,FL,1.27,TL,2014-09-14 00:00:00.000,USM,1,USMCOB-RC43013,2026-05-05 00:00:00.000,UTC,2014,9,14,257,"00:00:00",,POINT(-89.53 29.141),USMCOB-RC43013
USMCOB,West Delta  27,29.137,-89.532,1.27,,TL,,,2015-11-05 00:00:00.000,USM,2,USMCOB-RC43013,2026-05-05 00:00:00.000,UTC,2015,11,5,309,"00:00:00",,POINT(-89.532 29.137),USMCOB-RC43013
USMCOB,"2855.504 8244.250",28.925067,-82.7375,0.66,,FL,0.72,TL,2008-07-05 00:00:00.000,USM,1,USMCOB-RC43064,2026-05-05 00:00:00.000,UTC,2008,7,5,187,"00:00:00",,POINT(-82.7375 28.925067),USMCOB-RC43064
USMCOB,"Apollo Beach, FL",27.785,-82.428,0.91,,FL,0.99,TL,2010-01-24 00:00:00.000,USM,2,USMCOB-RC43064,2026-05-05 00:00:00.000,UTC,2010,1,24,24,"00:00:00",,POINT(-82.428 27.785),USMCOB-RC43064
USMCOB,"10 MILES SE. OF DAUPHIN ISLAND",30.140823,-87.981352,0.56,,FL,0.62,TL,1990-05-05 00:00:00.000,USM,1,USMCOB-RC4315,2026-05-05 00:00:00.000,UTC,1990,5,5,125,"00:00:00",,POINT(-87.981352 30.140823),USMCOB-RC4315
USMCOB,"10 MI. S. OF ORANGE BEACH, AL",30.121,-87.586,0.8,,FL,0.99,TL,1990-10-31 00:00:00.000,USM,2,USMCOB-RC4315,2026-05-05 00:00:00.000,UTC,1990,10,31,304,"00:00:00",,POINT(-87.586 30.121),USMCOB-RC4315
USMCOB,Pensacola Beach,30.315,-87.203,1.22,,FL,1.3,TL,2005-04-27 00:00:00.000,USM,1,USMCOB-RC43323,2026-05-05 00:00:00.000,UTC,2005,4,27,117,"00:00:00",,POINT(-87.203 30.315),USMCOB-RC43323
USMCOB,"Navarre Beach, FL",30.378,-86.862,1.21,,FL,1.32,TL,2006-04-14 00:00:00.000,USM,2,USMCOB-RC43323,2026-05-05 00:00:00.000,UTC,2006,4,14,104,"00:00:00",,POINT(-86.862 30.378),USMCOB-RC43323
USMCOB,"Perdido Pass, FL",30.28,-87.55,,,,,,2006-04-15 00:00:00.000,USM,1,USMCOB-RC43435,2026-05-05 00:00:00.000,UTC,2006,4,15,105,"00:00:00",,POINT(-87.55 30.28),USMCOB-RC43435
USMCOB,"Orange Beach, AL",30.26,-87.58,0.74,,FL,0.84,TL,2007-04-25 00:00:00.000,USM,2,USMCOB-RC43435,2026-05-05 00:00:00.000,UTC,2007,4,25,115,"00:00:00",,POINT(-87.58 30.26),USMCOB-RC43435
USMCOB,"City Pier, PCB, FL",30.212,-85.88,0.79,,FL,0.89,TL,2015-04-14 00:00:00.000,USM,1,USMCOB-RC43447,2026-05-05 00:00:00.000,UTC,2015,4,14,104,"00:00:00",,POINT(-85.88 30.212),USMCOB-RC43447
USMCOB,"Navarre Beach, FL - 6 mi. W",30.378,-86.862,0.94,,TL,,,2016-04-09 00:00:00.000,USM,2,USMCOB-RC43447,2026-05-05 00:00:00.000,UTC,2016,4,9,100,"00:00:00",,POINT(-86.862 30.378),USMCOB-RC43447
USMCOB,"Lido Key, Sarasota",27.291,-82.576,0.81,,FL,0.88,TL,2006-04-18 00:00:00.000,USM,1,USMCOB-RC43472,2026-05-05 00:00:00.000,UTC,2006,4,18,108,"00:00:00",,POINT(-82.576 27.291),USMCOB-RC43472
USMCOB,"Naples, FL  E",26.14,-81.81,0.99,,TL,,,2007-01-24 00:00:00.000,USM,2,USMCOB-RC43472,2026-05-05 00:00:00.000,UTC,2007,1,24,24,"00:00:00",,POINT(-81.81 26.14),USMCOB-RC43472
USMCOB,"Lido Key, Sarasota",27.291,-82.576,0.79,,FL,0.88,TL,2006-04-18 00:00:00.000,USM,1,USMCOB-RC43473,2026-05-05 00:00:00.000,UTC,2006,4,18,108,"00:00:00",,POINT(-82.576 27.291),USMCOB-RC43473
USMCOB,"Cedar Key, FL",29.091613,-83.038337,0.89,,TL,,,2007-06-16 00:00:00.000,USM,2,USMCOB-RC43473,2026-05-05 00:00:00.000,UTC,2007,6,16,167,"00:00:00",,POINT(-83.038337 29.091613),USMCOB-RC43473
USMCOB,"Lido Key, Sarasota",27.291,-82.576,1.04,,FL,1.19,TL,2006-04-19 00:00:00.000,USM,1,USMCOB-RC43477,2026-05-05 00:00:00.000,UTC,2006,4,19,109,"00:00:00",,POINT(-82.576 27.291),USMCOB-RC43477
USMCOB,Lido Key,27.291,-82.576,,,,,,2006-04-21 00:00:00.000,USM,2,USMCOB-RC43477,2026-05-05 00:00:00.000,UTC,2006,4,21,111,"00:00:00",,POINT(-82.576 27.291),USMCOB-RC43477
USMCOB,"Lido Key, Sarasota",27.291,-82.576,0.74,,FL,0.81,TL,2006-04-21 00:00:00.000,USM,1,USMCOB-RC43483,2026-05-05 00:00:00.000,UTC,2006,4,21,111,"00:00:00",,POINT(-82.576 27.291),USMCOB-RC43483
USMCOB,"5 miles off Marco I. on reef",25.901,-81.806,0.91,,FL,0.99,TL,2006-11-29 00:00:00.000,USM,2,USMCOB-RC43483,2026-05-05 00:00:00.000,UTC,2006,11,29,333,"00:00:00",,POINT(-81.806 25.901),USMCOB-RC43483
USMCOB,Siesta Key,27.26,-82.55,0.83,,FL,0.89,TL,2007-03-10 00:00:00.000,USM,1,USMCOB-RC43489,2026-05-05 00:00:00.000,UTC,2007,3,10,69,"00:00:00",,POINT(-82.55 27.26),USMCOB-RC43489
USMCOB,Tampa Bay - NE side,27.9,-82.453,0.89,,FL,,,2007-06-08 00:00:00.000,USM,2,USMCOB-RC43489,2026-05-05 00:00:00.000,UTC,2007,6,8,159,"00:00:00",,POINT(-82.453 27.9),USMCOB-RC43489
USMCOB,Shallow Field,29.718,-88.797,1.02,,FL,,,2006-09-10 00:00:00.000,USM,1,USMCOB-RC43493,2026-05-05 00:00:00.000,UTC,2006,9,10,253,"00:00:00",,POINT(-88.797 29.718),USMCOB-RC43493
USMCOB,West Delta 34-2,29.142,-89.759,1.2,,TL,,,2008-05-10 00:00:00.000,USM,2,USMCOB-RC43493,2026-05-05 00:00:00.000,UTC,2008,5,10,131,"00:00:00",,POINT(-89.759 29.142),USMCOB-RC43493
USMCOB,Siesta Key,27.26,-82.55,0.71,,FL,0.79,TL,2006-03-04 00:00:00.000,USM,1,USMCOB-RC43509,2026-05-05 00:00:00.000,UTC,2006,3,4,63,"00:00:00",,POINT(-82.55 27.26),USMCOB-RC43509
USMCOB,"S. Mat Lacha Pass, Sanibel I.",26.511,-82.06,0.97,,FL,,,2007-04-25 00:00:00.000,USM,2,USMCOB-RC43509,2026-05-05 00:00:00.000,UTC,2007,4,25,115,"00:00:00",,POINT(-82.06 26.511),USMCOB-RC43509
USMCOB,Siesta Key,27.26,-82.55,0.79,,FL,0.86,TL,2006-03-04 00:00:00.000,USM,1,USMCOB-RC43512,2026-05-05 00:00:00.000,UTC,2006,3,4,63,"00:00:00",,POINT(-82.55 27.26),USMCOB-RC43512
USMCOB,"St. Marks, FL",30.074,-84.185,0.79,,FL,,,2006-05-05 00:00:00.000,USM,2,USMCOB-RC43512,2026-05-05 00:00:00.000,UTC,2006,5,5,125,"00:00:00",,POINT(-84.185 30.074),USMCOB-RC43512
USMCOB,"Lido Key, Sarasota",27.291,-82.576,0.88,,FL,0.98,TL,2006-04-17 00:00:00.000,USM,1,USMCOB-RC43520,2026-05-05 00:00:00.000,UTC,2006,4,17,107,"00:00:00",,POINT(-82.576 27.291),USMCOB-RC43520
USMCOB,"outside marker, St. Marks River",30.017,-84.175,0.88,,FL,,,2006-06-09 00:00:00.000,USM,2,USMCOB-RC43520,2026-05-05 00:00:00.000,UTC,2006,6,9,160,"00:00:00",,POINT(-84.175 30.017),USMCOB-RC43520
USMCOB,Block 93 South of Chandeleur,28.891167,-90.811167,0.99,,TL,,,2007-05-05 00:00:00.000,USM,1,USMCOB-RC43594,2026-05-05 00:00:00.000,UTC,2007,5,5,125,"00:00:00",,POINT(-90.811167 28.891167),USMCOB-RC43594
USMCOB,Chandeleur shallow field,29.544,-88.677,1.05,,TL,,,2007-05-09 00:00:00.000,USM,2,USMCOB-RC43594,2026-05-05 00:00:00.000,UTC,2007,5,9,129,"00:00:00",,POINT(-88.677 29.544),USMCOB-RC43594
USMCOB,West Cameron 148-1,29.4286,-93.360353,0.66,,FL,0.72,TL,2005-07-16 00:00:00.000,USM,1,USMCOB-RC43669,2026-05-05 00:00:00.000,UTC,2005,7,16,197,"00:00:00",,POINT(-93.360353 29.4286),USMCOB-RC43669
USMCOB,"S. Padre Island, TX",26.113,-97.15,,,,,,2006-06-07 00:00:00.000,USM,2,USMCOB-RC43669,2026-05-05 00:00:00.000,UTC,2006,6,7,158,"00:00:00",,POINT(-97.15 26.113),USMCOB-RC43669
USMCOB,Pensacola Beach,30.315,-87.203,0.89,,FL,,,2006-04-10 00:00:00.000,USM,1,USMCOB-RC44005,2026-05-05 00:00:00.000,UTC,2006,4,10,100,"00:00:00",,POINT(-87.203 30.315),USMCOB-RC44005
USMCOB,Grand Isle 86,28.662,-90.11,1.12,,TL,,,2006-06-03 00:00:00.000,USM,2,USMCOB-RC44005,2026-05-05 00:00:00.000,UTC,2006,6,3,154,"00:00:00",,POINT(-90.11 28.662),USMCOB-RC44005
USMCOB,SOUTH OF GETTY RIGS,29.544,-88.677,0.56,,FL,0.61,TL,1990-09-02 00:00:00.000,USM,1,USMCOB-RC4401,2026-05-05 00:00:00.000,UTC,1990,9,2,245,"00:00:00",,POINT(-88.677 29.544),USMCOB-RC4401
USMCOB,"MAIN PASS, BLOCK 296 (OFF LA)",29.255,-88.66,0.84,,FL,0.89,TL,1992-02-09 00:00:00.000,USM,2,USMCOB-RC4401,2026-05-05 00:00:00.000,UTC,1992,2,9,40,"00:00:00",,POINT(-88.66 29.255),USMCOB-RC4401
USMCOB,Pensacola Beach,30.315,-87.203,0.91,,FL,,,2006-04-21 00:00:00.000,USM,1,USMCOB-RC44016,2026-05-05 00:00:00.000,UTC,2006,4,21,111,"00:00:00",,POINT(-87.203 30.315),USMCOB-RC44016
USMCOB,Ship Shoal 200,28.537,-91.309,,,,,,2007-06-10 00:00:00.000,USM,2,USMCOB-RC44016,2026-05-05 00:00:00.000,UTC,2007,6,10,161,"00:00:00",,POINT(-91.309 28.537),USMCOB-RC44016
USMCOB,Pensacola Beach,30.315,-87.203,1.02,,FL,,,2006-04-21 00:00:00.000,USM,1,USMCOB-RC44017,2026-05-05 00:00:00.000,UTC,2006,4,21,111,"00:00:00",,POINT(-87.203 30.315),USMCOB-RC44017
USMCOB,"45 miles due S of Horn I",29.571,-88.672,1.27,,FL,,,2006-06-09 00:00:00.000,USM,2,USMCOB-RC44017,2026-05-05 00:00:00.000,UTC,2006,6,9,160,"00:00:00",,POINT(-88.672 29.571),USMCOB-RC44017
USMCOB,Navarre Beach,30.378,-86.862,0.99,,FL,,,2006-04-22 00:00:00.000,USM,1,USMCOB-RC44018,2026-05-05 00:00:00.000,UTC,2006,4,22,112,"00:00:00",,POINT(-86.862 30.378),USMCOB-RC44018
USMCOB,Shallow Field Block 90,29.67,-88.8,1.02,,FL,,,2006-06-30 00:00:00.000,USM,2,USMCOB-RC44018,2026-05-05 00:00:00.000,UTC,2006,6,30,181,"00:00:00",,POINT(-88.8 29.67),USMCOB-RC44018
USMCOB,"Navarre Beach, FL",30.378,-86.862,0.66,,FL,0.74,TL,2007-04-20 00:00:00.000,USM,1,USMCOB-RC44054,2026-05-05 00:00:00.000,UTC,2007,4,20,110,"00:00:00",,POINT(-86.862 30.378),USMCOB-RC44054
USMCOB,Grand Isle 82       E,28.7,-89.97,0.99,,FL,,,2008-06-12 00:00:00.000,USM,2,USMCOB-RC44054,2026-05-05 00:00:00.000,UTC,2008,6,12,164,"00:00:00",,POINT(-89.97 28.7),USMCOB-RC44054
USMCOB,"Navarre Beach, FL",30.378,-86.862,0.97,,FL,1.07,TL,2007-04-21 00:00:00.000,USM,1,USMCOB-RC44056,2026-05-05 00:00:00.000,UTC,2007,4,21,111,"00:00:00",,POINT(-86.862 30.378),USMCOB-RC44056
USMCOB,South Marsh Island 33,28.834,-91.95,,,,,,2008-06-14 00:00:00.000,USM,2,USMCOB-RC44056,2026-05-05 00:00:00.000,UTC,2008,6,14,166,"00:00:00",,POINT(-91.95 28.834),USMCOB-RC44056
USMCOB,"Navarre Beach, FL",30.378,-86.862,0.66,,FL,0.74,TL,2007-04-22 00:00:00.000,USM,1,USMCOB-RC44057,2026-05-05 00:00:00.000,UTC,2007,4,22,112,"00:00:00",,POINT(-86.862 30.378),USMCOB-RC44057
USMCOB,"3006.700N 8725.300W",30.112,-87.422,,,,,,2007-09-01 00:00:00.000,USM,2,USMCOB-RC44057,2026-05-05 00:00:00.000,UTC,2007,9,1,244,"00:00:00",,POINT(-87.422 30.112),USMCOB-RC44057
USMCOB,"Pensacola Beach, FL",30.315,-87.203,0.58,,FL,0.66,TL,2007-04-22 00:00:00.000,USM,1,USMCOB-RC44059,2026-05-05 00:00:00.000,UTC,2007,4,22,112,"00:00:00",,POINT(-87.203 30.315),USMCOB-RC44059
USMCOB,Main Pass 265 rig,29.332,-88.296,1.21,,FL,,,2013-05-10 00:00:00.000,USM,2,USMCOB-RC44059,2026-05-05 00:00:00.000,UTC,2013,5,10,130,"00:00:00",,POINT(-88.296 29.332),USMCOB-RC44059
USMCOB,RIGS OFF S. END OF CHAND. ISL.,29.544,-88.677,0.84,,FL,0.91,TL,1991-07-27 00:00:00.000,USM,1,USMCOB-RC4408,2026-05-05 00:00:00.000,UTC,1991,7,27,208,"00:00:00",,POINT(-88.677 29.544),USMCOB-RC4408
USMCOB,"GETTY RIGS,S. OF CHANDELEUR I.",29.544,-88.677,0.86,,FL,,,1991-08-04 00:00:00.000,USM,2,USMCOB-RC4408,2026-05-05 00:00:00.000,UTC,1991,8,4,216,"00:00:00",,POINT(-88.677 29.544),USMCOB-RC4408
USMCOB,Pensacola Beach,30.315,-87.203,0.97,,FL,1.07,TL,2006-04-26 00:00:00.000,USM,1,USMCOB-RC44090,2026-05-05 00:00:00.000,UTC,2006,4,26,116,"00:00:00",,POINT(-87.203 30.315),USMCOB-RC44090
USMCOB,S Timbalier 100,28.689,-90.679,0.94,,FL,,,2006-07-14 00:00:00.000,USM,2,USMCOB-RC44090,2026-05-05 00:00:00.000,UTC,2006,7,14,195,"00:00:00",,POINT(-90.679 28.689),USMCOB-RC44090
USMCOB,"Phillips Inlet, FL",30.271,-85.986,0.95,,FL,,,2007-04-23 00:00:00.000,USM,1,USMCOB-RC44093,2026-05-05 00:00:00.000,UTC,2007,4,23,113,"00:00:00",,POINT(-85.986 30.271),USMCOB-RC44093
USMCOB,Pensacola Beach,30.333,-87.15,0.99,,FL,1.09,TL,2007-04-24 00:00:00.000,USM,2,USMCOB-RC44093,2026-05-05 00:00:00.000,UTC,2007,4,24,114,"00:00:00",,POINT(-87.15 30.333),USMCOB-RC44093
USMCOB,Pensacola Beach,30.315,-87.203,1.07,,FL,1.17,TL,2006-04-07 00:00:00.000,USM,1,USMCOB-RC44155,2026-05-05 00:00:00.000,UTC,2006,4,7,97,"00:00:00",,POINT(-87.203 30.315),USMCOB-RC44155
USMCOB,"off Cocodrie, LA",29.239,-90.66,,,,,,2007-06-14 00:00:00.000,USM,2,USMCOB-RC44155,2026-05-05 00:00:00.000,UTC,2007,6,14,165,"00:00:00",,POINT(-90.66 29.239),USMCOB-RC44155
USMCOB,Pensacola Beach,30.315,-87.203,1.02,,FL,1.12,TL,2006-04-08 00:00:00.000,USM,1,USMCOB-RC44156,2026-05-05 00:00:00.000,UTC,2006,4,8,98,"00:00:00",,POINT(-87.203 30.315),USMCOB-RC44156
USMCOB,"15 ml off Dauphin Island",30.031,-88.215,1.22,,TL,,,2007-07-14 00:00:00.000,USM,2,USMCOB-RC44156,2026-05-05 00:00:00.000,UTC,2007,7,14,195,"00:00:00",,POINT(-88.215 30.031),USMCOB-RC44156
USMCOB,Pensacola Beach,30.315,-87.203,1.07,,FL,1.14,TL,2006-04-19 00:00:00.000,USM,1,USMCOB-RC44178,2026-05-05 00:00:00.000,UTC,2006,4,19,109,"00:00:00",,POINT(-87.203 30.315),USMCOB-RC44178
USMCOB,"Destin, FL",30.38,-86.5,1.23,,FL,,,2010-04-13 00:00:00.000,USM,2,USMCOB-RC44178,2026-05-05 00:00:00.000,UTC,2010,4,13,103,"00:00:00",,POINT(-86.5 30.38),USMCOB-RC44178
USMCOB,Pensacola Beach,30.315,-87.203,,,,,,2006-04-22 00:00:00.000,USM,1,USMCOB-RC44181,2026-05-05 00:00:00.000,UTC,2006,4,22,112,"00:00:00",,POINT(-87.203 30.315),USMCOB-RC44181
USMCOB,"Orange Beach, AL",30.267,-87.585,1.02,,TL,,,2006-04-25 00:00:00.000,USM,2,USMCOB-RC44181,2026-05-05 00:00:00.000,UTC,2006,4,25,115,"00:00:00",,POINT(-87.585 30.267),USMCOB-RC44181
USMCOB,Pensacola Beach,30.315,-87.203,0.84,,FL,0.91,TL,2006-04-28 00:00:00.000,USM,1,USMCOB-RC44186,2026-05-05 00:00:00.000,UTC,2006,4,28,118,"00:00:00",,POINT(-87.203 30.315),USMCOB-RC44186
USMCOB,Ship Shoal 214,28.498,-91.872,0.91,,TL,,,2006-07-03 00:00:00.000,USM,2,USMCOB-RC44186,2026-05-05 00:00:00.000,UTC,2006,7,3,184,"00:00:00",,POINT(-91.872 28.498),USMCOB-RC44186
USMCOB,Pensacola Beach,30.315,-87.203,1.14,,FL,1.22,TL,2006-05-01 00:00:00.000,USM,1,USMCOB-RC44197,2026-05-05 00:00:00.000,UTC,2006,5,1,121,"00:00:00",,POINT(-87.203 30.315),USMCOB-RC44197
USMCOB,"15 miles off Clearwater (60')",28.001,-83.074,,,,,,2008-11-08 00:00:00.000,USM,2,USMCOB-RC44197,2026-05-05 00:00:00.000,UTC,2008,11,8,313,"00:00:00",,POINT(-83.074 28.001),USMCOB-RC44197
USMCOB,"Phillips Inlet, PCB",30.271,-85.986,0.84,,FL,,,2006-04-28 00:00:00.000,USM,1,USMCOB-RC44202,2026-05-05 00:00:00.000,UTC,2006,4,28,118,"00:00:00",,POINT(-85.986 30.271),USMCOB-RC44202
USMCOB,"10 miles off Gordon Pass, Naples",26.087,-81.834,0.94,,FL,,,2006-10-12 00:00:00.000,USM,2,USMCOB-RC44202,2026-05-05 00:00:00.000,UTC,2006,10,12,285,"00:00:00",,POINT(-81.834 26.087),USMCOB-RC44202
USMCOB,Seagrove,30.316,-86.131,1.02,,FL,1.12,TL,2007-04-20 00:00:00.000,USM,1,USMCOB-RC44204,2026-05-05 00:00:00.000,UTC,2007,4,20,110,"00:00:00",,POINT(-86.131 30.316),USMCOB-RC44204
USMCOB,Panama City,30.212,-85.88,,,,,,2010-04-11 00:00:00.000,USM,2,USMCOB-RC44204,2026-05-05 00:00:00.000,UTC,2010,4,11,101,"00:00:00",,POINT(-85.88 30.212),USMCOB-RC44204
USMCOB,Seagrove,30.316,-86.131,0.95,,FL,,,2007-04-22 00:00:00.000,USM,1,USMCOB-RC44206,2026-05-05 00:00:00.000,UTC,2007,4,22,112,"00:00:00",,POINT(-86.131 30.316),USMCOB-RC44206
USMCOB,Liberty Ship 8 miles off Destin,30.30627,-86.6037,0.89,,TL,,,2007-04-26 00:00:00.000,USM,2,USMCOB-RC44206,2026-05-05 00:00:00.000,UTC,2007,4,26,116,"00:00:00",,POINT(-86.6037 30.30627),USMCOB-RC44206
USMCOB,"47045.0 / 12430.0",30.085,-88.57333,0.57,,FL,0.64,TL,1990-06-16 00:00:00.000,USM,1,USMCOB-RC4421,2026-05-05 00:00:00.000,UTC,1990,6,16,167,"00:00:00",,POINT(-88.57333 30.085),USMCOB-RC4421
USMCOB,"PASCAGOULA SHIP CHANNEL, MS",30.241,-88.506,0.86,,FL,,,1991-08-03 00:00:00.000,USM,2,USMCOB-RC4421,2026-05-05 00:00:00.000,UTC,1991,8,3,215,"00:00:00",,POINT(-88.506 30.241),USMCOB-RC4421
USMCOB,Panama City Beach,30.212,-85.88,0.99,,FL,1.12,TL,2006-04-12 00:00:00.000,USM,1,USMCOB-RC44210,2026-05-05 00:00:00.000,UTC,2006,4,12,102,"00:00:00",,POINT(-85.88 30.212),USMCOB-RC44210
USMCOB,"Orange Beach, AL   E",30.267,-87.585,1.09,,TL,,,2006-04-13 00:00:00.000,USM,2,USMCOB-RC44210,2026-05-05 00:00:00.000,UTC,2006,4,13,103,"00:00:00",,POINT(-87.585 30.267),USMCOB-RC44210
USMCOB,"47030.0 / 12280.0",30.02667,-88.82167,0.55,,FL,0.6,TL,1990-07-06 00:00:00.000,USM,1,USMCOB-RC4426,2026-05-05 00:00:00.000,UTC,1990,7,6,187,"00:00:00",,POINT(-88.82167 30.02667),USMCOB-RC4426
USMCOB,"35MI. OFF LOUISIANA",,,0.79,,FL,,,1992-12-12 00:00:00.000,USM,2,USMCOB-RC4426,2026-05-05 00:00:00.000,UTC,1992,12,12,347,"00:00:00",,POINT(nan nan),USMCOB-RC4426
USMCOB,"45 ml S of W end of Horn I.",29.589569,-88.77492,0.79,,FL,0.89,TL,2006-06-24 00:00:00.000,USM,1,USMCOB-RC44322,2026-05-05 00:00:00.000,UTC,2006,6,24,175,"00:00:00",,POINT(-88.77492 29.589569),USMCOB-RC44322
USMCOB,"Triple Rig, S of Petit Bois I.",30.083,-88.496,0.91,,FL,,,2007-04-20 00:00:00.000,USM,2,USMCOB-RC44322,2026-05-05 00:00:00.000,UTC,2007,4,20,110,"00:00:00",,POINT(-88.496 30.083),USMCOB-RC44322
USMCOB,"47030.0 / 12280.0",30.02667,-88.82167,0.65,,FL,0.71,TL,1990-07-07 00:00:00.000,USM,1,USMCOB-RC4433,2026-05-05 00:00:00.000,UTC,1990,7,7,188,"00:00:00",,POINT(-88.82167 30.02667),USMCOB-RC4433
USMCOB,"S. OF PETIT BOIS ISLAND, MS",30.202,-88.486,0.94,,TL,,,1990-11-03 00:00:00.000,USM,2,USMCOB-RC4433,2026-05-05 00:00:00.000,UTC,1990,11,3,307,"00:00:00",,POINT(-88.486 30.202),USMCOB-RC4433
USMCOB,"47080.0 / 12270.0",30.245,-88.83,0.61,,FL,0.67,TL,1990-07-21 00:00:00.000,USM,1,USMCOB-RC4439,2026-05-05 00:00:00.000,UTC,1990,7,21,202,"00:00:00",,POINT(-88.83 30.245),USMCOB-RC4439
USMCOB,"PENSACOLA BAY, FLORIDA",30.415,-87.134,0.74,,TL,,,1990-09-20 00:00:00.000,USM,2,USMCOB-RC4439,2026-05-05 00:00:00.000,UTC,1990,9,20,263,"00:00:00",,POINT(-87.134 30.415),USMCOB-RC4439
USMCOB,"12266.3 / 46914.9",29.55833,-88.88,0.61,,FL,0.66,TL,1991-07-16 00:00:00.000,USM,1,USMCOB-RC4453,2026-05-05 00:00:00.000,UTC,1991,7,16,197,"00:00:00",,POINT(-88.88 29.55833),USMCOB-RC4453
USMCOB,RIGS AT S END OF CHANDELEUR I.,29.718,-88.797,0.89,,FL,0.98,TL,1992-07-16 00:00:00.000,USM,2,USMCOB-RC4453,2026-05-05 00:00:00.000,UTC,1992,7,16,198,"00:00:00",,POINT(-88.797 29.718),USMCOB-RC4453
USMCOB,"12266.2 / 46915.0 (OFF E. LA)",29.56,-88.88,0.61,,FL,0.66,TL,1991-07-16 00:00:00.000,USM,1,USMCOB-RC4454,2026-05-05 00:00:00.000,UTC,1991,7,16,197,"00:00:00",,POINT(-88.88 29.56),USMCOB-RC4454
USMCOB,"7MI OFF MELBOURNE BCH,FL (ATL)",28.068,-80.556,,,,,,1991-11-25 00:00:00.000,USM,2,USMCOB-RC4454,2026-05-05 00:00:00.000,UTC,1991,11,25,329,"00:00:00",,POINT(-80.556 28.068),USMCOB-RC4454
USMCOB,Pensacola,30.315,-87.203,1.02,,FL,1.09,TL,2007-04-25 00:00:00.000,USM,1,USMCOB-RC44541,2026-05-05 00:00:00.000,UTC,2007,4,25,115,"00:00:00",,POINT(-87.203 30.315),USMCOB-RC44541
USMCOB,off Perdido Pass,30.288,-87.427,1.07,,FL,,,2008-03-30 00:00:00.000,USM,2,USMCOB-RC44541,2026-05-05 00:00:00.000,UTC,2008,3,30,90,"00:00:00",,POINT(-87.427 30.288),USMCOB-RC44541
USMCOB,Pensacola,30.315,-87.203,0.76,,FL,0.84,TL,2007-04-25 00:00:00.000,USM,1,USMCOB-RC44544,2026-05-05 00:00:00.000,UTC,2007,4,25,115,"00:00:00",,POINT(-87.203 30.315),USMCOB-RC44544
USMCOB,east of Navarre Pier,30.378,-86.862,1.05,,FL,1.14,TL,2012-04-07 00:00:00.000,USM,2,USMCOB-RC44544,2026-05-05 00:00:00.000,UTC,2012,4,7,98,"00:00:00",,POINT(-86.862 30.378),USMCOB-RC44544
USMCOB,"Pensacola, FL",30.315,-87.203,0.76,,FL,0.84,TL,2007-04-27 00:00:00.000,USM,1,USMCOB-RC44550,2026-05-05 00:00:00.000,UTC,2007,4,27,117,"00:00:00",,POINT(-87.203 30.315),USMCOB-RC44550
USMCOB,Naples,26.14,-81.81,0.89,,FL,0.99,TL,2006-11-13 00:00:00.000,USM,1,USMCOB-RC44553,2026-05-05 00:00:00.000,UTC,2006,11,13,317,"00:00:00",,POINT(-81.81 26.14),USMCOB-RC44553
USMCOB,"Crystal River, FL",28.915,-82.698,,,,,,2007-06-12 00:00:00.000,USM,2,USMCOB-RC44553,2026-05-05 00:00:00.000,UTC,2007,6,12,163,"00:00:00",,POINT(-82.698 28.915),USMCOB-RC44553
USMCOB,Naples,26.14,-81.81,0.89,,FL,0.97,TL,2006-11-13 00:00:00.000,USM,1,USMCOB-RC44554,2026-05-05 00:00:00.000,UTC,2006,11,13,317,"00:00:00",,POINT(-81.81 26.14),USMCOB-RC44554
USMCOB,"24 42.551N 81 58.645W",24.709183,-81.977417,0.94,,FL,,,2007-02-12 00:00:00.000,USM,2,USMCOB-RC44554,2026-05-05 00:00:00.000,UTC,2007,2,12,43,"00:00:00",,POINT(-81.977417 24.709183),USMCOB-RC44554
USMCOB,Naples,26.14,-81.81,0.91,,FL,1.04,TL,2006-08-18 00:00:00.000,USM,1,USMCOB-RC44560,2026-05-05 00:00:00.000,UTC,2006,8,18,230,"00:00:00",,POINT(-81.81 26.14),USMCOB-RC44560
USMCOB,north Miami Beach,25.928,-80.115,0.99,,FL,,,2006-10-28 00:00:00.000,USM,2,USMCOB-RC44560,2026-05-05 00:00:00.000,UTC,2006,10,28,301,"00:00:00",,POINT(-80.115 25.928),USMCOB-RC44560
USMCOB,Data Buoy,30.17167,-88.77167,0.69,,FL,0.76,TL,2006-09-16 00:00:00.000,USM,1,USMCOB-RC44612,2026-05-05 00:00:00.000,UTC,2006,9,16,259,"00:00:00",,POINT(-88.77167 30.17167),USMCOB-RC44612
USMCOB,MRGO,29.526,-89.169,0.97,,FL,1.08,TL,2007-12-13 00:00:00.000,USM,2,USMCOB-RC44612,2026-05-05 00:00:00.000,UTC,2007,12,13,347,"00:00:00",,POINT(-89.169 29.526),USMCOB-RC44612
USMCOB,#25 GPT channel,30.216,-88.996,0.85,,FL,0.94,TL,2006-09-27 00:00:00.000,USM,1,USMCOB-RC44661,2026-05-05 00:00:00.000,UTC,2006,9,27,270,"00:00:00",,POINT(-88.996 30.216),USMCOB-RC44661
USMCOB,"50 Miles SSW of Marco I.",25.256,-82.035,1.27,,TL,,,2008-05-13 00:00:00.000,USM,2,USMCOB-RC44661,2026-05-05 00:00:00.000,UTC,2008,5,13,134,"00:00:00",,POINT(-82.035 25.256),USMCOB-RC44661
USMCOB,Ship Island #32,30.24,-89.0,0.74,,FL,0.81,TL,2007-08-09 00:00:00.000,USM,1,USMCOB-RC44701,2026-05-05 00:00:00.000,UTC,2007,8,9,221,"00:00:00",,POINT(-89.0 30.24),USMCOB-RC44701
USMCOB,"2 miles N of Cat I - marker #7",30.281,-89.085,0.98,,TL,,,2008-08-03 00:00:00.000,USM,2,USMCOB-RC44701,2026-05-05 00:00:00.000,UTC,2008,8,3,216,"00:00:00",,POINT(-89.085 30.281),USMCOB-RC44701
USMCOB,"PILINGS N. OF SHIP ISLAND, MS",30.213,-88.966,0.66,,FL,0.72,TL,1991-07-25 00:00:00.000,USM,1,USMCOB-RC4475,2026-05-05 00:00:00.000,UTC,1991,7,25,206,"00:00:00",,POINT(-88.966 30.213),USMCOB-RC4475
USMCOB,"MARATHON, FL  (GULF SIDE)",24.726,-81.089,0.84,,FL,,,1991-12-15 00:00:00.000,USM,2,USMCOB-RC4475,2026-05-05 00:00:00.000,UTC,1991,12,15,349,"00:00:00",,POINT(-81.089 24.726),USMCOB-RC4475
USMCOB,"Pensacola, FL",30.315,-87.203,0.86,,FL,,,2007-04-27 00:00:00.000,USM,1,USMCOB-RC44794,2026-05-05 00:00:00.000,UTC,2007,4,27,117,"00:00:00",,POINT(-87.203 30.315),USMCOB-RC44794
USMCOB,"30 ml SE of Freeport, TX",28.647,-94.927,1.12,,TL,,,2009-04-22 00:00:00.000,USM,2,USMCOB-RC44794,2026-05-05 00:00:00.000,UTC,2009,4,22,112,"00:00:00",,POINT(-94.927 28.647),USMCOB-RC44794
USMCOB,"Pensacola, FL",30.315,-87.203,0.79,,FL,,,2007-04-29 00:00:00.000,USM,1,USMCOB-RC44802,2026-05-05 00:00:00.000,UTC,2007,4,29,119,"00:00:00",,POINT(-87.203 30.315),USMCOB-RC44802
USMCOB,rig 7 miles out of Mobile Bay,30.139,-88.078,0.86,,FL,,,2007-06-16 00:00:00.000,USM,2,USMCOB-RC44802,2026-05-05 00:00:00.000,UTC,2007,6,16,167,"00:00:00",,POINT(-88.078 30.139),USMCOB-RC44802
USMCOB,Destin,30.38,-86.5,1.02,,FL,1.09,TL,2007-05-02 00:00:00.000,USM,1,USMCOB-RC44841,2026-05-05 00:00:00.000,UTC,2007,5,2,122,"00:00:00",,POINT(-86.5 30.38),USMCOB-RC44841
USMCOB,West Delta 45,29.085,-89.628,0.98,,FL,,,2007-08-10 00:00:00.000,USM,2,USMCOB-RC44841,2026-05-05 00:00:00.000,UTC,2007,8,10,222,"00:00:00",,POINT(-89.628 29.085),USMCOB-RC44841
USMCOB,Pensacola,30.315,-87.203,0.84,,FL,0.91,TL,2007-05-03 00:00:00.000,USM,1,USMCOB-RC44849,2026-05-05 00:00:00.000,UTC,2007,5,3,123,"00:00:00",,POINT(-87.203 30.315),USMCOB-RC44849
USMCOB,"12 ml off Cape Canaveral",28.365,-80.4,1.26,,TL,,,2009-02-22 00:00:00.000,USM,2,USMCOB-RC44849,2026-05-05 00:00:00.000,UTC,2009,2,22,53,"00:00:00",,POINT(-80.4 28.365),USMCOB-RC44849
USMCOB,WRECK E. OF CHANDELEUR ISLANDS,29.911,-88.803,0.74,,FL,0.76,TL,1990-07-08 00:00:00.000,USM,1,USMCOB-RC4485,2026-05-05 00:00:00.000,UTC,1990,7,8,189,"00:00:00",,POINT(-88.803 29.911),USMCOB-RC4485
USMCOB,"MONKEY BAYOU RIGS,S. OF CHAND.",29.718,-88.797,0.79,,FL,0.86,TL,1990-09-08 00:00:00.000,USM,2,USMCOB-RC4485,2026-05-05 00:00:00.000,UTC,1990,9,8,251,"00:00:00",,POINT(-88.797 29.718),USMCOB-RC4485
USMCOB,Destin,30.38,-86.5,1.02,,FL,1.09,TL,2007-04-30 00:00:00.000,USM,1,USMCOB-RC44854,2026-05-05 00:00:00.000,UTC,2007,4,30,120,"00:00:00",,POINT(-86.5 30.38),USMCOB-RC44854
USMCOB,S curves - Pensacola,30.318,-87.228,1.12,,FL,1.24,TL,2007-05-02 00:00:00.000,USM,2,USMCOB-RC44854,2026-05-05 00:00:00.000,UTC,2007,5,2,122,"00:00:00",,POINT(-87.228 30.318),USMCOB-RC44854
USMCOB,Pensacola,30.315,-87.203,0.97,,FL,1.04,TL,2007-05-01 00:00:00.000,USM,1,USMCOB-RC44855,2026-05-05 00:00:00.000,UTC,2007,5,1,121,"00:00:00",,POINT(-87.203 30.315),USMCOB-RC44855
USMCOB,"Pensacola, FL",30.333,-87.15,1.19,,FL,,,2008-04-17 00:00:00.000,USM,2,USMCOB-RC44855,2026-05-05 00:00:00.000,UTC,2008,4,17,108,"00:00:00",,POINT(-87.15 30.333),USMCOB-RC44855
USMCOB,S Curves Pensacola,30.35,-87.0,0.97,,FL,1.09,TL,2008-04-28 00:00:00.000,USM,1,USMCOB-RC44868,2026-05-05 00:00:00.000,UTC,2008,4,28,119,"00:00:00",,POINT(-87.0 30.35),USMCOB-RC44868
USMCOB,"Destin, FL",30.38,-86.5,,,,,,2010-07-16 00:00:00.000,USM,2,USMCOB-RC44868,2026-05-05 00:00:00.000,UTC,2010,7,16,197,"00:00:00",,POINT(-86.5 30.38),USMCOB-RC44868
USMCOB,"Pensacola,Fl.",30.333,-87.15,1.09,,FL,1.17,TL,2011-04-19 00:00:00.000,USM,1,USMCOB-RC44885,2026-05-05 00:00:00.000,UTC,2011,4,19,109,"00:00:00",,POINT(-87.15 30.333),USMCOB-RC44885
USMCOB,"8 miles south of Fort Morgan",30.108169,-88.02109,1.02,,FL,,,2011-06-19 00:00:00.000,USM,2,USMCOB-RC44885,2026-05-05 00:00:00.000,UTC,2011,6,19,170,"00:00:00",,POINT(-88.02109 30.108169),USMCOB-RC44885
USMCOB,Pensacola,30.315,-87.203,0.84,,FL,0.91,TL,2007-05-03 00:00:00.000,USM,1,USMCOB-RC44907,2026-05-05 00:00:00.000,UTC,2007,5,3,123,"00:00:00",,POINT(-87.203 30.315),USMCOB-RC44907
USMCOB,N of Horseshoe Rigs,29.425,-88.615,1.02,,FL,1.14,TL,2009-05-01 00:00:00.000,USM,2,USMCOB-RC44907,2026-05-05 00:00:00.000,UTC,2009,5,1,121,"00:00:00",,POINT(-88.615 29.425),USMCOB-RC44907
USMCOB,"Destin Pass, FL - 20 mi. SSW",30.116,-86.648,0.83,,FL,,,2017-06-09 00:00:00.000,USM,1,USMCOB-RC44978,2026-05-05 00:00:00.000,UTC,2017,6,9,160,"00:00:00",,POINT(-86.648 30.116),USMCOB-RC44978
USMCOB,"Destin, FL 30 10, 86 19",30.167,-86.317,0.79,,FL,0.86,TL,2017-08-07 00:00:00.000,USM,2,USMCOB-RC44978,2026-05-05 00:00:00.000,UTC,2017,8,7,219,"00:00:00",,POINT(-86.317 30.167),USMCOB-RC44978
USMCOB,Siesta Key,27.26,-82.55,0.61,,FL,0.69,TL,2007-03-13 00:00:00.000,USM,1,USMCOB-RC45039,2026-05-05 00:00:00.000,UTC,2007,3,13,72,"00:00:00",,POINT(-82.55 27.26),USMCOB-RC45039
USMCOB,"Green Key Beach, Pasco County",28.253,-82.757,0.66,,FL,,,2007-05-27 00:00:00.000,USM,2,USMCOB-RC45039,2026-05-05 00:00:00.000,UTC,2007,5,27,147,"00:00:00",,POINT(-82.757 28.253),USMCOB-RC45039
USMCOB,"Seaside, FL",30.32,-86.144,0.56,,FL,0.61,TL,2008-07-16 00:00:00.000,USM,1,USMCOB-RC45078,2026-05-05 00:00:00.000,UTC,2008,7,16,198,"00:00:00",,POINT(-86.144 30.32),USMCOB-RC45078
USMCOB,"28.19.866/83.20.590",28.331,-83.343,0.74,,FL,0.79,TL,2010-07-10 00:00:00.000,USM,2,USMCOB-RC45078,2026-05-05 00:00:00.000,UTC,2010,7,10,191,"00:00:00",,POINT(-83.343 28.331),USMCOB-RC45078
USMCOB,lower FL Keys,24.5,-81.6,0.75,,FL,0.85,TL,2008-07-24 00:00:00.000,USM,1,USMCOB-RC45154,2026-05-05 00:00:00.000,UTC,2008,7,24,206,"00:00:00",,POINT(-81.6 24.5),USMCOB-RC45154
USMCOB,"15 miles N of Big Pine Key",24.963,-81.395,0.91,,FL,,,2009-07-18 00:00:00.000,USM,2,USMCOB-RC45154,2026-05-05 00:00:00.000,UTC,2009,7,18,199,"00:00:00",,POINT(-81.395 24.963),USMCOB-RC45154
USMCOB,Juno Pier,26.894,-80.054,0.71,,FL,0.81,TL,2008-01-30 00:00:00.000,USM,1,USMCOB-RC45320,2026-05-05 00:00:00.000,UTC,2008,1,30,30,"00:00:00",,POINT(-80.054 26.894),USMCOB-RC45320
USMCOB,"Jupiter, FL",26.944,-80.07,0.86,,FL,,,2008-12-18 00:00:00.000,USM,2,USMCOB-RC45320,2026-05-05 00:00:00.000,UTC,2008,12,18,353,"00:00:00",,POINT(-80.07 26.944),USMCOB-RC45320
USMCOB,"28 11' 60N 80 14' 37W",28.197222,-80.243611,0.72,,FL,0.81,TL,2008-11-28 00:00:00.000,USM,1,USMCOB-RC45330,2026-05-05 00:00:00.000,UTC,2008,11,28,333,"00:00:00",,POINT(-80.243611 28.197222),USMCOB-RC45330
USMCOB,off Sebastian Inlet,27.861,-80.447,0.97,,FL,,,2009-11-17 00:00:00.000,USM,2,USMCOB-RC45330,2026-05-05 00:00:00.000,UTC,2009,11,17,321,"00:00:00",,POINT(-80.447 27.861),USMCOB-RC45330
USMCOB,"Navarre, FL",30.378,-86.862,1.08,,FL,,,2019-04-15 00:00:00.000,USM,1,USMCOB-RC45456,2026-05-05 00:00:00.000,UTC,2019,4,15,105,"00:00:00",,POINT(-86.862 30.378),USMCOB-RC45456
USMCOB,Ship Shoal 178,28.61,-91.16,1.15,,TL,,,2019-07-07 00:00:00.000,USM,2,USMCOB-RC45456,2026-05-05 00:00:00.000,UTC,2019,7,7,188,"00:00:00",,POINT(-91.16 28.61),USMCOB-RC45456
USMCOB,"Navarre, FL",30.378,-86.862,0.94,,FL,1.02,TL,2016-04-18 00:00:00.000,USM,1,USMCOB-RC45495,2026-05-05 00:00:00.000,UTC,2016,4,18,109,"00:00:00",,POINT(-86.862 30.378),USMCOB-RC45495
USMCOB,"Freshwater Bayou Buoy, LA - 44 mi S",28.895,-92.306,0.94,,FL,,,2016-07-23 00:00:00.000,USM,2,USMCOB-RC45495,2026-05-05 00:00:00.000,UTC,2016,7,23,205,"00:00:00",,POINT(-92.306 28.895),USMCOB-RC45495
USMCOB,"Hurlburt, FL",30.393,-86.688,0.91,,FL,1.02,TL,2016-04-18 00:00:00.000,USM,1,USMCOB-RC45498,2026-05-05 00:00:00.000,UTC,2016,4,18,109,"00:00:00",,POINT(-86.688 30.393),USMCOB-RC45498
USMCOB,"28 42.95, 94 50.6",28.716,-94.843,0.89,,FL,,,2016-08-03 00:00:00.000,USM,2,USMCOB-RC45498,2026-05-05 00:00:00.000,UTC,2016,8,3,216,"00:00:00",,POINT(-94.843 28.716),USMCOB-RC45498
USMCOB,"Gulf Breeze, FL",30.354,-87.156,0.81,,FL,0.91,TL,2016-04-21 00:00:00.000,USM,1,USMCOB-RC45500,2026-05-05 00:00:00.000,UTC,2016,4,21,112,"00:00:00",,POINT(-87.156 30.354),USMCOB-RC45500
USMCOB,"Pensacola, FL",30.333,-87.15,0.84,,FL,0.94,TL,2016-04-22 00:00:00.000,USM,2,USMCOB-RC45500,2026-05-05 00:00:00.000,UTC,2016,4,22,113,"00:00:00",,POINT(-87.15 30.333),USMCOB-RC45500
USMCOB,East Pensacola Pier,30.315,-87.1,1.02,,FL,1.14,TL,2008-04-08 00:00:00.000,USM,1,USMCOB-RC45634,2026-05-05 00:00:00.000,UTC,2008,4,8,99,"00:00:00",,POINT(-87.1 30.315),USMCOB-RC45634
USMCOB,"60 miles S of Orange Beach   E",29.396,-87.585,,,,,,2008-06-13 00:00:00.000,USM,2,USMCOB-RC45634,2026-05-05 00:00:00.000,UTC,2008,6,13,165,"00:00:00",,POINT(-87.585 29.396),USMCOB-RC45634
USMCOB,Panama City Beach Fl,30.212,-85.88,1.09,,FL,,,2010-04-12 00:00:00.000,USM,1,USMCOB-RC45683,2026-05-05 00:00:00.000,UTC,2010,4,12,102,"00:00:00",,POINT(-85.88 30.212),USMCOB-RC45683
USMCOB,"off Pensacola Beach, FL",30.333,-87.15,1.18,,FL,1.3,TL,2011-04-19 00:00:00.000,USM,2,USMCOB-RC45683,2026-05-05 00:00:00.000,UTC,2011,4,19,109,"00:00:00",,POINT(-87.15 30.333),USMCOB-RC45683
USMCOB,Tyndall AFB,30.052,-85.605,0.99,,FL,,,2010-04-13 00:00:00.000,USM,1,USMCOB-RC45687,2026-05-05 00:00:00.000,UTC,2010,4,13,103,"00:00:00",,POINT(-85.605 30.052),USMCOB-RC45687
USMCOB,Petit Bois I. - middle of south side,30.197,-88.455,1.07,,TL,,,2010-04-20 00:00:00.000,USM,2,USMCOB-RC45687,2026-05-05 00:00:00.000,UTC,2010,4,20,110,"00:00:00",,POINT(-88.455 30.197),USMCOB-RC45687
USMCOB,"25 ml S Marco Island",25.565,-81.734233,0.81,,FL,0.89,TL,2008-05-10 00:00:00.000,USM,1,USMCOB-RC45760,2026-05-05 00:00:00.000,UTC,2008,5,10,131,"00:00:00",,POINT(-81.734233 25.565),USMCOB-RC45760
USMCOB,"13 miles off Stump Pass",26.796,-82.52,1.02,,FL,,,2009-05-13 00:00:00.000,USM,2,USMCOB-RC45760,2026-05-05 00:00:00.000,UTC,2009,5,13,133,"00:00:00",,POINT(-82.52 26.796),USMCOB-RC45760
USMCOB,"28 47 3242    80 27 0975",28.78874,-80.451625,0.76,,FL,0.84,TL,2009-04-11 00:00:00.000,USM,1,USMCOB-RC45831,2026-05-05 00:00:00.000,UTC,2009,4,11,101,"00:00:00",,POINT(-80.451625 28.78874),USMCOB-RC45831
USMCOB,Port Canaveral,28.41,-80.584,,,,,,2010-03-31 00:00:00.000,USM,2,USMCOB-RC45831,2026-05-05 00:00:00.000,UTC,2010,3,31,90,"00:00:00",,POINT(-80.584 28.41),USMCOB-RC45831
USMCOB,"28 19 2339    80 15 1991",28.320565,-80.253318,0.81,,FL,0.91,TL,2009-06-09 00:00:00.000,USM,1,USMCOB-RC45841,2026-05-05 00:00:00.000,UTC,2009,6,9,160,"00:00:00",,POINT(-80.253318 28.320565),USMCOB-RC45841
USMCOB,"14 miles off Pt Canaveral, reef 8A",28.406,-80.357,0.97,,FL,,,2010-07-11 00:00:00.000,USM,2,USMCOB-RC45841,2026-05-05 00:00:00.000,UTC,2010,7,11,192,"00:00:00",,POINT(-80.357 28.406),USMCOB-RC45841
USMCOB,"28 30 3091    80 20 7106",28.505,-80.345,0.74,,FL,0.86,TL,2009-06-21 00:00:00.000,USM,1,USMCOB-RC45847,2026-05-05 00:00:00.000,UTC,2009,6,21,172,"00:00:00",,POINT(-80.345 28.505),USMCOB-RC45847
USMCOB,"Flagler Beach, FL",29.474,-81.122,0.79,,FL,,,2009-08-07 00:00:00.000,USM,2,USMCOB-RC45847,2026-05-05 00:00:00.000,UTC,2009,8,7,219,"00:00:00",,POINT(-81.122 29.474),USMCOB-RC45847
USMCOB,"BARGES S. OF HORN ISLAND, MS",30.16,-88.75,0.66,,FL,0.74,TL,1990-09-05 00:00:00.000,USM,1,USMCOB-RC4585,2026-05-05 00:00:00.000,UTC,1990,9,5,248,"00:00:00",,POINT(-88.75 30.16),USMCOB-RC4585
USMCOB,"BARGES 8 MI. S. OF HORN IS.,MS",30.08,-88.55,0.67,,FL,0.76,TL,1990-10-21 00:00:00.000,USM,2,USMCOB-RC4585,2026-05-05 00:00:00.000,UTC,1990,10,21,294,"00:00:00",,POINT(-88.55 30.08),USMCOB-RC4585
USMCOB,Pensacola Pier,30.333,-87.15,1.12,,FL,,,2010-04-13 00:00:00.000,USM,2,USMCOB-RC46635,2026-05-05 00:00:00.000,UTC,2010,4,13,103,"00:00:00",,POINT(-87.15 30.333),USMCOB-RC46635
USMCOB,"OFF SANDESTIN, FL",30.367,-86.331,0.81,,FL,0.86,TL,1992-05-02 00:00:00.000,USM,1,USMCOB-RC4601,2026-05-05 00:00:00.000,UTC,1992,5,2,123,"00:00:00",,POINT(-86.331 30.367),USMCOB-RC4601
USMCOB,"20 MI WSW OF KEY WEST, FL",24.451,-82.111,1.12,,TL,,,1994-04-08 00:00:00.000,USM,2,USMCOB-RC4601,2026-05-05 00:00:00.000,UTC,1994,4,8,98,"00:00:00",,POINT(-82.111 24.451),USMCOB-RC4601
USMCOB,"OFF DESTIN, FL",30.38,-86.5,0.85,,FL,,,1992-05-21 00:00:00.000,USM,1,USMCOB-RC4602,2026-05-05 00:00:00.000,UTC,1992,5,21,142,"00:00:00",,POINT(-86.5 30.38),USMCOB-RC4602
USMCOB,"20MI N OF KEY WEST, FL (GULF)",24.845615,-81.734318,,,,,,1992-10-18 00:00:00.000,USM,2,USMCOB-RC4602,2026-05-05 00:00:00.000,UTC,1992,10,18,292,"00:00:00",,POINT(-81.734318 24.845615),USMCOB-RC4602
USMCOB,"OFF SANDESTIN, FL",30.367,-86.331,0.76,,FL,0.84,TL,1992-05-02 00:00:00.000,USM,1,USMCOB-RC4603,2026-05-05 00:00:00.000,UTC,1992,5,2,123,"00:00:00",,POINT(-86.331 30.367),USMCOB-RC4603
USMCOB,"Navarre Beach, FL",30.378,-86.862,1.27,,FL,1.37,TL,1995-04-20 00:00:00.000,USM,2,USMCOB-RC4603,2026-05-05 00:00:00.000,UTC,1995,4,20,110,"00:00:00",,POINT(-86.862 30.378),USMCOB-RC4603
USMCOB,"2838.827 8027.029",28.647117,-80.450483,0.66,,FL,0.72,TL,2010-06-02 00:00:00.000,USM,1,USMCOB-RC46041,2026-05-05 00:00:00.000,UTC,2010,6,2,153,"00:00:00",,POINT(-80.450483 28.647117),USMCOB-RC46041
USMCOB,"20 miles off Ponce Inlet, FL",29.197,-80.611,,,,,,2010-10-15 00:00:00.000,USM,2,USMCOB-RC46041,2026-05-05 00:00:00.000,UTC,2010,10,15,288,"00:00:00",,POINT(-80.611 29.197),USMCOB-RC46041
USMCOB,Juno Pier,26.894,-80.054,0.74,,FL,0.81,TL,2007-12-13 00:00:00.000,USM,1,USMCOB-RC46085,2026-05-05 00:00:00.000,UTC,2007,12,13,347,"00:00:00",,POINT(-80.054 26.894),USMCOB-RC46085
USMCOB,Islamorada,24.924,-80.625,,,,,,2010-02-20 00:00:00.000,USM,2,USMCOB-RC46085,2026-05-05 00:00:00.000,UTC,2010,2,20,51,"00:00:00",,POINT(-80.625 24.924),USMCOB-RC46085
USMCOB,Juno Pier,26.894,-80.054,0.76,,FL,0.84,TL,2007-12-12 00:00:00.000,USM,1,USMCOB-RC46088,2026-05-05 00:00:00.000,UTC,2007,12,12,346,"00:00:00",,POINT(-80.054 26.894),USMCOB-RC46088
USMCOB,Palm Beach Co.,26.6,-80.0,0.84,,FL,0.91,TL,2007-12-03 00:00:00.000,USM,1,USMCOB-RC46090,2026-05-05 00:00:00.000,UTC,2007,12,3,337,"00:00:00",,POINT(-80.0 26.6),USMCOB-RC46090
USMCOB,"Jupiter, FL",26.944,-80.07,0.81,,FL,,,2008-04-18 00:00:00.000,USM,2,USMCOB-RC46090,2026-05-05 00:00:00.000,UTC,2008,4,18,109,"00:00:00",,POINT(-80.07 26.944),USMCOB-RC46090
USMCOB,"St. Marks, FL",30.074,-84.185,0.79,,FL,0.84,TL,2007-07-07 00:00:00.000,USM,1,USMCOB-RC46097,2026-05-05 00:00:00.000,UTC,2007,7,7,188,"00:00:00",,POINT(-84.185 30.074),USMCOB-RC46097
USMCOB,"St. Marks, FL",30.074,-84.185,0.91,,FL,,,2008-05-07 00:00:00.000,USM,2,USMCOB-RC46097,2026-05-05 00:00:00.000,UTC,2008,5,7,128,"00:00:00",,POINT(-84.185 30.074),USMCOB-RC46097
USMCOB,"2642.988 8205.544 CharHarb",26.716467,-82.0924,0.5,,FL,0.57,TL,2008-08-07 00:00:00.000,USM,1,USMCOB-RC46177,2026-05-05 00:00:00.000,UTC,2008,8,7,220,"00:00:00",,POINT(-82.0924 26.716467),USMCOB-RC46177
USMCOB,Charlotte Harbor     E,26.955,-82.06,0.61,,FL,,,2009-03-21 00:00:00.000,USM,2,USMCOB-RC46177,2026-05-05 00:00:00.000,UTC,2009,3,21,80,"00:00:00",,POINT(-82.06 26.955),USMCOB-RC46177
USMCOB,Pensacola Beach,30.315,-87.203,0.97,,FL,1.07,TL,2008-04-30 00:00:00.000,USM,1,USMCOB-RC46610,2026-05-05 00:00:00.000,UTC,2008,4,30,121,"00:00:00",,POINT(-87.203 30.315),USMCOB-RC46610
USMCOB,Stuart Sandpile - 2 miles out,27.148,-80.137,1.09,,FL,1.19,TL,2009-05-07 00:00:00.000,USM,2,USMCOB-RC46610,2026-05-05 00:00:00.000,UTC,2009,5,7,127,"00:00:00",,POINT(-80.137 27.148),USMCOB-RC46610
USMCOB,Navarre FL,30.378,-86.862,1.04,,FL,1.12,TL,2009-04-17 00:00:00.000,USM,1,USMCOB-RC46635,2026-05-05 00:00:00.000,UTC,2009,4,17,107,"00:00:00",,POINT(-86.862 30.378),USMCOB-RC46635
USMCOB,Navarre FL,30.378,-86.862,1.02,,FL,,,2009-04-17 00:00:00.000,USM,1,USMCOB-RC46639,2026-05-05 00:00:00.000,UTC,2009,4,17,107,"00:00:00",,POINT(-86.862 30.378),USMCOB-RC46639
USMCOB,,,,1.05,,FL,,,2009-05-02 00:00:00.000,USM,2,USMCOB-RC46639,2026-05-05 00:00:00.000,UTC,2009,5,2,122,"00:00:00",,POINT(nan nan),USMCOB-RC46639
USMCOB,Pensacola Beach,30.315,-87.203,1.14,,FL,,,2009-04-27 00:00:00.000,USM,1,USMCOB-RC46648,2026-05-05 00:00:00.000,UTC,2009,4,27,117,"00:00:00",,POINT(-87.203 30.315),USMCOB-RC46648
USMCOB,"25 ml SSE of Orange Beach",29.347,-87.387,,,,,,2011-06-10 00:00:00.000,USM,2,USMCOB-RC46648,2026-05-05 00:00:00.000,UTC,2011,6,10,161,"00:00:00",,POINT(-87.387 29.347),USMCOB-RC46648
USMCOB,Pensacola Beach,30.315,-87.203,0.99,,FL,1.12,TL,2010-05-05 00:00:00.000,USM,1,USMCOB-RC46657,2026-05-05 00:00:00.000,UTC,2010,5,5,125,"00:00:00",,POINT(-87.203 30.315),USMCOB-RC46657
USMCOB,Grand Isle 76,28.744,-90.02,,,,,,2012-04-14 00:00:00.000,USM,2,USMCOB-RC46657,2026-05-05 00:00:00.000,UTC,2012,4,14,105,"00:00:00",,POINT(-90.02 28.744),USMCOB-RC46657
USMCOB,"Pensacola,Fl.",30.333,-87.15,0.97,,FL,1.07,TL,2012-04-29 00:00:00.000,USM,1,USMCOB-RC46667,2026-05-05 00:00:00.000,UTC,2012,4,29,120,"00:00:00",,POINT(-87.15 30.333),USMCOB-RC46667
USMCOB,"8 miles SE of Key West, Florida",24.459,-81.713,1.02,,FL,,,2013-04-03 00:00:00.000,USM,2,USMCOB-RC46667,2026-05-05 00:00:00.000,UTC,2013,4,3,93,"00:00:00",,POINT(-81.713 24.459),USMCOB-RC46667
USMCOB,"St. Marks, FL",30.074,-84.185,0.61,,FL,0.71,TL,2008-06-07 00:00:00.000,USM,1,USMCOB-RC46712,2026-05-05 00:00:00.000,UTC,2008,6,7,159,"00:00:00",,POINT(-84.185 30.074),USMCOB-RC46712
USMCOB,"30.01.044N 84.10.470W St. Marks",30.0174,-84.1745,0.86,,FL,0.95,TL,2008-11-16 00:00:00.000,USM,2,USMCOB-RC46712,2026-05-05 00:00:00.000,UTC,2008,11,16,321,"00:00:00",,POINT(-84.1745 30.0174),USMCOB-RC46712
USMCOB,"Pensacola Beach, FL ",30.315,-87.203,0.97,,FL,1.04,TL,2019-04-15 00:00:00.000,USM,1,USMCOB-RC46876,2026-05-05 00:00:00.000,UTC,2019,4,15,105,"00:00:00",,POINT(-87.203 30.315),USMCOB-RC46876
USMCOB,"Johnson's Beach, FL - 1.5 mi off",30.278,-87.407,,,,,,2019-07-21 00:00:00.000,USM,2,USMCOB-RC46876,2026-05-05 00:00:00.000,UTC,2019,7,21,202,"00:00:00",,POINT(-87.407 30.278),USMCOB-RC46876
USMCOB,"30 Minute Rock",,,1.02,,TL,,,2019-09-29 00:00:00.000,USM,3,USMCOB-RC46876,2026-05-05 00:00:00.000,UTC,2019,9,29,272,"00:00:00",,POINT(nan nan),USMCOB-RC46876
USMCOB,"Orange Beach, AL - 5 mi S.",30.193,-87.587,,,,,,2016-08-03 00:00:00.000,USM,2,USMCOB-RC46881,2026-05-05 00:00:00.000,UTC,2016,8,3,216,"00:00:00",,POINT(-87.587 30.193),USMCOB-RC46881
USMCOB,,,,,,,,,,USM,1,USMCOB-RC46881,2026-05-05 00:00:00.000,UTC,,,,,,,POINT(nan nan),USMCOB-RC46881
USMCOB,"MONKEY BAYOU RIGS, LA",29.718,-88.797,0.69,,FL,0.79,TL,1992-07-25 00:00:00.000,USM,1,USMCOB-RC4689,2026-05-05 00:00:00.000,UTC,1992,7,25,207,"00:00:00",,POINT(-88.797 29.718),USMCOB-RC4689
USMCOB,"30MI.S. PT.EDES, LA(OFF VENICE",28.578,-89.162,1.02,,FL,,,1994-06-12 00:00:00.000,USM,2,USMCOB-RC4689,2026-05-05 00:00:00.000,UTC,1994,6,12,163,"00:00:00",,POINT(-89.162 28.578),USMCOB-RC4689
USMCOB,MP102C,29.607,-88.797,0.76,,TL,,,2007-07-13 00:00:00.000,USM,1,USMCOB-RC46925,2026-05-05 00:00:00.000,UTC,2007,7,13,194,"00:00:00",,POINT(-88.797 29.607),USMCOB-RC46925
USMCOB,MP299,29.27,-88.76,,,,,,2009-02-06 00:00:00.000,USM,2,USMCOB-RC46925,2026-05-05 00:00:00.000,UTC,2009,2,6,37,"00:00:00",,POINT(-88.76 29.27),USMCOB-RC46925
USMCOB,"MONKEY BAYOU RIGS, LA",29.718,-88.797,0.79,,FL,0.86,TL,1992-05-31 00:00:00.000,USM,1,USMCOB-RC4696,2026-05-05 00:00:00.000,UTC,1992,5,31,152,"00:00:00",,POINT(-88.797 29.718),USMCOB-RC4696
USMCOB,"SOUTH OF CHANDELEUR ISL., LA",29.662,-88.945,0.85,,FL,0.93,TL,1992-07-30 00:00:00.000,USM,2,USMCOB-RC4696,2026-05-05 00:00:00.000,UTC,1992,7,30,212,"00:00:00",,POINT(-88.945 29.662),USMCOB-RC4696
USMCOB,"WEST END OF SHIP ISLAND, MS",30.2114,-88.997,0.79,,FL,0.86,TL,1994-07-18 00:00:00.000,USM,3,USMCOB-RC4696,2026-05-05 00:00:00.000,UTC,1994,7,18,199,"00:00:00",,POINT(-88.997 30.2114),USMCOB-RC4696
USMCOB,West Ship Channel,30.243,-88.033,0.79,,FL,0.91,TL,2007-05-06 00:00:00.000,USM,1,USMCOB-RC46998,2026-05-05 00:00:00.000,UTC,2007,5,6,126,"00:00:00",,POINT(-88.033 30.243),USMCOB-RC46998
USMCOB,Gulfport Ship Channel,30.24,-89.0,0.94,,FL,,,2007-08-19 00:00:00.000,USM,2,USMCOB-RC46998,2026-05-05 00:00:00.000,UTC,2007,8,19,231,"00:00:00",,POINT(-89.0 30.24),USMCOB-RC46998
USMCOB,Pensacola Beach,30.315,-87.203,0.81,,FL,0.89,TL,2008-04-13 00:00:00.000,USM,1,USMCOB-RC47061,2026-05-05 00:00:00.000,UTC,2008,4,13,104,"00:00:00",,POINT(-87.203 30.315),USMCOB-RC47061
USMCOB,"Destin, FL",30.38,-86.5,1.09,,FL,,,2010-04-20 00:00:00.000,USM,2,USMCOB-RC47061,2026-05-05 00:00:00.000,UTC,2010,4,20,110,"00:00:00",,POINT(-86.5 30.38),USMCOB-RC47061
USMCOB,Navarre Beach,30.378,-86.862,0.99,,FL,1.07,TL,2008-04-24 00:00:00.000,USM,1,USMCOB-RC47063,2026-05-05 00:00:00.000,UTC,2008,4,24,115,"00:00:00",,POINT(-86.862 30.378),USMCOB-RC47063
USMCOB,rig 10 ml S of Petit Bois,30.078,-88.42,1.04,,FL,,,2008-06-24 00:00:00.000,USM,2,USMCOB-RC47063,2026-05-05 00:00:00.000,UTC,2008,6,24,176,"00:00:00",,POINT(-88.42 30.078),USMCOB-RC47063
USMCOB,Navarre Beach,30.378,-86.862,0.71,,FL,0.81,TL,2008-04-25 00:00:00.000,USM,1,USMCOB-RC47065,2026-05-05 00:00:00.000,UTC,2008,4,25,116,"00:00:00",,POINT(-86.862 30.378),USMCOB-RC47065
USMCOB,"9 ml S of Pensacola Pass",30.197,-87.303,0.85,,FL,,,2008-06-03 00:00:00.000,USM,2,USMCOB-RC47065,2026-05-05 00:00:00.000,UTC,2008,6,3,155,"00:00:00",,POINT(-87.303 30.197),USMCOB-RC47065
USMCOB,Navarre Beach,30.378,-86.862,0.97,,FL,1.07,TL,2008-04-25 00:00:00.000,USM,1,USMCOB-RC47068,2026-05-05 00:00:00.000,UTC,2008,4,25,116,"00:00:00",,POINT(-86.862 30.378),USMCOB-RC47068
USMCOB,"1 miles west of Pensacola Pier",30.324,-87.158,1.09,,TL,,,2008-04-26 00:00:00.000,USM,2,USMCOB-RC47068,2026-05-05 00:00:00.000,UTC,2008,4,26,117,"00:00:00",,POINT(-87.158 30.324),USMCOB-RC47068
USMCOB,Navarre Beach,30.378,-86.862,0.89,,FL,0.97,TL,2008-04-27 00:00:00.000,USM,1,USMCOB-RC47076,2026-05-05 00:00:00.000,UTC,2008,4,27,118,"00:00:00",,POINT(-86.862 30.378),USMCOB-RC47076
USMCOB,Navarre Beach,30.378,-86.862,0.97,,FL,1.07,TL,2008-04-27 00:00:00.000,USM,1,USMCOB-RC47078,2026-05-05 00:00:00.000,UTC,2008,4,27,118,"00:00:00",,POINT(-86.862 30.378),USMCOB-RC47078
USMCOB,"35 miles south of Petit Bois   E",29.688,-88.458,1.02,,FL,,,2008-07-28 00:00:00.000,USM,2,USMCOB-RC47078,2026-05-05 00:00:00.000,UTC,2008,7,28,210,"00:00:00",,POINT(-88.458 29.688),USMCOB-RC47078
USMCOB,Navarre Beach,30.378,-86.862,1.07,,FL,1.17,TL,2008-04-17 00:00:00.000,USM,1,USMCOB-RC47088,2026-05-05 00:00:00.000,UTC,2008,4,17,108,"00:00:00",,POINT(-86.862 30.378),USMCOB-RC47088
USMCOB,"Orange Beach, AL",30.267,-87.585,1.17,,FL,,,2008-05-01 00:00:00.000,USM,2,USMCOB-RC47088,2026-05-05 00:00:00.000,UTC,2008,5,1,122,"00:00:00",,POINT(-87.585 30.267),USMCOB-RC47088
USMCOB,Navarre Beach,30.378,-86.862,0.91,,FL,0.99,TL,2008-04-17 00:00:00.000,USM,1,USMCOB-RC47089,2026-05-05 00:00:00.000,UTC,2008,4,17,108,"00:00:00",,POINT(-86.862 30.378),USMCOB-RC47089
USMCOB,"Marathon, FL",24.726,-81.089,,,,,,2009-04-04 00:00:00.000,USM,2,USMCOB-RC47089,2026-05-05 00:00:00.000,UTC,2009,4,4,94,"00:00:00",,POINT(-81.089 24.726),USMCOB-RC47089
USMCOB,"BUOY 8, GPT. SHIP CHANNEL, MS",30.121,-88.931,0.38,,FL,0.41,TL,1993-08-27 00:00:00.000,USM,1,USMCOB-RC4713,2026-05-05 00:00:00.000,UTC,1993,8,27,239,"00:00:00",,POINT(-88.931 30.121),USMCOB-RC4713
USMCOB,"BUOY 2, GPT. SHIP CHANNEL, MS",30.12,-88.878,0.8,,FL,0.89,TL,1993-09-23 00:00:00.000,USM,2,USMCOB-RC4713,2026-05-05 00:00:00.000,UTC,1993,9,23,266,"00:00:00",,POINT(-88.878 30.12),USMCOB-RC4713
USMCOB,"3002.732N 8821.052W",30.045533,-88.350867,0.79,,FL,0.86,TL,2007-05-04 00:00:00.000,USM,1,USMCOB-RC47163,2026-05-05 00:00:00.000,UTC,2007,5,4,124,"00:00:00",,POINT(-88.350867 30.045533),USMCOB-RC47163
USMCOB,MP299,29.266,-88.762,,,,,,2011-05-07 00:00:00.000,USM,2,USMCOB-RC47163,2026-05-05 00:00:00.000,UTC,2011,5,7,127,"00:00:00",,POINT(-88.762 29.266),USMCOB-RC47163
USMCOB,"Pensacola, FL",30.315,-87.203,0.99,,FL,,,2013-04-23 00:00:00.000,USM,1,USMCOB-RC54089,2026-05-05 00:00:00.000,UTC,2013,4,23,113,"00:00:00",,POINT(-87.203 30.315),USMCOB-RC54089
USMCOB,Pensacola Beach Fl.,30.315,-87.203,1.09,,FL,1.19,TL,2010-04-05 00:00:00.000,USM,1,USMCOB-RC47527,2026-05-05 00:00:00.000,UTC,2010,4,5,95,"00:00:00",,POINT(-87.203 30.315),USMCOB-RC47527
USMCOB,"off Fourchon, LA",29.095,-90.194,1.14,,FL,,,2012-06-08 00:00:00.000,USM,2,USMCOB-RC47527,2026-05-05 00:00:00.000,UTC,2012,6,8,160,"00:00:00",,POINT(-90.194 29.095),USMCOB-RC47527
USMCOB,Pensacola Beach Fl.,30.315,-87.203,0.76,,FL,0.86,TL,2010-04-05 00:00:00.000,USM,1,USMCOB-RC47528,2026-05-05 00:00:00.000,UTC,2010,4,5,95,"00:00:00",,POINT(-87.203 30.315),USMCOB-RC47528
USMCOB,,,,,,,,,2014-07-17 00:00:00.000,USM,2,USMCOB-RC47528,2026-05-05 00:00:00.000,UTC,2014,7,17,198,"00:00:00",,POINT(nan nan),USMCOB-RC47528
USMCOB,"30 18 14      87 06 77",30.303889,-87.121389,0.56,,FL,0.61,TL,2008-04-13 00:00:00.000,USM,1,USMCOB-RC47544,2026-05-05 00:00:00.000,UTC,2008,4,13,104,"00:00:00",,POINT(-87.121389 30.303889),USMCOB-RC47544
USMCOB,"off Destin, FL",30.38,-86.5,1.22,,FL,,,2012-04-30 00:00:00.000,USM,2,USMCOB-RC47544,2026-05-05 00:00:00.000,UTC,2012,4,30,121,"00:00:00",,POINT(-86.5 30.38),USMCOB-RC47544
USMCOB,Pensacola Beach Fl.,30.315,-87.203,1.04,,FL,1.14,TL,2010-04-09 00:00:00.000,USM,1,USMCOB-RC47652,2026-05-05 00:00:00.000,UTC,2010,4,9,99,"00:00:00",,POINT(-87.203 30.315),USMCOB-RC47652
USMCOB,South Timbalier 21G,29.009,-90.263,1.02,,TL,,,2010-07-02 00:00:00.000,USM,2,USMCOB-RC47652,2026-05-05 00:00:00.000,UTC,2010,7,2,183,"00:00:00",,POINT(-90.263 29.009),USMCOB-RC47652
USMCOB,Pensacola Beach Fl.,30.315,-87.203,1.03,,FL,1.13,TL,2010-04-22 00:00:00.000,USM,1,USMCOB-RC47656,2026-05-05 00:00:00.000,UTC,2010,4,22,112,"00:00:00",,POINT(-87.203 30.315),USMCOB-RC47656
USMCOB,"35 miles south of Pascagoula, MS",29.836,-88.557,,,,,,2011-06-07 00:00:00.000,USM,2,USMCOB-RC47656,2026-05-05 00:00:00.000,UTC,2011,6,7,158,"00:00:00",,POINT(-88.557 29.836),USMCOB-RC47656
USMCOB,Pensacola Beach,30.315,-87.203,0.79,,FL,0.84,TL,2008-04-29 00:00:00.000,USM,1,USMCOB-RC47690,2026-05-05 00:00:00.000,UTC,2008,4,29,120,"00:00:00",,POINT(-87.203 30.315),USMCOB-RC47690
USMCOB,"3023.13N 8645.60",30.3855,-86.76,0.99,,FL,,,2010-04-11 00:00:00.000,USM,2,USMCOB-RC47690,2026-05-05 00:00:00.000,UTC,2010,4,11,101,"00:00:00",,POINT(-86.76 30.3855),USMCOB-RC47690
USMCOB,Orange Beach,30.267,-87.585,0.53,,FL,0.59,TL,2008-04-30 00:00:00.000,USM,1,USMCOB-RC47692,2026-05-05 00:00:00.000,UTC,2008,4,30,121,"00:00:00",,POINT(-87.585 30.267),USMCOB-RC47692
USMCOB,tag found on Navarre Beach,,,,,,,,2008-08-02 00:00:00.000,USM,2,USMCOB-RC47692,2026-05-05 00:00:00.000,UTC,2008,8,2,215,"00:00:00",,POINT(nan nan),USMCOB-RC47692
USMCOB,,,,,,,,,,USM,1,USMCOB-RC56113,2026-05-05 00:00:00.000,UTC,,,,,,,POINT(nan nan),USMCOB-RC56113
USMCOB,Pascagoula Ship Channel,30.241,-88.506,0.66,,FL,0.74,TL,2012-09-16 00:00:00.000,USM,1,USMCOB-RC47760,2026-05-05 00:00:00.000,UTC,2012,9,16,260,"00:00:00",,POINT(-88.506 30.241),USMCOB-RC47760
USMCOB,"Grand Isle BOEM lease area, 32 block ",29.028,-89.88,1.07,,FL,,,2015-08-13 00:00:00.000,USM,2,USMCOB-RC47760,2026-05-05 00:00:00.000,UTC,2015,8,13,225,"00:00:00",,POINT(-89.88 29.028),USMCOB-RC47760
USMCOB,Orange Beach,30.267,-87.585,0.81,,TL,,,2008-04-25 00:00:00.000,USM,1,USMCOB-RC47773,2026-05-05 00:00:00.000,UTC,2008,4,25,116,"00:00:00",,POINT(-87.585 30.267),USMCOB-RC47773
USMCOB,"3.5 ml SSW of Pcola Pass w whl shar",30.266,-87.33,0.94,,FL,,,2009-08-06 00:00:00.000,USM,2,USMCOB-RC47773,2026-05-05 00:00:00.000,UTC,2009,8,6,218,"00:00:00",,POINT(-87.33 30.266),USMCOB-RC47773
USMCOB,Orange Beach,30.267,-87.585,0.67,,FL,0.71,TL,2008-04-27 00:00:00.000,USM,1,USMCOB-RC47784,2026-05-05 00:00:00.000,UTC,2008,4,27,118,"00:00:00",,POINT(-87.585 30.267),USMCOB-RC47784
USMCOB,"7 miles S of Dauphin I.",30.144,-88.215,0.91,,FL,,,2009-06-24 00:00:00.000,USM,2,USMCOB-RC47784,2026-05-05 00:00:00.000,UTC,2009,6,24,175,"00:00:00",,POINT(-88.215 30.144),USMCOB-RC47784
USMCOB,"2611.48 9703.05",26.191333,-97.050833,0.71,,FL,0.8,TL,2008-10-30 00:00:00.000,USM,1,USMCOB-RC47864,2026-05-05 00:00:00.000,UTC,2008,10,30,304,"00:00:00",,POINT(-97.050833 26.191333),USMCOB-RC47864
USMCOB,"30 mls E of Port Mansfield, TX",26.558,-96.792,0.69,,FL,,,2009-07-19 00:00:00.000,USM,2,USMCOB-RC47864,2026-05-05 00:00:00.000,UTC,2009,7,19,200,"00:00:00",,POINT(-96.792 26.558),USMCOB-RC47864
USMCOB,"2611.48 9703.05",26.191333,-97.050833,0.78,,FL,0.88,TL,2008-11-02 00:00:00.000,USM,1,USMCOB-RC47882,2026-05-05 00:00:00.000,UTC,2008,11,2,307,"00:00:00",,POINT(-97.050833 26.191333),USMCOB-RC47882
USMCOB,"26-11 / 97-03",26.183,-97.05,1.04,,FL,1.19,TL,2011-07-14 00:00:00.000,USM,2,USMCOB-RC47882,2026-05-05 00:00:00.000,UTC,2011,7,14,195,"00:00:00",,POINT(-97.05 26.183),USMCOB-RC47882
USMCOB,east of Destin,29.9,-88.81,1.12,,FL,,,2009-04-18 00:00:00.000,USM,1,USMCOB-RC47969,2026-05-05 00:00:00.000,UTC,2009,4,18,108,"00:00:00",,POINT(-88.81 29.9),USMCOB-RC47969
USMCOB,High Island 170,29.17,-93.805,,,,,,2009-05-28 00:00:00.000,USM,2,USMCOB-RC47969,2026-05-05 00:00:00.000,UTC,2009,5,28,148,"00:00:00",,POINT(-93.805 29.17),USMCOB-RC47969
USMCOB,Cedar Key,29.091613,-83.038337,0.72,,FL,0.83,TL,2008-08-23 00:00:00.000,USM,1,USMCOB-RC47982,2026-05-05 00:00:00.000,UTC,2008,8,23,236,"00:00:00",,POINT(-83.038337 29.091613),USMCOB-RC47982
USMCOB,Cedar Key,29.091613,-83.038337,0.9,,FL,,,2009-07-25 00:00:00.000,USM,2,USMCOB-RC47982,2026-05-05 00:00:00.000,UTC,2009,7,25,206,"00:00:00",,POINT(-83.038337 29.091613),USMCOB-RC47982
USMCOB,Pensacola Beach,30.315,-87.203,0.97,,FL,1.04,TL,2007-04-17 00:00:00.000,USM,1,USMCOB-RC48080,2026-05-05 00:00:00.000,UTC,2007,4,17,107,"00:00:00",,POINT(-87.203 30.315),USMCOB-RC48080
USMCOB,"Jupiter, FL (off Jupiter Inlet)",26.944,-80.07,1.06,,FL,1.19,TL,2008-12-06 00:00:00.000,USM,2,USMCOB-RC48080,2026-05-05 00:00:00.000,UTC,2008,12,6,341,"00:00:00",,POINT(-80.07 26.944),USMCOB-RC48080
USMCOB,Pensacola Beach,30.315,-87.203,0.99,,FL,1.07,TL,2007-04-16 00:00:00.000,USM,1,USMCOB-RC48088,2026-05-05 00:00:00.000,UTC,2007,4,16,106,"00:00:00",,POINT(-87.203 30.315),USMCOB-RC48088
USMCOB,"40 miles south of Galveston E",28.712,-94.753,1.07,,TL,,,2007-05-31 00:00:00.000,USM,2,USMCOB-RC48088,2026-05-05 00:00:00.000,UTC,2007,5,31,151,"00:00:00",,POINT(-94.753 28.712),USMCOB-RC48088
USMCOB,"1 mile east of Pensacola pier",30.313,-87.275,1.14,,FL,1.22,TL,2007-04-21 00:00:00.000,USM,1,USMCOB-RC48096,2026-05-05 00:00:00.000,UTC,2007,4,21,111,"00:00:00",,POINT(-87.275 30.313),USMCOB-RC48096
USMCOB,"Navarre Beach, FL",30.378,-86.862,1.45,,FL,,,2010-04-17 00:00:00.000,USM,2,USMCOB-RC48096,2026-05-05 00:00:00.000,UTC,2010,4,17,107,"00:00:00",,POINT(-86.862 30.378),USMCOB-RC48096
USMCOB,Pensacola Beach,30.315,-87.203,0.91,,FL,1.04,TL,2007-04-21 00:00:00.000,USM,1,USMCOB-RC48128,2026-05-05 00:00:00.000,UTC,2007,4,21,111,"00:00:00",,POINT(-87.203 30.315),USMCOB-RC48128
USMCOB,"4 miles off Pensacola, FL TL est",30.364,-87.192,1.27,,FL,,,2007-04-27 00:00:00.000,USM,2,USMCOB-RC48128,2026-05-05 00:00:00.000,UTC,2007,4,27,117,"00:00:00",,POINT(-87.192 30.364),USMCOB-RC48128
USMCOB,"Pensacola, FL",30.315,-87.203,1.02,,FL,,,2007-04-25 00:00:00.000,USM,1,USMCOB-RC48154,2026-05-05 00:00:00.000,UTC,2007,4,25,115,"00:00:00",,POINT(-87.203 30.315),USMCOB-RC48154
USMCOB,South Pass 70  est TL,29.011,-88.92,1.22,,TL,,,2007-05-13 00:00:00.000,USM,2,USMCOB-RC48154,2026-05-05 00:00:00.000,UTC,2007,5,13,133,"00:00:00",,POINT(-88.92 29.011),USMCOB-RC48154
USMCOB,Orange Beach AL,30.267,-87.585,1.02,,FL,,,2007-04-28 00:00:00.000,USM,1,USMCOB-RC48162,2026-05-05 00:00:00.000,UTC,2007,4,28,118,"00:00:00",,POINT(-87.585 30.267),USMCOB-RC48162
USMCOB,Grand Isle 78,28.74,-89.93,,,,,,2007-07-13 00:00:00.000,USM,2,USMCOB-RC48162,2026-05-05 00:00:00.000,UTC,2007,7,13,194,"00:00:00",,POINT(-89.93 28.74),USMCOB-RC48162
USMCOB,Pensacola,30.315,-87.203,1.02,,FL,,,2007-04-22 00:00:00.000,USM,1,USMCOB-RC48197,2026-05-05 00:00:00.000,UTC,2007,4,22,112,"00:00:00",,POINT(-87.203 30.315),USMCOB-RC48197
USMCOB,Eugene I 218,28.632,-91.637,0.91,,FL,,,2007-06-02 00:00:00.000,USM,2,USMCOB-RC48197,2026-05-05 00:00:00.000,UTC,2007,6,2,153,"00:00:00",,POINT(-91.637 28.632),USMCOB-RC48197
USMCOB,"OFF PORT CANAVERAL, FLA",28.41,-80.584,0.79,,FL,,,1990-07-24 00:00:00.000,USM,1,USMCOB-RC4821,2026-05-05 00:00:00.000,UTC,1990,7,24,205,"00:00:00",,POINT(-80.584 28.41),USMCOB-RC4821
USMCOB,"OFF GRAND ISLE, LA (BLOCK 102)",28.42,-90.07,1.04,,TL,,,1991-06-16 00:00:00.000,USM,2,USMCOB-RC4821,2026-05-05 00:00:00.000,UTC,1991,6,16,167,"00:00:00",,POINT(-90.07 28.42),USMCOB-RC4821
USMCOB,"Navarre Beach, FL",30.378,-86.862,1.12,,FL,,,2020-04-28 00:00:00.000,USM,1,USMCOB-RC48244,2026-05-05 00:00:00.000,UTC,2020,4,28,119,"00:00:00",,POINT(-86.862 30.378),USMCOB-RC48244
USMCOB,"13 mi S of Perdido Pass, AL",30.082,-87.555,0.99,,FL,,,2020-06-17 00:00:00.000,USM,2,USMCOB-RC48244,2026-05-05 00:00:00.000,UTC,2020,6,17,169,"00:00:00",,POINT(-87.555 30.082),USMCOB-RC48244
USMCOB,"Orange Beach, AL",30.267,-87.585,1.14,,FL,,,2007-03-29 00:00:00.000,USM,1,USMCOB-RC48252,2026-05-05 00:00:00.000,UTC,2007,3,29,88,"00:00:00",,POINT(-87.585 30.267),USMCOB-RC48252
USMCOB,"10 ml S of Perdido Pass",30.125,-87.555,1.04,,FL,,,2007-06-24 00:00:00.000,USM,2,USMCOB-RC48252,2026-05-05 00:00:00.000,UTC,2007,6,24,175,"00:00:00",,POINT(-87.555 30.125),USMCOB-RC48252
USMCOB,Pensacola,30.315,-87.203,0.89,,FL,,,2007-04-20 00:00:00.000,USM,1,USMCOB-RC48330,2026-05-05 00:00:00.000,UTC,2007,4,20,110,"00:00:00",,POINT(-87.203 30.315),USMCOB-RC48330
USMCOB,"off Jupiter Inlet, FL",26.944,-80.07,1.14,,FL,,,2008-03-01 00:00:00.000,USM,2,USMCOB-RC48330,2026-05-05 00:00:00.000,UTC,2008,3,1,61,"00:00:00",,POINT(-80.07 26.944),USMCOB-RC48330
USMCOB,Pensacola Beach,30.315,-87.203,0.46,,FL,0.48,TL,2008-04-20 00:00:00.000,USM,1,USMCOB-RC48372,2026-05-05 00:00:00.000,UTC,2008,4,20,111,"00:00:00",,POINT(-87.203 30.315),USMCOB-RC48372
USMCOB,"3 miles off Jupiter Inlet, FL",26.955,-80.024,0.8,,FL,,,2009-03-11 00:00:00.000,USM,2,USMCOB-RC48372,2026-05-05 00:00:00.000,UTC,2009,3,11,70,"00:00:00",,POINT(-80.024 26.955),USMCOB-RC48372
USMCOB,Pensacola Beach Gulf Pier,30.315,-87.203,0.91,,FL,0.99,TL,2007-05-02 00:00:00.000,USM,1,USMCOB-RC48392,2026-05-05 00:00:00.000,UTC,2007,5,2,122,"00:00:00",,POINT(-87.203 30.315),USMCOB-RC48392
USMCOB,"9.5 miles SE of Pt Canaveral, FL",28.32,-80.468,0.93,,FL,,,2008-01-11 00:00:00.000,USM,2,USMCOB-RC48392,2026-05-05 00:00:00.000,UTC,2008,1,11,11,"00:00:00",,POINT(-80.468 28.32),USMCOB-RC48392
USMCOB,Dune Allen,30.322,-86.248,0.61,,FL,0.66,TL,2007-04-29 00:00:00.000,USM,1,USMCOB-RC48407,2026-05-05 00:00:00.000,UTC,2007,4,29,119,"00:00:00",,POINT(-86.248 30.322),USMCOB-RC48407
USMCOB,"3003.890N 8734.190W",30.065,-87.57,0.85,,FL,,,2007-08-01 00:00:00.000,USM,2,USMCOB-RC48407,2026-05-05 00:00:00.000,UTC,2007,8,1,213,"00:00:00",,POINT(-87.57 30.065),USMCOB-RC48407
USMCOB,btw OrBch and PenBch Date = E,30.3,-87.35,,,,,,2007-04-15 00:00:00.000,USM,1,USMCOB-RC48422,2026-05-05 00:00:00.000,UTC,2007,4,15,105,"00:00:00",,POINT(-87.35 30.3),USMCOB-RC48422
USMCOB,"35 ml off Port Aransas, TX - DO= E",27.616,-96.527,0.79,,FL,,,2007-07-20 00:00:00.000,USM,2,USMCOB-RC48422,2026-05-05 00:00:00.000,UTC,2007,7,20,201,"00:00:00",,POINT(-96.527 27.616),USMCOB-RC48422
USMCOB,GETTY RIGS,29.544,-88.677,0.62,,FL,0.69,TL,1990-07-07 00:00:00.000,USM,1,USMCOB-RC4843,2026-05-05 00:00:00.000,UTC,1990,7,7,188,"00:00:00",,POINT(-88.677 29.544),USMCOB-RC4843
USMCOB,"GETTY RIGS,S. OF CHAND ISL.,LA",29.544,-88.677,0.71,,TL,,,1990-07-15 00:00:00.000,USM,2,USMCOB-RC4843,2026-05-05 00:00:00.000,UTC,1990,7,15,196,"00:00:00",,POINT(-88.677 29.544),USMCOB-RC4843
USMCOB,"Pensacola, FL",30.315,-87.203,0.83,,FL,0.91,TL,2007-04-08 00:00:00.000,USM,1,USMCOB-RC48477,2026-05-05 00:00:00.000,UTC,2007,4,8,98,"00:00:00",,POINT(-87.203 30.315),USMCOB-RC48477
USMCOB,"3008.500N, 8639.500W (Destin)",30.141667,-86.658333,1.27,,FL,,,2011-04-18 00:00:00.000,USM,2,USMCOB-RC48477,2026-05-05 00:00:00.000,UTC,2011,4,18,108,"00:00:00",,POINT(-86.658333 30.141667),USMCOB-RC48477
USMCOB,"200 yds off Florabama",30.279,-87.518,0.84,,FL,0.94,TL,2007-04-16 00:00:00.000,USM,1,USMCOB-RC48480,2026-05-05 00:00:00.000,UTC,2007,4,16,106,"00:00:00",,POINT(-87.518 30.279),USMCOB-RC48480
USMCOB,"35 mls off Cameron, LA",29.258,-93.285,1.07,,FL,,,2007-05-10 00:00:00.000,USM,2,USMCOB-RC48480,2026-05-05 00:00:00.000,UTC,2007,5,10,130,"00:00:00",,POINT(-93.285 29.258),USMCOB-RC48480
USMCOB,Pensacola,30.315,-87.203,0.76,,FL,0.84,TL,2007-04-23 00:00:00.000,USM,1,USMCOB-RC48583,2026-05-05 00:00:00.000,UTC,2007,4,23,113,"00:00:00",,POINT(-87.203 30.315),USMCOB-RC48583
USMCOB,"30 ml SE of Dauphin I    E",29.946,-87.827,,,,,,2007-06-30 00:00:00.000,USM,2,USMCOB-RC48583,2026-05-05 00:00:00.000,UTC,2007,6,30,181,"00:00:00",,POINT(-87.827 29.946),USMCOB-RC48583
USMCOB,"2 miles east Portafino",30.341979,-87.04635,0.97,,FL,1.04,TL,2007-04-23 00:00:00.000,USM,1,USMCOB-RC48584,2026-05-05 00:00:00.000,UTC,2007,4,23,113,"00:00:00",,POINT(-87.04635 30.341979),USMCOB-RC48584
USMCOB,West Delta 96,28.912,-89.845,0.97,,FL,,,2007-07-03 00:00:00.000,USM,2,USMCOB-RC48584,2026-05-05 00:00:00.000,UTC,2007,7,3,184,"00:00:00",,POINT(-89.845 28.912),USMCOB-RC48584
USMCOB,"south of Ship Island* or 48621, 48629",30.221,-88.919,0.69,,FL,0.79,TL,2010-09-19 00:00:00.000,USM,1,USMCOB-RC48626,2026-05-05 00:00:00.000,UTC,2010,9,19,262,"00:00:00",,POINT(-88.919 30.221),USMCOB-RC48626
USMCOB,Grand Isle Block 26,29.068,-90.104,,,,,,2011-06-23 00:00:00.000,USM,2,USMCOB-RC48626,2026-05-05 00:00:00.000,UTC,2011,6,23,174,"00:00:00",,POINT(-90.104 29.068),USMCOB-RC48626
USMCOB,CAPPED RIGS S. OF PETIT BOIS I,30.085,-88.497,0.58,,FL,0.64,TL,1990-06-10 00:00:00.000,USM,1,USMCOB-RC4867,2026-05-05 00:00:00.000,UTC,1990,6,10,161,"00:00:00",,POINT(-88.497 30.085),USMCOB-RC4867
USMCOB,"8 MI. S. OF PETIT BOIS IS., MS",30.085,-88.497,0.58,,FL,,,1990-06-16 00:00:00.000,USM,2,USMCOB-RC4867,2026-05-05 00:00:00.000,UTC,1990,6,16,167,"00:00:00",,POINT(-88.497 30.085),USMCOB-RC4867
USMCOB,"Destin, FL",30.38,-86.5,0.97,,FL,1.09,TL,2018-04-03 00:00:00.000,USM,1,USMCOB-RC48717,2026-05-05 00:00:00.000,UTC,2018,4,3,93,"00:00:00",,POINT(-86.5 30.38),USMCOB-RC48717
USMCOB,,,,,,,,,2018-05-05 00:00:00.000,USM,2,USMCOB-RC48717,2026-05-05 00:00:00.000,UTC,2018,5,5,125,"00:00:00",,POINT(nan nan),USMCOB-RC48717
USMCOB,WEST END OF SHIP ISLAND,30.21,-88.964,0.62,,FL,0.69,TL,1990-09-05 00:00:00.000,USM,1,USMCOB-RC4876,2026-05-05 00:00:00.000,UTC,1990,9,5,248,"00:00:00",,POINT(-88.964 30.21),USMCOB-RC4876
USMCOB,"BEHIND SHELL IS. AT P.C.B., FL",30.095,-85.682,1.02,,FL,,,1992-04-12 00:00:00.000,USM,2,USMCOB-RC4876,2026-05-05 00:00:00.000,UTC,1992,4,12,103,"00:00:00",,POINT(-85.682 30.095),USMCOB-RC4876
USMCOB,WEST END OF SHIP ISL.,30.21,-88.964,0.74,,FL,,,1990-09-05 00:00:00.000,USM,1,USMCOB-RC4877,2026-05-05 00:00:00.000,UTC,1990,9,5,248,"00:00:00",,POINT(-88.964 30.21),USMCOB-RC4877
USMCOB,"WRECK AT SHIP ISLAND, MS",30.22,-88.987,0.99,,FL,1.07,TL,1991-08-15 00:00:00.000,USM,2,USMCOB-RC4877,2026-05-05 00:00:00.000,UTC,1991,8,15,227,"00:00:00",,POINT(-88.987 30.22),USMCOB-RC4877
USMCOB,"Navarre Beach, FL",30.378,-86.862,1.02,,FL,,,2019-05-01 00:00:00.000,USM,1,USMCOB-RC48779,2026-05-05 00:00:00.000,UTC,2019,5,1,121,"00:00:00",,POINT(-86.862 30.378),USMCOB-RC48779
USMCOB,"Palm Beach Inlet, FL - S",26.7648,-80.032505,0.99,,FL,,,2019-07-13 00:00:00.000,USM,2,USMCOB-RC48779,2026-05-05 00:00:00.000,UTC,2019,7,13,194,"00:00:00",,POINT(-80.032505 26.7648),USMCOB-RC48779
USMCOB,"Navarre, FL",30.378,-86.862,0.86,,FL,,,2018-05-02 00:00:00.000,USM,1,USMCOB-RC48788,2026-05-05 00:00:00.000,UTC,2018,5,2,122,"00:00:00",,POINT(-86.862 30.378),USMCOB-RC48788
USMCOB,"Venice, LA",29.174,-89.451,,,,,,2019-06-01 00:00:00.000,USM,2,USMCOB-RC48788,2026-05-05 00:00:00.000,UTC,2019,6,1,152,"00:00:00",,POINT(-89.451 29.174),USMCOB-RC48788
USMCOB,"CHANDELEUR ISL. AREA, BLOCK.34",29.713,-88.553,0.74,,FL,0.81,TL,1990-08-30 00:00:00.000,USM,1,USMCOB-RC4880,2026-05-05 00:00:00.000,UTC,1990,8,30,242,"00:00:00",,POINT(-88.553 29.713),USMCOB-RC4880
USMCOB,"16MI SOUTH OF FREEPORT, TX",28.705,-95.298,,,,,,1992-06-09 00:00:00.000,USM,2,USMCOB-RC4880,2026-05-05 00:00:00.000,UTC,1992,6,9,161,"00:00:00",,POINT(-95.298 28.705),USMCOB-RC4880
USMCOB,"Hurlburt, FL",30.393,-86.688,1.07,,FL,,,2019-05-01 00:00:00.000,USM,1,USMCOB-RC48800,2026-05-05 00:00:00.000,UTC,2019,5,1,121,"00:00:00",,POINT(-86.688 30.393),USMCOB-RC48800
USMCOB,"Sebastian, FL - Reef at 90'",27.8547,-80.4285,1.22,,FL,,,2020-04-02 00:00:00.000,USM,2,USMCOB-RC48800,2026-05-05 00:00:00.000,UTC,2020,4,2,93,"00:00:00",,POINT(-80.4285 27.8547),USMCOB-RC48800
USMCOB,Pensacola Beach,30.315,-87.203,1.02,,FL,,,2009-04-04 00:00:00.000,USM,1,USMCOB-RC48827,2026-05-05 00:00:00.000,UTC,2009,4,4,94,"00:00:00",,POINT(-87.203 30.315),USMCOB-RC48827
USMCOB,"70 miles off Cocodrie, LA",28.226,-90.612,,,,,,2010-06-17 00:00:00.000,USM,2,USMCOB-RC48827,2026-05-05 00:00:00.000,UTC,2010,6,17,168,"00:00:00",,POINT(-90.612 28.226),USMCOB-RC48827
USMCOB,"Pensacola,Fl.",30.333,-87.15,0.79,,FL,0.89,TL,2010-04-29 00:00:00.000,USM,1,USMCOB-RC48851,2026-05-05 00:00:00.000,UTC,2010,4,29,119,"00:00:00",,POINT(-87.15 30.333),USMCOB-RC48851
USMCOB,"Orange Beach, AL",30.267,-87.585,1.32,,FL,,,2012-06-30 00:00:00.000,USM,2,USMCOB-RC48851,2026-05-05 00:00:00.000,UTC,2012,6,30,182,"00:00:00",,POINT(-87.585 30.267),USMCOB-RC48851
USMCOB,Pensacola Beach,30.315,-87.203,0.97,,FL,1.07,TL,2010-04-29 00:00:00.000,USM,1,USMCOB-RC48867,2026-05-05 00:00:00.000,UTC,2010,4,29,119,"00:00:00",,POINT(-87.203 30.315),USMCOB-RC48867
USMCOB,"Navarre Beach, FL",30.378,-86.862,,,,,,2011-04-20 00:00:00.000,USM,2,USMCOB-RC48867,2026-05-05 00:00:00.000,UTC,2011,4,20,110,"00:00:00",,POINT(-86.862 30.378),USMCOB-RC48867
USMCOB,"Ship Shoal BOEM lease area, block 178A",28.61,-91.12,,,,,,2020-07-16 00:00:00.000,USM,2,USMCOB-RC48888,2026-05-05 00:00:00.000,UTC,2020,7,16,198,"00:00:00",,POINT(-91.12 28.61),USMCOB-RC48888
USMCOB,,,,,,,,,,USM,1,USMCOB-RC48888,2026-05-05 00:00:00.000,UTC,,,,,,,POINT(nan nan),USMCOB-RC48888
USMCOB,Orange Beach,30.267,-87.585,0.94,,FL,1.04,TL,2008-04-23 00:00:00.000,USM,1,USMCOB-RC48985,2026-05-05 00:00:00.000,UTC,2008,4,23,114,"00:00:00",,POINT(-87.585 30.267),USMCOB-RC48985
USMCOB,Vermilion 161,28.948,-92.597,1.07,,FL,,,2009-06-17 00:00:00.000,USM,2,USMCOB-RC48985,2026-05-05 00:00:00.000,UTC,2009,6,17,168,"00:00:00",,POINT(-92.597 28.948),USMCOB-RC48985
USMCOB,Orange Beach,30.267,-87.585,0.89,,FL,,,2008-04-24 00:00:00.000,USM,1,USMCOB-RC48987,2026-05-05 00:00:00.000,UTC,2008,4,24,115,"00:00:00",,POINT(-87.585 30.267),USMCOB-RC48987
USMCOB,"2 ml S of Perdido Pass",30.241,-87.556,0.85,,FL,,,2008-07-27 00:00:00.000,USM,2,USMCOB-RC48987,2026-05-05 00:00:00.000,UTC,2008,7,27,209,"00:00:00",,POINT(-87.556 30.241),USMCOB-RC48987
USMCOB,"Long Beach, PCB",30.178,-85.812,0.67,,TL,,,2008-04-19 00:00:00.000,USM,1,USMCOB-RC48992,2026-05-05 00:00:00.000,UTC,2008,4,19,110,"00:00:00",,POINT(-85.812 30.178),USMCOB-RC48992
USMCOB,btw Navarre and FWB,30.387,-86.758,0.91,,TL,,,2009-04-24 00:00:00.000,USM,2,USMCOB-RC48992,2026-05-05 00:00:00.000,UTC,2009,4,24,114,"00:00:00",,POINT(-86.758 30.387),USMCOB-RC48992
USMCOB,"GREEN CAN, DOG KEYS PASS",30.255,-88.774,0.76,,FL,0.81,TL,1990-08-05 00:00:00.000,USM,1,USMCOB-RC4910,2026-05-05 00:00:00.000,UTC,1990,8,5,217,"00:00:00",,POINT(-88.774 30.255),USMCOB-RC4910
USMCOB,"W. END OF HORN ISLAND, MS",30.246,-88.782,0.81,,FL,0.9,TL,1990-09-11 00:00:00.000,USM,2,USMCOB-RC4910,2026-05-05 00:00:00.000,UTC,1990,9,11,254,"00:00:00",,POINT(-88.782 30.246),USMCOB-RC4910
USMCOB,MONKEY BAYOU RIGS,29.718,-88.797,0.79,,FL,0.84,TL,1990-08-12 00:00:00.000,USM,1,USMCOB-RC4912,2026-05-05 00:00:00.000,UTC,1990,8,12,224,"00:00:00",,POINT(-88.797 29.718),USMCOB-RC4912
USMCOB,"OFF PORT ARANSAS, TX",27.836,-97.043,1.07,,FL,1.16,TL,1991-07-14 00:00:00.000,USM,2,USMCOB-RC4912,2026-05-05 00:00:00.000,UTC,1991,7,14,195,"00:00:00",,POINT(-97.043 27.836),USMCOB-RC4912
USMCOB,FL Keys - Gulf,24.95,-80.7,0.91,,FL,1.02,TL,2008-11-15 00:00:00.000,USM,1,USMCOB-RC49219,2026-05-05 00:00:00.000,UTC,2008,11,15,320,"00:00:00",,POINT(-80.7 24.95),USMCOB-RC49219
USMCOB,"50 mls off Islamorada, bay side",25.389,-81.249,0.97,,FL,,,2008-12-29 00:00:00.000,USM,2,USMCOB-RC49219,2026-05-05 00:00:00.000,UTC,2008,12,29,364,"00:00:00",,POINT(-81.249 25.389),USMCOB-RC49219
USMCOB,FL Keys - Gulf,24.95,-80.7,0.83,,FL,0.89,TL,2008-11-15 00:00:00.000,USM,1,USMCOB-RC49220,2026-05-05 00:00:00.000,UTC,2008,11,15,320,"00:00:00",,POINT(-80.7 24.95),USMCOB-RC49220
USMCOB,"25o30', 81o45'",25.5,-81.75,0.89,,FL,,,2009-05-06 00:00:00.000,USM,2,USMCOB-RC49220,2026-05-05 00:00:00.000,UTC,2009,5,6,126,"00:00:00",,POINT(-81.75 25.5),USMCOB-RC49220
USMCOB,"Ocracoke, NC",35.1,-75.95,0.69,,FL,0.79,TL,2009-05-13 00:00:00.000,USM,1,USMCOB-RC49358,2026-05-05 00:00:00.000,UTC,2009,5,13,133,"00:00:00",,POINT(-75.95 35.1),USMCOB-RC49358
USMCOB,Chesapeake Bay,,,1.07,,TL,,,2010-06-04 00:00:00.000,USM,2,USMCOB-RC49358,2026-05-05 00:00:00.000,UTC,2010,6,4,155,"00:00:00",,POINT(nan nan),USMCOB-RC49358
USMCOB,St Marks,30.074,-84.185,0.74,,FL,0.79,TL,2010-10-13 00:00:00.000,USM,1,USMCOB-RC49426,2026-05-05 00:00:00.000,UTC,2010,10,13,286,"00:00:00",,POINT(-84.185 30.074),USMCOB-RC49426
USMCOB,"10 miles SE of Fort Morgan",30.129,-87.893,0.96,,TL,,,2011-06-12 00:00:00.000,USM,2,USMCOB-RC49426,2026-05-05 00:00:00.000,UTC,2011,6,12,163,"00:00:00",,POINT(-87.893 30.129),USMCOB-RC49426
USMCOB,Destin Harbor (30-23.575 86-30.430),30.392917,-86.507167,0.48,,FL,0.52,TL,2013-05-20 00:00:00.000,USM,1,USMCOB-RC49542,2026-05-05 00:00:00.000,UTC,2013,5,20,140,"00:00:00",,POINT(-86.507167 30.392917),USMCOB-RC49542
USMCOB,"3 miles off Pensacola Beach",30.284,-87.146,0.85,,FL,,,2014-06-27 00:00:00.000,USM,2,USMCOB-RC49542,2026-05-05 00:00:00.000,UTC,2014,6,27,178,"00:00:00",,POINT(-87.146 30.284),USMCOB-RC49542
USMCOB,"12277.6 / 47069.1",30.19667,-88.81833,0.74,,FL,0.83,TL,1990-09-16 00:00:00.000,USM,1,USMCOB-RC4958,2026-05-05 00:00:00.000,UTC,1990,9,16,259,"00:00:00",,POINT(-88.81833 30.19667),USMCOB-RC4958
USMCOB,"RIGS S. OF PETIT BOIS ISL., MS",30.115,-88.45,0.91,,FL,0.99,TL,1991-09-14 00:00:00.000,USM,2,USMCOB-RC4958,2026-05-05 00:00:00.000,UTC,1991,9,14,257,"00:00:00",,POINT(-88.45 30.115),USMCOB-RC4958
USMCOB,"12277.7 / 47069.0(S.OF SHIP IS",30.195,-88.81833,0.42,,FL,0.46,TL,1990-09-16 00:00:00.000,USM,1,USMCOB-RC4959,2026-05-05 00:00:00.000,UTC,1990,9,16,259,"00:00:00",,POINT(-88.81833 30.195),USMCOB-RC4959
USMCOB,"SOUTH OF GULF SHORES, AL",30.245,-87.701,0.64,,FL,,,1991-06-24 00:00:00.000,USM,2,USMCOB-RC4959,2026-05-05 00:00:00.000,UTC,1991,6,24,175,"00:00:00",,POINT(-87.701 30.245),USMCOB-RC4959
USMCOB,Pensacola Beach Fl.,30.315,-87.203,1.17,,FL,1.27,TL,2010-04-27 00:00:00.000,USM,1,USMCOB-RC49661,2026-05-05 00:00:00.000,UTC,2010,4,27,117,"00:00:00",,POINT(-87.203 30.315),USMCOB-RC49661
USMCOB,"Navarre Beach, FL",30.378,-86.862,1.3,,FL,,,2013-04-02 00:00:00.000,USM,2,USMCOB-RC49661,2026-05-05 00:00:00.000,UTC,2013,4,2,92,"00:00:00",,POINT(-86.862 30.378),USMCOB-RC49661
USMCOB,"Crystal River, FL",28.915,-82.698,0.79,,FL,0.88,TL,2015-05-16 00:00:00.000,USM,1,USMCOB-RC49780,2026-05-05 00:00:00.000,UTC,2015,5,16,136,"00:00:00",,POINT(-82.698 28.915),USMCOB-RC49780
USMCOB,"Hernando Beach, FL",28.472,-82.705,0.89,,FL,0.97,TL,2016-05-30 00:00:00.000,USM,2,USMCOB-RC49780,2026-05-05 00:00:00.000,UTC,2016,5,30,151,"00:00:00",,POINT(-82.705 28.472),USMCOB-RC49780
USMCOB,"12330.5 / 46932.5",29.635,-88.75833,0.74,,FL,,,1991-09-28 00:00:00.000,USM,1,USMCOB-RC4984,2026-05-05 00:00:00.000,UTC,1991,9,28,271,"00:00:00",,POINT(-88.75833 29.635),USMCOB-RC4984
USMCOB,"WEST END OF SHIP ISLAND, MS",30.21,-88.964,0.86,,FL,0.97,TL,1992-05-11 00:00:00.000,USM,2,USMCOB-RC4984,2026-05-05 00:00:00.000,UTC,1992,5,11,132,"00:00:00",,POINT(-88.964 30.21),USMCOB-RC4984
USMCOB,"Apalachicola, FL",29.725768,-84.983243,0.64,,FL,0.76,TL,2017-07-08 00:00:00.000,USM,1,USMCOB-RC50120,2026-05-05 00:00:00.000,UTC,2017,7,8,189,"00:00:00",,POINT(-84.983243 29.725768),USMCOB-RC50120
USMCOB,"Pensacola Pass, FL - 9 mi. SE at San Pablo Wreck",30.188883,-87.217617,1.07,,TL,,,2018-07-06 00:00:00.000,USM,2,USMCOB-RC50120,2026-05-05 00:00:00.000,UTC,2018,7,6,187,"00:00:00",,POINT(-87.217617 30.188883),USMCOB-RC50120
USMCOB,"NAVARRE BEACH, FL",30.378,-86.862,0.56,,FL,,,1993-05-20 00:00:00.000,USM,1,USMCOB-RC5017,2026-05-05 00:00:00.000,UTC,1993,5,20,140,"00:00:00",,POINT(-86.862 30.378),USMCOB-RC5017
USMCOB,"OFF MARATHON, FL",24.726,-81.089,0.86,,TL,,,1994-05-02 00:00:00.000,USM,2,USMCOB-RC5017,2026-05-05 00:00:00.000,UTC,1994,5,2,122,"00:00:00",,POINT(-81.089 24.726),USMCOB-RC5017
USMCOB,"Pensacola Beach, FL",30.315,-87.203,1.02,,FL,,,1996-03-24 00:00:00.000,USM,1,USMCOB-RC5018,2026-05-05 00:00:00.000,UTC,1996,3,24,84,"00:00:00",,POINT(-87.203 30.315),USMCOB-RC5018
USMCOB,"20 mi South of Grand Isle, LA",28.937,-89.989,,,,,,1997-03-21 00:00:00.000,USM,2,USMCOB-RC5018,2026-05-05 00:00:00.000,UTC,1997,3,21,80,"00:00:00",,POINT(-89.989 28.937),USMCOB-RC5018
USMCOB,"Pensacola Beach, FL",30.315,-87.203,0.91,,FL,0.97,TL,1996-04-05 00:00:00.000,USM,1,USMCOB-RC5019,2026-05-05 00:00:00.000,UTC,1996,4,5,96,"00:00:00",,POINT(-87.203 30.315),USMCOB-RC5019
USMCOB,"8 Mi E of Sebastian Inlet, FL",27.862,-80.316,,,,,,1997-01-04 00:00:00.000,USM,2,USMCOB-RC5019,2026-05-05 00:00:00.000,UTC,1997,1,4,4,"00:00:00",,POINT(-80.316 27.862),USMCOB-RC5019
USMCOB,Navarre,30.378,-86.862,0.89,,FL,0.97,TL,2010-04-11 00:00:00.000,USM,1,USMCOB-RC50212,2026-05-05 00:00:00.000,UTC,2010,4,11,101,"00:00:00",,POINT(-86.862 30.378),USMCOB-RC50212
USMCOB,"Off Pensacola, FL",30.333,-87.15,1.24,,FL,1.4,TL,2015-03-27 00:00:00.000,USM,2,USMCOB-RC50212,2026-05-05 00:00:00.000,UTC,2015,3,27,86,"00:00:00",,POINT(-87.15 30.333),USMCOB-RC50212
USMCOB,"40 miles S of Petit Bois Island",29.614,-88.466,0.66,,FL,,,2013-06-02 00:00:00.000,USM,1,USMCOB-RC50351,2026-05-05 00:00:00.000,UTC,2013,6,2,153,"00:00:00",,POINT(-88.466 29.614),USMCOB-RC50351
USMCOB,"17 miles SW of Mexico Beach, FL",29.763,-85.61,0.94,,FL,,,2013-07-10 00:00:00.000,USM,2,USMCOB-RC50351,2026-05-05 00:00:00.000,UTC,2013,7,10,191,"00:00:00",,POINT(-85.61 29.763),USMCOB-RC50351
USMCOB,"North End, Chandeleur Island",30.043,-88.878,0.71,,FL,0.81,TL,2014-05-19 00:00:00.000,USM,1,USMCOB-RC50354,2026-05-05 00:00:00.000,UTC,2014,5,19,139,"00:00:00",,POINT(-88.878 30.043),USMCOB-RC50354
USMCOB,"2 miles south of Destin, FL",30.352,-86.508,0.86,,FL,,,2014-07-25 00:00:00.000,USM,2,USMCOB-RC50354,2026-05-05 00:00:00.000,UTC,2014,7,25,206,"00:00:00",,POINT(-86.508 30.352),USMCOB-RC50354
USMCOB,SOUTH OF EAST SHIP ISLAND,30.229,-88.886,0.71,,FL,0.76,TL,1990-09-14 00:00:00.000,USM,1,USMCOB-RC5038,2026-05-05 00:00:00.000,UTC,1990,9,14,257,"00:00:00",,POINT(-88.886 30.229),USMCOB-RC5038
USMCOB,"SHIP SHOAL 118,W. OF MISS RIV.",28.804701,-90.868545,0.97,,FL,,,1991-07-02 00:00:00.000,USM,2,USMCOB-RC5038,2026-05-05 00:00:00.000,UTC,1991,7,2,183,"00:00:00",,POINT(-90.868545 28.804701),USMCOB-RC5038
USMCOB,West End of Ship Island,30.21,-88.964,0.58,,FL,0.69,TL,2009-08-21 00:00:00.000,USM,1,USMCOB-RC50662,2026-05-05 00:00:00.000,UTC,2009,8,21,233,"00:00:00",,POINT(-88.964 30.21),USMCOB-RC50662
USMCOB,"45 mls south of Fourchon, LA",28.442,-90.2,1.07,,FL,,,2011-07-14 00:00:00.000,USM,2,USMCOB-RC50662,2026-05-05 00:00:00.000,UTC,2011,7,14,195,"00:00:00",,POINT(-90.2 28.442),USMCOB-RC50662
USMCOB,"28 15.087/82 54.77",28.25145,-82.912833,0.84,,FL,0.94,TL,2011-05-09 00:00:00.000,USM,1,USMCOB-RC50805,2026-05-05 00:00:00.000,UTC,2011,5,9,129,"00:00:00",,POINT(-82.912833 28.25145),USMCOB-RC50805
USMCOB,"28 15.47 / 82 57.21",28.257833,-82.9535,0.91,,FL,,,2011-09-24 00:00:00.000,USM,2,USMCOB-RC50805,2026-05-05 00:00:00.000,UTC,2011,9,24,267,"00:00:00",,POINT(-82.9535 28.257833),USMCOB-RC50805
USMCOB,"28'15.320/82'57.233",28.255333,-82.953883,0.97,,FL,1.07,TL,2012-04-27 00:00:00.000,USM,1,USMCOB-RC50808,2026-05-05 00:00:00.000,UTC,2012,4,27,118,"00:00:00",,POINT(-82.953883 28.255333),USMCOB-RC50808
USMCOB,"5 miles off Tarpon Springs, FL",28.175,-82.795,1.09,,FL,,,2014-05-06 00:00:00.000,USM,2,USMCOB-RC50808,2026-05-05 00:00:00.000,UTC,2014,5,6,126,"00:00:00",,POINT(-82.795 28.175),USMCOB-RC50808
USMCOB,"St. Marks,Fl.",30.074,-84.185,0.64,,FL,0.74,TL,2011-05-23 00:00:00.000,USM,1,USMCOB-RC50812,2026-05-05 00:00:00.000,UTC,2011,5,23,143,"00:00:00",,POINT(-84.185 30.074),USMCOB-RC50812
USMCOB,"St. Marks,Fl",30.074,-84.185,0.86,,FL,,,2011-06-05 00:00:00.000,USM,2,USMCOB-RC50812,2026-05-05 00:00:00.000,UTC,2011,6,5,156,"00:00:00",,POINT(-84.185 30.074),USMCOB-RC50812
USMCOB,Perdido Key Fl,30.288,-87.427,0.64,,FL,0.74,TL,2009-09-26 00:00:00.000,USM,1,USMCOB-RC50941,2026-05-05 00:00:00.000,UTC,2009,9,26,269,"00:00:00",,POINT(-87.427 30.288),USMCOB-RC50941
USMCOB,"20 NE Sebastian Inlet 2806.2 8012.6",28.103333,-80.21,0.69,,FL,,,2010-05-07 00:00:00.000,USM,2,USMCOB-RC50941,2026-05-05 00:00:00.000,UTC,2010,5,7,127,"00:00:00",,POINT(-80.21 28.103333),USMCOB-RC50941
USMCOB,"Perdido Key, FL ",30.288,-87.427,0.66,,FL,0.76,TL,2015-06-02 00:00:00.000,USM,1,USMCOB-RC50983,2026-05-05 00:00:00.000,UTC,2015,6,2,153,"00:00:00",,POINT(-87.427 30.288),USMCOB-RC50983
USMCOB,"Pensacola Pass, FL - 5 mi. buoy",30.271,-87.29,0.91,,FL,,,2016-06-21 00:00:00.000,USM,2,USMCOB-RC50983,2026-05-05 00:00:00.000,UTC,2016,6,21,173,"00:00:00",,POINT(-87.29 30.271),USMCOB-RC50983
USMCOB,"Perdido Key, FL ",30.288,-87.427,0.99,,FL,,,2015-04-21 00:00:00.000,USM,1,USMCOB-RC50987,2026-05-05 00:00:00.000,UTC,2015,4,21,111,"00:00:00",,POINT(-87.427 30.288),USMCOB-RC50987
USMCOB,"Destin, FL",30.38,-86.5,1.14,,FL,,,2016-07-08 00:00:00.000,USM,2,USMCOB-RC50987,2026-05-05 00:00:00.000,UTC,2016,7,8,190,"00:00:00",,POINT(-86.5 30.38),USMCOB-RC50987
USMCOB,WEST END OF SHIP ISLAND,30.21,-88.964,0.81,,FL,0.89,TL,1990-09-15 00:00:00.000,USM,1,USMCOB-RC5107,2026-05-05 00:00:00.000,UTC,1990,9,15,258,"00:00:00",,POINT(-88.964 30.21),USMCOB-RC5107
USMCOB,"SHELL RIG 70, SOUTH PASS AREA",29.01,-88.92,0.99,,FL,,,1991-08-17 00:00:00.000,USM,2,USMCOB-RC5107,2026-05-05 00:00:00.000,UTC,1991,8,17,229,"00:00:00",,POINT(-88.92 29.01),USMCOB-RC5107
USMCOB,WEST END OF SHIP ISL.,30.21,-88.964,0.7,,FL,0.76,TL,1990-09-17 00:00:00.000,USM,1,USMCOB-RC5111,2026-05-05 00:00:00.000,UTC,1990,9,17,260,"00:00:00",,POINT(-88.964 30.21),USMCOB-RC5111
USMCOB,"MARATHON, FL (OLD 7MI. BRIDGE)",24.726,-81.089,,,,,,1992-02-22 00:00:00.000,USM,2,USMCOB-RC5111,2026-05-05 00:00:00.000,UTC,1992,2,22,53,"00:00:00",,POINT(-81.089 24.726),USMCOB-RC5111
USMCOB,N of Port Canaveral,28.423,-80.574,0.76,,FL,,,2010-05-22 00:00:00.000,USM,1,USMCOB-RC51122,2026-05-05 00:00:00.000,UTC,2010,5,22,142,"00:00:00",,POINT(-80.574 28.423),USMCOB-RC51122
USMCOB,"St. Augustine, FL",29.902,-81.255,0.91,,FL,,,2012-08-12 00:00:00.000,USM,2,USMCOB-RC51122,2026-05-05 00:00:00.000,UTC,2012,8,12,225,"00:00:00",,POINT(-81.255 29.902),USMCOB-RC51122
USMCOB,"2 miles off S. Padre Island",26.112,-97.13,0.8,,FL,,,2010-10-02 00:00:00.000,USM,2,USMCOB-RC51250,2026-05-05 00:00:00.000,UTC,2010,10,2,275,"00:00:00",,POINT(-97.13 26.112),USMCOB-RC51250
USMCOB,"26.03 97.06",26.05,-97.1,0.74,,FL,0.83,TL,2010-10-02 00:00:00.000,USM,1,USMCOB-RC51250,2026-05-05 00:00:00.000,UTC,2010,10,2,275,"00:00:00",,POINT(-97.1 26.05),USMCOB-RC51250
USMCOB,Pensacola Fl,30.315,-87.203,0.89,,FL,,,2010-04-07 00:00:00.000,USM,1,USMCOB-RC51299,2026-05-05 00:00:00.000,UTC,2010,4,7,97,"00:00:00",,POINT(-87.203 30.315),USMCOB-RC51299
USMCOB,"15 ml S of Dauphin I., AL",30.031,-88.215,,,,,,2011-07-03 00:00:00.000,USM,2,USMCOB-RC51299,2026-05-05 00:00:00.000,UTC,2011,7,3,184,"00:00:00",,POINT(-88.215 30.031),USMCOB-RC51299
USMCOB,Pensacola Beach Fl.,30.315,-87.203,0.91,,FL,,,2010-04-05 00:00:00.000,USM,1,USMCOB-RC51361,2026-05-05 00:00:00.000,UTC,2010,4,5,95,"00:00:00",,POINT(-87.203 30.315),USMCOB-RC51361
USMCOB,"2752.61N 8311.33W",27.876833,-83.188833,,,,,,2011-03-25 00:00:00.000,USM,2,USMCOB-RC51361,2026-05-05 00:00:00.000,UTC,2011,3,25,84,"00:00:00",,POINT(-83.188833 27.876833),USMCOB-RC51361
USMCOB,Pensacola Beach Fl.,30.315,-87.203,0.97,,FL,1.07,TL,2010-04-10 00:00:00.000,USM,1,USMCOB-RC51366,2026-05-05 00:00:00.000,UTC,2010,4,10,100,"00:00:00",,POINT(-87.203 30.315),USMCOB-RC51366
USMCOB,South Timbalier 200,28.459,-90.584,,,,,,2011-06-20 00:00:00.000,USM,2,USMCOB-RC51366,2026-05-05 00:00:00.000,UTC,2011,6,20,171,"00:00:00",,POINT(-90.584 28.459),USMCOB-RC51366
USMCOB,Perdido,30.288,-87.427,0.99,,FL,,,2010-04-12 00:00:00.000,USM,1,USMCOB-RC51367,2026-05-05 00:00:00.000,UTC,2010,4,12,102,"00:00:00",,POINT(-87.427 30.288),USMCOB-RC51367
USMCOB,Main Pass 265,29.335,-88.297,0.99,,FL,1.09,TL,2011-05-11 00:00:00.000,USM,2,USMCOB-RC51367,2026-05-05 00:00:00.000,UTC,2011,5,11,131,"00:00:00",,POINT(-88.297 29.335),USMCOB-RC51367
USMCOB,WEST END OF SHIP ISLAND,30.21,-88.964,0.51,,FL,0.57,TL,1990-05-27 00:00:00.000,USM,1,USMCOB-RC5141,2026-05-05 00:00:00.000,UTC,1990,5,27,147,"00:00:00",,POINT(-88.964 30.21),USMCOB-RC5141
USMCOB,"6 MI. SW. OF PETIT BOIS I., MS",30.135,-88.528,0.74,,TL,,,1990-08-26 00:00:00.000,USM,2,USMCOB-RC5141,2026-05-05 00:00:00.000,UTC,1990,8,26,238,"00:00:00",,POINT(-88.528 30.135),USMCOB-RC5141
USMCOB,WEST END OF SHIP ISLAND,30.21,-88.964,0.56,,FL,0.61,TL,1990-05-27 00:00:00.000,USM,1,USMCOB-RC5142,2026-05-05 00:00:00.000,UTC,1990,5,27,147,"00:00:00",,POINT(-88.964 30.21),USMCOB-RC5142
USMCOB,"BRETON ISLAND AREA, BLOCK 42",29.392,-89.037,0.97,,TL,,,1991-08-17 00:00:00.000,USM,2,USMCOB-RC5142,2026-05-05 00:00:00.000,UTC,1991,8,17,229,"00:00:00",,POINT(-89.037 29.392),USMCOB-RC5142
USMCOB,WEST END OF SHIP ISL.,30.21,-88.964,0.71,,FL,0.79,TL,1990-06-19 00:00:00.000,USM,1,USMCOB-RC5147,2026-05-05 00:00:00.000,UTC,1990,6,19,170,"00:00:00",,POINT(-88.964 30.21),USMCOB-RC5147
USMCOB,"SOUTH OF HORN ISLAND, MS",30.239,-88.749,0.74,,FL,0.81,TL,1990-08-15 00:00:00.000,USM,2,USMCOB-RC5147,2026-05-05 00:00:00.000,UTC,1990,8,15,227,"00:00:00",,POINT(-88.749 30.239),USMCOB-RC5147
USMCOB,"Dog Ballard Reef/St.Marks,Fl.",29.951,-84.081,0.94,,FL,0.99,TL,2012-04-11 00:00:00.000,USM,1,USMCOB-RC51593,2026-05-05 00:00:00.000,UTC,2012,4,11,102,"00:00:00",,POINT(-84.081 29.951),USMCOB-RC51593
USMCOB,"St. Marks,Fl",30.074,-84.185,0.76,,FL,,,2012-08-15 00:00:00.000,USM,2,USMCOB-RC51593,2026-05-05 00:00:00.000,UTC,2012,8,15,228,"00:00:00",,POINT(-84.185 30.074),USMCOB-RC51593
USMCOB,"Navarre Beach,Fl. ",30.378,-86.862,0.91,,FL,1.02,TL,2011-04-03 00:00:00.000,USM,1,USMCOB-RC51704,2026-05-05 00:00:00.000,UTC,2011,4,3,93,"00:00:00",,POINT(-86.862 30.378),USMCOB-RC51704
USMCOB,"off Fourchon, LA",29.095,-90.194,1.1,,FL,,,2012-08-04 00:00:00.000,USM,2,USMCOB-RC51704,2026-05-05 00:00:00.000,UTC,2012,8,4,217,"00:00:00",,POINT(-90.194 29.095),USMCOB-RC51704
USMCOB,"Pensacola Beach,Fl.",30.315,-87.203,1.04,,FL,1.12,TL,2011-04-04 00:00:00.000,USM,1,USMCOB-RC51706,2026-05-05 00:00:00.000,UTC,2011,4,4,94,"00:00:00",,POINT(-87.203 30.315),USMCOB-RC51706
USMCOB,South Timbalier 205,28.455,-90.398,1.3,,TL,,,2013-06-10 00:00:00.000,USM,2,USMCOB-RC51706,2026-05-05 00:00:00.000,UTC,2013,6,10,161,"00:00:00",,POINT(-90.398 28.455),USMCOB-RC51706
USMCOB,"Pensacola Beach,Fl.",30.315,-87.203,1.07,,FL,1.14,TL,2011-04-14 00:00:00.000,USM,1,USMCOB-RC51760,2026-05-05 00:00:00.000,UTC,2011,4,14,104,"00:00:00",,POINT(-87.203 30.315),USMCOB-RC51760
USMCOB,"40 miles S of Galveston",28.712,-94.753,1.24,,TL,,,2012-06-09 00:00:00.000,USM,2,USMCOB-RC51760,2026-05-05 00:00:00.000,UTC,2012,6,9,161,"00:00:00",,POINT(-94.753 28.712),USMCOB-RC51760
USMCOB,"Pensacola Beach,Fl.",30.315,-87.203,1.08,,FL,,,2011-04-21 00:00:00.000,USM,1,USMCOB-RC51771,2026-05-05 00:00:00.000,UTC,2011,4,21,111,"00:00:00",,POINT(-87.203 30.315),USMCOB-RC51771
USMCOB,"30 miles off Gulf Breeze, FL",29.892,-87.157,1.22,,TL,,,2014-07-27 00:00:00.000,USM,2,USMCOB-RC51771,2026-05-05 00:00:00.000,UTC,2014,7,27,208,"00:00:00",,POINT(-87.157 29.892),USMCOB-RC51771
USMCOB,"26.03/97.06",26.05,-97.1,0.49,,FL,0.55,TL,2011-08-18 00:00:00.000,USM,1,USMCOB-RC51912,2026-05-05 00:00:00.000,UTC,2011,8,18,230,"00:00:00",,POINT(-97.1 26.05),USMCOB-RC51912
USMCOB,"26.03/97.06",26.03,-97.06,0.65,,FL,0.74,TL,2011-10-15 00:00:00.000,USM,2,USMCOB-RC51912,2026-05-05 00:00:00.000,UTC,2011,10,15,288,"00:00:00",,POINT(-97.06 26.03),USMCOB-RC51912
USMCOB,"Pensacola Beach,Fl.",30.315,-87.203,1.12,,FL,,,2011-04-20 00:00:00.000,USM,1,USMCOB-RC51943,2026-05-05 00:00:00.000,UTC,2011,4,20,110,"00:00:00",,POINT(-87.203 30.315),USMCOB-RC51943
USMCOB,"Sandestin, FL",30.367,-86.331,1.32,,FL,,,2014-04-11 00:00:00.000,USM,2,USMCOB-RC51943,2026-05-05 00:00:00.000,UTC,2014,4,11,101,"00:00:00",,POINT(-86.331 30.367),USMCOB-RC51943
USMCOB,"Pensacola Beach,Fl.",30.315,-87.203,1.17,,FL,,,2011-04-20 00:00:00.000,USM,1,USMCOB-RC51945,2026-05-05 00:00:00.000,UTC,2011,4,20,110,"00:00:00",,POINT(-87.203 30.315),USMCOB-RC51945
USMCOB,"Palm Beach, Florida",26.705,-80.032,1.27,,TL,,,2012-12-16 00:00:00.000,USM,2,USMCOB-RC51945,2026-05-05 00:00:00.000,UTC,2012,12,16,351,"00:00:00",,POINT(-80.032 26.705),USMCOB-RC51945
USMCOB,"26' 11/97' 03",26.183,-97.05,0.84,,FL,0.92,TL,2011-07-19 00:00:00.000,USM,1,USMCOB-RC51959,2026-05-05 00:00:00.000,UTC,2011,7,19,200,"00:00:00",,POINT(-97.05 26.183),USMCOB-RC51959
USMCOB,"South Padre Island, TX",26.113,-97.15,0.98,,TL,,,2011-07-21 00:00:00.000,USM,2,USMCOB-RC51959,2026-05-05 00:00:00.000,UTC,2011,7,21,202,"00:00:00",,POINT(-97.15 26.113),USMCOB-RC51959
USMCOB,Orange Beach,30.267,-87.585,0.84,,FL,0.94,TL,2010-04-11 00:00:00.000,USM,1,USMCOB-RC52020,2026-05-05 00:00:00.000,UTC,2010,4,11,101,"00:00:00",,POINT(-87.585 30.267),USMCOB-RC52020
USMCOB,"Vermilion 265 2830.639,9227.146",28.511,-92.452,1.03,,FL,,,2013-08-10 00:00:00.000,USM,2,USMCOB-RC52020,2026-05-05 00:00:00.000,UTC,2013,8,10,222,"00:00:00",,POINT(-92.452 28.511),USMCOB-RC52020
USMCOB,Pensacola Fl,30.315,-87.203,0.89,,FL,,,2010-04-05 00:00:00.000,USM,1,USMCOB-RC52031,2026-05-05 00:00:00.000,UTC,2010,4,5,95,"00:00:00",,POINT(-87.203 30.315),USMCOB-RC52031
USMCOB,"25.54N 80.16W",25.54,-80.16,,,,,,2011-02-28 00:00:00.000,USM,2,USMCOB-RC52031,2026-05-05 00:00:00.000,UTC,2011,2,28,59,"00:00:00",,POINT(-80.16 25.54),USMCOB-RC52031
USMCOB,Pensacola Fl,30.315,-87.203,0.94,,FL,,,2010-04-05 00:00:00.000,USM,1,USMCOB-RC52033,2026-05-05 00:00:00.000,UTC,2010,4,5,95,"00:00:00",,POINT(-87.203 30.315),USMCOB-RC52033
USMCOB,West Delta 109,28.84,-89.459,1.17,,FL,,,2011-07-10 00:00:00.000,USM,2,USMCOB-RC52033,2026-05-05 00:00:00.000,UTC,2011,7,10,191,"00:00:00",,POINT(-89.459 28.84),USMCOB-RC52033
USMCOB,"DOG KEYS PASS, MS",30.246,-88.782,0.58,,FL,0.66,TL,1991-07-14 00:00:00.000,USM,1,USMCOB-RC5205,2026-05-05 00:00:00.000,UTC,1991,7,14,195,"00:00:00",,POINT(-88.782 30.246),USMCOB-RC5205
USMCOB,"20 MI. S. OF DAUPHIN ISL., AL",29.958,-88.215,0.76,,TL,,,1991-10-20 00:00:00.000,USM,2,USMCOB-RC5205,2026-05-05 00:00:00.000,UTC,1991,10,20,293,"00:00:00",,POINT(-88.215 29.958),USMCOB-RC5205
USMCOB,"Pensacola Beach,Fl.",30.315,-87.203,0.84,,TL,,,2011-04-14 00:00:00.000,USM,1,USMCOB-RC52057,2026-05-05 00:00:00.000,UTC,2011,4,14,104,"00:00:00",,POINT(-87.203 30.315),USMCOB-RC52057
USMCOB,"Port Canaveral, FL",28.406,-80.584,0.93,,FL,,,2012-03-17 00:00:00.000,USM,2,USMCOB-RC52057,2026-05-05 00:00:00.000,UTC,2012,3,17,77,"00:00:00",,POINT(-80.584 28.406),USMCOB-RC52057
USMCOB,"DOG KEYS PASS, MS   RED CAN",30.246,-88.782,0.72,,TL,,,1991-07-14 00:00:00.000,USM,1,USMCOB-RC5220,2026-05-05 00:00:00.000,UTC,1991,7,14,195,"00:00:00",,POINT(-88.782 30.246),USMCOB-RC5220
USMCOB,SE CHAN.I.(NOTE:1ST OF:DBL REC,29.718,-88.797,0.7,,FL,0.78,TL,1992-04-22 00:00:00.000,USM,2,USMCOB-RC5220,2026-05-05 00:00:00.000,UTC,1992,4,22,113,"00:00:00",,POINT(-88.797 29.718),USMCOB-RC5220
USMCOB,"Seaside, Florida",30.32,-86.144,0.99,,FL,,,2013-04-23 00:00:00.000,USM,1,USMCOB-RC52304,2026-05-05 00:00:00.000,UTC,2013,4,23,113,"00:00:00",,POINT(-86.144 30.32),USMCOB-RC52304
USMCOB,"rig south of Cocodrie, LA",29.186,-90.641,1.02,,TL,,,2013-09-29 00:00:00.000,USM,2,USMCOB-RC52304,2026-05-05 00:00:00.000,UTC,2013,9,29,272,"00:00:00",,POINT(-90.641 29.186),USMCOB-RC52304
USMCOB,"Panama City Beach, Florida",30.212,-85.88,0.64,,FL,,,2013-04-26 00:00:00.000,USM,1,USMCOB-RC52305,2026-05-05 00:00:00.000,UTC,2013,4,26,116,"00:00:00",,POINT(-85.88 30.212),USMCOB-RC52305
USMCOB,"3 miles east of Pensacola Pass",30.311,-87.25,0.8,,FL,,,2013-06-03 00:00:00.000,USM,2,USMCOB-RC52305,2026-05-05 00:00:00.000,UTC,2013,6,3,154,"00:00:00",,POINT(-87.25 30.311),USMCOB-RC52305
USMCOB,"28.55.570 82.51.270",29.075,-82.925,0.81,,FL,0.9,TL,2010-07-18 00:00:00.000,USM,1,USMCOB-RC52372,2026-05-05 00:00:00.000,UTC,2010,7,18,199,"00:00:00",,POINT(-82.925 29.075),USMCOB-RC52372
USMCOB,"Crystal Bay, FL",27.907,-82.668,0.94,,FL,,,2011-04-30 00:00:00.000,USM,2,USMCOB-RC52372,2026-05-05 00:00:00.000,UTC,2011,4,30,120,"00:00:00",,POINT(-82.668 27.907),USMCOB-RC52372
USMCOB,"28.55.570/82.51.270",29.075,-82.925,0.67,,FL,0.72,TL,2010-07-10 00:00:00.000,USM,1,USMCOB-RC52375,2026-05-05 00:00:00.000,UTC,2010,7,10,191,"00:00:00",,POINT(-82.925 29.075),USMCOB-RC52375
USMCOB,"Crystal Bay, FL",27.907,-82.668,0.86,,FL,,,2011-04-22 00:00:00.000,USM,2,USMCOB-RC52375,2026-05-05 00:00:00.000,UTC,2011,4,22,112,"00:00:00",,POINT(-82.668 27.907),USMCOB-RC52375
USMCOB,"GREEN CAN N. OF HORN ISL., MS",30.255,-88.774,0.61,,FL,0.69,TL,1991-08-11 00:00:00.000,USM,1,USMCOB-RC5245,2026-05-05 00:00:00.000,UTC,1991,8,11,223,"00:00:00",,POINT(-88.774 30.255),USMCOB-RC5245
USMCOB,"OFF BOYNTON BCH, FL (ATLANTIC)",26.545,-80.04,1.04,,TL,,,1993-06-01 00:00:00.000,USM,2,USMCOB-RC5245,2026-05-05 00:00:00.000,UTC,1993,6,1,152,"00:00:00",,POINT(-80.04 26.545),USMCOB-RC5245
USMCOB,"GULFPORT SHIP CHANNEL, MS",30.24,-89.0,0.72,,FL,0.76,TL,1993-09-07 00:00:00.000,USM,1,USMCOB-RC5253,2026-05-05 00:00:00.000,UTC,1993,9,7,250,"00:00:00",,POINT(-89.0 30.24),USMCOB-RC5253
USMCOB,KEY WEST HARBOR,24.563,-81.726,0.86,,FL,,,1994-06-27 00:00:00.000,USM,2,USMCOB-RC5253,2026-05-05 00:00:00.000,UTC,1994,6,27,178,"00:00:00",,POINT(-81.726 24.563),USMCOB-RC5253
USMCOB,"29.57.049/84.04.872(Dog Ballard Reef)",29.963611,-84.308889,0.74,,FL,0.84,TL,2011-07-29 00:00:00.000,USM,1,USMCOB-RC52539,2026-05-05 00:00:00.000,UTC,2011,7,29,210,"00:00:00",,POINT(-84.308889 29.963611),USMCOB-RC52539
USMCOB,"Dog Ballard Reef, St. Marks, FL",29.951,-84.081,0.92,,FL,,,2012-04-28 00:00:00.000,USM,2,USMCOB-RC52539,2026-05-05 00:00:00.000,UTC,2012,4,28,119,"00:00:00",,POINT(-84.081 29.951),USMCOB-RC52539
USMCOB,"80 mi. S Petit Bois, Island, MS",29.09,-88.44,0.89,,TL,,,2020-06-22 00:00:00.000,USM,2,USMCOB-RC52680,2026-05-05 00:00:00.000,UTC,2020,6,22,174,"00:00:00",,POINT(-88.44 29.09),USMCOB-RC52680
USMCOB,,,,,,,,,,USM,1,USMCOB-RC52680,2026-05-05 00:00:00.000,UTC,,,,,,,POINT(nan nan),USMCOB-RC52680
USMCOB,"Pascagoula Ship Channel, MS",30.241,-88.506,0.94,,TL,,,2019-06-01 00:00:00.000,USM,1,USMCOB-RC52858,2026-05-05 00:00:00.000,UTC,2019,6,1,152,"00:00:00",,POINT(-88.506 30.241),USMCOB-RC52858
USMCOB,"Stuart, FL - 6 mi out",27.2546,-80.0871,0.91,,FL,,,2019-10-17 00:00:00.000,USM,2,USMCOB-RC52858,2026-05-05 00:00:00.000,UTC,2019,10,17,290,"00:00:00",,POINT(-80.0871 27.2546),USMCOB-RC52858
USMCOB,"28 33.289/80 08.519",28.554817,-80.141983,0.81,,FL,0.86,TL,2011-05-23 00:00:00.000,USM,1,USMCOB-RC53105,2026-05-05 00:00:00.000,UTC,2011,5,23,143,"00:00:00",,POINT(-80.141983 28.554817),USMCOB-RC53105
USMCOB,"off St. Augustine, FL    E",29.902,-81.255,1.02,,TL,,,2012-04-30 00:00:00.000,USM,2,USMCOB-RC53105,2026-05-05 00:00:00.000,UTC,2012,4,30,121,"00:00:00",,POINT(-81.255 29.902),USMCOB-RC53105
USMCOB,"28.18.185/80.29.026",28.303083,-80.483767,0.79,,FL,0.84,TL,2012-03-14 00:00:00.000,USM,1,USMCOB-RC53107,2026-05-05 00:00:00.000,UTC,2012,3,14,74,"00:00:00",,POINT(-80.483767 28.303083),USMCOB-RC53107
USMCOB,"15 miles E of Altamaha Sound, GA",31.318,-81.293,0.97,,TL,,,2012-06-22 00:00:00.000,USM,2,USMCOB-RC53107,2026-05-05 00:00:00.000,UTC,2012,6,22,174,"00:00:00",,POINT(-81.293 31.318),USMCOB-RC53107
USMCOB,"Coast Guard Station, Pascagoula",30.334,-88.565,0.91,,FL,1.02,TL,2012-04-05 00:00:00.000,USM,1,USMCOB-RC53151,2026-05-05 00:00:00.000,UTC,2012,4,5,96,"00:00:00",,POINT(-88.565 30.334),USMCOB-RC53151
USMCOB,"30 miles off Pascagoula, MS",29.906,-88.543,0.97,,FL,1.1,TL,2012-07-08 00:00:00.000,USM,2,USMCOB-RC53151,2026-05-05 00:00:00.000,UTC,2012,7,8,190,"00:00:00",,POINT(-88.543 29.906),USMCOB-RC53151
USMCOB,"Navarre Beach,Fl.",30.378,-86.862,0.89,,FL,0.97,TL,2012-04-11 00:00:00.000,USM,1,USMCOB-RC53170,2026-05-05 00:00:00.000,UTC,2012,4,11,102,"00:00:00",,POINT(-86.862 30.378),USMCOB-RC53170
USMCOB,"2958.400, 8712.630",29.973,-87.21,0.94,,FL,,,2013-08-01 00:00:00.000,USM,2,USMCOB-RC53170,2026-05-05 00:00:00.000,UTC,2013,8,1,213,"00:00:00",,POINT(-87.21 29.973),USMCOB-RC53170
USMCOB,"S of Port Fourchon, LA - oil rig",28.88,-90.19,1.35,,TL,,,2020-08-01 00:00:00.000,USM,2,USMCOB-RC53171,2026-05-05 00:00:00.000,UTC,2020,8,1,214,"00:00:00",,POINT(-90.19 28.88),USMCOB-RC53171
USMCOB,,,,,,,,,,USM,1,USMCOB-RC53171,2026-05-05 00:00:00.000,UTC,,,,,,,POINT(nan nan),USMCOB-RC53171
USMCOB,"SOUTH TIMBALIER, LA BLOCK 300",28.153485,-90.73,1.15,,FL,1.27,TL,1990-05-24 00:00:00.000,USM,1,USMCOB-RC5321,2026-05-05 00:00:00.000,UTC,1990,5,24,144,"00:00:00",,POINT(-90.73 28.153485),USMCOB-RC5321
USMCOB,"SOUTH VERMILLON BAY, LA",29.63,-91.95,,,,,,1991-08-13 00:00:00.000,USM,2,USMCOB-RC5321,2026-05-05 00:00:00.000,UTC,1991,8,13,225,"00:00:00",,POINT(-91.95 29.63),USMCOB-RC5321
USMCOB,St. Marks,30.074,-84.185,0.7,,FL,0.77,TL,2011-06-08 00:00:00.000,USM,1,USMCOB-RC53290,2026-05-05 00:00:00.000,UTC,2011,6,8,159,"00:00:00",,POINT(-84.185 30.074),USMCOB-RC53290
USMCOB,"28'55.570/82'51.270",28.926,-82.854,0.8,,FL,0.88,TL,2012-08-02 00:00:00.000,USM,2,USMCOB-RC53290,2026-05-05 00:00:00.000,UTC,2012,8,2,215,"00:00:00",,POINT(-82.854 28.926),USMCOB-RC53290
USMCOB,"SOUTH MARSH ISLAND,LA  BLK 130",28.307173,-91.993,1.09,,FL,1.22,TL,1991-06-25 00:00:00.000,USM,1,USMCOB-RC5332,2026-05-05 00:00:00.000,UTC,1991,6,25,176,"00:00:00",,POINT(-91.993 28.307173),USMCOB-RC5332
USMCOB,"APPROX 75MI S OF MARSH ISL.,LA",28.395,-91.883,,,,,,1992-05-07 00:00:00.000,USM,2,USMCOB-RC5332,2026-05-05 00:00:00.000,UTC,1992,5,7,128,"00:00:00",,POINT(-91.883 28.395),USMCOB-RC5332
USMCOB,"SOUTH MARSH ISLAND,LA  BLK 130",28.307173,-91.993,1.07,,FL,1.21,TL,1991-06-25 00:00:00.000,USM,1,USMCOB-RC5333,2026-05-05 00:00:00.000,UTC,1991,6,25,176,"00:00:00",,POINT(-91.993 28.307173),USMCOB-RC5333
USMCOB,"38 MI. OFF DAYTONA BEACH, FL",29.444,-80.428,,,,,,1992-02-17 00:00:00.000,USM,2,USMCOB-RC5333,2026-05-05 00:00:00.000,UTC,1992,2,17,48,"00:00:00",,POINT(-80.428 29.444),USMCOB-RC5333
USMCOB,"West Delta, LA",28.87,-89.66,0.74,,FL,0.85,TL,2018-05-05 00:00:00.000,USM,1,USMCOB-RC53364,2026-05-05 00:00:00.000,UTC,2018,5,5,125,"00:00:00",,POINT(-89.66 28.87),USMCOB-RC53364
USMCOB,"Oil Rig S Venice, LA",28.44,-89.31,0.91,,FL,,,2020-06-26 00:00:00.000,USM,2,USMCOB-RC53364,2026-05-05 00:00:00.000,UTC,2020,6,26,178,"00:00:00",,POINT(-89.31 28.44),USMCOB-RC53364
USMCOB,Ship,30.221,-88.919,0.8,,FL,0.86,TL,2012-06-26 00:00:00.000,USM,1,USMCOB-RC53508,2026-05-05 00:00:00.000,UTC,2012,6,26,178,"00:00:00",,POINT(-88.919 30.221),USMCOB-RC53508
USMCOB,Ship Island Buoy 28,30.223,-88.996,0.93,,FL,,,2012-10-16 00:00:00.000,USM,2,USMCOB-RC53508,2026-05-05 00:00:00.000,UTC,2012,10,16,290,"00:00:00",,POINT(-88.996 30.223),USMCOB-RC53508
USMCOB,"26.03/97.06",26.05,-97.1,0.45,,FL,0.5,TL,2012-04-04 00:00:00.000,USM,1,USMCOB-RC53530,2026-05-05 00:00:00.000,UTC,2012,4,4,95,"00:00:00",,POINT(-97.1 26.05),USMCOB-RC53530
USMCOB,"26.03/97.06",26.03,-97.06,,,,,,2012-04-06 00:00:00.000,USM,2,USMCOB-RC53530,2026-05-05 00:00:00.000,UTC,2012,4,6,97,"00:00:00",,POINT(-97.06 26.03),USMCOB-RC53530
USMCOB,"St. Marks, FL",30.074,-84.185,0.73,,FL,0.81,TL,2013-05-30 00:00:00.000,USM,1,USMCOB-RC53608,2026-05-05 00:00:00.000,UTC,2013,5,30,150,"00:00:00",,POINT(-84.185 30.074),USMCOB-RC53608
USMCOB,"Alligator Point, FL",29.896,-84.382,1.02,,FL,,,2016-09-28 00:00:00.000,USM,2,USMCOB-RC53608,2026-05-05 00:00:00.000,UTC,2016,9,28,272,"00:00:00",,POINT(-84.382 29.896),USMCOB-RC53608
USMCOB,"Rodanthe, NC",35.6078,-75.4675,0.75,,FL,0.85,TL,2013-05-27 00:00:00.000,USM,1,USMCOB-RC53643,2026-05-05 00:00:00.000,UTC,2013,5,27,147,"00:00:00",,POINT(-75.4675 35.6078),USMCOB-RC53643
USMCOB,"Cape Charles, VA",37.266,-76.028,1.17,,TL,,,2020-07-03 00:00:00.000,USM,2,USMCOB-RC53643,2026-05-05 00:00:00.000,UTC,2020,7,3,185,"00:00:00",,POINT(-76.028 37.266),USMCOB-RC53643
USMCOB,"Oregon Inlet, NC",35.776,-75.512,0.74,,FL,0.86,TL,2013-06-06 00:00:00.000,USM,1,USMCOB-RC53649,2026-05-05 00:00:00.000,UTC,2013,6,6,157,"00:00:00",,POINT(-75.512 35.776),USMCOB-RC53649
USMCOB,"Chesapeake Bay 37-27N, 76-00W",37.439,-76.0,0.94,,TL,,,2014-08-20 00:00:00.000,USM,2,USMCOB-RC53649,2026-05-05 00:00:00.000,UTC,2014,8,20,232,"00:00:00",,POINT(-76.0 37.439),USMCOB-RC53649
USMCOB,"Jeanette's Pier, Nags Head, NC",35.911,-75.593,0.81,,FL,0.91,TL,2013-09-09 00:00:00.000,USM,1,USMCOB-RC53784,2026-05-05 00:00:00.000,UTC,2013,9,9,252,"00:00:00",,POINT(-75.593 35.911),USMCOB-RC53784
USMCOB,"Baltimore Channel, Chesapeake Bay, VA",39.277,-76.589,1.27,,TL,,,2015-08-17 00:00:00.000,USM,2,USMCOB-RC53784,2026-05-05 00:00:00.000,UTC,2015,8,17,229,"00:00:00",,POINT(-76.589 39.277),USMCOB-RC53784
USMCOB,"Nags Head, North Carolina - Jennette's Pier",35.911,-75.593,0.81,,FL,0.86,TL,2013-06-22 00:00:00.000,USM,1,USMCOB-RC53788,2026-05-05 00:00:00.000,UTC,2013,6,22,173,"00:00:00",,POINT(-75.593 35.911),USMCOB-RC53788
USMCOB,Baltimore Channel Buoy Line,39.262,-76.576,0.94,,TL,,,2013-08-12 00:00:00.000,USM,2,USMCOB-RC53788,2026-05-05 00:00:00.000,UTC,2013,8,12,224,"00:00:00",,POINT(-76.576 39.262),USMCOB-RC53788
USMCOB,"Pensacola,Fl.",30.333,-87.15,1.22,,FL,1.3,TL,2012-04-06 00:00:00.000,USM,1,USMCOB-RC54003,2026-05-05 00:00:00.000,UTC,2012,4,6,97,"00:00:00",,POINT(-87.15 30.333),USMCOB-RC54003
USMCOB,High Island 260,28.468,-93.788,1.37,,TL,,,2012-06-10 00:00:00.000,USM,2,USMCOB-RC54003,2026-05-05 00:00:00.000,UTC,2012,6,10,162,"00:00:00",,POINT(-93.788 28.468),USMCOB-RC54003
USMCOB,"Pensacola,Fl.",30.333,-87.15,1.04,,FL,1.14,TL,2012-04-07 00:00:00.000,USM,1,USMCOB-RC54004,2026-05-05 00:00:00.000,UTC,2012,4,7,98,"00:00:00",,POINT(-87.15 30.333),USMCOB-RC54004
USMCOB,"Navarre, Florida",30.378,-86.862,1.12,,FL,,,2013-04-09 00:00:00.000,USM,2,USMCOB-RC54004,2026-05-05 00:00:00.000,UTC,2013,4,9,99,"00:00:00",,POINT(-86.862 30.378),USMCOB-RC54004
USMCOB,"Navarre Beach,Fl.",30.378,-86.862,1.02,,FL,1.12,TL,2012-04-12 00:00:00.000,USM,1,USMCOB-RC54010,2026-05-05 00:00:00.000,UTC,2012,4,12,103,"00:00:00",,POINT(-86.862 30.378),USMCOB-RC54010
USMCOB,Main Pass 299,29.266,-88.762,1.07,,FL,,,2012-06-29 00:00:00.000,USM,2,USMCOB-RC54010,2026-05-05 00:00:00.000,UTC,2012,6,29,181,"00:00:00",,POINT(-88.762 29.266),USMCOB-RC54010
USMCOB,"Dog Ballard Reef/St.Marks,Fl.",29.951,-84.081,0.76,,FL,0.84,TL,2012-08-03 00:00:00.000,USM,1,USMCOB-RC54018,2026-05-05 00:00:00.000,UTC,2012,8,3,216,"00:00:00",,POINT(-84.081 29.951),USMCOB-RC54018
USMCOB,"Cedar Key, FL",29.091613,-83.038337,0.97,,FL,,,2013-06-25 00:00:00.000,USM,2,USMCOB-RC54018,2026-05-05 00:00:00.000,UTC,2013,6,25,176,"00:00:00",,POINT(-83.038337 29.091613),USMCOB-RC54018
USMCOB,"Navarre Beach,Fl.",30.378,-86.862,1.12,,FL,1.22,TL,2012-04-12 00:00:00.000,USM,1,USMCOB-RC54025,2026-05-05 00:00:00.000,UTC,2012,4,12,103,"00:00:00",,POINT(-86.862 30.378),USMCOB-RC54025
USMCOB,"15 miles off Port Canaveral, Florida",28.406,-80.34,1.17,,FL,1.35,TL,2013-01-06 00:00:00.000,USM,2,USMCOB-RC54025,2026-05-05 00:00:00.000,UTC,2013,1,6,6,"00:00:00",,POINT(-80.34 28.406),USMCOB-RC54025
USMCOB,"Navarre Beach,Fl.",30.378,-86.862,0.99,,FL,1.07,TL,2012-04-28 00:00:00.000,USM,1,USMCOB-RC54030,2026-05-05 00:00:00.000,UTC,2012,4,28,119,"00:00:00",,POINT(-86.862 30.378),USMCOB-RC54030
USMCOB,"Destin, Florida",30.38,-86.5,,,,,,2013-04-20 00:00:00.000,USM,2,USMCOB-RC54030,2026-05-05 00:00:00.000,UTC,2013,4,20,110,"00:00:00",,POINT(-86.5 30.38),USMCOB-RC54030
USMCOB,"Pensacola, FL",30.315,-87.203,,,,,,2013-04-12 00:00:00.000,USM,1,USMCOB-RC54082,2026-05-05 00:00:00.000,UTC,2013,4,12,102,"00:00:00",,POINT(-87.203 30.315),USMCOB-RC54082
USMCOB,"30-12N, 86-31W",30.2,-86.517,1.07,,TL,,,2013-06-20 00:00:00.000,USM,2,USMCOB-RC54082,2026-05-05 00:00:00.000,UTC,2013,6,20,171,"00:00:00",,POINT(-86.517 30.2),USMCOB-RC54082
USMCOB,"off Fourchon, LA (28-55.7 90-21.1)",28.928,-90.352,1.24,,FL,,,2014-06-21 00:00:00.000,USM,2,USMCOB-RC54089,2026-05-05 00:00:00.000,UTC,2014,6,21,172,"00:00:00",,POINT(-90.352 28.928),USMCOB-RC54089
USMCOB,"Panama City, FL",30.212,-85.88,0.81,,FL,,,2013-04-27 00:00:00.000,USM,1,USMCOB-RC54091,2026-05-05 00:00:00.000,UTC,2013,4,27,117,"00:00:00",,POINT(-85.88 30.212),USMCOB-RC54091
USMCOB,Grand Isle Block 27,29.028,-90.016,0.97,,TL,,,2013-06-30 00:00:00.000,USM,2,USMCOB-RC54091,2026-05-05 00:00:00.000,UTC,2013,6,30,181,"00:00:00",,POINT(-90.016 29.028),USMCOB-RC54091
USMCOB,"Panama City, FL",30.212,-85.88,,,,,,2013-04-28 00:00:00.000,USM,1,USMCOB-RC54095,2026-05-05 00:00:00.000,UTC,2013,4,28,118,"00:00:00",,POINT(-85.88 30.212),USMCOB-RC54095
USMCOB,"Panama City Beach, FL ",30.212,-85.88,1.04,,FL,,,2014-03-22 00:00:00.000,USM,2,USMCOB-RC54095,2026-05-05 00:00:00.000,UTC,2014,3,22,81,"00:00:00",,POINT(-85.88 30.212),USMCOB-RC54095
USMCOB,"Pensacola,Fl.",30.333,-87.15,0.67,,FL,0.73,TL,2012-04-14 00:00:00.000,USM,1,USMCOB-RC54112,2026-05-05 00:00:00.000,UTC,2012,4,14,105,"00:00:00",,POINT(-87.15 30.333),USMCOB-RC54112
USMCOB,"Pensacola Beach, FL ",30.333,-87.15,0.94,,FL,1.02,TL,2013-04-06 00:00:00.000,USM,2,USMCOB-RC54112,2026-05-05 00:00:00.000,UTC,2013,4,6,96,"00:00:00",,POINT(-87.15 30.333),USMCOB-RC54112
USMCOB,"29 17.231, -88 45.584",29.287183,-88.759733,0.97,,FL,1.04,TL,2019-06-25 00:00:00.000,USM,2,USMCOB-RC54150,2026-05-05 00:00:00.000,UTC,2019,6,25,176,"00:00:00",,POINT(-88.759733 29.287183),USMCOB-RC54150
USMCOB,,,,,,,,,,USM,1,USMCOB-RC54150,2026-05-05 00:00:00.000,UTC,,,,,,,POINT(nan nan),USMCOB-RC54150
USMCOB,"26-03, 97-06",26.05,-97.1,0.71,,FL,0.8,TL,2012-12-04 00:00:00.000,USM,1,USMCOB-RC54163,2026-05-05 00:00:00.000,UTC,2012,12,4,339,"00:00:00",,POINT(-97.1 26.05),USMCOB-RC54163
USMCOB,"15 miles south of Calcasieu Pass, LA",29.544,-93.341,0.91,,TL,,,2014-08-14 00:00:00.000,USM,2,USMCOB-RC54163,2026-05-05 00:00:00.000,UTC,2014,8,14,226,"00:00:00",,POINT(-93.341 29.544),USMCOB-RC54163
USMCOB,S. OF CHAND. ISL. (GETTY RIGS),29.544,-88.677,,,,,,1990-05-15 00:00:00.000,USM,1,USMCOB-RC5419,2026-05-05 00:00:00.000,UTC,1990,5,15,135,"00:00:00",,POINT(-88.677 29.544),USMCOB-RC5419
USMCOB,MAIN PASS  (BLOCK 165),29.62,-88.43,0.83,,FL,,,1990-07-06 00:00:00.000,USM,2,USMCOB-RC5419,2026-05-05 00:00:00.000,UTC,1990,7,6,187,"00:00:00",,POINT(-88.43 29.62),USMCOB-RC5419
USMCOB,"26 03.91, 97 06.58",26.065,-97.11,0.75,,FL,0.84,TL,2016-10-17 00:00:00.000,USM,1,USMCOB-RC54200,2026-05-05 00:00:00.000,UTC,2016,10,17,291,"00:00:00",,POINT(-97.11 26.065),USMCOB-RC54200
USMCOB,"Brazos Santiago Pass, TX - 13 mi. NE",26.183,-96.987,0.99,,TL,,,2017-07-08 00:00:00.000,USM,2,USMCOB-RC54200,2026-05-05 00:00:00.000,UTC,2017,7,8,189,"00:00:00",,POINT(-96.987 26.183),USMCOB-RC54200
USMCOB,"29'39.190/88'46.697",29.653167,-88.778283,0.84,,TL,,,2012-06-13 00:00:00.000,USM,1,USMCOB-RC54213,2026-05-05 00:00:00.000,UTC,2012,6,13,165,"00:00:00",,POINT(-88.778283 29.653167),USMCOB-RC54213
USMCOB,"Pensacola, FL",30.333,-87.15,1.14,,FL,1.24,TL,2014-04-01 00:00:00.000,USM,2,USMCOB-RC54213,2026-05-05 00:00:00.000,UTC,2014,4,1,91,"00:00:00",,POINT(-87.15 30.333),USMCOB-RC54213
USMCOB,CA29B,29.718,-88.797,0.91,,TL,,,2012-06-14 00:00:00.000,USM,1,USMCOB-RC54216,2026-05-05 00:00:00.000,UTC,2012,6,14,166,"00:00:00",,POINT(-88.797 29.718),USMCOB-RC54216
USMCOB,Grand Isle (off Fourchon),29.063,-90.112,1.23,,FL,,,2013-08-04 00:00:00.000,USM,2,USMCOB-RC54216,2026-05-05 00:00:00.000,UTC,2013,8,4,216,"00:00:00",,POINT(-90.112 29.063),USMCOB-RC54216
USMCOB,N. End Chandeleur,30.043,-88.878,0.48,,FL,0.51,TL,2014-05-20 00:00:00.000,USM,1,USMCOB-RC54236,2026-05-05 00:00:00.000,UTC,2014,5,20,140,"00:00:00",,POINT(-88.878 30.043),USMCOB-RC54236
USMCOB,"27 31.669, 80 05.046",27.528,-80.084,1.04,,FL,1.14,TL,2017-02-02 00:00:00.000,USM,2,USMCOB-RC54236,2026-05-05 00:00:00.000,UTC,2017,2,2,33,"00:00:00",,POINT(-80.084 27.528),USMCOB-RC54236
USMCOB,Chandeleur Bar,30.043,-88.878,0.81,,FL,0.91,TL,2012-04-26 00:00:00.000,USM,1,USMCOB-RC54241,2026-05-05 00:00:00.000,UTC,2012,4,26,117,"00:00:00",,POINT(-88.878 30.043),USMCOB-RC54241
USMCOB,"30 07.20N 88 32.60W",30.12,-88.543,0.9,,FL,0.93,TL,2012-05-19 00:00:00.000,USM,2,USMCOB-RC54241,2026-05-05 00:00:00.000,UTC,2012,5,19,140,"00:00:00",,POINT(-88.543 30.12),USMCOB-RC54241
USMCOB,"28'50.324/82'58.652",28.838733,-82.977533,0.69,,FL,0.76,TL,2012-06-10 00:00:00.000,USM,1,USMCOB-RC54257,2026-05-05 00:00:00.000,UTC,2012,6,10,162,"00:00:00",,POINT(-82.977533 28.838733),USMCOB-RC54257
USMCOB,"north of Grassy Key, FL",24.789,-80.952,0.84,,FL,,,2013-01-03 00:00:00.000,USM,2,USMCOB-RC54257,2026-05-05 00:00:00.000,UTC,2013,1,3,3,"00:00:00",,POINT(-80.952 24.789),USMCOB-RC54257
USMCOB,"28'50.324/82'58.652",28.838733,-82.977533,0.66,,FL,0.74,TL,2012-07-21 00:00:00.000,USM,1,USMCOB-RC54261,2026-05-05 00:00:00.000,UTC,2012,7,21,203,"00:00:00",,POINT(-82.977533 28.838733),USMCOB-RC54261
USMCOB,"Crystal River, FL - 15 mi. offshore",28.915,-82.946,1.02,,FL,,,2017-06-17 00:00:00.000,USM,2,USMCOB-RC54261,2026-05-05 00:00:00.000,UTC,2017,6,17,168,"00:00:00",,POINT(-82.946 28.915),USMCOB-RC54261
USMCOB,#2 Pascagoula Channel,30.153,-88.565,0.66,,FL,0.71,TL,2012-04-29 00:00:00.000,USM,1,USMCOB-RC54341,2026-05-05 00:00:00.000,UTC,2012,4,29,120,"00:00:00",,POINT(-88.565 30.153),USMCOB-RC54341
USMCOB,"Dauphin Island, AL",30.24,-88.113,,,,,,2016-05-18 00:00:00.000,USM,2,USMCOB-RC54341,2026-05-05 00:00:00.000,UTC,2016,5,18,139,"00:00:00",,POINT(-88.113 30.24),USMCOB-RC54341
USMCOB,"Little Dog Keys Pass, MS",30.25,-88.83,0.69,,FL,0.83,TL,2012-10-24 00:00:00.000,USM,1,USMCOB-RC54469,2026-05-05 00:00:00.000,UTC,2012,10,24,298,"00:00:00",,POINT(-88.83 30.25),USMCOB-RC54469
USMCOB,"Farewell Buoy, MS",30.119,-88.877,0.97,,TL,,,2013-10-21 00:00:00.000,USM,2,USMCOB-RC54469,2026-05-05 00:00:00.000,UTC,2013,10,21,294,"00:00:00",,POINT(-88.877 30.119),USMCOB-RC54469
USMCOB,"28'47.514/82'58.578",28.7919,-82.9763,0.94,,FL,1.07,TL,2012-05-05 00:00:00.000,USM,1,USMCOB-RC54484,2026-05-05 00:00:00.000,UTC,2012,5,5,126,"00:00:00",,POINT(-82.9763 28.7919),USMCOB-RC54484
USMCOB,"Crystal River, FL",28.915,-82.698,0.97,,FL,,,2012-07-14 00:00:00.000,USM,2,USMCOB-RC54484,2026-05-05 00:00:00.000,UTC,2012,7,14,196,"00:00:00",,POINT(-82.698 28.915),USMCOB-RC54484
USMCOB,Gulfport Ship Channel #22,30.194,-88.989,0.74,,FL,,,2015-09-15 00:00:00.000,USM,2,USMCOB-RC54543,2026-05-05 00:00:00.000,UTC,2015,9,15,258,"00:00:00",,POINT(-88.989 30.194),USMCOB-RC54543
USMCOB,,,,,,,,,,USM,1,USMCOB-RC54543,2026-05-05 00:00:00.000,UTC,,,,,,,POINT(nan nan),USMCOB-RC54543
USMCOB,"Pensacola Beach, FL",30.315,-87.203,1.12,,FL,,,2016-04-24 00:00:00.000,USM,1,USMCOB-RC54658,2026-05-05 00:00:00.000,UTC,2016,4,24,115,"00:00:00",,POINT(-87.203 30.315),USMCOB-RC54658
USMCOB,"Grande Isle, LA - Offshore rig",29.141,-89.921,1.05,,FL,,,2016-06-13 00:00:00.000,USM,2,USMCOB-RC54658,2026-05-05 00:00:00.000,UTC,2016,6,13,165,"00:00:00",,POINT(-89.921 29.141),USMCOB-RC54658
USMCOB,"Navarre Beach, FL",30.378,-86.862,0.94,,FL,0.99,TL,2015-04-10 00:00:00.000,USM,1,USMCOB-RC54773,2026-05-05 00:00:00.000,UTC,2015,4,10,100,"00:00:00",,POINT(-86.862 30.378),USMCOB-RC54773
USMCOB,Off Mississippi MP 265,29.347,-88.282,0.97,,FL,1.04,TL,2015-05-03 00:00:00.000,USM,2,USMCOB-RC54773,2026-05-05 00:00:00.000,UTC,2015,5,3,123,"00:00:00",,POINT(-88.282 29.347),USMCOB-RC54773
USMCOB,"Navarre Beach, FL",30.378,-86.862,1.02,,FL,1.04,TL,2015-04-16 00:00:00.000,USM,1,USMCOB-RC54776,2026-05-05 00:00:00.000,UTC,2015,4,16,106,"00:00:00",,POINT(-86.862 30.378),USMCOB-RC54776
USMCOB,"Off Panama City, FL (15 mi offshore)",30.045,-86.034,,,,,,2015-07-04 00:00:00.000,USM,2,USMCOB-RC54776,2026-05-05 00:00:00.000,UTC,2015,7,4,185,"00:00:00",,POINT(-86.034 30.045),USMCOB-RC54776
USMCOB,"Navarre, FL",30.378,-86.862,1.08,,FL,,,2015-04-13 00:00:00.000,USM,1,USMCOB-RC54780,2026-05-05 00:00:00.000,UTC,2015,4,13,103,"00:00:00",,POINT(-86.862 30.378),USMCOB-RC54780
USMCOB,"Fouchon, LA - South Timbalier BOEM lease area rig",29.021,-90.14,1.19,,FL,,,2016-05-13 00:00:00.000,USM,2,USMCOB-RC54780,2026-05-05 00:00:00.000,UTC,2016,5,13,134,"00:00:00",,POINT(-90.14 29.021),USMCOB-RC54780
USMCOB,"MAIN PASS, BLOCK 116(DBL. REC)",29.457,-88.84,0.71,,FL,0.79,TL,1990-04-30 00:00:00.000,USM,1,USMCOB-RC5480,2026-05-05 00:00:00.000,UTC,1990,4,30,120,"00:00:00",,POINT(-88.84 29.457),USMCOB-RC5480
USMCOB,"12 MI. S. OF PETIT BOIS IS.,MS",30.035,-88.401,0.89,,FL,0.97,TL,1990-09-15 00:00:00.000,USM,2,USMCOB-RC5480,2026-05-05 00:00:00.000,UTC,1990,9,15,258,"00:00:00",,POINT(-88.401 30.035),USMCOB-RC5480
USMCOB,"Perdido Key,Fl.",30.288,-87.427,0.91,,FL,1.02,TL,2013-06-20 00:00:00.000,USM,1,USMCOB-RC54877,2026-05-05 00:00:00.000,UTC,2013,6,20,171,"00:00:00",,POINT(-87.427 30.288),USMCOB-RC54877
USMCOB,"Off Destin, FL",30.38,-86.5,0.98,,TL,,,2015-04-09 00:00:00.000,USM,2,USMCOB-RC54877,2026-05-05 00:00:00.000,UTC,2015,4,9,99,"00:00:00",,POINT(-86.5 30.38),USMCOB-RC54877
USMCOB,"9 MI. S. OF FORT MORGAN, AL",30.093879,-88.02109,0.55,,FL,0.59,TL,1990-05-23 00:00:00.000,USM,1,USMCOB-RC5491,2026-05-05 00:00:00.000,UTC,1990,5,23,143,"00:00:00",,POINT(-88.02109 30.093879),USMCOB-RC5491
USMCOB,"BIG PINE KEY, FL (BAHIA HONDA)",24.628,-81.352,0.94,,FL,,,1991-05-03 00:00:00.000,USM,2,USMCOB-RC5491,2026-05-05 00:00:00.000,UTC,1991,5,3,123,"00:00:00",,POINT(-81.352 24.628),USMCOB-RC5491
USMCOB,"26'03/97'06",26.05,-97.1,0.7,,FL,0.79,TL,2012-08-11 00:00:00.000,USM,1,USMCOB-RC54982,2026-05-05 00:00:00.000,UTC,2012,8,11,224,"00:00:00",,POINT(-97.1 26.05),USMCOB-RC54982
USMCOB,"off Vera Cruz, Mexico",19.913,-96.097,0.99,,TL,,,2013-12-27 00:00:00.000,USM,2,USMCOB-RC54982,2026-05-05 00:00:00.000,UTC,2013,12,27,361,"00:00:00",,POINT(-96.097 19.913),USMCOB-RC54982
USMCOB,"3.5 MI. S. OF FORT MORGAN, ALA",30.17,-88.03,0.6,,FL,0.65,TL,1990-05-23 00:00:00.000,USM,1,USMCOB-RC5500,2026-05-05 00:00:00.000,UTC,1990,5,23,143,"00:00:00",,POINT(-88.03 30.17),USMCOB-RC5500
USMCOB,"OFF FORT MORGAN, AL",30.218,-88.018,,,,,,1991-10-12 00:00:00.000,USM,2,USMCOB-RC5500,2026-05-05 00:00:00.000,UTC,1991,10,12,285,"00:00:00",,POINT(-88.018 30.218),USMCOB-RC5500
USMCOB,"29'13.430/89'54.301",29.223833,-89.905017,0.99,,FL,,,2012-08-21 00:00:00.000,USM,1,USMCOB-RC55023,2026-05-05 00:00:00.000,UTC,2012,8,21,234,"00:00:00",,POINT(-89.905017 29.223833),USMCOB-RC55023
USMCOB,"NE of Ship Island, MS",30.257,-88.9,0.96,,FL,1.08,TL,2012-09-23 00:00:00.000,USM,2,USMCOB-RC55023,2026-05-05 00:00:00.000,UTC,2012,9,23,267,"00:00:00",,POINT(-88.9 30.257),USMCOB-RC55023
USMCOB,"28-37.051 80-24.335",28.617517,-80.405583,0.74,,FL,0.81,TL,2013-07-03 00:00:00.000,USM,1,USMCOB-RC55033,2026-05-05 00:00:00.000,UTC,2013,7,3,184,"00:00:00",,POINT(-80.405583 28.617517),USMCOB-RC55033
USMCOB,off Port Canaveral,28.41,-80.584,0.89,,TL,,,2013-07-23 00:00:00.000,USM,2,USMCOB-RC55033,2026-05-05 00:00:00.000,UTC,2013,7,23,204,"00:00:00",,POINT(-80.584 28.41),USMCOB-RC55033
USMCOB,"28-37.045 80-24.360",28.617417,-80.406,0.69,,FL,0.74,TL,2013-07-07 00:00:00.000,USM,1,USMCOB-RC55034,2026-05-05 00:00:00.000,UTC,2013,7,7,188,"00:00:00",,POINT(-80.406 28.617417),USMCOB-RC55034
USMCOB,"Merritt Island, FL",28.313,-80.673,,,,,,2015-03-12 00:00:00.000,USM,2,USMCOB-RC55034,2026-05-05 00:00:00.000,UTC,2015,3,12,71,"00:00:00",,POINT(-80.673 28.313),USMCOB-RC55034
USMCOB,"28-38.492N 80-25.600W",28.641533,-80.426667,0.79,,FL,0.86,TL,2014-06-10 00:00:00.000,USM,1,USMCOB-RC55037,2026-05-05 00:00:00.000,UTC,2014,6,10,161,"00:00:00",,POINT(-80.426667 28.641533),USMCOB-RC55037
USMCOB,"St. Lucie Inlet, FL ""the sand pile""",27.148,-80.137,0.91,,TL,,,2016-03-20 00:00:00.000,USM,2,USMCOB-RC55037,2026-05-05 00:00:00.000,UTC,2016,3,20,80,"00:00:00",,POINT(-80.137 27.148),USMCOB-RC55037
USMCOB,"88'25/30'05",30.211125,-87.660774,0.85,,FL,0.89,TL,2012-06-12 00:00:00.000,USM,1,USMCOB-RC55056,2026-05-05 00:00:00.000,UTC,2012,6,12,164,"00:00:00",,POINT(-87.660774 30.211125),USMCOB-RC55056
USMCOB,west of Destin Pass,30.383,-86.515,,,,,,2013-04-20 00:00:00.000,USM,2,USMCOB-RC55056,2026-05-05 00:00:00.000,UTC,2013,4,20,110,"00:00:00",,POINT(-86.515 30.383),USMCOB-RC55056
USMCOB,St. Marks FL,30.074,-84.185,0.7,,FL,0.76,TL,2015-04-26 00:00:00.000,USM,1,USMCOB-RC55305,2026-05-05 00:00:00.000,UTC,2015,4,26,116,"00:00:00",,POINT(-84.185 30.074),USMCOB-RC55305
USMCOB,"St. Marks, Florida - Dog Ballard Reef",29.951,-84.081,1.07,,FL,1.17,TL,2018-06-24 00:00:00.000,USM,2,USMCOB-RC55305,2026-05-05 00:00:00.000,UTC,2018,6,24,175,"00:00:00",,POINT(-84.081 29.951),USMCOB-RC55305
USMCOB,"Jeanette's Pier, Nags Head, NC",35.911,-75.593,0.71,,FL,0.81,TL,2014-08-09 00:00:00.000,USM,1,USMCOB-RC55346,2026-05-05 00:00:00.000,UTC,2014,8,9,221,"00:00:00",,POINT(-75.593 35.911),USMCOB-RC55346
USMCOB,"Virginia Beach, VA",36.851789,-75.972627,1.42,,TL,,,2018-08-29 00:00:00.000,USM,2,USMCOB-RC55346,2026-05-05 00:00:00.000,UTC,2018,8,29,241,"00:00:00",,POINT(-75.972627 36.851789),USMCOB-RC55346
USMCOB,"Jeanette's Pier, Nags Head, NC",35.911,-75.593,0.66,,FL,0.74,TL,2014-08-14 00:00:00.000,USM,1,USMCOB-RC55377,2026-05-05 00:00:00.000,UTC,2014,8,14,226,"00:00:00",,POINT(-75.593 35.911),USMCOB-RC55377
USMCOB,Chesapeake Bay at mouth of Rappahannock River,37.6,-76.236,0.91,,FL,0.91,TL,2015-07-17 00:00:00.000,USM,2,USMCOB-RC55377,2026-05-05 00:00:00.000,UTC,2015,7,17,198,"00:00:00",,POINT(-76.236 37.6),USMCOB-RC55377
USMCOB,N 29 45.071 W 84 34.501,29.751183,-84.575017,0.81,,FL,0.91,TL,2017-05-06 00:00:00.000,USM,1,USMCOB-RC55407,2026-05-05 00:00:00.000,UTC,2017,5,6,126,"00:00:00",,POINT(-84.575017 29.751183),USMCOB-RC55407
USMCOB,"29 45.068, 84 34.494",29.751,-84.575,0.85,,FL,0.97,TL,2017-07-05 00:00:00.000,USM,2,USMCOB-RC55407,2026-05-05 00:00:00.000,UTC,2017,7,5,186,"00:00:00",,POINT(-84.575 29.751),USMCOB-RC55407
USMCOB,"Destin, FL ",30.38,-86.5,0.52,,FL,0.56,TL,2015-04-18 00:00:00.000,USM,1,USMCOB-RC55415,2026-05-05 00:00:00.000,UTC,2015,4,18,108,"00:00:00",,POINT(-86.5 30.38),USMCOB-RC55415
USMCOB,N 30 17.090 W -87 11.162,30.285,-87.186,,,,,,2015-05-01 00:00:00.000,USM,2,USMCOB-RC55415,2026-05-05 00:00:00.000,UTC,2015,5,1,121,"00:00:00",,POINT(-87.186 30.285),USMCOB-RC55415
USMCOB,"St. Marks, Florida 29-56.94, 84-05.11",29.949,-84.085,0.94,,FL,1.09,TL,2013-04-27 00:00:00.000,USM,1,USMCOB-RC55492,2026-05-05 00:00:00.000,UTC,2013,4,27,117,"00:00:00",,POINT(-84.085 29.949),USMCOB-RC55492
USMCOB,"St. Marks, Florida",30.074,-84.185,0.94,,FL,1.06,TL,2013-05-17 00:00:00.000,USM,2,USMCOB-RC55492,2026-05-05 00:00:00.000,UTC,2013,5,17,137,"00:00:00",,POINT(-84.185 30.074),USMCOB-RC55492
USMCOB,"Shell Point, Florida",30.057,-84.29,0.74,,FL,0.77,TL,2013-07-24 00:00:00.000,USM,1,USMCOB-RC55500,2026-05-05 00:00:00.000,UTC,2013,7,24,205,"00:00:00",,POINT(-84.29 30.057),USMCOB-RC55500
USMCOB,mouth of St. Marks River,30.074,-84.185,0.91,,FL,,,2014-06-21 00:00:00.000,USM,2,USMCOB-RC55500,2026-05-05 00:00:00.000,UTC,2014,6,21,172,"00:00:00",,POINT(-84.185 30.074),USMCOB-RC55500
USMCOB,"Pensacola, FL 30 19.914, 86 59.154",30.315,-87.203,0.48,,FL,0.51,TL,2017-05-02 00:00:00.000,USM,1,USMCOB-RC55519,2026-05-05 00:00:00.000,UTC,2017,5,2,122,"00:00:00",,POINT(-87.203 30.315),USMCOB-RC55519
USMCOB,"Destin, FL",30.38,-86.5,,,,,,2017-07-14 00:00:00.000,USM,2,USMCOB-RC55519,2026-05-05 00:00:00.000,UTC,2017,7,14,195,"00:00:00",,POINT(-86.5 30.38),USMCOB-RC55519
USMCOB,Pensacola Beach,30.315,-87.203,0.91,,FL,0.99,TL,2014-04-23 00:00:00.000,USM,1,USMCOB-RC55606,2026-05-05 00:00:00.000,UTC,2014,4,23,113,"00:00:00",,POINT(-87.203 30.315),USMCOB-RC55606
USMCOB,"Pensacola Bay, FL",30.415,-87.134,1.22,,TL,,,2016-06-03 00:00:00.000,USM,2,USMCOB-RC55606,2026-05-05 00:00:00.000,UTC,2016,6,3,155,"00:00:00",,POINT(-87.134 30.415),USMCOB-RC55606
USMCOB,Pensacola,30.315,-87.203,1.09,,FL,1.17,TL,2014-04-25 00:00:00.000,USM,1,USMCOB-RC55608,2026-05-05 00:00:00.000,UTC,2014,4,25,115,"00:00:00",,POINT(-87.203 30.315),USMCOB-RC55608
USMCOB,"Pensacola Beach, FL",30.333,-87.15,1.04,,FL,,,2015-04-18 00:00:00.000,USM,2,USMCOB-RC55608,2026-05-05 00:00:00.000,UTC,2015,4,18,108,"00:00:00",,POINT(-87.15 30.333),USMCOB-RC55608
USMCOB,"FH-1 (OFF HORN ISLAND, MS)",30.059,-88.611,0.74,,FL,0.81,TL,1992-03-07 00:00:00.000,USM,1,USMCOB-RC5561,2026-05-05 00:00:00.000,UTC,1992,3,7,67,"00:00:00",,POINT(-88.611 30.059),USMCOB-RC5561
USMCOB,"BUOY 19, PASC. SHIP CHANNEL,MS",30.222,-88.508,0.91,,TL,,,1992-06-16 00:00:00.000,USM,2,USMCOB-RC5561,2026-05-05 00:00:00.000,UTC,1992,6,16,168,"00:00:00",,POINT(-88.508 30.222),USMCOB-RC5561
USMCOB,"Pensacola, FL",30.315,-87.203,0.84,,FL,0.91,TL,2015-04-17 00:00:00.000,USM,1,USMCOB-RC55648,2026-05-05 00:00:00.000,UTC,2015,4,17,107,"00:00:00",,POINT(-87.203 30.315),USMCOB-RC55648
USMCOB,"S. of Pensacola, FL",30.333,-87.15,0.79,,FL,,,2015-05-10 00:00:00.000,USM,2,USMCOB-RC55648,2026-05-05 00:00:00.000,UTC,2015,5,10,130,"00:00:00",,POINT(-87.15 30.333),USMCOB-RC55648
USMCOB,"Pensacola, FL- 2 mi from Pass",30.289,-87.3,0.86,,TL,,,2017-03-29 00:00:00.000,USM,2,USMCOB-RC55684,2026-05-05 00:00:00.000,UTC,2017,3,29,88,"00:00:00",,POINT(-87.3 30.289),USMCOB-RC55684
USMCOB,,,,,,,,,,USM,1,USMCOB-RC55684,2026-05-05 00:00:00.000,UTC,,,,,,,POINT(nan nan),USMCOB-RC55684
USMCOB,"DOG KEYS PASS, FAREWELL BUOY",30.201,-88.757,,,,,,1990-09-14 00:00:00.000,USM,1,USMCOB-RC5581,2026-05-05 00:00:00.000,UTC,1990,9,14,257,"00:00:00",,POINT(-88.757 30.201),USMCOB-RC5581
USMCOB,"5 MI. SE. OF PETIT BOIS IS.,MS",30.158,-88.365,0.76,,FL,,,1990-09-22 00:00:00.000,USM,2,USMCOB-RC5581,2026-05-05 00:00:00.000,UTC,1990,9,22,265,"00:00:00",,POINT(-88.365 30.158),USMCOB-RC5581
USMCOB,"Ocean Springs, MS",30.406,-88.834,1.07,,FL,1.22,TL,2019-09-28 00:00:00.000,USM,2,USMCOB-RC56113,2026-05-05 00:00:00.000,UTC,2019,9,28,271,"00:00:00",,POINT(-88.834 30.406),USMCOB-RC56113
USMCOB,"Pensacola Beach, FL - 4 mi. S",30.315,-87.203,0.74,,FL,,,2015-06-23 00:00:00.000,USM,1,USMCOB-RC56164,2026-05-05 00:00:00.000,UTC,2015,6,23,174,"00:00:00",,POINT(-87.203 30.315),USMCOB-RC56164
USMCOB,"Pensacola Bay, FL - Farewell Buoy",30.263,-87.291,1.0,,FL,,,2016-06-02 00:00:00.000,USM,2,USMCOB-RC56164,2026-05-05 00:00:00.000,UTC,2016,6,2,154,"00:00:00",,POINT(-87.291 30.263),USMCOB-RC56164
USMCOB,"Pensacola Beach, FL - 2 mi. out",30.3,-87.15,0.41,,TL,,,2018-05-22 00:00:00.000,USM,2,USMCOB-RC56169,2026-05-05 00:00:00.000,UTC,2018,5,22,142,"00:00:00",,POINT(-87.15 30.3),USMCOB-RC56169
USMCOB,,,,,,,,,,USM,1,USMCOB-RC56169,2026-05-05 00:00:00.000,UTC,,,,,,,POINT(nan nan),USMCOB-RC56169
USMCOB,"Jennettes Pier, Nags Head, NC",35.911,-75.593,0.81,,FL,0.89,TL,2015-06-04 00:00:00.000,USM,1,USMCOB-RC56269,2026-05-05 00:00:00.000,UTC,2015,6,4,155,"00:00:00",,POINT(-75.593 35.911),USMCOB-RC56269
USMCOB,"Chesapeake Bay - 37 05 51.8, 76 12 25.7",37.1,-76.207,0.94,,FL,1.04,TL,2016-06-22 00:00:00.000,USM,2,USMCOB-RC56269,2026-05-05 00:00:00.000,UTC,2016,6,22,174,"00:00:00",,POINT(-76.207 37.1),USMCOB-RC56269
USMCOB,"Jennettes Pier, Nags Head, NC",35.911,-75.593,0.93,,FL,1.02,TL,2016-06-27 00:00:00.000,USM,1,USMCOB-RC56273,2026-05-05 00:00:00.000,UTC,2016,6,27,179,"00:00:00",,POINT(-75.593 35.911),USMCOB-RC56273
USMCOB,"Cape Henry, VA",36.931153,-76.019931,1.37,,TL,,,2018-08-17 00:00:00.000,USM,2,USMCOB-RC56273,2026-05-05 00:00:00.000,UTC,2018,8,17,229,"00:00:00",,POINT(-76.019931 36.931153),USMCOB-RC56273
USMCOB,"Jennettes Pier, Nags Head, NC",35.911,-75.593,0.41,,FL,0.44,TL,2016-08-09 00:00:00.000,USM,1,USMCOB-RC56280,2026-05-05 00:00:00.000,UTC,2016,8,9,222,"00:00:00",,POINT(-75.593 35.911),USMCOB-RC56280
USMCOB,"Hampton Flats, VA",,,0.97,,TL,,,2018-06-16 00:00:00.000,USM,2,USMCOB-RC56280,2026-05-05 00:00:00.000,UTC,2018,6,16,167,"00:00:00",,POINT(nan nan),USMCOB-RC56280
USMCOB,"8.5 miles off Rodanthe, NC ",35.6078,-75.2548,0.71,,FL,0.8,TL,2014-05-20 00:00:00.000,USM,1,USMCOB-RC56501,2026-05-05 00:00:00.000,UTC,2014,5,20,140,"00:00:00",,POINT(-75.2548 35.6078),USMCOB-RC56501
USMCOB,Chesapeake Bay - offshore of Dividing Creek in Va waters,37.94,-76.722,1.16,,TL,,,2015-07-03 00:00:00.000,USM,2,USMCOB-RC56501,2026-05-05 00:00:00.000,UTC,2015,7,3,184,"00:00:00",,POINT(-76.722 37.94),USMCOB-RC56501
USMCOB,"12282.1 / 46968.2",29.65,-88.84333,0.48,,FL,0.51,TL,1990-10-21 00:00:00.000,USM,1,USMCOB-RC5655,2026-05-05 00:00:00.000,UTC,1990,10,21,294,"00:00:00",,POINT(-88.84333 29.65),USMCOB-RC5655
USMCOB,"GRAND GOSIER IS., BRETON SOUND",29.546,-89.068,0.69,,FL,,,1991-07-29 00:00:00.000,USM,2,USMCOB-RC5655,2026-05-05 00:00:00.000,UTC,1991,7,29,210,"00:00:00",,POINT(-89.068 29.546),USMCOB-RC5655
USMCOB,"Off Sebastian Inlet, FL",27.861,-80.447,0.79,,FL,,,2015-04-03 00:00:00.000,USM,2,USMCOB-RC56711,2026-05-05 00:00:00.000,UTC,2015,4,3,93,"00:00:00",,POINT(-80.447 27.861),USMCOB-RC56711
USMCOB,,,,,,,,,,USM,1,USMCOB-RC56711,2026-05-05 00:00:00.000,UTC,,,,,,,POINT(nan nan),USMCOB-RC56711
USMCOB,"Homosassa, FL",28.785,-82.62,0.83,,FL,,,2017-10-11 00:00:00.000,USM,2,USMCOB-RC56744,2026-05-05 00:00:00.000,UTC,2017,10,11,284,"00:00:00",,POINT(-82.62 28.785),USMCOB-RC56744
USMCOB,,,,,,,,,,USM,1,USMCOB-RC56744,2026-05-05 00:00:00.000,UTC,,,,,,,POINT(nan nan),USMCOB-RC56744
USMCOB,"30 03.894, 88 30.299",30.0649,-88.50498,1.32,,TL,,,2018-06-15 00:00:00.000,USM,2,USMCOB-RC56762,2026-05-05 00:00:00.000,UTC,2018,6,15,166,"00:00:00",,POINT(-88.50498 30.0649),USMCOB-RC56762
USMCOB,,,,,,,,,,USM,1,USMCOB-RC56762,2026-05-05 00:00:00.000,UTC,,,,,,,POINT(nan nan),USMCOB-RC56762
USMCOB,"Oregon Inlet, NC sea buoy",35.81,-75.51,0.76,,FL,0.84,TL,2015-05-31 00:00:00.000,USM,1,USMCOB-RC56838,2026-05-05 00:00:00.000,UTC,2015,5,31,151,"00:00:00",,POINT(-75.51 35.81),USMCOB-RC56838
USMCOB,"Windmill Point Light, N of Rappahannock R.",37.6,-76.236,0.93,,TL,,,2015-07-07 00:00:00.000,USM,2,USMCOB-RC56838,2026-05-05 00:00:00.000,UTC,2015,7,7,188,"00:00:00",,POINT(-76.236 37.6),USMCOB-RC56838
USMCOB,"Moorehead City, NC - 30 mi. S",34.717,-76.726,0.99,,TL,,,2017-07-20 00:00:00.000,USM,2,USMCOB-RC56839,2026-05-05 00:00:00.000,UTC,2017,7,20,201,"00:00:00",,POINT(-76.726 34.717),USMCOB-RC56839
USMCOB,,,,,,,,,,USM,1,USMCOB-RC56839,2026-05-05 00:00:00.000,UTC,,,,,,,POINT(nan nan),USMCOB-RC56839
USMCOB,"Fish Haven 2, MS",30.085,-88.565,0.53,,FL,0.58,TL,2022-07-08 00:00:00.000,USM,1,USMCOB-RC56845,2026-05-05 00:00:00.000,UTC,2022,7,8,189,"00:00:00",,POINT(-88.565 30.085),USMCOB-RC56845
USMCOB,"Pascagoula Ship Channel, MS - farewell buoy",30.142,-88.578,0.58,,TL,,,2022-07-28 00:00:00.000,USM,2,USMCOB-RC56845,2026-05-05 00:00:00.000,UTC,2022,7,28,209,"00:00:00",,POINT(-88.578 30.142),USMCOB-RC56845
USMCOB,OFF CHANDELEUR ISLANDS,29.819,-88.836,0.61,,FL,0.66,TL,1990-07-15 00:00:00.000,USM,1,USMCOB-RC5685,2026-05-05 00:00:00.000,UTC,1990,7,15,196,"00:00:00",,POINT(-88.836 29.819),USMCOB-RC5685
USMCOB,"6 MI.S. OF CHANDELEUR IS.LIGHT",29.964,-88.873,0.61,,FL,0.66,TL,1990-07-16 00:00:00.000,USM,2,USMCOB-RC5685,2026-05-05 00:00:00.000,UTC,1990,7,16,197,"00:00:00",,POINT(-88.873 29.964),USMCOB-RC5685
USMCOB,"Navarre, FL",30.378,-86.862,0.81,,FL,0.89,TL,2015-04-22 00:00:00.000,USM,1,USMCOB-RC56896,2026-05-05 00:00:00.000,UTC,2015,4,22,112,"00:00:00",,POINT(-86.862 30.378),USMCOB-RC56896
USMCOB,Orange Beach,30.267,-87.585,0.89,,TL,,,2015-05-30 00:00:00.000,USM,2,USMCOB-RC56896,2026-05-05 00:00:00.000,UTC,2015,5,30,150,"00:00:00",,POINT(-87.585 30.267),USMCOB-RC56896
USMCOB,"Pensacola Beach, FL ",30.315,-87.203,0.71,,FL,0.79,TL,2015-04-26 00:00:00.000,USM,1,USMCOB-RC56902,2026-05-05 00:00:00.000,UTC,2015,4,26,116,"00:00:00",,POINT(-87.203 30.315),USMCOB-RC56902
USMCOB,"Destin, FL",30.38,-86.5,1.02,,FL,,,2017-07-18 00:00:00.000,USM,2,USMCOB-RC56902,2026-05-05 00:00:00.000,UTC,2017,7,18,199,"00:00:00",,POINT(-86.5 30.38),USMCOB-RC56902
USMCOB,"Navarre, FL",30.378,-86.862,0.99,,FL,1.12,TL,2019-04-15 00:00:00.000,USM,1,USMCOB-RC57000,2026-05-05 00:00:00.000,UTC,2019,4,15,105,"00:00:00",,POINT(-86.862 30.378),USMCOB-RC57000
USMCOB,"Jupiter Island, FL - 9 mi. off",27.071,-79.959,0.86,,FL,,,2020-02-16 00:00:00.000,USM,2,USMCOB-RC57000,2026-05-05 00:00:00.000,UTC,2020,2,16,47,"00:00:00",,POINT(-79.959 27.071),USMCOB-RC57000
USMCOB,"Mobile Bay, AL",30.428,-88.015,0.36,,FL,0.38,TL,2016-09-22 00:00:00.000,USM,1,USMCOB-RC57143,2026-05-05 00:00:00.000,UTC,2016,9,22,266,"00:00:00",,POINT(-88.015 30.428),USMCOB-RC57143
USMCOB,"Mobile Bay, AL",30.428,-88.015,0.38,,TL,,,2016-09-28 00:00:00.000,USM,2,USMCOB-RC57143,2026-05-05 00:00:00.000,UTC,2016,9,28,272,"00:00:00",,POINT(-88.015 30.428),USMCOB-RC57143
USMCOB,"30 21.867, 86 54.114",30.36445,-86.9019,1.24,,FL,1.33,TL,2018-05-03 00:00:00.000,USM,1,USMCOB-RC57196,2026-05-05 00:00:00.000,UTC,2018,5,3,123,"00:00:00",,POINT(-86.9019 30.36445),USMCOB-RC57196
USMCOB,Ft. Morgan AL - 14 mi. S at Rig,30.02,-88.017,,,,,,2018-06-09 00:00:00.000,USM,2,USMCOB-RC57196,2026-05-05 00:00:00.000,UTC,2018,6,9,160,"00:00:00",,POINT(-88.017 30.02),USMCOB-RC57196
USMCOB,"12850.0 / 47035.0",30.04333,-87.86667,0.64,,TL,,,1990-10-18 00:00:00.000,USM,1,USMCOB-RC5720,2026-05-05 00:00:00.000,UTC,1990,10,18,291,"00:00:00",,POINT(-87.86667 30.04333),USMCOB-RC5720
USMCOB,"SE.OF SAND IS. LIGHT HOUSE, AL",30.184,-88.046,0.74,,TL,,,1990-11-23 00:00:00.000,USM,2,USMCOB-RC5720,2026-05-05 00:00:00.000,UTC,1990,11,23,327,"00:00:00",,POINT(-88.046 30.184),USMCOB-RC5720
USMCOB,WEST END OF SHIP ISL.,30.21,-88.964,0.74,,FL,0.8,TL,1990-08-12 00:00:00.000,USM,1,USMCOB-RC5721,2026-05-05 00:00:00.000,UTC,1990,8,12,224,"00:00:00",,POINT(-88.964 30.21),USMCOB-RC5721
USMCOB,"0.5 MI.SW. OF GLPT. SHIP CHAN.",30.344,-89.09,0.84,,TL,,,1990-10-06 00:00:00.000,USM,2,USMCOB-RC5721,2026-05-05 00:00:00.000,UTC,1990,10,6,279,"00:00:00",,POINT(-89.09 30.344),USMCOB-RC5721
USMCOB,WEST END OF SHIP ISL.,30.21,-88.964,0.72,,FL,0.8,TL,1990-08-20 00:00:00.000,USM,1,USMCOB-RC5726,2026-05-05 00:00:00.000,UTC,1990,8,20,232,"00:00:00",,POINT(-88.964 30.21),USMCOB-RC5726
USMCOB,"8 MI. S. OF ORANGE BEACH, AL",30.151,-87.585,0.85,,FL,0.96,TL,1990-10-28 00:00:00.000,USM,2,USMCOB-RC5726,2026-05-05 00:00:00.000,UTC,1990,10,28,301,"00:00:00",,POINT(-87.585 30.151),USMCOB-RC5726
USMCOB,WEST END OF SHIP ISL.,30.21,-88.964,0.66,,FL,0.74,TL,1990-08-20 00:00:00.000,USM,1,USMCOB-RC5728,2026-05-05 00:00:00.000,UTC,1990,8,20,232,"00:00:00",,POINT(-88.964 30.21),USMCOB-RC5728
USMCOB,"PENSACOLA PASS, FL",30.326,-87.307,1.14,,FL,,,1992-10-13 00:00:00.000,USM,2,USMCOB-RC5728,2026-05-05 00:00:00.000,UTC,1992,10,13,287,"00:00:00",,POINT(-87.307 30.326),USMCOB-RC5728
USMCOB,"Pensacola, FL - Perdido Key",30.288,-87.427,0.86,,FL,0.97,TL,,USM,1,USMCOB-RC58270,2026-05-05 00:00:00.000,UTC,,,,,,,POINT(-87.427 30.288),USMCOB-RC58270
USMCOB,WEST END OF SHIP ISLAND,30.21,-88.964,0.6,,FL,0.65,TL,1990-08-14 00:00:00.000,USM,1,USMCOB-RC5734,2026-05-05 00:00:00.000,UTC,1990,8,14,226,"00:00:00",,POINT(-88.964 30.21),USMCOB-RC5734
USMCOB,"3 MI. S. OF DAUPHIN ISL., AL",30.203,-88.215,0.61,,FL,,,1990-09-28 00:00:00.000,USM,2,USMCOB-RC5734,2026-05-05 00:00:00.000,UTC,1990,9,28,271,"00:00:00",,POINT(-88.215 30.203),USMCOB-RC5734
USMCOB,WEST END OF SHIP ISLAND,30.21,-88.964,0.79,,FL,0.86,TL,1990-08-14 00:00:00.000,USM,1,USMCOB-RC5736,2026-05-05 00:00:00.000,UTC,1990,8,14,226,"00:00:00",,POINT(-88.964 30.21),USMCOB-RC5736
USMCOB,"SOUTH TIMBALIER, BLOCK 86, LA",28.768,-90.22,1.02,,TL,,,1991-08-21 00:00:00.000,USM,2,USMCOB-RC5736,2026-05-05 00:00:00.000,UTC,1991,8,21,233,"00:00:00",,POINT(-90.22 28.768),USMCOB-RC5736
USMCOB,"Pensacola, FL",30.315,-87.203,0.86,,FL,0.94,TL,2020-04-21 00:00:00.000,USM,1,USMCOB-RC57391,2026-05-05 00:00:00.000,UTC,2020,4,21,112,"00:00:00",,POINT(-87.203 30.315),USMCOB-RC57391
USMCOB,"1.5 mi. S Navarre, FL",30.351,-86.897,0.86,,FL,,,2020-05-31 00:00:00.000,USM,2,USMCOB-RC57391,2026-05-05 00:00:00.000,UTC,2020,5,31,152,"00:00:00",,POINT(-86.897 30.351),USMCOB-RC57391
USMCOB,W. END OF SHIP ISL.,30.21,-88.964,,,,,,1990-07-15 00:00:00.000,USM,1,USMCOB-RC5744,2026-05-05 00:00:00.000,UTC,1990,7,15,196,"00:00:00",,POINT(-88.964 30.21),USMCOB-RC5744
USMCOB,"BLOCK #41, OFF BRETON ISL., LA",29.39,-89.99,0.81,,FL,,,1990-09-21 00:00:00.000,USM,2,USMCOB-RC5744,2026-05-05 00:00:00.000,UTC,1990,9,21,264,"00:00:00",,POINT(-89.99 29.39),USMCOB-RC5744
USMCOB,"Pensacola Beach, FL",30.315,-87.203,0.99,,FL,,,2016-04-21 00:00:00.000,USM,1,USMCOB-RC57470,2026-05-05 00:00:00.000,UTC,2016,4,21,112,"00:00:00",,POINT(-87.203 30.315),USMCOB-RC57470
USMCOB,"Sand Island, MS - 7 mi. S",30.086,-88.05,0.99,,FL,,,2016-05-09 00:00:00.000,USM,2,USMCOB-RC57470,2026-05-05 00:00:00.000,UTC,2016,5,9,130,"00:00:00",,POINT(-88.05 30.086),USMCOB-RC57470
USMCOB,"Westport, Massachusetts",41.5,-71.08,,,,,,2019-07-21 00:00:00.000,USM,2,USMCOB-RC58646,2026-05-05 00:00:00.000,UTC,2019,7,21,202,"00:00:00",,POINT(-71.08 41.5),USMCOB-RC58646
USMCOB,"Tampa Bay, FL",27.757,-82.555,1.14,,FL,1.22,TL,2015-07-26 00:00:00.000,USM,1,USMCOB-RC57691,2026-05-05 00:00:00.000,UTC,2015,7,26,207,"00:00:00",,POINT(-82.555 27.757),USMCOB-RC57691
USMCOB,"Tampa Bay, FL - Inside 27 45.422, 82 33.315",27.757,-82.555,1.1,,TL,,,2016-04-16 00:00:00.000,USM,2,USMCOB-RC57691,2026-05-05 00:00:00.000,UTC,2016,4,16,107,"00:00:00",,POINT(-82.555 27.757),USMCOB-RC57691
USMCOB,"265 Rig",29.347,-88.282,0.86,,FL,,,2015-05-03 00:00:00.000,USM,1,USMCOB-RC57708,2026-05-05 00:00:00.000,UTC,2015,5,3,123,"00:00:00",,POINT(-88.282 29.347),USMCOB-RC57708
USMCOB,"Main Pass 265 off Venice, LA",29.347,-88.282,0.92,,FL,,,2015-05-08 00:00:00.000,USM,2,USMCOB-RC57708,2026-05-05 00:00:00.000,UTC,2015,5,8,128,"00:00:00",,POINT(-88.282 29.347),USMCOB-RC57708
USMCOB,"Destin, FL ",30.38,-86.5,0.84,,FL,0.91,TL,2016-04-30 00:00:00.000,USM,1,USMCOB-RC57711,2026-05-05 00:00:00.000,UTC,2016,4,30,121,"00:00:00",,POINT(-86.5 30.38),USMCOB-RC57711
USMCOB,"Navarre Beach, FL - 0.5 mi S",30.378,-86.862,0.9,,TL,,,2016-05-03 00:00:00.000,USM,2,USMCOB-RC57711,2026-05-05 00:00:00.000,UTC,2016,5,3,124,"00:00:00",,POINT(-86.862 30.378),USMCOB-RC57711
USMCOB,"Perdido Key, FL ",30.288,-87.427,0.84,,FL,0.89,TL,2015-06-21 00:00:00.000,USM,1,USMCOB-RC57864,2026-05-05 00:00:00.000,UTC,2015,6,21,172,"00:00:00",,POINT(-87.427 30.288),USMCOB-RC57864
USMCOB,"30 13.095 87 28.341 South of Orange Beach, AL",30.218,-87.472,0.76,,FL,,,2015-06-23 00:00:00.000,USM,2,USMCOB-RC57864,2026-05-05 00:00:00.000,UTC,2015,6,23,174,"00:00:00",,POINT(-87.472 30.218),USMCOB-RC57864
USMCOB,"30.02, 87.42",30.033333,-87.7,0.85,,FL,0.94,TL,2015-07-10 00:00:00.000,USM,1,USMCOB-RC57868,2026-05-05 00:00:00.000,UTC,2015,7,10,191,"00:00:00",,POINT(-87.7 30.033333),USMCOB-RC57868
USMCOB,"Panama City, FL",30.0698,-85.7873,1.32,,FL,1.4,TL,2021-05-01 00:00:00.000,USM,2,USMCOB-RC57868,2026-05-05 00:00:00.000,UTC,2021,5,1,121,"00:00:00",,POINT(-85.7873 30.0698),USMCOB-RC57868
USMCOB,"12498.9 / 46931.4",29.64833,-88.46333,0.79,,FL,0.84,TL,1990-04-30 00:00:00.000,USM,1,USMCOB-RC5791,2026-05-05 00:00:00.000,UTC,1990,4,30,120,"00:00:00",,POINT(-88.46333 29.64833),USMCOB-RC5791
USMCOB,"EUGENE ISL.,BLOCK 325 (OFF LA)",28.232,-91.45,,,,,,1991-06-24 00:00:00.000,USM,2,USMCOB-RC5791,2026-05-05 00:00:00.000,UTC,1991,6,24,175,"00:00:00",,POINT(-91.45 28.232),USMCOB-RC5791
USMCOB,"RIGS S. OF PETIT BOIS ISL., MS",30.115,-88.45,0.51,,FL,0.56,TL,1990-04-30 00:00:00.000,USM,1,USMCOB-RC5793,2026-05-05 00:00:00.000,UTC,1990,4,30,120,"00:00:00",,POINT(-88.45 30.115),USMCOB-RC5793
USMCOB,"WEST DELTA, BLOCK 97  (OFF LA)",28.857,-89.846,0.84,,FL,0.95,TL,1991-08-18 00:00:00.000,USM,2,USMCOB-RC5793,2026-05-05 00:00:00.000,UTC,1991,8,18,230,"00:00:00",,POINT(-89.846 28.857),USMCOB-RC5793
USMCOB,"Charlotte Harbor, FL",26.7165,-82.0924,0.8,,FL,0.86,TL,2021-05-05 00:00:00.000,USM,1,USMCOB-RC57930,2026-05-05 00:00:00.000,UTC,2021,5,5,125,"00:00:00",,POINT(-82.0924 26.7165),USMCOB-RC57930
USMCOB,"Charlotte Harbor, FL - bridge",26.947,-82.06,0.89,,FL,,,2022-04-16 00:00:00.000,USM,2,USMCOB-RC57930,2026-05-05 00:00:00.000,UTC,2022,4,16,106,"00:00:00",,POINT(-82.06 26.947),USMCOB-RC57930
USMCOB,"Pensacola Beach, FL",30.315,-87.203,1.09,,FL,1.22,TL,2016-04-10 00:00:00.000,USM,1,USMCOB-RC58022,2026-05-05 00:00:00.000,UTC,2016,4,10,101,"00:00:00",,POINT(-87.203 30.315),USMCOB-RC58022
USMCOB,"Navarre Beach, FL - off beach",30.378,-86.862,,,,,,2017-04-11 00:00:00.000,USM,2,USMCOB-RC58022,2026-05-05 00:00:00.000,UTC,2017,4,11,101,"00:00:00",,POINT(-86.862 30.378),USMCOB-RC58022
USMCOB,"Pensacola Beach, FL",30.315,-87.203,1.07,,FL,1.14,TL,2018-05-02 00:00:00.000,USM,1,USMCOB-RC58052,2026-05-05 00:00:00.000,UTC,2018,5,2,122,"00:00:00",,POINT(-87.203 30.315),USMCOB-RC58052
USMCOB,"Destin, FL - 10 mi. off",30.2383,-86.5192,,,,,,2020-05-02 00:00:00.000,USM,2,USMCOB-RC58052,2026-05-05 00:00:00.000,UTC,2020,5,2,123,"00:00:00",,POINT(-86.5192 30.2383),USMCOB-RC58052
USMCOB,"Pensacola Beach, FL",30.315,-87.203,1.12,,FL,1.19,TL,2018-05-02 00:00:00.000,USM,1,USMCOB-RC58053,2026-05-05 00:00:00.000,UTC,2018,5,2,122,"00:00:00",,POINT(-87.203 30.315),USMCOB-RC58053
USMCOB,"Grand Isle, LA - 25 mi. South",28.8711,-89.986,1.07,,TL,,,2018-08-12 00:00:00.000,USM,2,USMCOB-RC58053,2026-05-05 00:00:00.000,UTC,2018,8,12,224,"00:00:00",,POINT(-89.986 28.8711),USMCOB-RC58053
USMCOB,"Dauphin Island, AL - near bridge",30.266,-88.12,0.74,,FL,,,2016-06-27 00:00:00.000,USM,2,USMCOB-RC58091,2026-05-05 00:00:00.000,UTC,2016,6,27,179,"00:00:00",,POINT(-88.12 30.266),USMCOB-RC58091
USMCOB,,,,,,,,,,USM,1,USMCOB-RC58091,2026-05-05 00:00:00.000,UTC,,,,,,,POINT(nan nan),USMCOB-RC58091
USMCOB,"30 18.430, 87 08.450",30.307167,-87.140833,0.91,,FL,1.02,TL,2016-04-19 00:00:00.000,USM,1,USMCOB-RC58101,2026-05-05 00:00:00.000,UTC,2016,4,19,110,"00:00:00",,POINT(-87.140833 30.307167),USMCOB-RC58101
USMCOB,"Cape Charles, VA - 2.5 mi. off coast",37.2538,-76.07,1.09,,TL,,,2016-07-02 00:00:00.000,USM,3,USMCOB-RC58101,2026-05-05 00:00:00.000,UTC,2016,7,2,184,"00:00:00",,POINT(-76.07 37.2538),USMCOB-RC58101
USMCOB,"Port Canaveral, FL - 3 mi off Beach",28.408,-80.535,1.04,,TL,,,2016-12-28 00:00:00.000,USM,2,USMCOB-RC58101,2026-05-05 00:00:00.000,UTC,2016,12,28,363,"00:00:00",,POINT(-80.535 28.408),USMCOB-RC58101
USMCOB,"12523.6 47020.0 S. Horn i",29.985,-88.41833,0.72,,FL,0.79,TL,1997-08-16 00:00:00.000,USM,1,USMCOB-RC5812,2026-05-05 00:00:00.000,UTC,1997,8,16,228,"00:00:00",,POINT(-88.41833 29.985),USMCOB-RC5812
USMCOB,South Timbilier #159,28.565,-90.314,0.91,,TL,,,1998-05-10 00:00:00.000,USM,2,USMCOB-RC5812,2026-05-05 00:00:00.000,UTC,1998,5,10,130,"00:00:00",,POINT(-90.314 28.565),USMCOB-RC5812
USMCOB,"4 MI. E. PETIT BOIS ISL. RIGS",30.083,-88.486,0.61,,FL,,,1990-05-19 00:00:00.000,USM,1,USMCOB-RC5818,2026-05-05 00:00:00.000,UTC,1990,5,19,139,"00:00:00",,POINT(-88.486 30.083),USMCOB-RC5818
USMCOB,"CARABELLE, FL",29.843,-84.856,0.79,,FL,0.87,TL,1991-03-19 00:00:00.000,USM,2,USMCOB-RC5818,2026-05-05 00:00:00.000,UTC,1991,3,19,78,"00:00:00",,POINT(-84.856 29.843),USMCOB-RC5818
USMCOB,"29 45, 87 45",29.75,-87.75,0.76,,TL,,,2017-07-23 00:00:00.000,USM,1,USMCOB-RC58263,2026-05-05 00:00:00.000,UTC,2017,7,23,204,"00:00:00",,POINT(-87.75 29.75),USMCOB-RC58263
USMCOB,"South Pass, LA",28.994675,-89.142824,0.81,,TL,,,2018-06-15 00:00:00.000,USM,2,USMCOB-RC58263,2026-05-05 00:00:00.000,UTC,2018,6,15,166,"00:00:00",,POINT(-89.142824 28.994675),USMCOB-RC58263
USMCOB,"29 46.372, - 87 32.489",29.772867,-87.541483,0.99,,FL,1.08,TL,2020-06-20 00:00:00.000,USM,2,USMCOB-RC58270,2026-05-05 00:00:00.000,UTC,2020,6,20,172,"00:00:00",,POINT(-87.541483 29.772867),USMCOB-RC58270
USMCOB,"Pascagoula Ship Channel, MS - Buoy 2",30.153,-88.565,0.71,,FL,0.76,TL,2018-06-23 00:00:00.000,USM,1,USMCOB-RC58428,2026-05-05 00:00:00.000,UTC,2018,6,23,174,"00:00:00",,POINT(-88.565 30.153),USMCOB-RC58428
USMCOB,"Horn I., MS - 7 mi. S",30.129188,-88.673295,1.02,,TL,,,2019-07-05 00:00:00.000,USM,2,USMCOB-RC58428,2026-05-05 00:00:00.000,UTC,2019,7,5,186,"00:00:00",,POINT(-88.673295 30.129188),USMCOB-RC58428
USMCOB,"TERREBONNE BAY,CAT IS. PASS,LA",29.074,-90.566,0.74,,FL,0.79,TL,1991-07-22 00:00:00.000,USM,1,USMCOB-RC5844,2026-05-05 00:00:00.000,UTC,1991,7,22,203,"00:00:00",,POINT(-90.566 29.074),USMCOB-RC5844
USMCOB,"WEST DELTA 29 C, OFF EMPIRE,LA",29.14,-89.596,1.12,,FL,,,1992-08-15 00:00:00.000,USM,2,USMCOB-RC5844,2026-05-05 00:00:00.000,UTC,1992,8,15,228,"00:00:00",,POINT(-89.596 29.14),USMCOB-RC5844
USMCOB,"St. Marks, FL",30.074,-84.185,0.76,,FL,0.86,TL,2016-05-24 00:00:00.000,USM,1,USMCOB-RC58466,2026-05-05 00:00:00.000,UTC,2016,5,24,145,"00:00:00",,POINT(-84.185 30.074),USMCOB-RC58466
USMCOB,"Shell Point, FL",30.057,-84.29,0.79,,FL,0.86,TL,2016-07-23 00:00:00.000,USM,2,USMCOB-RC58466,2026-05-05 00:00:00.000,UTC,2016,7,23,205,"00:00:00",,POINT(-84.29 30.057),USMCOB-RC58466
USMCOB,"Panacea, FL - Marker 24",30.016,-84.377,0.8,,FL,0.91,TL,2016-06-07 00:00:00.000,USM,1,USMCOB-RC58551,2026-05-05 00:00:00.000,UTC,2016,6,7,159,"00:00:00",,POINT(-84.377 30.016),USMCOB-RC58551
USMCOB,"Carabelle, FL",29.843,-84.856,0.96,,FL,,,2017-06-16 00:00:00.000,USM,2,USMCOB-RC58551,2026-05-05 00:00:00.000,UTC,2017,6,16,167,"00:00:00",,POINT(-84.856 29.843),USMCOB-RC58551
USMCOB,"12890.0 / 47060.0  -GULF SHORE",30.13333,-87.82333,0.71,,FL,0.76,TL,1990-05-04 00:00:00.000,USM,1,USMCOB-RC5860,2026-05-05 00:00:00.000,UTC,1990,5,4,124,"00:00:00",,POINT(-87.82333 30.13333),USMCOB-RC5860
USMCOB,"OFF PANAMA CITY, FL",30.212,-85.88,1.14,,TL,,,1990-10-29 00:00:00.000,USM,2,USMCOB-RC5860,2026-05-05 00:00:00.000,UTC,1990,10,29,302,"00:00:00",,POINT(-85.88 30.212),USMCOB-RC5860
USMCOB,"N of Freemason Island, in Chandeleur Sound, LA",29.918056,-89.0325,0.61,,TL,,,2018-07-28 00:00:00.000,USM,1,USMCOB-RC58629,2026-05-05 00:00:00.000,UTC,2018,7,28,209,"00:00:00",,POINT(-89.0325 29.918056),USMCOB-RC58629
USMCOB,"Cape Charles, VA - marker 27",37.26835,-76.087117,1.22,,TL,,,2023-09-04 00:00:00.000,USM,2,USMCOB-RC58629,2026-05-05 00:00:00.000,UTC,2023,9,4,247,"00:00:00",,POINT(-76.087117 37.26835),USMCOB-RC58629
USMCOB,"Jennettes Pier, Nags Head, NC",35.911,-75.593,0.69,,FL,0.74,TL,2017-05-28 00:00:00.000,USM,1,USMCOB-RC58632,2026-05-05 00:00:00.000,UTC,2017,5,28,148,"00:00:00",,POINT(-75.593 35.911),USMCOB-RC58632
USMCOB,"Cape Charles, VA",37.2585,-76.0347,1.12,,TL,,,2021-07-11 00:00:00.000,USM,2,USMCOB-RC58632,2026-05-05 00:00:00.000,UTC,2021,7,11,192,"00:00:00",,POINT(-76.0347 37.2585),USMCOB-RC58632
USMCOB,"Jennettes Pier, Nags Head, NC",35.911,-75.593,0.63,,FL,0.69,TL,2017-05-28 00:00:00.000,USM,1,USMCOB-RC58639,2026-05-05 00:00:00.000,UTC,2017,5,28,148,"00:00:00",,POINT(-75.593 35.911),USMCOB-RC58639
USMCOB,"York's spit, York River, VA",37.209,-76.254,0.71,,TL,,,2017-06-23 00:00:00.000,USM,2,USMCOB-RC58639,2026-05-05 00:00:00.000,UTC,2017,6,23,174,"00:00:00",,POINT(-76.254 37.209),USMCOB-RC58639
USMCOB,"Jennettes Pier, Nags Head, NC",35.911,-75.593,0.76,,FL,0.84,TL,2017-08-18 00:00:00.000,USM,1,USMCOB-RC58641,2026-05-05 00:00:00.000,UTC,2017,8,18,230,"00:00:00",,POINT(-75.593 35.911),USMCOB-RC58641
USMCOB,"Chesapeake Bay, MD - near Target Ship",38.040278,-76.154722,1.17,,TL,,,2019-08-09 00:00:00.000,USM,2,USMCOB-RC58641,2026-05-05 00:00:00.000,UTC,2019,8,9,221,"00:00:00",,POINT(-76.154722 38.040278),USMCOB-RC58641
USMCOB,"Jennettes Pier, Nags Head, NC",35.911,-75.593,0.54,,FL,0.6,TL,2017-08-20 00:00:00.000,USM,1,USMCOB-RC58642,2026-05-05 00:00:00.000,UTC,2017,8,20,232,"00:00:00",,POINT(-75.593 35.911),USMCOB-RC58642
USMCOB,Chesapeake Bay,37.12735,-76.14705,0.66,,FL,0.75,TL,2018-06-24 00:00:00.000,USM,2,USMCOB-RC58642,2026-05-05 00:00:00.000,UTC,2018,6,24,175,"00:00:00",,POINT(-76.14705 37.12735),USMCOB-RC58642
USMCOB,"Jennettes Pier, Nags Head, NC",35.911,-75.593,0.74,,FL,0.86,TL,2017-08-18 00:00:00.000,USM,1,USMCOB-RC58645,2026-05-05 00:00:00.000,UTC,2017,8,18,230,"00:00:00",,POINT(-75.593 35.911),USMCOB-RC58645
USMCOB,Chesapeake Bay,37.12735,-76.14705,1.0,,TL,,,2018-08-28 00:00:00.000,USM,2,USMCOB-RC58645,2026-05-05 00:00:00.000,UTC,2018,8,28,240,"00:00:00",,POINT(-76.14705 37.12735),USMCOB-RC58645
USMCOB,"Jennettes Pier, Nags Head, NC",35.911,-75.593,0.72,,FL,0.79,TL,2017-06-04 00:00:00.000,USM,1,USMCOB-RC58646,2026-05-05 00:00:00.000,UTC,2017,6,4,155,"00:00:00",,POINT(-75.593 35.911),USMCOB-RC58646
USMCOB,"Jennettes Pier, Nags Head, NC",35.911,-75.593,0.74,,FL,0.81,TL,2017-06-04 00:00:00.000,USM,1,USMCOB-RC58647,2026-05-05 00:00:00.000,UTC,2017,6,4,155,"00:00:00",,POINT(-75.593 35.911),USMCOB-RC58647
USMCOB,"Chesapeake Bay Bridge Tunnel, VA",37.046138,-76.062751,1.22,,TL,,,2018-08-30 00:00:00.000,USM,2,USMCOB-RC58647,2026-05-05 00:00:00.000,UTC,2018,8,30,242,"00:00:00",,POINT(-76.062751 37.046138),USMCOB-RC58647
USMCOB,"Jennettes Pier, Nags Head, NC",35.911,-75.593,0.69,,FL,0.74,TL,2017-06-27 00:00:00.000,USM,1,USMCOB-RC58648,2026-05-05 00:00:00.000,UTC,2017,6,27,178,"00:00:00",,POINT(-75.593 35.911),USMCOB-RC58648
USMCOB,FOUND DEAD ON BEACH,,,,,,,,2017-06-29 00:00:00.000,USM,2,USMCOB-RC58648,2026-05-05 00:00:00.000,UTC,2017,6,29,180,"00:00:00",,POINT(nan nan),USMCOB-RC58648
USMCOB,"Jennettes Pier, Nags Head, NC",35.911,-75.593,0.64,,FL,0.69,TL,2017-06-04 00:00:00.000,USM,1,USMCOB-RC58649,2026-05-05 00:00:00.000,UTC,2017,6,4,155,"00:00:00",,POINT(-75.593 35.911),USMCOB-RC58649
USMCOB,"Plantation Flats Lighthouse, VA",37.28,-76.073,1.04,,TL,,,2019-07-05 00:00:00.000,USM,2,USMCOB-RC58649,2026-05-05 00:00:00.000,UTC,2019,7,5,186,"00:00:00",,POINT(-76.073 37.28),USMCOB-RC58649
USMCOB,SOUTH OF HORN ISLAND,30.239,-88.749,0.61,,FL,0.69,TL,1990-09-09 00:00:00.000,USM,1,USMCOB-RC5881,2026-05-05 00:00:00.000,UTC,1990,9,9,252,"00:00:00",,POINT(-88.749 30.239),USMCOB-RC5881
USMCOB,"5 MI. SE, PETIT BOIS ISL., MS",30.158,-88.365,0.76,,FL,,,1990-09-22 00:00:00.000,USM,2,USMCOB-RC5881,2026-05-05 00:00:00.000,UTC,1990,9,22,265,"00:00:00",,POINT(-88.365 30.158),USMCOB-RC5881
USMCOB,"St. Marks, FL",30.074,-84.185,0.71,,FL,0.79,TL,2020-05-24 00:00:00.000,USM,1,USMCOB-RC58818,2026-05-05 00:00:00.000,UTC,2020,5,24,145,"00:00:00",,POINT(-84.185 30.074),USMCOB-RC58818
USMCOB,"Clearwater Wreck, FL",27.5723,-83.0732,0.91,,FL,,,2020-10-14 00:00:00.000,USM,2,USMCOB-RC58818,2026-05-05 00:00:00.000,UTC,2020,10,14,288,"00:00:00",,POINT(-83.0732 27.5723),USMCOB-RC58818
USMCOB,"St. Marks, FL",30.074,-84.185,0.77,,FL,0.84,TL,2017-08-19 00:00:00.000,USM,1,USMCOB-RC58823,2026-05-05 00:00:00.000,UTC,2017,8,19,231,"00:00:00",,POINT(-84.185 30.074),USMCOB-RC58823
USMCOB,"Clearwater Pass, Clearwater, FL",27.965,-82.826,0.89,,FL,,,2018-02-28 00:00:00.000,USM,2,USMCOB-RC58823,2026-05-05 00:00:00.000,UTC,2018,2,28,59,"00:00:00",,POINT(-82.826 27.965),USMCOB-RC58823
USMCOB,"Pensacola Pier, FL - 1 mi. E",30.315,-87.203,0.83,,FL,0.88,TL,2018-07-15 00:00:00.000,USM,1,USMCOB-RC58905,2026-05-05 00:00:00.000,UTC,2018,7,15,196,"00:00:00",,POINT(-87.203 30.315),USMCOB-RC58905
USMCOB,"Pensacola Pass, FL - Buoy 2",30.2822,-87.294,,,,,,2019-05-13 00:00:00.000,USM,2,USMCOB-RC58905,2026-05-05 00:00:00.000,UTC,2019,5,13,133,"00:00:00",,POINT(-87.294 30.2822),USMCOB-RC58905
USMCOB,Bay Marchand BOEM Lease Area block 60,28.848,-90.134,1.02,,FL,1.12,TL,2020-05-29 00:00:00.000,USM,1,USMCOB-RC58936,2026-05-05 00:00:00.000,UTC,2020,5,29,150,"00:00:00",,POINT(-90.134 28.848),USMCOB-RC58936
USMCOB,"Fouchon, LA - 12 mi. off at drill ship",28.9166,-90.1833,1.02,,FL,,,2020-06-20 00:00:00.000,USM,2,USMCOB-RC58936,2026-05-05 00:00:00.000,UTC,2020,6,20,172,"00:00:00",,POINT(-90.1833 28.9166),USMCOB-RC58936
USMCOB,"Jennettes Pier, Nags Head, NC",35.911,-75.593,0.81,,FL,0.91,TL,2018-06-08 00:00:00.000,USM,1,USMCOB-RC59016,2026-05-05 00:00:00.000,UTC,2018,6,8,159,"00:00:00",,POINT(-75.593 35.911),USMCOB-RC59016
USMCOB,"Latimer Shoal, VA",37.13259,-75.99859,1.3,,TL,,,2021-06-15 00:00:00.000,USM,2,USMCOB-RC59016,2026-05-05 00:00:00.000,UTC,2021,6,15,166,"00:00:00",,POINT(-75.99859 37.13259),USMCOB-RC59016
USMCOB,"Nags Head Fishing Pier, NC",35.973395,-75.630955,0.46,,FL,0.51,TL,2022-08-28 00:00:00.000,USM,1,USMCOB-RC59022,2026-05-05 00:00:00.000,UTC,2022,8,28,240,"00:00:00",,POINT(-75.630955 35.973395),USMCOB-RC59022
USMCOB,"off Kiptopeke, VA, in Chesapeake Bay",37.1594,-76.0093,1.07,,TL,,,2024-09-11 00:00:00.000,USM,2,USMCOB-RC59022,2026-05-05 00:00:00.000,UTC,2024,9,11,255,"00:00:00",,POINT(-76.0093 37.1594),USMCOB-RC59022
USMCOB,"Jennettes Pier, Nags Head, NC",35.911,-75.593,0.64,,FL,0.71,TL,2018-06-08 00:00:00.000,USM,1,USMCOB-RC59182,2026-05-05 00:00:00.000,UTC,2018,6,8,159,"00:00:00",,POINT(-75.593 35.911),USMCOB-RC59182
USMCOB,Chesapeake Bay - York Spit,37.273,-76.158,1.04,,TL,,,2020-06-01 00:00:00.000,USM,2,USMCOB-RC59182,2026-05-05 00:00:00.000,UTC,2020,6,1,153,"00:00:00",,POINT(-76.158 37.273),USMCOB-RC59182
USMCOB,"Jennettes Pier, Nags Head, NC",35.911,-75.593,0.89,,FL,1.02,TL,2018-06-08 00:00:00.000,USM,1,USMCOB-RC59187,2026-05-05 00:00:00.000,UTC,2018,6,8,159,"00:00:00",,POINT(-75.593 35.911),USMCOB-RC59187
USMCOB,"Bethany Beach, DE - 2 mi. off",38.543,-75.0165,1.52,,TL,,,2020-07-08 00:00:00.000,USM,2,USMCOB-RC59187,2026-05-05 00:00:00.000,UTC,2020,7,8,190,"00:00:00",,POINT(-75.0165 38.543),USMCOB-RC59187
USMCOB,"Jennettes Pier, Nags Head, NC",35.911,-75.593,0.64,,FL,0.69,TL,2018-06-08 00:00:00.000,USM,1,USMCOB-RC59189,2026-05-05 00:00:00.000,UTC,2018,6,8,159,"00:00:00",,POINT(-75.593 35.911),USMCOB-RC59189
USMCOB,"Buckroe Beach, VA - Pier",37.036,-76.289,0.81,,TL,,,2018-06-17 00:00:00.000,USM,2,USMCOB-RC59189,2026-05-05 00:00:00.000,UTC,2018,6,17,168,"00:00:00",,POINT(-76.289 37.036),USMCOB-RC59189
USMCOB,"Jennettes Pier, Nags Head, NC",35.911,-75.593,0.58,,FL,0.62,TL,2020-08-09 00:00:00.000,USM,1,USMCOB-RC59193,2026-05-05 00:00:00.000,UTC,2020,8,9,222,"00:00:00",,POINT(-75.593 35.911),USMCOB-RC59193
USMCOB,"Chesapeake Bay, Oceanside - 4th Island",37.015517,-76.029217,1.22,,FL,1.28,TL,2023-07-15 00:00:00.000,USM,2,USMCOB-RC59193,2026-05-05 00:00:00.000,UTC,2023,7,15,196,"00:00:00",,POINT(-76.029217 37.015517),USMCOB-RC59193
USMCOB,"Jennettes Pier, Nags Head, NC",35.911,-75.593,0.79,,FL,0.89,TL,2018-06-08 00:00:00.000,USM,1,USMCOB-RC59208,2026-05-05 00:00:00.000,UTC,2018,6,8,159,"00:00:00",,POINT(-75.593 35.911),USMCOB-RC59208
USMCOB,"Chesapeake Bay - York Spit Area 37 10 82, 76 12 45.5",37.226,-76.283,0.99,,TL,,,2018-07-27 00:00:00.000,USM,2,USMCOB-RC59208,2026-05-05 00:00:00.000,UTC,2018,7,27,208,"00:00:00",,POINT(-76.283 37.226),USMCOB-RC59208
USMCOB,"Jennettes Pier, Nags Head, NC",35.911,-75.593,0.79,,FL,0.86,TL,2018-05-25 00:00:00.000,USM,1,USMCOB-RC59210,2026-05-05 00:00:00.000,UTC,2018,5,25,145,"00:00:00",,POINT(-75.593 35.911),USMCOB-RC59210
USMCOB,"Baltimore Channel, MD - mouth at Chesapeake Bay",39.262,-76.576,0.97,,TL,,,2018-08-07 00:00:00.000,USM,2,USMCOB-RC59210,2026-05-05 00:00:00.000,UTC,2018,8,7,219,"00:00:00",,POINT(-76.576 39.262),USMCOB-RC59210
USMCOB,"47080.0 / 12270.0",30.245,-88.83,0.81,,FL,0.91,TL,1990-09-02 00:00:00.000,USM,1,USMCOB-RC5924,2026-05-05 00:00:00.000,UTC,1990,9,2,245,"00:00:00",,POINT(-88.83 30.245),USMCOB-RC5924
USMCOB,"OFF DESTIN, FL",30.38,-86.5,1.27,,TL,,,1992-04-21 00:00:00.000,USM,2,USMCOB-RC5924,2026-05-05 00:00:00.000,UTC,1992,4,21,112,"00:00:00",,POINT(-86.5 30.38),USMCOB-RC5924
USMCOB,"26 03, 97 04",26.05,-97.066667,0.7,,FL,0.79,TL,2019-10-02 00:00:00.000,USM,1,USMCOB-RC59295,2026-05-05 00:00:00.000,UTC,2019,10,2,275,"00:00:00",,POINT(-97.066667 26.05),USMCOB-RC59295
USMCOB,"Padre Island, TX",26.02,-97.06,1.0,,TL,,,2020-08-23 00:00:00.000,USM,2,USMCOB-RC59295,2026-05-05 00:00:00.000,UTC,2020,8,23,236,"00:00:00",,POINT(-97.06 26.02),USMCOB-RC59295
USMCOB,"Port Isabel, TX",26.0793,-97.2066,0.99,,FL,1.04,TL,2021-07-31 00:00:00.000,USM,3,USMCOB-RC59295,2026-05-05 00:00:00.000,UTC,2021,7,31,212,"00:00:00",,POINT(-97.2066 26.0793),USMCOB-RC59295
USMCOB,"26 03, 97 04",26.05,-97.066667,0.64,,FL,0.75,TL,2019-10-03 00:00:00.000,USM,1,USMCOB-RC59297,2026-05-05 00:00:00.000,UTC,2019,10,3,276,"00:00:00",,POINT(-97.066667 26.05),USMCOB-RC59297
USMCOB,"Padre Island, TX",26.02,-97.06,1.12,,TL,,,2020-10-01 00:00:00.000,USM,2,USMCOB-RC59297,2026-05-05 00:00:00.000,UTC,2020,10,1,275,"00:00:00",,POINT(-97.06 26.02),USMCOB-RC59297
USMCOB,"Yankeetown, FL 10 Miles off",29.075933,-82.91625,0.97,,FL,1.07,TL,2018-05-03 00:00:00.000,USM,1,USMCOB-RC59366,2026-05-05 00:00:00.000,UTC,2018,5,3,123,"00:00:00",,POINT(-82.91625 29.075933),USMCOB-RC59366
USMCOB,"Crystal River, FL - 15 mi. W",28.915,-82.946,0.97,,FL,1.07,TL,2018-05-23 00:00:00.000,USM,2,USMCOB-RC59366,2026-05-05 00:00:00.000,UTC,2018,5,23,143,"00:00:00",,POINT(-82.946 28.915),USMCOB-RC59366
USMCOB,"Yankeetown, FL 10 Miles off",29.075933,-82.91625,0.77,,FL,0.84,TL,2018-05-06 00:00:00.000,USM,1,USMCOB-RC59370,2026-05-05 00:00:00.000,UTC,2018,5,6,126,"00:00:00",,POINT(-82.91625 29.075933),USMCOB-RC59370
USMCOB,"Bokeelia, FL - Danger Reef",26.759167,-82.18625,0.88,,FL,,,2019-06-22 00:00:00.000,USM,2,USMCOB-RC59370,2026-05-05 00:00:00.000,UTC,2019,6,22,173,"00:00:00",,POINT(-82.18625 26.759167),USMCOB-RC59370
USMCOB,"Pensacola Beach, FL",30.315,-87.203,1.22,,FL,1.3,TL,2019-04-23 00:00:00.000,USM,1,USMCOB-RC59525,2026-05-05 00:00:00.000,UTC,2019,4,23,113,"00:00:00",,POINT(-87.203 30.315),USMCOB-RC59525
USMCOB,"Naples, FL - 35 mi. W",26.1409,-82.3744,1.32,,TL,,,2019-09-17 00:00:00.000,USM,2,USMCOB-RC59525,2026-05-05 00:00:00.000,UTC,2019,9,17,260,"00:00:00",,POINT(-82.3744 26.1409),USMCOB-RC59525
USMCOB,"Pensacola Beach, FL",30.315,-87.203,1.02,,FL,1.07,TL,2018-05-03 00:00:00.000,USM,1,USMCOB-RC59642,2026-05-05 00:00:00.000,UTC,2018,5,3,123,"00:00:00",,POINT(-87.203 30.315),USMCOB-RC59642
USMCOB,"Orange Beach, AL - 1.5 mi. S of Pass",30.25,-87.5577,1.08,,TL,,,2018-07-08 00:00:00.000,USM,2,USMCOB-RC59642,2026-05-05 00:00:00.000,UTC,2018,7,8,189,"00:00:00",,POINT(-87.5577 30.25),USMCOB-RC59642
USMCOB,"30 20.012, 87 05.480",30.3335,-87.09133,1.24,,TL,,,2019-04-23 00:00:00.000,USM,1,USMCOB-RC59685,2026-05-05 00:00:00.000,UTC,2019,4,23,113,"00:00:00",,POINT(-87.09133 30.3335),USMCOB-RC59685
USMCOB,"Perdido Pass, AL - 4 mi. S",30.215606,-87.556061,1.07,,FL,,,2020-05-19 00:00:00.000,USM,2,USMCOB-RC59685,2026-05-05 00:00:00.000,UTC,2020,5,19,140,"00:00:00",,POINT(-87.556061 30.215606),USMCOB-RC59685
USMCOB,S. OF SHIP ISLAND,30.207,-88.972,0.51,,FL,0.53,TL,1990-10-13 00:00:00.000,USM,1,USMCOB-RC5971,2026-05-05 00:00:00.000,UTC,1990,10,13,286,"00:00:00",,POINT(-88.972 30.207),USMCOB-RC5971
USMCOB,"W. DELTA BLK #61, W. OF MS RIV",29.025,-89.651,0.97,,FL,,,1993-07-22 00:00:00.000,USM,2,USMCOB-RC5971,2026-05-05 00:00:00.000,UTC,1993,7,22,203,"00:00:00",,POINT(-89.651 29.025),USMCOB-RC5971
USMCOB,"30 13.736, - 89 00.644",30.228933,-89.010733,0.61,,TL,,,2020-08-16 00:00:00.000,USM,2,USMCOB-RC59781,2026-05-05 00:00:00.000,UTC,2020,8,16,229,"00:00:00",,POINT(-89.010733 30.228933),USMCOB-RC59781
USMCOB,,,,,,,,,,USM,1,USMCOB-RC59781,2026-05-05 00:00:00.000,UTC,,,,,,,POINT(nan nan),USMCOB-RC59781
USMCOB,Gulfport Ship Channel - Marker G7,30.358,-89.087,,,,,,2019-08-19 00:00:00.000,USM,1,USMCOB-RC59830,2026-05-05 00:00:00.000,UTC,2019,8,19,231,"00:00:00",,POINT(-89.087 30.358),USMCOB-RC59830
USMCOB,"Gulfport Ship Channel, MS",30.24,-89.0,,,,,,2019-08-27 00:00:00.000,USM,2,USMCOB-RC59830,2026-05-05 00:00:00.000,UTC,2019,8,27,239,"00:00:00",,POINT(-89.0 30.24),USMCOB-RC59830
USMCOB,"MARATHON, FL (GULF)",24.726,-81.089,0.75,,FL,0.85,TL,1994-12-28 00:00:00.000,USM,1,USMCOB-RC5995,2026-05-05 00:00:00.000,UTC,1994,12,28,362,"00:00:00",,POINT(-81.089 24.726),USMCOB-RC5995
USMCOB,"Marathon, FL (Gulf)",24.726,-81.089,1.02,,FL,1.12,TL,1995-12-10 00:00:00.000,USM,2,USMCOB-RC5995,2026-05-05 00:00:00.000,UTC,1995,12,10,344,"00:00:00",,POINT(-81.089 24.726),USMCOB-RC5995
USMCOB,"W. END OF SHIP ISLAND, MS",30.21,-88.964,0.76,,FL,0.84,TL,1991-07-03 00:00:00.000,USM,1,USMCOB-RC6009,2026-05-05 00:00:00.000,UTC,1991,7,3,184,"00:00:00",,POINT(-88.964 30.21),USMCOB-RC6009
USMCOB,GULFPORT SHIP CHANNEL,30.349,-89.083,0.69,,FL,,,1991-09-01 00:00:00.000,USM,2,USMCOB-RC6009,2026-05-05 00:00:00.000,UTC,1991,9,1,244,"00:00:00",,POINT(-89.083 30.349),USMCOB-RC6009
USMCOB,"Jennettes Pier, Nags Head, NC",35.911,-75.593,0.69,,FL,0.75,TL,2018-08-15 00:00:00.000,USM,1,USMCOB-RC60244,2026-05-05 00:00:00.000,UTC,2018,8,15,227,"00:00:00",,POINT(-75.593 35.911),USMCOB-RC60244
USMCOB,"Chesapeake Bay - Off York Spit Light, VA",37.2095,-76.2542,1.05,,FL,,,2020-06-15 00:00:00.000,USM,2,USMCOB-RC60244,2026-05-05 00:00:00.000,UTC,2020,6,15,167,"00:00:00",,POINT(-76.2542 37.2095),USMCOB-RC60244
USMCOB,"29 04.643, 82 54.980",29.077383,-82.916333,0.61,,FL,0.66,TL,2018-06-25 00:00:00.000,USM,1,USMCOB-RC60259,2026-05-05 00:00:00.000,UTC,2018,6,25,176,"00:00:00",,POINT(-82.916333 29.077383),USMCOB-RC60259
USMCOB,"Yankeetown, FL - 10 mi. W",28.9983,-82.9496,0.79,,FL,0.89,TL,2019-05-27 00:00:00.000,USM,2,USMCOB-RC60259,2026-05-05 00:00:00.000,UTC,2019,5,27,147,"00:00:00",,POINT(-82.9496 28.9983),USMCOB-RC60259
USMCOB,"28 58.299, 83 01.945",28.97165,-83.032417,0.56,,FL,0.6,TL,2018-06-25 00:00:00.000,USM,1,USMCOB-RC60263,2026-05-05 00:00:00.000,UTC,2018,6,25,176,"00:00:00",,POINT(-83.032417 28.97165),USMCOB-RC60263
USMCOB,"Yankeetown, FL",29.0759,-82.752,0.84,,FL,,,2019-05-07 00:00:00.000,USM,2,USMCOB-RC60263,2026-05-05 00:00:00.000,UTC,2019,5,7,127,"00:00:00",,POINT(-82.752 29.0759),USMCOB-RC60263
USMCOB,"Jennettes Pier, Nags Head, NC",35.911,-75.593,0.86,,FL,0.91,TL,2018-09-04 00:00:00.000,USM,1,USMCOB-RC60273,2026-05-05 00:00:00.000,UTC,2018,9,4,247,"00:00:00",,POINT(-75.593 35.911),USMCOB-RC60273
USMCOB,"Chesapeake Bay Bridge Tunnel, VA",37.046138,-76.062751,1.32,,TL,,,2019-06-06 00:00:00.000,USM,2,USMCOB-RC60273,2026-05-05 00:00:00.000,UTC,2019,6,6,157,"00:00:00",,POINT(-76.062751 37.046138),USMCOB-RC60273
USMCOB,"30 13.306, 86 55.706",30.221767,-86.928433,0.48,,FL,0.53,TL,2018-07-19 00:00:00.000,USM,1,USMCOB-RC60304,2026-05-05 00:00:00.000,UTC,2018,7,19,200,"00:00:00",,POINT(-86.928433 30.221767),USMCOB-RC60304
USMCOB,Tag found washed up on beach,,,,,,,,2018-08-03 00:00:00.000,USM,2,USMCOB-RC60304,2026-05-05 00:00:00.000,UTC,2018,8,3,215,"00:00:00",,POINT(nan nan),USMCOB-RC60304
USMCOB,"Yankeetown, FL - 10 mi. W",28.9983,-82.9496,0.53,,FL,0.74,TL,2019-05-10 00:00:00.000,USM,1,USMCOB-RC60324,2026-05-05 00:00:00.000,UTC,2019,5,10,130,"00:00:00",,POINT(-82.9496 28.9983),USMCOB-RC60324
USMCOB,"Yankeetown, FL - 15 Miles W",29.000136,-83.021915,,,,,,2019-05-23 00:00:00.000,USM,2,USMCOB-RC60324,2026-05-05 00:00:00.000,UTC,2019,5,23,143,"00:00:00",,POINT(-83.021915 29.000136),USMCOB-RC60324
USMCOB,"Yankeetown, FL - 15 Miles W",29.000136,-83.021915,0.67,,FL,0.76,TL,2019-05-20 00:00:00.000,USM,1,USMCOB-RC60352,2026-05-05 00:00:00.000,UTC,2019,5,20,140,"00:00:00",,POINT(-83.021915 29.000136),USMCOB-RC60352
USMCOB,"28.97383, -83.15725",28.97383,-83.15725,0.76,,TL,,,2019-09-08 00:00:00.000,USM,2,USMCOB-RC60352,2026-05-05 00:00:00.000,UTC,2019,9,8,251,"00:00:00",,POINT(-83.15725 28.97383),USMCOB-RC60352
USMCOB,"Boca Grande, FL - 15 mi. out",26.75,-82.508,0.89,,TL,,,2019-12-28 00:00:00.000,USM,3,USMCOB-RC60352,2026-05-05 00:00:00.000,UTC,2019,12,28,362,"00:00:00",,POINT(-82.508 26.75),USMCOB-RC60352
USMCOB,"Yankeetown, FL 15 Miles W",29.000136,-83.021915,0.71,,FL,0.84,TL,2019-05-28 00:00:00.000,USM,1,USMCOB-RC60356,2026-05-05 00:00:00.000,UTC,2019,5,28,148,"00:00:00",,POINT(-83.021915 29.000136),USMCOB-RC60356
USMCOB,"Yankeetown, FL - 20 mi. W",28.9983,-83.1025,0.74,,FL,,,2019-06-15 00:00:00.000,USM,2,USMCOB-RC60356,2026-05-05 00:00:00.000,UTC,2019,6,15,166,"00:00:00",,POINT(-83.1025 28.9983),USMCOB-RC60356
USMCOB,"Yankeetown, FL - 10 mi. W",28.9983,-82.9496,,,,,,2019-05-27 00:00:00.000,USM,1,USMCOB-RC60357,2026-05-05 00:00:00.000,UTC,2019,5,27,147,"00:00:00",,POINT(-82.9496 28.9983),USMCOB-RC60357
USMCOB,"Crystal River, FL - 6 mi. W",28.9262,-82.7964,0.76,,FL,,,2021-05-23 00:00:00.000,USM,2,USMCOB-RC60357,2026-05-05 00:00:00.000,UTC,2021,5,23,143,"00:00:00",,POINT(-82.7964 28.9262),USMCOB-RC60357
USMCOB,"Jennettes Pier, Nags Head, NC",35.911,-75.593,0.55,,FL,0.61,TL,2019-06-15 00:00:00.000,USM,1,USMCOB-RC60363,2026-05-05 00:00:00.000,UTC,2019,6,15,166,"00:00:00",,POINT(-75.593 35.911),USMCOB-RC60363
USMCOB,"Chesapeake Bay, VA - Bay Bridge Tunnel",37.046138,-76.062751,1.12,,TL,,,2021-08-05 00:00:00.000,USM,2,USMCOB-RC60363,2026-05-05 00:00:00.000,UTC,2021,8,5,217,"00:00:00",,POINT(-76.062751 37.046138),USMCOB-RC60363
USMCOB,"Jennettes Pier, Nags Head, NC",35.911,-75.593,0.86,,FL,0.94,TL,2019-06-08 00:00:00.000,USM,1,USMCOB-RC60369,2026-05-05 00:00:00.000,UTC,2019,6,8,159,"00:00:00",,POINT(-75.593 35.911),USMCOB-RC60369
USMCOB,"York Spit, VA Chesapeake Bay",36.934,-76.025,1.07,,FL,,,2020-06-06 00:00:00.000,USM,2,USMCOB-RC60369,2026-05-05 00:00:00.000,UTC,2020,6,6,158,"00:00:00",,POINT(-76.025 36.934),USMCOB-RC60369
USMCOB,"Jennettes Pier, Nags Head, NC",35.911,-75.593,0.81,,FL,0.89,TL,2019-06-01 00:00:00.000,USM,1,USMCOB-RC60370,2026-05-05 00:00:00.000,UTC,2019,6,1,152,"00:00:00",,POINT(-75.593 35.911),USMCOB-RC60370
USMCOB,"York Split, Cape Henry, VA",36.934,-76.025,0.99,,TL,,,2019-09-02 00:00:00.000,USM,2,USMCOB-RC60370,2026-05-05 00:00:00.000,UTC,2019,9,2,245,"00:00:00",,POINT(-76.025 36.934),USMCOB-RC60370
USMCOB,"Jennettes Pier, Nags Head, NC",35.911,-75.593,1.07,,FL,1.19,TL,2019-09-01 00:00:00.000,USM,1,USMCOB-RC60372,2026-05-05 00:00:00.000,UTC,2019,9,1,244,"00:00:00",,POINT(-75.593 35.911),USMCOB-RC60372
USMCOB,"Chesapeake Bay, VA",37.46,-76.122,1.35,,TL,,,2021-07-10 00:00:00.000,USM,2,USMCOB-RC60372,2026-05-05 00:00:00.000,UTC,2021,7,10,191,"00:00:00",,POINT(-76.122 37.46),USMCOB-RC60372
USMCOB,"30 12 42, - 89 02 23",30.211667,-89.039722,0.66,,TL,,,2023-07-30 00:00:00.000,USM,1,USMCOB-RC60505,2026-05-05 00:00:00.000,UTC,2023,7,30,211,"00:00:00",,POINT(-89.039722 30.211667),USMCOB-RC60505
USMCOB,"Marathon, FL - 87 ft",24.635,-80.941,,,,,,2023-09-07 00:00:00.000,USM,2,USMCOB-RC60505,2026-05-05 00:00:00.000,UTC,2023,9,7,250,"00:00:00",,POINT(-80.941 24.635),USMCOB-RC60505
USMCOB,"RIGS S. OF PETIT BOIS ISL, MS",30.115,-88.45,0.66,,FL,0.74,TL,1991-05-03 00:00:00.000,USM,1,USMCOB-RC6077,2026-05-05 00:00:00.000,UTC,1991,5,3,123,"00:00:00",,POINT(-88.45 30.115),USMCOB-RC6077
USMCOB,"OFF GULF SHORES, AL",30.245,-87.701,0.76,,TL,,,1991-07-13 00:00:00.000,USM,2,USMCOB-RC6077,2026-05-05 00:00:00.000,UTC,1991,7,13,194,"00:00:00",,POINT(-87.701 30.245),USMCOB-RC6077
USMCOB,"Chandeleur Island Bar, LA",30.043,-88.878,0.86,,FL,0.94,TL,2019-04-27 00:00:00.000,USM,1,USMCOB-RC61179,2026-05-05 00:00:00.000,UTC,2019,4,27,117,"00:00:00",,POINT(-88.878 30.043),USMCOB-RC61179
USMCOB,Main Pass BOEM Lease Area - Block 296,29.258,-88.661,0.95,,FL,1.07,TL,2021-08-20 00:00:00.000,USM,2,USMCOB-RC61179,2026-05-05 00:00:00.000,UTC,2021,8,20,232,"00:00:00",,POINT(-88.661 29.258),USMCOB-RC61179
USMCOB,"Virginia Beach, VA - oceanfront",36.844,-75.9695,0.94,,TL,,,2022-06-02 00:00:00.000,USM,2,USMCOB-RC61346,2026-05-05 00:00:00.000,UTC,2022,6,2,153,"00:00:00",,POINT(-75.9695 36.844),USMCOB-RC61346
USMCOB,,,,,,,,,,USM,1,USMCOB-RC61346,2026-05-05 00:00:00.000,UTC,,,,,,,POINT(nan nan),USMCOB-RC61346
USMCOB,"30 12.865, 87 03.213",30.214417,-87.05355,0.56,,FL,0.6,TL,2019-06-12 00:00:00.000,USM,2,USMCOB-RC61353,2026-05-05 00:00:00.000,UTC,2019,6,12,163,"00:00:00",,POINT(-87.05355 30.214417),USMCOB-RC61353
USMCOB,"30 18.550, - 86 16.400",30.309167,-86.273333,,,,,,2020-10-08 00:00:00.000,USM,3,USMCOB-RC61353,2026-05-05 00:00:00.000,UTC,2020,10,8,282,"00:00:00",,POINT(-86.273333 30.309167),USMCOB-RC61353
USMCOB,,,,,,,,,,USM,1,USMCOB-RC61353,2026-05-05 00:00:00.000,UTC,,,,,,,POINT(nan nan),USMCOB-RC61353
USMCOB,"30 11.533, -87 12.685",30.192217,-87.211417,0.67,,FL,0.76,TL,2019-05-26 00:00:00.000,USM,1,USMCOB-RC61361,2026-05-05 00:00:00.000,UTC,2019,5,26,146,"00:00:00",,POINT(-87.211417 30.192217),USMCOB-RC61361
USMCOB,"Orange Beach, AL - 25 Mi. S of Pass",29.912458,-87.551847,0.69,,TL,,,2019-06-01 00:00:00.000,USM,2,USMCOB-RC61361,2026-05-05 00:00:00.000,UTC,2019,6,1,152,"00:00:00",,POINT(-87.551847 29.912458),USMCOB-RC61361
USMCOB,"Pensacola Beach, FL - 22 mi. S",30.0108,-87.134,0.71,,TL,,,2019-07-22 00:00:00.000,USM,2,USMCOB-RC61363,2026-05-05 00:00:00.000,UTC,2019,7,22,203,"00:00:00",,POINT(-87.134 30.0108),USMCOB-RC61363
USMCOB,,,,,,,,,,USM,1,USMCOB-RC61363,2026-05-05 00:00:00.000,UTC,,,,,,,POINT(nan nan),USMCOB-RC61363
USMCOB,"Destin, FL",30.367,-86.497,0.75,,TL,,,2019-07-18 00:00:00.000,USM,2,USMCOB-RC61380,2026-05-05 00:00:00.000,UTC,2019,7,18,199,"00:00:00",,POINT(-86.497 30.367),USMCOB-RC61380
USMCOB,,,,,,,,,,USM,1,USMCOB-RC61380,2026-05-05 00:00:00.000,UTC,,,,,,,POINT(nan nan),USMCOB-RC61380
USMCOB,"Orange Beach, AL",30.267,-87.585,0.51,,FL,,,2019-06-01 00:00:00.000,USM,1,USMCOB-RC61384,2026-05-05 00:00:00.000,UTC,2019,6,1,152,"00:00:00",,POINT(-87.585 30.267),USMCOB-RC61384
USMCOB,"Pensacola Beach, FL - 5 mi. off",30.257053,-87.137472,,,,,,2019-06-12 00:00:00.000,USM,2,USMCOB-RC61384,2026-05-05 00:00:00.000,UTC,2019,6,12,163,"00:00:00",,POINT(-87.137472 30.257053),USMCOB-RC61384
USMCOB,"Orange Beach, AL",30.267,-87.585,0.81,,FL,,,2019-06-01 00:00:00.000,USM,1,USMCOB-RC61387,2026-05-05 00:00:00.000,UTC,2019,6,1,152,"00:00:00",,POINT(-87.585 30.267),USMCOB-RC61387
USMCOB,"Orange Beach, AL",30.267,-87.585,1.32,,FL,,,2020-06-29 00:00:00.000,USM,2,USMCOB-RC61387,2026-05-05 00:00:00.000,UTC,2020,6,29,181,"00:00:00",,POINT(-87.585 30.267),USMCOB-RC61387
USMCOB,"Orange Beach, AL",30.267,-87.585,0.81,,FL,,,2019-06-01 00:00:00.000,USM,1,USMCOB-RC61388,2026-05-05 00:00:00.000,UTC,2019,6,1,152,"00:00:00",,POINT(-87.585 30.267),USMCOB-RC61388
USMCOB,"Orange Beach, AL - 12 Mi. Offshore",30.0972,-87.58,0.86,,FL,0.91,TL,2019-06-04 00:00:00.000,USM,2,USMCOB-RC61388,2026-05-05 00:00:00.000,UTC,2019,6,4,155,"00:00:00",,POINT(-87.58 30.0972),USMCOB-RC61388
USMCOB,"Ship Island Channel, MS",30.24,-89.0,0.89,,FL,,,2020-05-10 00:00:00.000,USM,1,USMCOB-RC61412,2026-05-05 00:00:00.000,UTC,2020,5,10,131,"00:00:00",,POINT(-89.0 30.24),USMCOB-RC61412
USMCOB,"E end of Ship I., MS",30.245,-88.865,0.94,,FL,,,2020-07-12 00:00:00.000,USM,2,USMCOB-RC61412,2026-05-05 00:00:00.000,UTC,2020,7,12,194,"00:00:00",,POINT(-88.865 30.245),USMCOB-RC61412
USMCOB,"Ship Island, MS",30.2156,-88.9634,0.81,,FL,,,2020-05-10 00:00:00.000,USM,1,USMCOB-RC61413,2026-05-05 00:00:00.000,UTC,2020,5,10,131,"00:00:00",,POINT(-88.9634 30.2156),USMCOB-RC61413
USMCOB,"35 mi. SE of Ocean Springs, MS",30.044765,-88.408284,0.84,,TL,,,2020-05-26 00:00:00.000,USM,2,USMCOB-RC61413,2026-05-05 00:00:00.000,UTC,2020,5,26,147,"00:00:00",,POINT(-88.408284 30.044765),USMCOB-RC61413
USMCOB,"Machipongo, VA - Hungars Creek",37.44265,-75.93,0.81,,FL,0.86,TL,2019-07-14 00:00:00.000,USM,1,USMCOB-RC61522,2026-05-05 00:00:00.000,UTC,2019,7,14,195,"00:00:00",,POINT(-75.93 37.44265),USMCOB-RC61522
USMCOB,"Watts Island, VA",37.8023,-75.8982,1.27,,TL,,,2021-06-16 00:00:00.000,USM,2,USMCOB-RC61522,2026-05-05 00:00:00.000,UTC,2021,6,16,167,"00:00:00",,POINT(-75.8982 37.8023),USMCOB-RC61522
USMCOB,"Machipongo, VA - Hungars Creek",37.44265,-75.93,0.81,,FL,0.86,TL,2019-07-14 00:00:00.000,USM,1,USMCOB-RC61523,2026-05-05 00:00:00.000,UTC,2019,7,14,195,"00:00:00",,POINT(-75.93 37.44265),USMCOB-RC61523
USMCOB,"Chesapeake Bay, VA",37.4316,-76.1275,1.1,,TL,,,2020-09-06 00:00:00.000,USM,2,USMCOB-RC61523,2026-05-05 00:00:00.000,UTC,2020,9,6,250,"00:00:00",,POINT(-76.1275 37.4316),USMCOB-RC61523
USMCOB,"Keaton Beach, FL",29.8172,-83.5921,0.86,,TL,,,2022-04-23 00:00:00.000,USM,2,USMCOB-RC61745,2026-05-05 00:00:00.000,UTC,2022,4,23,113,"00:00:00",,POINT(-83.5921 29.8172),USMCOB-RC61745
USMCOB,,,,,,,,,,USM,1,USMCOB-RC61745,2026-05-05 00:00:00.000,UTC,,,,,,,POINT(nan nan),USMCOB-RC61745
USMCOB,"26 02, - 97 07",26.033333,-97.116667,0.75,,FL,0.79,TL,2020-08-24 00:00:00.000,USM,1,USMCOB-RC61783,2026-05-05 00:00:00.000,UTC,2020,8,24,237,"00:00:00",,POINT(-97.116667 26.033333),USMCOB-RC61783
USMCOB,"South Padre Island, TX - 17 mi. E",26.1115,-96.8897,,,,,,2023-07-16 00:00:00.000,USM,2,USMCOB-RC61783,2026-05-05 00:00:00.000,UTC,2023,7,16,197,"00:00:00",,POINT(-96.8897 26.1115),USMCOB-RC61783
USMCOB,"12900.0 / 47050.0 ORG. BCH, AL",30.09667,-87.805,0.58,,TL,,,1990-08-12 00:00:00.000,USM,1,USMCOB-RC6182,2026-05-05 00:00:00.000,UTC,1990,8,12,224,"00:00:00",,POINT(-87.805 30.09667),USMCOB-RC6182
USMCOB,"OFF PENSACOLA BEACH, FL",30.333,-87.15,0.71,,FL,,,1991-05-05 00:00:00.000,USM,2,USMCOB-RC6182,2026-05-05 00:00:00.000,UTC,1991,5,5,125,"00:00:00",,POINT(-87.15 30.333),USMCOB-RC6182
USMCOB,"Hernando Beach, FL",28.472,-82.705,0.75,,FL,,,2021-05-12 00:00:00.000,USM,1,USMCOB-RC61892,2026-05-05 00:00:00.000,UTC,2021,5,12,132,"00:00:00",,POINT(-82.705 28.472),USMCOB-RC61892
USMCOB,"Hudson, FL - 2 mi. out",28.3596,-82.7467,0.79,,TL,,,2021-10-03 00:00:00.000,USM,2,USMCOB-RC61892,2026-05-05 00:00:00.000,UTC,2021,10,3,276,"00:00:00",,POINT(-82.7467 28.3596),USMCOB-RC61892
USMCOB,"Hernando Beach, FL",28.472,-82.705,0.57,,FL,0.62,TL,2021-05-17 00:00:00.000,USM,1,USMCOB-RC61894,2026-05-05 00:00:00.000,UTC,2021,5,17,137,"00:00:00",,POINT(-82.705 28.472),USMCOB-RC61894
USMCOB,"Sarasota, FL",27.341,-82.563,0.91,,TL,,,2022-02-18 00:00:00.000,USM,2,USMCOB-RC61894,2026-05-05 00:00:00.000,UTC,2022,2,18,49,"00:00:00",,POINT(-82.563 27.341),USMCOB-RC61894
USMCOB,"Tampa Bay, FL - 4G Buoy",27.7866,-82.5584,0.36,,TL,,,2020-10-10 00:00:00.000,USM,1,USMCOB-RC61946,2026-05-05 00:00:00.000,UTC,2020,10,10,284,"00:00:00",,POINT(-82.5584 27.7866),USMCOB-RC61946
USMCOB,"MacDill AFB, Tampa, FL",27.825,-82.503,0.36,,TL,,,2020-10-21 00:00:00.000,USM,2,USMCOB-RC61946,2026-05-05 00:00:00.000,UTC,2020,10,21,295,"00:00:00",,POINT(-82.503 27.825),USMCOB-RC61946
USMCOB,"Davis Islands, Tampa, FL",27.9074,-82.4553,0.3,,TL,,,2020-10-27 00:00:00.000,USM,2,USMCOB-RC61950,2026-05-05 00:00:00.000,UTC,2020,10,27,301,"00:00:00",,POINT(-82.4553 27.9074),USMCOB-RC61950
USMCOB,,,,,,,,,,USM,1,USMCOB-RC61950,2026-05-05 00:00:00.000,UTC,,,,,,,POINT(nan nan),USMCOB-RC61950
USMCOB,"12900.0 / 47050.0 ORG. BCH. AL",30.09667,-87.805,0.64,,TL,,,1990-08-12 00:00:00.000,USM,1,USMCOB-RC6196,2026-05-05 00:00:00.000,UTC,1990,8,12,224,"00:00:00",,POINT(-87.805 30.09667),USMCOB-RC6196
USMCOB,"OFF MIAMI, FL",25.766,-80.126,0.96,,TL,,,1991-04-10 00:00:00.000,USM,2,USMCOB-RC6196,2026-05-05 00:00:00.000,UTC,1991,4,10,100,"00:00:00",,POINT(-80.126 25.766),USMCOB-RC6196
USMCOB,"12900.0 / 47050.0",30.09667,-87.805,0.56,,FL,0.64,TL,1990-08-12 00:00:00.000,USM,1,USMCOB-RC6197,2026-05-05 00:00:00.000,UTC,1990,8,12,224,"00:00:00",,POINT(-87.805 30.09667),USMCOB-RC6197
USMCOB,"ISLAMORADA, FL  (ATL. OCEAN)",24.924,-80.625,0.84,,FL,,,1991-02-15 00:00:00.000,USM,2,USMCOB-RC6197,2026-05-05 00:00:00.000,UTC,1991,2,15,46,"00:00:00",,POINT(-80.625 24.924),USMCOB-RC6197
USMCOB,"Jennettes Pier, Nags Head, NC",35.911,-75.593,0.67,,FL,0.74,TL,2021-06-27 00:00:00.000,USM,1,USMCOB-RC61974,2026-05-05 00:00:00.000,UTC,2021,6,27,178,"00:00:00",,POINT(-75.593 35.911),USMCOB-RC61974
USMCOB,"36 53.537, - 75 57.744",36.892278,-75.962389,1.17,,TL,,,2024-06-16 00:00:00.000,USM,2,USMCOB-RC61974,2026-05-05 00:00:00.000,UTC,2024,6,16,168,"00:00:00",,POINT(-75.962389 36.892278),USMCOB-RC61974
USMCOB,"Jennettes Pier, Nags Head, NC",35.911,-75.593,0.61,,FL,0.69,TL,2021-07-04 00:00:00.000,USM,1,USMCOB-RC61976,2026-05-05 00:00:00.000,UTC,2021,7,4,185,"00:00:00",,POINT(-75.593 35.911),USMCOB-RC61976
USMCOB,"Cape Charles, VA",37.2527,-76.0282,0.99,,TL,,,2024-07-21 00:00:00.000,USM,2,USMCOB-RC61976,2026-05-05 00:00:00.000,UTC,2024,7,21,203,"00:00:00",,POINT(-76.0282 37.2527),USMCOB-RC61976
USMCOB,"Jennettes Pier, Nags Head, NC",35.911,-75.593,0.71,,FL,0.79,TL,2022-08-19 00:00:00.000,USM,1,USMCOB-RC61979,2026-05-05 00:00:00.000,UTC,2022,8,19,231,"00:00:00",,POINT(-75.593 35.911),USMCOB-RC61979
USMCOB,"Nags Head, NC",35.974,-75.629,0.97,,TL,,,2024-05-26 00:00:00.000,USM,2,USMCOB-RC61979,2026-05-05 00:00:00.000,UTC,2024,5,26,147,"00:00:00",,POINT(-75.629 35.974),USMCOB-RC61979
USMCOB,"12900.0 / 47050.0",30.09667,-87.805,0.66,,TL,,,1990-08-12 00:00:00.000,USM,1,USMCOB-RC6198,2026-05-05 00:00:00.000,UTC,1990,8,12,224,"00:00:00",,POINT(-87.805 30.09667),USMCOB-RC6198
USMCOB,"7 MI. W. OF MOBILE PT., AL",30.225,-88.124,0.89,,FL,,,1991-08-24 00:00:00.000,USM,2,USMCOB-RC6198,2026-05-05 00:00:00.000,UTC,1991,8,24,236,"00:00:00",,POINT(-88.124 30.225),USMCOB-RC6198
USMCOB,,,,,,,,,,USM,1,USMCOB-RC63120,2026-05-05 00:00:00.000,UTC,,,,,,,POINT(nan nan),USMCOB-RC63120
USMCOB,"12900.0 / 47050.0",30.09667,-87.805,0.71,,TL,,,1990-08-12 00:00:00.000,USM,1,USMCOB-RC6200,2026-05-05 00:00:00.000,UTC,1990,8,12,224,"00:00:00",,POINT(-87.805 30.09667),USMCOB-RC6200
USMCOB,"PENSACOLA PASS, FL",30.326,-87.307,1.04,,TL,,,1991-08-13 00:00:00.000,USM,2,USMCOB-RC6200,2026-05-05 00:00:00.000,UTC,1991,8,13,225,"00:00:00",,POINT(-87.307 30.326),USMCOB-RC6200
USMCOB,"South Timbalier BOEM Lease Area, Block 52",28.855,-90.489,,,,,,2022-07-15 00:00:00.000,USM,2,USMCOB-RC62035,2026-05-05 00:00:00.000,UTC,2022,7,15,196,"00:00:00",,POINT(-90.489 28.855),USMCOB-RC62035
USMCOB,,,,,,,,,,USM,1,USMCOB-RC62035,2026-05-05 00:00:00.000,UTC,,,,,,,POINT(nan nan),USMCOB-RC62035
USMCOB,"Dauphin Island, AL - 14 mi. S",30.046,-88.142,0.86,,FL,0.94,TL,2021-07-08 00:00:00.000,USM,1,USMCOB-RC62048,2026-05-05 00:00:00.000,UTC,2021,7,8,189,"00:00:00",,POINT(-88.142 30.046),USMCOB-RC62048
USMCOB,"Dauphin Island, AL - farewell buoy",30.091,-88.212,0.94,,TL,,,2021-07-24 00:00:00.000,USM,2,USMCOB-RC62048,2026-05-05 00:00:00.000,UTC,2021,7,24,205,"00:00:00",,POINT(-88.212 30.091),USMCOB-RC62048
USMCOB,"12900.0 / 47060.0",30.11667,-87.80833,0.71,,TL,,,1990-05-24 00:00:00.000,USM,1,USMCOB-RC6213,2026-05-05 00:00:00.000,UTC,1990,5,24,144,"00:00:00",,POINT(-87.80833 30.11667),USMCOB-RC6213
USMCOB,"OFF DESTIN, FL",30.38,-86.5,1.3,,FL,,,1992-04-07 00:00:00.000,USM,2,USMCOB-RC6213,2026-05-05 00:00:00.000,UTC,1992,4,7,98,"00:00:00",,POINT(-86.5 30.38),USMCOB-RC6213
USMCOB,"Fouchon, LA - 11 mi. S",28.9389,-90.1913,0.79,,FL,0.89,TL,2020-05-02 00:00:00.000,USM,1,USMCOB-RC62242,2026-05-05 00:00:00.000,UTC,2020,5,2,123,"00:00:00",,POINT(-90.1913 28.9389),USMCOB-RC62242
USMCOB,West Delta BOEM Lease Area - Block 117,28.805,-89.802,0.94,,FL,,,2023-08-19 00:00:00.000,USM,2,USMCOB-RC62242,2026-05-05 00:00:00.000,UTC,2023,8,19,231,"00:00:00",,POINT(-89.802 28.805),USMCOB-RC62242
USMCOB,"St. Marks, FL",30.074,-84.185,0.86,,FL,0.91,TL,2022-06-15 00:00:00.000,USM,1,USMCOB-RC62368,2026-05-05 00:00:00.000,UTC,2022,6,15,166,"00:00:00",,POINT(-84.185 30.074),USMCOB-RC62368
USMCOB,"Naples, FL - 15 mi. off",26.1328,-82.0488,0.94,,TL,,,2023-02-27 00:00:00.000,USM,2,USMCOB-RC62368,2026-05-05 00:00:00.000,UTC,2023,2,27,58,"00:00:00",,POINT(-82.0488 26.1328),USMCOB-RC62368
USMCOB,"30 13.851, - 87 23.521",30.23085,-87.392017,,,,,,2021-05-26 00:00:00.000,USM,1,USMCOB-RC62396,2026-05-05 00:00:00.000,UTC,2021,5,26,146,"00:00:00",,POINT(-87.392017 30.23085),USMCOB-RC62396
USMCOB,"20 mi. S Port Fourchon, LA - over art. Reef",28.81,-90.185,1.07,,TL,,,2023-07-07 00:00:00.000,USM,2,USMCOB-RC62396,2026-05-05 00:00:00.000,UTC,2023,7,7,188,"00:00:00",,POINT(-90.185 28.81),USMCOB-RC62396
USMCOB,"30 19.000, - 87 07.400",30.316667,-87.123333,0.64,,FL,0.69,TL,2020-09-05 00:00:00.000,USM,1,USMCOB-RC62407,2026-05-05 00:00:00.000,UTC,2020,9,5,249,"00:00:00",,POINT(-87.123333 30.316667),USMCOB-RC62407
USMCOB,"Perdido Pass, AL - 5.5 mi. SSE",30.2003,-87.5166,1.05,,FL,,,2022-07-23 00:00:00.000,USM,2,USMCOB-RC62407,2026-05-05 00:00:00.000,UTC,2022,7,23,204,"00:00:00",,POINT(-87.5166 30.2003),USMCOB-RC62407
USMCOB,"Pensacola Pass, #1 Buoy",30.321,-87.309,0.76,,FL,0.81,TL,2020-11-12 00:00:00.000,USM,1,USMCOB-RC62409,2026-05-05 00:00:00.000,UTC,2020,11,12,317,"00:00:00",,POINT(-87.309 30.321),USMCOB-RC62409
USMCOB,"Ship Island, MS - Squash Channel",30.245,-88.829,0.91,,FL,0.99,TL,2021-07-29 00:00:00.000,USM,2,USMCOB-RC62409,2026-05-05 00:00:00.000,UTC,2021,7,29,210,"00:00:00",,POINT(-88.829 30.245),USMCOB-RC62409
USMCOB,"26 02, - 97 07",26.033333,-97.116667,0.88,,FL,1.0,TL,2021-10-22 00:00:00.000,USM,1,USMCOB-RC62457,2026-05-05 00:00:00.000,UTC,2021,10,22,295,"00:00:00",,POINT(-97.116667 26.033333),USMCOB-RC62457
USMCOB,"26 02 18, - 97 07 41",26.038333,-97.128056,1.07,,TL,,,2022-09-07 00:00:00.000,USM,2,USMCOB-RC62457,2026-05-05 00:00:00.000,UTC,2022,9,7,250,"00:00:00",,POINT(-97.128056 26.038333),USMCOB-RC62457
USMCOB,"26 02, - 97 07",26.033333,-97.116667,0.81,,FL,0.91,TL,2021-10-25 00:00:00.000,USM,1,USMCOB-RC62459,2026-05-05 00:00:00.000,UTC,2021,10,25,298,"00:00:00",,POINT(-97.116667 26.033333),USMCOB-RC62459
USMCOB,"26 02, - 97 07",26.033333,-97.116667,0.93,,FL,1.04,TL,2022-08-30 00:00:00.000,USM,2,USMCOB-RC62459,2026-05-05 00:00:00.000,UTC,2022,8,30,242,"00:00:00",,POINT(-97.116667 26.033333),USMCOB-RC62459
USMCOB,"26 03, - 97 04",26.05,-97.066667,0.88,,FL,0.99,TL,2021-11-08 00:00:00.000,USM,1,USMCOB-RC62463,2026-05-05 00:00:00.000,UTC,2021,11,8,312,"00:00:00",,POINT(-97.066667 26.05),USMCOB-RC62463
USMCOB,"26 02, - 97 07",26.033333,-97.116667,0.97,,FL,1.09,TL,2022-10-07 00:00:00.000,USM,2,USMCOB-RC62463,2026-05-05 00:00:00.000,UTC,2022,10,7,280,"00:00:00",,POINT(-97.116667 26.033333),USMCOB-RC62463
USMCOB,"MAIN PASS, BLOCK 113",29.507,-88.755,0.66,,FL,0.74,TL,1990-07-24 00:00:00.000,USM,1,USMCOB-RC6247,2026-05-05 00:00:00.000,UTC,1990,7,24,205,"00:00:00",,POINT(-88.755 29.507),USMCOB-RC6247
USMCOB,SHIP SHOALS (OFF LA),28.903,-91.02,1.11,,TL,,,1992-09-19 00:00:00.000,USM,2,USMCOB-RC6247,2026-05-05 00:00:00.000,UTC,1992,9,19,263,"00:00:00",,POINT(-91.02 28.903),USMCOB-RC6247
USMCOB,"28 53 57N / 90 49 54W",28.899167,-90.831667,0.81,,FL,0.91,TL,1990-06-05 00:00:00.000,USM,1,USMCOB-RC6262,2026-05-05 00:00:00.000,UTC,1990,6,5,156,"00:00:00",,POINT(-90.831667 28.899167),USMCOB-RC6262
USMCOB,SHALLOW RIGS S. OF CHAND. ISL.,29.67,-88.8,0.94,,FL,1.0,TL,1990-08-02 00:00:00.000,USM,2,USMCOB-RC6262,2026-05-05 00:00:00.000,UTC,1990,8,2,214,"00:00:00",,POINT(-88.8 29.67),USMCOB-RC6262
USMCOB,"BLK 12, SOUTH PETO. AREA, LA",28.918699,-90.677088,0.56,,FL,0.61,TL,1990-06-20 00:00:00.000,USM,1,USMCOB-RC6275,2026-05-05 00:00:00.000,UTC,1990,6,20,171,"00:00:00",,POINT(-90.677088 28.918699),USMCOB-RC6275
USMCOB,"DUCK KEY, FL (ATLANTIC SIDE)",24.764,-80.91,0.81,,FL,,,1991-06-24 00:00:00.000,USM,2,USMCOB-RC6275,2026-05-05 00:00:00.000,UTC,1991,6,24,175,"00:00:00",,POINT(-80.91 24.764),USMCOB-RC6275
USMCOB,"BLK 93, SHIP SHOAL AREA, LA",28.891167,-90.811167,0.58,,FL,0.64,TL,1990-06-16 00:00:00.000,USM,1,USMCOB-RC6278,2026-05-05 00:00:00.000,UTC,1990,6,16,167,"00:00:00",,POINT(-90.811167 28.891167),USMCOB-RC6278
USMCOB,"OFF PANAMA CITY, FL",30.212,-85.88,0.84,,TL,,,1991-01-28 00:00:00.000,USM,2,USMCOB-RC6278,2026-05-05 00:00:00.000,UTC,1991,1,28,28,"00:00:00",,POINT(-85.88 30.212),USMCOB-RC6278
USMCOB,"BLK 93, SHIP SHOAL AREA, LA",28.891167,-90.811167,0.57,,FL,0.64,TL,1990-06-11 00:00:00.000,USM,1,USMCOB-RC6280,2026-05-05 00:00:00.000,UTC,1990,6,11,162,"00:00:00",,POINT(-90.811167 28.891167),USMCOB-RC6280
USMCOB,"SOUTH TIMBALIER, LA ,BLOCK 176",28.525,-90.406,0.89,,TL,,,1991-08-16 00:00:00.000,USM,2,USMCOB-RC6280,2026-05-05 00:00:00.000,UTC,1991,8,16,228,"00:00:00",,POINT(-90.406 28.525),USMCOB-RC6280
USMCOB,"GULFPORT SHIP CHANNEL,BUOY #43",30.285,-89.028,0.64,,FL,0.69,TL,1991-07-05 00:00:00.000,USM,1,USMCOB-RC6282,2026-05-05 00:00:00.000,UTC,1991,7,5,186,"00:00:00",,POINT(-89.028 30.285),USMCOB-RC6282
USMCOB,"GULFPORT SHIP CHANNEL, MS",30.349,-89.083,0.64,,FL,0.69,TL,1991-08-08 00:00:00.000,USM,2,USMCOB-RC6282,2026-05-05 00:00:00.000,UTC,1991,8,8,220,"00:00:00",,POINT(-89.083 30.349),USMCOB-RC6282
USMCOB,"Ecofina Flats, FL",30.035,-83.931,0.69,,FL,0.77,TL,2021-05-26 00:00:00.000,USM,1,USMCOB-RC62837,2026-05-05 00:00:00.000,UTC,2021,5,26,146,"00:00:00",,POINT(-83.931 30.035),USMCOB-RC62837
USMCOB,Wakulla Reef - 3 mi. S Apalachee Bay Light,30.0303,-84.1793,0.89,,FL,,,2023-05-21 00:00:00.000,USM,2,USMCOB-RC62837,2026-05-05 00:00:00.000,UTC,2023,5,21,141,"00:00:00",,POINT(-84.1793 30.0303),USMCOB-RC62837
USMCOB,"Port Canaveral, FL - 3 mi off Beach",28.408,-80.535,0.75,,TL,,,2022-01-11 00:00:00.000,USM,2,USMCOB-RC62866,2026-05-05 00:00:00.000,UTC,2022,1,11,11,"00:00:00",,POINT(-80.535 28.408),USMCOB-RC62866
USMCOB,,,,,,,,,,USM,1,USMCOB-RC62866,2026-05-05 00:00:00.000,UTC,,,,,,,POINT(nan nan),USMCOB-RC62866
USMCOB,"Fort Walton Beach, FL",30.39,-86.6,0.71,,FL,0.81,TL,2021-04-20 00:00:00.000,USM,1,USMCOB-RC62887,2026-05-05 00:00:00.000,UTC,2021,4,20,110,"00:00:00",,POINT(-86.6 30.39),USMCOB-RC62887
USMCOB,"Port Fourchon, LA - 25 miles out",28.7266,-90.2043,,,,,,2022-05-01 00:00:00.000,USM,2,USMCOB-RC62887,2026-05-05 00:00:00.000,UTC,2022,5,1,121,"00:00:00",,POINT(-90.2043 28.7266),USMCOB-RC62887
USMCOB,"Navarre, FL",30.378,-86.862,1.02,,FL,1.14,TL,2021-04-14 00:00:00.000,USM,1,USMCOB-RC62890,2026-05-05 00:00:00.000,UTC,2021,4,14,104,"00:00:00",,POINT(-86.862 30.378),USMCOB-RC62890
USMCOB,"Grand Isle BOEM Lease Area, LA",28.9,-90.0,1.21,,FL,,,2023-05-30 00:00:00.000,USM,2,USMCOB-RC62890,2026-05-05 00:00:00.000,UTC,2023,5,30,150,"00:00:00",,POINT(-90.0 28.9),USMCOB-RC62890
USMCOB,"Destin, FL",30.367,-86.497,0.76,,FL,0.84,TL,2021-04-28 00:00:00.000,USM,1,USMCOB-RC62901,2026-05-05 00:00:00.000,UTC,2021,4,28,118,"00:00:00",,POINT(-86.497 30.367),USMCOB-RC62901
USMCOB,"BOEM South Pass Lease Area, Block 62",29.088,-88.734,0.92,,FL,,,2023-03-07 00:00:00.000,USM,2,USMCOB-RC62901,2026-05-05 00:00:00.000,UTC,2023,3,7,66,"00:00:00",,POINT(-88.734 29.088),USMCOB-RC62901
USMCOB,"Destin, FL",30.367,-86.497,0.61,,FL,0.66,TL,2021-05-01 00:00:00.000,USM,1,USMCOB-RC62902,2026-05-05 00:00:00.000,UTC,2021,5,1,121,"00:00:00",,POINT(-86.497 30.367),USMCOB-RC62902
USMCOB,"30 21.387, - 86 19.342",30.35645,-86.322367,0.79,,TL,,,2021-08-08 00:00:00.000,USM,2,USMCOB-RC62902,2026-05-05 00:00:00.000,UTC,2021,8,8,220,"00:00:00",,POINT(-86.322367 30.35645),USMCOB-RC62902
USMCOB,"N. OF SQUASH CHANNEL, SHIP ISL",30.245,-88.829,0.79,,FL,0.86,TL,1990-09-06 00:00:00.000,USM,1,USMCOB-RC6296,2026-05-05 00:00:00.000,UTC,1990,9,6,249,"00:00:00",,POINT(-88.829 30.245),USMCOB-RC6296
USMCOB,"ISLAMORADA, FL.(ATLANTIC SIDE)",24.924,-80.625,0.88,,FL,,,1990-12-15 00:00:00.000,USM,2,USMCOB-RC6296,2026-05-05 00:00:00.000,UTC,1990,12,15,349,"00:00:00",,POINT(-80.625 24.924),USMCOB-RC6296
USMCOB,"Gulf Shores, AL - 0.5 mi. S Pier",30.2479,-87.6435,0.61,,TL,,,2021-10-16 00:00:00.000,USM,2,USMCOB-RC63120,2026-05-05 00:00:00.000,UTC,2021,10,16,289,"00:00:00",,POINT(-87.6435 30.2479),USMCOB-RC63120
USMCOB,"Fish Haven 1, MS",30.059,-88.611,0.84,,TL,,,2023-09-02 00:00:00.000,USM,2,USMCOB-RC63179,2026-05-05 00:00:00.000,UTC,2023,9,2,245,"00:00:00",,POINT(-88.611 30.059),USMCOB-RC63179
USMCOB,,,,,,,,,,USM,1,USMCOB-RC63179,2026-05-05 00:00:00.000,UTC,,,,,,,POINT(nan nan),USMCOB-RC63179
USMCOB,"Petit Bois I., MS - 10 mi. S",30.0522,-88.4508,0.81,,FL,,,2022-04-28 00:00:00.000,USM,1,USMCOB-RC63231,2026-05-05 00:00:00.000,UTC,2022,4,28,118,"00:00:00",,POINT(-88.4508 30.0522),USMCOB-RC63231
USMCOB,Main Pass BOEM Lease Area - Block 300 B Rig,29.263732,-88.781657,,,,,,2024-05-04 00:00:00.000,USM,2,USMCOB-RC63231,2026-05-05 00:00:00.000,UTC,2024,5,4,125,"00:00:00",,POINT(-88.781657 29.263732),USMCOB-RC63231
USMCOB,"Ft. Morgan, AL - 15 mi. S",30.0063,-88.0205,0.97,,TL,,,2024-09-15 00:00:00.000,USM,2,USMCOB-RC63236,2026-05-05 00:00:00.000,UTC,2024,9,15,259,"00:00:00",,POINT(-88.0205 30.0063),USMCOB-RC63236
USMCOB,,,,,,,,,,USM,1,USMCOB-RC63236,2026-05-05 00:00:00.000,UTC,,,,,,,POINT(nan nan),USMCOB-RC63236
USMCOB,"2914.183N 8957.200W",29.23638,-89.95333,,,,,,2007-07-14 00:00:00.000,USM,2,USMCOB-SH145,2026-05-05 00:00:00.000,UTC,2007,7,14,195,"00:00:00",,POINT(-89.95333 29.23638),USMCOB-SH145
USMCOB,"SOUTH MARSH ISLAND,LA  BLK 130",28.307173,-91.993,1.16,,FL,1.27,TL,1991-06-26 00:00:00.000,USM,1,USMCOB-RC6337,2026-05-05 00:00:00.000,UTC,1991,6,26,177,"00:00:00",,POINT(-91.993 28.307173),USMCOB-RC6337
USMCOB,Off Destin Florida,30.38,-86.5,,,,,,1996-04-15 00:00:00.000,USM,2,USMCOB-RC6337,2026-05-05 00:00:00.000,UTC,1996,4,15,106,"00:00:00",,POINT(-86.5 30.38),USMCOB-RC6337
USMCOB,"29 21.669, - 87 53.132",29.36115,-87.885533,1.04,,TL,,,2025-05-05 00:00:00.000,USM,2,USMCOB-RC63379,2026-05-05 00:00:00.000,UTC,2025,5,5,125,"00:00:00",,POINT(-87.885533 29.36115),USMCOB-RC63379
USMCOB,,,,,,,,,,USM,1,USMCOB-RC63379,2026-05-05 00:00:00.000,UTC,,,,,,,POINT(nan nan),USMCOB-RC63379
USMCOB,"SOUTH MARSH ISLAND,LA  BLK 130",28.307173,-91.993,1.17,,FL,1.27,TL,1991-06-26 00:00:00.000,USM,1,USMCOB-RC6338,2026-05-05 00:00:00.000,UTC,1991,6,26,177,"00:00:00",,POINT(-91.993 28.307173),USMCOB-RC6338
USMCOB,"55MI. S. OF ST. PETERSBURG, FL",26.949,-82.762,1.21,,FL,,,1993-01-06 00:00:00.000,USM,2,USMCOB-RC6338,2026-05-05 00:00:00.000,UTC,1993,1,6,6,"00:00:00",,POINT(-82.762 26.949),USMCOB-RC6338
USMCOB,"Tampa Bay, FL - Pinellas Pt.",27.7028,-82.6686,0.84,,FL,0.91,TL,2021-10-24 00:00:00.000,USM,1,USMCOB-RC63403,2026-05-05 00:00:00.000,UTC,2021,10,24,297,"00:00:00",,POINT(-82.6686 27.7028),USMCOB-RC63403
USMCOB,"Misener Bridge, St. Petersburg, FL",27.692778,-82.679167,1.02,,TL,,,2022-04-05 00:00:00.000,USM,2,USMCOB-RC63403,2026-05-05 00:00:00.000,UTC,2022,4,5,95,"00:00:00",,POINT(-82.679167 27.692778),USMCOB-RC63403
USMCOB,"Pelican Flats, Cape Canaveral, FL",28.307867,-80.26,,,,,,2022-01-12 00:00:00.000,USM,1,USMCOB-RC63496,2026-05-05 00:00:00.000,UTC,2022,1,12,12,"00:00:00",,POINT(-80.26 28.307867),USMCOB-RC63496
USMCOB,"Marathon, FL -5 mi. off S side in 154 ft",24.6477,-81.0526,1.21,,TL,,,2024-02-08 00:00:00.000,USM,2,USMCOB-RC63496,2026-05-05 00:00:00.000,UTC,2024,2,8,39,"00:00:00",,POINT(-81.0526 24.6477),USMCOB-RC63496
USMCOB,"Pelican Flats, Cape Canaveral, FL",28.307867,-80.26,0.66,,TL,,,2022-01-19 00:00:00.000,USM,1,USMCOB-RC63499,2026-05-05 00:00:00.000,UTC,2022,1,19,19,"00:00:00",,POINT(-80.26 28.307867),USMCOB-RC63499
USMCOB,"28 29.485, -80 20.399",28.491417,-80.339983,0.74,,FL,,,2024-07-24 00:00:00.000,USM,2,USMCOB-RC63499,2026-05-05 00:00:00.000,UTC,2024,7,24,206,"00:00:00",,POINT(-80.339983 28.491417),USMCOB-RC63499
USMCOB,"Sarasota, FL",27.341,-82.563,0.81,,FL,0.94,TL,2022-05-10 00:00:00.000,USM,1,USMCOB-RC63504,2026-05-05 00:00:00.000,UTC,2022,5,10,130,"00:00:00",,POINT(-82.563 27.341),USMCOB-RC63504
USMCOB,"Alan Fisher Reef, Sarasota, FL",27.30185,-82.61875,0.89,,FL,,,2023-04-22 00:00:00.000,USM,2,USMCOB-RC63504,2026-05-05 00:00:00.000,UTC,2023,4,22,112,"00:00:00",,POINT(-82.61875 27.30185),USMCOB-RC63504
USMCOB,"Gulfport Ship Channel, MS - Farewell Buoy",30.119,-88.877,0.58,,FL,0.64,TL,2022-07-14 00:00:00.000,USM,1,USMCOB-RC63573,2026-05-05 00:00:00.000,UTC,2022,7,14,195,"00:00:00",,POINT(-88.877 30.119),USMCOB-RC63573
USMCOB,"Sand Island, MS - 1 mi. S",30.2063,-88.5133,0.71,,TL,,,2022-07-24 00:00:00.000,USM,2,USMCOB-RC63573,2026-05-05 00:00:00.000,UTC,2022,7,24,205,"00:00:00",,POINT(-88.5133 30.2063),USMCOB-RC63573
USMCOB,"Horn Island, MS - S",30.218,-88.6674,0.61,,FL,0.71,TL,2022-07-30 00:00:00.000,USM,3,USMCOB-RC63573,2026-05-05 00:00:00.000,UTC,2022,7,30,211,"00:00:00",,POINT(-88.6674 30.218),USMCOB-RC63573
USMCOB,"Chandeleur Islands, LA",29.819,-88.836,0.86,,FL,0.94,TL,2022-08-07 00:00:00.000,USM,1,USMCOB-RC63576,2026-05-05 00:00:00.000,UTC,2022,8,7,219,"00:00:00",,POINT(-88.836 29.819),USMCOB-RC63576
USMCOB,"Pascagoula Ship Channel, MS - Farewell Buoy",30.142,-88.578,0.92,,FL,,,2022-09-26 00:00:00.000,USM,2,USMCOB-RC63576,2026-05-05 00:00:00.000,UTC,2022,9,26,269,"00:00:00",,POINT(-88.578 30.142),USMCOB-RC63576
USMCOB,DOG KEYS PASS (RED CAN),30.246,-88.782,0.79,,FL,0.85,TL,1990-08-24 00:00:00.000,USM,1,USMCOB-RC6361,2026-05-05 00:00:00.000,UTC,1990,8,24,236,"00:00:00",,POINT(-88.782 30.246),USMCOB-RC6361
USMCOB,"DOG KEYS PASS, MS  (RED CAN)",30.246,-88.782,1.02,,FL,1.09,TL,1991-07-15 00:00:00.000,USM,2,USMCOB-RC6361,2026-05-05 00:00:00.000,UTC,1991,7,15,196,"00:00:00",,POINT(-88.782 30.246),USMCOB-RC6361
USMCOB,"Navarre Kayak Reef, FL",30.3567,-86.878733,0.8,,TL,,,2023-06-18 00:00:00.000,USM,2,USMCOB-RC63628,2026-05-05 00:00:00.000,UTC,2023,6,18,169,"00:00:00",,POINT(-86.878733 30.3567),USMCOB-RC63628
USMCOB,,,,,,,,,,USM,1,USMCOB-RC63628,2026-05-05 00:00:00.000,UTC,,,,,,,POINT(nan nan),USMCOB-RC63628
USMCOB,"30 08.542, - 88 34.699",30.142367,-88.578317,0.58,,FL,0.66,TL,2022-05-19 00:00:00.000,USM,1,USMCOB-RC63640,2026-05-05 00:00:00.000,UTC,2022,5,19,139,"00:00:00",,POINT(-88.578317 30.142367),USMCOB-RC63640
USMCOB,"Pascagoula Ship Channel, MS - marker 1",30.154,-88.567,,,,,,2022-06-22 00:00:00.000,USM,2,USMCOB-RC63640,2026-05-05 00:00:00.000,UTC,2022,6,22,173,"00:00:00",,POINT(-88.567 30.154),USMCOB-RC63640
USMCOB,"70 Miles W of Steinhatchee, FL",29.6553,-84.5524,,,,,,2024-11-16 00:00:00.000,USM,2,USMCOB-RC63676,2026-05-05 00:00:00.000,UTC,2024,11,16,321,"00:00:00",,POINT(-84.5524 29.6553),USMCOB-RC63676
USMCOB,,,,,,,,,,USM,1,USMCOB-RC63676,2026-05-05 00:00:00.000,UTC,,,,,,,POINT(nan nan),USMCOB-RC63676
USMCOB,Petit Bois Ships - BOEM Mobile Lease Area - Block 904,30.084,-88.497,0.41,,FL,,,2025-04-26 00:00:00.000,USM,1,USMCOB-RC63685,2026-05-05 00:00:00.000,UTC,2025,4,26,116,"00:00:00",,POINT(-88.497 30.084),USMCOB-RC63685
USMCOB,NOAA Station 121/E1104,30.020667,-88.343333,0.68,,TL,,,2025-11-21 00:00:00.000,USM,2,USMCOB-RC63685,2026-05-05 00:00:00.000,UTC,2025,11,21,325,"00:00:00",,POINT(-88.343333 30.020667),USMCOB-RC63685
USMCOB,USM Weather Buoy,30.05,-88.583333,0.7,,FL,0.79,TL,2023-09-26 00:00:00.000,USM,2,USMCOB-RC63725,2026-05-05 00:00:00.000,UTC,2023,9,26,269,"00:00:00",,POINT(-88.583333 30.05),USMCOB-RC63725
USMCOB,,,,,,,,,,USM,1,USMCOB-RC63725,2026-05-05 00:00:00.000,UTC,,,,,,,POINT(nan nan),USMCOB-RC63725
USMCOB,DOG KEYS PASS (RED CAN),30.246,-88.782,0.56,,FL,0.61,TL,1990-08-24 00:00:00.000,USM,1,USMCOB-RC6377,2026-05-05 00:00:00.000,UTC,1990,8,24,236,"00:00:00",,POINT(-88.782 30.246),USMCOB-RC6377
USMCOB,"DOG KEYS PASS, MS",30.246,-88.782,,,,,,1990-09-13 00:00:00.000,USM,2,USMCOB-RC6377,2026-05-05 00:00:00.000,UTC,1990,9,13,256,"00:00:00",,POINT(-88.782 30.246),USMCOB-RC6377
USMCOB,"29 22N / 88 15W",29.366667,-88.25,0.91,,FL,0.99,TL,1990-04-24 00:00:00.000,USM,1,USMCOB-RC6381,2026-05-05 00:00:00.000,UTC,1990,4,24,114,"00:00:00",,POINT(-88.25 29.366667),USMCOB-RC6381
USMCOB,"OFF MOBILE BAY, AL",30.428,-88.015,,,,,,1992-05-12 00:00:00.000,USM,2,USMCOB-RC6381,2026-05-05 00:00:00.000,UTC,1992,5,12,133,"00:00:00",,POINT(-88.015 30.428),USMCOB-RC6381
USMCOB,"30 03.457, - 88 32.187",30.057617,-88.53645,0.89,,TL,,,2022-06-15 00:00:00.000,USM,1,USMCOB-RC63821,2026-05-05 00:00:00.000,UTC,2022,6,15,166,"00:00:00",,POINT(-88.53645 30.057617),USMCOB-RC63821
USMCOB,"Grand Isle, LA - 6.5 mi. off",29.1508,-89.9372,0.99,,TL,,,2023-08-20 00:00:00.000,USM,2,USMCOB-RC63821,2026-05-05 00:00:00.000,UTC,2023,8,20,232,"00:00:00",,POINT(-89.9372 29.1508),USMCOB-RC63821
USMCOB,"PETROLEUM BEACON, CAT ISL., MS",30.228,-89.012,0.47,,FL,0.56,TL,1990-06-27 00:00:00.000,USM,1,USMCOB-RC6402,2026-05-05 00:00:00.000,UTC,1990,6,27,178,"00:00:00",,POINT(-89.012 30.228),USMCOB-RC6402
USMCOB,"W. END OF SHIP ISLAND, MS",30.21,-88.964,0.47,,FL,0.56,TL,1990-06-30 00:00:00.000,USM,2,USMCOB-RC6402,2026-05-05 00:00:00.000,UTC,1990,6,30,181,"00:00:00",,POINT(-88.964 30.21),USMCOB-RC6402
USMCOB,"Sarasota, FL",27.341,-82.563,0.81,,FL,0.91,TL,2022-11-03 00:00:00.000,USM,1,USMCOB-RC64053,2026-05-05 00:00:00.000,UTC,2022,11,3,307,"00:00:00",,POINT(-82.563 27.341),USMCOB-RC64053
USMCOB,"off Sarasota, FL",27.3254,-82.5948,0.9,,FL,1.02,TL,2023-08-11 00:00:00.000,USM,2,USMCOB-RC64053,2026-05-05 00:00:00.000,UTC,2023,8,11,223,"00:00:00",,POINT(-82.5948 27.3254),USMCOB-RC64053
USMCOB,"Suwannee, FL",29.277284,-83.195001,,,,,,2023-08-25 00:00:00.000,USM,2,USMCOB-RC64081,2026-05-05 00:00:00.000,UTC,2023,8,25,237,"00:00:00",,POINT(-83.195001 29.277284),USMCOB-RC64081
USMCOB,,,,,,,,,,USM,1,USMCOB-RC64081,2026-05-05 00:00:00.000,UTC,,,,,,,POINT(nan nan),USMCOB-RC64081
USMCOB,"29 07.129, - 80 24.784",29.118817,-80.413067,0.62,,FL,0.67,TL,2023-07-12 00:00:00.000,USM,1,USMCOB-RC64101,2026-05-05 00:00:00.000,UTC,2023,7,12,193,"00:00:00",,POINT(-80.413067 29.118817),USMCOB-RC64101
USMCOB,"Cape Point, NC",35.2134,-75.5129,0.84,,TL,,,2024-05-22 00:00:00.000,USM,2,USMCOB-RC64101,2026-05-05 00:00:00.000,UTC,2024,5,22,143,"00:00:00",,POINT(-75.5129 35.2134),USMCOB-RC64101
USMCOB,"CAMILLE CUT, SHIP ISLAND, MS",30.221,-88.912,0.66,,FL,,,1994-08-06 00:00:00.000,USM,2,USMCOB-RC6411,2026-05-05 00:00:00.000,UTC,1994,8,6,218,"00:00:00",,POINT(-88.912 30.221),USMCOB-RC6411
USMCOB,"WEST END OF SHIP ISLAND, MS",30.21,-88.964,0.64,,FL,0.7,TL,1994-08-06 00:00:00.000,USM,1,USMCOB-RC6411,2026-05-05 00:00:00.000,UTC,1994,8,6,218,"00:00:00",,POINT(-88.964 30.21),USMCOB-RC6411
USMCOB,"29 17 19, - 81 01 17",29.288611,-81.021389,0.64,,TL,,,2023-04-06 00:00:00.000,USM,1,USMCOB-RC64128,2026-05-05 00:00:00.000,UTC,2023,4,6,96,"00:00:00",,POINT(-81.021389 29.288611),USMCOB-RC64128
USMCOB,"Fernandina Beach, FL",30.6542,-81.42,0.74,,FL,,,2023-06-22 00:00:00.000,USM,2,USMCOB-RC64128,2026-05-05 00:00:00.000,UTC,2023,6,22,173,"00:00:00",,POINT(-81.42 30.6542),USMCOB-RC64128
USMCOB,"29 21 44, - 81 03 49",29.362222,-81.063611,0.91,,TL,,,2023-04-06 00:00:00.000,USM,1,USMCOB-RC64130,2026-05-05 00:00:00.000,UTC,2023,4,6,96,"00:00:00",,POINT(-81.063611 29.362222),USMCOB-RC64130
USMCOB,"Jacksonville Beach, FL - 13 mi. offshore",30.311966,-81.17117,0.94,,TL,,,2024-06-25 00:00:00.000,USM,2,USMCOB-RC64130,2026-05-05 00:00:00.000,UTC,2024,6,25,177,"00:00:00",,POINT(-81.17117 30.311966),USMCOB-RC64130
USMCOB,"29 07.606, - 80 24.808",29.126767,-80.413467,0.86,,FL,0.97,TL,2023-07-10 00:00:00.000,USM,1,USMCOB-RC64156,2026-05-05 00:00:00.000,UTC,2023,7,10,191,"00:00:00",,POINT(-80.413467 29.126767),USMCOB-RC64156
USMCOB,"29 20.8146, - 80 27.5926",29.34691,-80.459877,0.88,,FL,0.98,TL,2023-08-07 00:00:00.000,USM,2,USMCOB-RC64156,2026-05-05 00:00:00.000,UTC,2023,8,7,219,"00:00:00",,POINT(-80.459877 29.34691),USMCOB-RC64156
USMCOB,"Ft. Morgan, AL - 15 mi. S",30.0063,-88.0205,1.02,,TL,,,2024-09-14 00:00:00.000,USM,2,USMCOB-RC64357,2026-05-05 00:00:00.000,UTC,2024,9,14,258,"00:00:00",,POINT(-88.0205 30.0063),USMCOB-RC64357
USMCOB,,,,,,,,,,USM,1,USMCOB-RC64357,2026-05-05 00:00:00.000,UTC,,,,,,,POINT(nan nan),USMCOB-RC64357
USMCOB,"Pascagoula Ship Channel, MS",30.241,-88.506,0.88,,TL,,,2023-05-13 00:00:00.000,USM,1,USMCOB-RC64361,2026-05-05 00:00:00.000,UTC,2023,5,13,133,"00:00:00",,POINT(-88.506 30.241),USMCOB-RC64361
USMCOB,"Squash Channel, MS - N end",30.26,-88.845,,,,,,2023-05-26 00:00:00.000,USM,2,USMCOB-RC64361,2026-05-05 00:00:00.000,UTC,2023,5,26,146,"00:00:00",,POINT(-88.845 30.26),USMCOB-RC64361
USMCOB,"Mobile Bay, AL - Mouth",30.376611,-88.025076,0.97,,TL,,,2023-07-26 00:00:00.000,USM,3,USMCOB-RC64361,2026-05-05 00:00:00.000,UTC,2023,7,26,207,"00:00:00",,POINT(-88.025076 30.376611),USMCOB-RC64361
USMCOB,"MAIN PASS, BLOCK 99",29.578,-88.661,0.69,,FL,0.74,TL,1991-08-24 00:00:00.000,USM,1,USMCOB-RC6474,2026-05-05 00:00:00.000,UTC,1991,8,24,236,"00:00:00",,POINT(-88.661 29.578),USMCOB-RC6474
USMCOB,"30 MI. SOUTH OF HORN ISL., MS",29.795,-88.861,0.76,,FL,,,1991-10-19 00:00:00.000,USM,2,USMCOB-RC6474,2026-05-05 00:00:00.000,UTC,1991,10,19,292,"00:00:00",,POINT(-88.861 29.795),USMCOB-RC6474
USMCOB,"29 41.227, - 81 12.683",29.687117,-81.211383,0.97,,FL,1.09,TL,2024-05-04 00:00:00.000,USM,1,USMCOB-RC64828,2026-05-05 00:00:00.000,UTC,2024,5,4,125,"00:00:00",,POINT(-81.211383 29.687117),USMCOB-RC64828
USMCOB,"28 11.673, - 80 07.576",28.19455,-80.126267,1.14,,TL,,,2024-11-27 00:00:00.000,USM,2,USMCOB-RC64828,2026-05-05 00:00:00.000,UTC,2024,11,27,332,"00:00:00",,POINT(-80.126267 28.19455),USMCOB-RC64828
USMCOB,"47019.0 / 12278.0",29.98,-88.82667,0.76,,FL,0.84,TL,1991-08-30 00:00:00.000,USM,1,USMCOB-RC6487,2026-05-05 00:00:00.000,UTC,1991,8,30,242,"00:00:00",,POINT(-88.82667 29.98),USMCOB-RC6487
USMCOB,RUBBLE SITE S. OF HORN ISLAND,30.165,-88.75,0.85,,FL,,,1991-10-20 00:00:00.000,USM,2,USMCOB-RC6487,2026-05-05 00:00:00.000,UTC,1991,10,20,293,"00:00:00",,POINT(-88.75 30.165),USMCOB-RC6487
USMCOB,"3 MI. S. OF DOG KEYS PASS",30.246,-88.782,0.64,,FL,0.71,TL,1990-08-17 00:00:00.000,USM,1,USMCOB-RC6501,2026-05-05 00:00:00.000,UTC,1990,8,17,229,"00:00:00",,POINT(-88.782 30.246),USMCOB-RC6501
USMCOB,"VERMILION BLOCK 121, OFF LA",29.108,-92.595,1.27,,FL,,,1994-07-16 00:00:00.000,USM,2,USMCOB-RC6501,2026-05-05 00:00:00.000,UTC,1994,7,16,197,"00:00:00",,POINT(-92.595 29.108),USMCOB-RC6501
USMCOB,"29.808981, -84.047338",29.808981,-84.047338,0.64,,FL,0.7,TL,2024-11-16 00:00:00.000,USM,1,USMCOB-RC65111,2026-05-05 00:00:00.000,UTC,2024,11,16,321,"00:00:00",,POINT(-84.047338 29.808981),USMCOB-RC65111
USMCOB,"29.808981, -84.047338",29.808981,-84.047338,0.7,,FL,0.76,TL,2025-04-26 00:00:00.000,USM,2,USMCOB-RC65111,2026-05-05 00:00:00.000,UTC,2025,4,26,116,"00:00:00",,POINT(-84.047338 29.808981),USMCOB-RC65111
USMCOB,USM Buoy 42067,30.05,-88.583,0.79,,FL,,,2025-09-22 00:00:00.000,USM,2,USMCOB-RC65272,2026-05-05 00:00:00.000,UTC,2025,9,22,265,"00:00:00",,POINT(-88.583 30.05),USMCOB-RC65272
USMCOB,,,,,,,,,,USM,1,USMCOB-RC65272,2026-05-05 00:00:00.000,UTC,,,,,,,POINT(nan nan),USMCOB-RC65272
USMCOB,"29 57.124, - 84 05.385",29.952067,-84.08975,0.81,,FL,0.91,TL,2025-05-04 00:00:00.000,USM,1,USMCOB-RC65581,2026-05-05 00:00:00.000,UTC,2025,5,4,124,"00:00:00",,POINT(-84.08975 29.952067),USMCOB-RC65581
USMCOB,"29 57.286, - 84 05.317",29.954767,-84.088617,0.83,,FL,0.91,TL,2025-05-18 00:00:00.000,USM,2,USMCOB-RC65581,2026-05-05 00:00:00.000,UTC,2025,5,18,138,"00:00:00",,POINT(-84.088617 29.954767),USMCOB-RC65581
USMCOB,"FF SHIP ISLAND, MS",30.119,-88.877,,,,,,1991-07-01 00:00:00.000,USM,1,USMCOB-RC6590,2026-05-05 00:00:00.000,UTC,1991,7,1,182,"00:00:00",,POINT(-88.877 30.119),USMCOB-RC6590
USMCOB,BUOY IN CHAN. NEAR PB & SAND I,,,0.84,,FL,,,1991-08-31 00:00:00.000,USM,2,USMCOB-RC6590,2026-05-05 00:00:00.000,UTC,1991,8,31,243,"00:00:00",,POINT(nan nan),USMCOB-RC6590
USMCOB,"OFF DAUPHIN ISLAND, AL",30.235,-88.18,,,,,,1991-04-30 00:00:00.000,USM,1,USMCOB-RC6624,2026-05-05 00:00:00.000,UTC,1991,4,30,120,"00:00:00",,POINT(-88.18 30.235),USMCOB-RC6624
USMCOB,"OFF GULF SHORES, AL",30.245,-87.701,0.94,,FL,1.02,TL,1992-04-16 00:00:00.000,USM,2,USMCOB-RC6624,2026-05-05 00:00:00.000,UTC,1992,4,16,107,"00:00:00",,POINT(-87.701 30.245),USMCOB-RC6624
USMCOB,"10 MI. S. OF DAUPHIN ISL., AL",30.095574,-88.104951,0.71,,FL,0.79,TL,1991-04-20 00:00:00.000,USM,1,USMCOB-RC6627,2026-05-05 00:00:00.000,UTC,1991,4,20,110,"00:00:00",,POINT(-88.104951 30.095574),USMCOB-RC6627
USMCOB,"1 MI.E.MOBILE BAY FAREWEL BUOY",30.125,-88.052,1.04,,FL,1.09,TL,1993-10-02 00:00:00.000,USM,2,USMCOB-RC6627,2026-05-05 00:00:00.000,UTC,1993,10,2,275,"00:00:00",,POINT(-88.052 30.125),USMCOB-RC6627
USMCOB,"SHIP ISLAND CHANNEL C-5, MS",30.266,-88.962,0.71,,FL,0.76,TL,1994-07-01 00:00:00.000,USM,1,USMCOB-RC6675,2026-05-05 00:00:00.000,UTC,1994,7,1,182,"00:00:00",,POINT(-88.962 30.266),USMCOB-RC6675
USMCOB,"W. OF SHIP ISLAND, MS",30.211,-88.991,0.71,,FL,0.76,TL,1994-07-03 00:00:00.000,USM,2,USMCOB-RC6675,2026-05-05 00:00:00.000,UTC,1994,7,3,184,"00:00:00",,POINT(-88.991 30.211),USMCOB-RC6675
USMCOB,"BUOY #9 SHIP ISL. CHAN., MS",30.131,-88.942,0.27,,FL,0.3,TL,1993-08-27 00:00:00.000,USM,1,USMCOB-RC6682,2026-05-05 00:00:00.000,UTC,1993,8,27,239,"00:00:00",,POINT(-88.942 30.131),USMCOB-RC6682
USMCOB,"SHIP ISLAND CHANNEL C-5, MS",30.266,-88.962,0.89,,FL,0.91,TL,1994-07-01 00:00:00.000,USM,2,USMCOB-RC6682,2026-05-05 00:00:00.000,UTC,1994,7,1,182,"00:00:00",,POINT(-88.962 30.266),USMCOB-RC6682
USMCOB,"47030.0 / 12280.0",30.02667,-88.82167,0.71,,FL,0.79,TL,1990-08-17 00:00:00.000,USM,1,USMCOB-RC6697,2026-05-05 00:00:00.000,UTC,1990,8,17,229,"00:00:00",,POINT(-88.82167 30.02667),USMCOB-RC6697
USMCOB,"30 MI. S. MARCO ISL., FL",25.495,-81.74,1.4,,FL,1.52,TL,1994-11-11 00:00:00.000,USM,2,USMCOB-RC6697,2026-05-05 00:00:00.000,UTC,1994,11,11,315,"00:00:00",,POINT(-81.74 25.495),USMCOB-RC6697
USMCOB,"47080.0 / 12270.0",30.245,-88.83,0.71,,FL,0.79,TL,1990-09-01 00:00:00.000,USM,1,USMCOB-RC6698,2026-05-05 00:00:00.000,UTC,1990,9,1,244,"00:00:00",,POINT(-88.83 30.245),USMCOB-RC6698
USMCOB,"27 12/83 14 OFF TAMPA BAY, FL",27.2,-83.233,,,,,,1992-07-08 00:00:00.000,USM,2,USMCOB-RC6698,2026-05-05 00:00:00.000,UTC,1992,7,8,190,"00:00:00",,POINT(-83.233 27.2),USMCOB-RC6698
USMCOB,RIG IN MAIN PASS AREA,,,0.64,,FL,0.69,TL,1991-08-04 00:00:00.000,USM,1,USMCOB-RC6703,2026-05-05 00:00:00.000,UTC,1991,8,4,216,"00:00:00",,POINT(nan nan),USMCOB-RC6703
USMCOB,"CHANDELEUR SOUND, BLOCK 111",29.466,-88.71,1.12,,TL,,,1993-09-11 00:00:00.000,USM,2,USMCOB-RC6703,2026-05-05 00:00:00.000,UTC,1993,9,11,254,"00:00:00",,POINT(-88.71 29.466),USMCOB-RC6703
USMCOB,RIG IN MAIN PASS AREA,,,0.76,,FL,0.81,TL,1991-08-11 00:00:00.000,USM,1,USMCOB-RC6707,2026-05-05 00:00:00.000,UTC,1991,8,11,223,"00:00:00",,POINT(nan nan),USMCOB-RC6707
USMCOB,"5 MI. SW. OF DAUPHIN ISL., AL",30.158,-88.365,0.76,,FL,0.81,TL,1991-08-21 00:00:00.000,USM,2,USMCOB-RC6707,2026-05-05 00:00:00.000,UTC,1991,8,21,233,"00:00:00",,POINT(-88.365 30.158),USMCOB-RC6707
USMCOB,"MONKEY BAYOU RIGS, S. OF CHAND",29.718,-88.797,0.74,,FL,0.81,TL,1990-04-22 00:00:00.000,USM,1,USMCOB-RC6723,2026-05-05 00:00:00.000,UTC,1990,4,22,112,"00:00:00",,POINT(-88.797 29.718),USMCOB-RC6723
USMCOB,"30 MI. S. OF HORN ISL., MS",29.91,-89.02,0.81,,TL,,,1990-05-02 00:00:00.000,USM,2,USMCOB-RC6723,2026-05-05 00:00:00.000,UTC,1990,5,2,122,"00:00:00",,POINT(-89.02 29.91),USMCOB-RC6723
USMCOB,"MONKEY BAYOU, LA",29.718,-88.797,0.6,,FL,0.66,TL,1993-07-03 00:00:00.000,USM,1,USMCOB-RC6753,2026-05-05 00:00:00.000,UTC,1993,7,3,184,"00:00:00",,POINT(-88.797 29.718),USMCOB-RC6753
USMCOB,"SOUTH WEST PASS, LA",28.92,-89.42,,,,,,1995-03-18 00:00:00.000,USM,2,USMCOB-RC6753,2026-05-05 00:00:00.000,UTC,1995,3,18,77,"00:00:00",,POINT(-89.42 28.92),USMCOB-RC6753
USMCOB,"S. OF DAUPHIN ISLAND, AL",30.235,-88.18,0.71,,FL,0.79,TL,1991-04-07 00:00:00.000,USM,1,USMCOB-RC6765,2026-05-05 00:00:00.000,UTC,1991,4,7,97,"00:00:00",,POINT(-88.18 30.235),USMCOB-RC6765
USMCOB,"30 MI. NW OF KEY WEST,FL(GULF)",24.842,-82.165,,,,,,1992-01-30 00:00:00.000,USM,2,USMCOB-RC6765,2026-05-05 00:00:00.000,UTC,1992,1,30,30,"00:00:00",,POINT(-82.165 24.842),USMCOB-RC6765
USMCOB,"15 MI. SW. OF ORANGE BEACH, AL",30.048762,-87.749,0.71,,FL,0.76,TL,1991-05-02 00:00:00.000,USM,1,USMCOB-RC6783,2026-05-05 00:00:00.000,UTC,1991,5,2,122,"00:00:00",,POINT(-87.749 30.048762),USMCOB-RC6783
USMCOB,"17.5 MI. S.OF PAN. CTY BEA.,FL",29.917,-85.803,1.03,,FL,,,1991-12-07 00:00:00.000,USM,2,USMCOB-RC6783,2026-05-05 00:00:00.000,UTC,1991,12,7,341,"00:00:00",,POINT(-85.803 29.917),USMCOB-RC6783
USMCOB,"65 MI. SW. OF ORANGE BEACH, AL",29.614224,-88.370764,1.09,,TL,,,1991-05-03 00:00:00.000,USM,1,USMCOB-RC6790,2026-05-05 00:00:00.000,UTC,1991,5,3,123,"00:00:00",,POINT(-88.370764 29.614224),USMCOB-RC6790
USMCOB,"OFF NAVARRE BEACH, FL",30.378,-86.862,,,,,,1993-04-16 00:00:00.000,USM,2,USMCOB-RC6790,2026-05-05 00:00:00.000,UTC,1993,4,16,106,"00:00:00",,POINT(-86.862 30.378),USMCOB-RC6790
USMCOB,"15 MI. SW. OF ORANGE BEACH, AL",30.048762,-87.749,0.71,,TL,,,1991-05-04 00:00:00.000,USM,1,USMCOB-RC6791,2026-05-05 00:00:00.000,UTC,1991,5,4,124,"00:00:00",,POINT(-87.749 30.048762),USMCOB-RC6791
USMCOB,"55 MI. S. BILOXI, MS",29.592,-88.88,,,,,,1994-04-11 00:00:00.000,USM,2,USMCOB-RC6791,2026-05-05 00:00:00.000,UTC,1994,4,11,101,"00:00:00",,POINT(-88.88 29.592),USMCOB-RC6791
USMCOB,"15 MI. SW. OF ORANGE BEACH, AL",30.048762,-87.749,0.61,,TL,,,1991-05-05 00:00:00.000,USM,1,USMCOB-RC6797,2026-05-05 00:00:00.000,UTC,1991,5,5,125,"00:00:00",,POINT(-87.749 30.048762),USMCOB-RC6797
USMCOB,"S. OF GULF SHORES, AL",30.245,-87.701,0.58,,FL,0.62,TL,1991-07-04 00:00:00.000,USM,2,USMCOB-RC6797,2026-05-05 00:00:00.000,UTC,1991,7,4,185,"00:00:00",,POINT(-87.701 30.245),USMCOB-RC6797
USMCOB,"5 MI. S. OF HORN ISLAND, MS",30.157552,-88.670527,0.61,,FL,0.65,TL,1991-08-02 00:00:00.000,USM,1,USMCOB-RC6859,2026-05-05 00:00:00.000,UTC,1991,8,2,214,"00:00:00",,POINT(-88.670527 30.157552),USMCOB-RC6859
USMCOB,"30 MI. S. OF HORN ISLAND, MS",29.91,-89.02,0.66,,TL,,,1991-09-07 00:00:00.000,USM,2,USMCOB-RC6859,2026-05-05 00:00:00.000,UTC,1991,9,7,250,"00:00:00",,POINT(-89.02 29.91),USMCOB-RC6859
USMCOB,"12441.3 / 47044.1",30.08167,-88.555,0.61,,FL,0.67,TL,1991-07-12 00:00:00.000,USM,1,USMCOB-RC6885,2026-05-05 00:00:00.000,UTC,1991,7,12,193,"00:00:00",,POINT(-88.555 30.08167),USMCOB-RC6885
USMCOB,"GETTY RIGS OFF CHAND. ISL., MS",29.544,-88.677,0.76,,FL,0.81,TL,1992-05-03 00:00:00.000,USM,2,USMCOB-RC6885,2026-05-05 00:00:00.000,UTC,1992,5,3,124,"00:00:00",,POINT(-88.677 29.544),USMCOB-RC6885
USMCOB,"15MI. S OF HORN ISL. PASS, MS",29.97,-88.6,0.75,,FL,,,1992-04-30 00:00:00.000,USM,1,USMCOB-RC7114,2026-05-05 00:00:00.000,UTC,1992,4,30,121,"00:00:00",,POINT(-88.6 29.97),USMCOB-RC7114
USMCOB,"13979.0/47001.0  W OF P.C., FL",30.09333,-85.94333,0.89,,TL,,,1992-08-15 00:00:00.000,USM,2,USMCOB-RC7114,2026-05-05 00:00:00.000,UTC,1992,8,15,228,"00:00:00",,POINT(-85.94333 30.09333),USMCOB-RC7114
USMCOB,"12 MI. SE. OF DAUPHIN ISL., AL",30.123,-88.039,0.6,,FL,0.66,TL,1991-05-02 00:00:00.000,USM,1,USMCOB-RC7182,2026-05-05 00:00:00.000,UTC,1991,5,2,122,"00:00:00",,POINT(-88.039 30.123),USMCOB-RC7182
USMCOB,"Main Pass 15 Mi E of Vince, LA",29.346,-89.109,0.97,,TL,,,1997-01-30 00:00:00.000,USM,2,USMCOB-RC7182,2026-05-05 00:00:00.000,UTC,1997,1,30,30,"00:00:00",,POINT(-89.109 29.346),USMCOB-RC7182
USMCOB,"12 MI. SE. OF DAUPHIN ISL., AL",30.123,-88.039,0.75,,FL,0.84,TL,1991-05-02 00:00:00.000,USM,1,USMCOB-RC7185,2026-05-05 00:00:00.000,UTC,1991,5,2,122,"00:00:00",,POINT(-88.039 30.123),USMCOB-RC7185
USMCOB,"OFF FT. MORGAN, AL",30.218,-88.018,0.84,,TL,,,1991-05-03 00:00:00.000,USM,2,USMCOB-RC7185,2026-05-05 00:00:00.000,UTC,1991,5,3,123,"00:00:00",,POINT(-88.018 30.218),USMCOB-RC7185
USMCOB,"GULFPORT SHIP CHANNEL,BUOY #42",30.276,-89.018,0.51,,FL,0.56,TL,1991-07-05 00:00:00.000,USM,1,USMCOB-RC7191,2026-05-05 00:00:00.000,UTC,1991,7,5,186,"00:00:00",,POINT(-89.018 30.276),USMCOB-RC7191
USMCOB,"SE. OF DOG KEYS PASS, MS",30.165,-88.75,0.51,,FL,0.56,TL,1991-07-28 00:00:00.000,USM,2,USMCOB-RC7191,2026-05-05 00:00:00.000,UTC,1991,7,28,209,"00:00:00",,POINT(-88.75 30.165),USMCOB-RC7191
USMCOB,"30 MI. S. OF HORN ISLAND, MS",29.76,-88.6,0.74,,FL,,,1991-09-11 00:00:00.000,USM,1,USMCOB-RC7218,2026-05-05 00:00:00.000,UTC,1991,9,11,254,"00:00:00",,POINT(-88.6 29.76),USMCOB-RC7218
USMCOB,HORSESHOE RIGS,29.425,-88.615,1.1,,FL,1.18,TL,1992-11-30 00:00:00.000,USM,2,USMCOB-RC7218,2026-05-05 00:00:00.000,UTC,1992,11,30,335,"00:00:00",,POINT(-88.615 29.425),USMCOB-RC7218
USMCOB,"DESTIN, FL",30.38,-86.5,0.64,,FL,0.71,TL,1991-04-07 00:00:00.000,USM,1,USMCOB-RC7222,2026-05-05 00:00:00.000,UTC,1991,4,7,97,"00:00:00",,POINT(-86.5 30.38),USMCOB-RC7222
USMCOB,E OF CURLEW I. (S OF CHAN. I.),29.543,-88.668,1.07,,TL,,,1992-08-01 00:00:00.000,USM,2,USMCOB-RC7222,2026-05-05 00:00:00.000,UTC,1992,8,1,214,"00:00:00",,POINT(-88.668 29.543),USMCOB-RC7222
USMCOB,"B. WALKER SITE, S. OF HORN ISL",30.088,-88.553,0.53,,FL,0.57,TL,1991-06-29 00:00:00.000,USM,1,USMCOB-RC7275,2026-05-05 00:00:00.000,UTC,1991,6,29,180,"00:00:00",,POINT(-88.553 30.088),USMCOB-RC7275
USMCOB,"SEAWAY AT MOBILE, AL SHIP CHAN",30.125,-88.07,,,,,,1992-06-12 00:00:00.000,USM,2,USMCOB-RC7275,2026-05-05 00:00:00.000,UTC,1992,6,12,164,"00:00:00",,POINT(-88.07 30.125),USMCOB-RC7275
USMCOB,"47051.5 / 12380.0",30.115,-88.65333,0.84,,FL,0.94,TL,1992-04-30 00:00:00.000,USM,1,USMCOB-RC7280,2026-05-05 00:00:00.000,UTC,1992,4,30,121,"00:00:00",,POINT(-88.65333 30.115),USMCOB-RC7280
USMCOB,"SE OF CHANDELEUR ISLANDS, LA",29.718,-88.797,0.99,,TL,,,1992-07-25 00:00:00.000,USM,2,USMCOB-RC7280,2026-05-05 00:00:00.000,UTC,1992,7,25,207,"00:00:00",,POINT(-88.797 29.718),USMCOB-RC7280
USMCOB,"47035.6 / 12384.4",30.04833,-88.64833,0.53,,FL,0.58,TL,1992-04-30 00:00:00.000,USM,1,USMCOB-RC7288,2026-05-05 00:00:00.000,UTC,1992,4,30,121,"00:00:00",,POINT(-88.64833 30.04833),USMCOB-RC7288
USMCOB,"MAIN PASS, BLOCK 41, LA",29.389,-88.991,1.22,,FL,,,1994-08-30 00:00:00.000,USM,2,USMCOB-RC7288,2026-05-05 00:00:00.000,UTC,1994,8,30,242,"00:00:00",,POINT(-88.991 29.389),USMCOB-RC7288
USMCOB,"47035.6 / 12384.4",30.04833,-88.64833,0.69,,FL,0.77,TL,1992-04-30 00:00:00.000,USM,1,USMCOB-RC7289,2026-05-05 00:00:00.000,UTC,1992,4,30,121,"00:00:00",,POINT(-88.64833 30.04833),USMCOB-RC7289
USMCOB,FH-1 (12404.5/47038.8) MS,30.08,-88.56,0.79,,FL,0.89,TL,1992-11-01 00:00:00.000,USM,2,USMCOB-RC7289,2026-05-05 00:00:00.000,UTC,1992,11,1,306,"00:00:00",,POINT(-88.56 30.08),USMCOB-RC7289
USMCOB,SOUTH SIDE OF EAST SHIP ISLAND,30.229,-88.886,0.51,,FL,0.56,TL,1991-08-20 00:00:00.000,USM,1,USMCOB-RC7294,2026-05-05 00:00:00.000,UTC,1991,8,20,232,"00:00:00",,POINT(-88.886 30.229),USMCOB-RC7294
USMCOB,"7MI N OF BIMINI ISL.--ATLANTIC",24.741,-79.871,,,,,,1993-01-23 00:00:00.000,USM,2,USMCOB-RC7294,2026-05-05 00:00:00.000,UTC,1993,1,23,23,"00:00:00",,POINT(-79.871 24.741),USMCOB-RC7294
USMCOB,"N. SIDE OF W. SHIP ISLAND, MS",30.22,-88.987,0.77,,FL,0.84,TL,1991-08-25 00:00:00.000,USM,1,USMCOB-RC7312,2026-05-05 00:00:00.000,UTC,1991,8,25,237,"00:00:00",,POINT(-88.987 30.22),USMCOB-RC7312
USMCOB,"3 MI.W. DEEP BARGE,S.OF HORN I",30.365,-88.8,0.84,,FL,,,1991-10-20 00:00:00.000,USM,2,USMCOB-RC7312,2026-05-05 00:00:00.000,UTC,1991,10,20,293,"00:00:00",,POINT(-88.8 30.365),USMCOB-RC7312
USMCOB,"NORTH SIDE OF SHIP ISLAND, MS",30.219,-88.943,0.69,,FL,0.76,TL,1991-08-16 00:00:00.000,USM,1,USMCOB-RC7315,2026-05-05 00:00:00.000,UTC,1991,8,16,228,"00:00:00",,POINT(-88.943 30.219),USMCOB-RC7315
USMCOB,"GULFPORT SHIP CHANNEL, BUOY 34",30.248,-89.002,0.69,,FL,0.76,TL,1991-08-16 00:00:00.000,USM,2,USMCOB-RC7315,2026-05-05 00:00:00.000,UTC,1991,8,16,228,"00:00:00",,POINT(-89.002 30.248),USMCOB-RC7315
USMCOB,"KEY WEST, FLA.  GULF SIDE",24.57,-81.79,0.81,,FL,0.91,TL,1991-03-18 00:00:00.000,USM,1,USMCOB-RC7326,2026-05-05 00:00:00.000,UTC,1991,3,18,77,"00:00:00",,POINT(-81.79 24.57),USMCOB-RC7326
USMCOB,"KEY WEST, FL",24.563,-81.726,1.02,,FL,,,1991-11-22 00:00:00.000,USM,2,USMCOB-RC7326,2026-05-05 00:00:00.000,UTC,1991,11,22,326,"00:00:00",,POINT(-81.726 24.563),USMCOB-RC7326
USMCOB,"KEY WEST, FLA.  GULF SIDE",24.57,-81.79,0.81,,FL,0.91,TL,1991-03-18 00:00:00.000,USM,1,USMCOB-RC7327,2026-05-05 00:00:00.000,UTC,1991,3,18,77,"00:00:00",,POINT(-81.79 24.57),USMCOB-RC7327
USMCOB,"10 MI. OFF KEY WEST, FL (GULF)",24.646,-81.929,0.86,,FL,,,1991-11-20 00:00:00.000,USM,2,USMCOB-RC7327,2026-05-05 00:00:00.000,UTC,1991,11,20,324,"00:00:00",,POINT(-81.929 24.646),USMCOB-RC7327
USMCOB,"KEY WEST, FL (KEY WEST HARBOR)",24.563,-81.726,0.83,,FL,0.86,TL,1991-04-12 00:00:00.000,USM,1,USMCOB-RC7340,2026-05-05 00:00:00.000,UTC,1991,4,12,102,"00:00:00",,POINT(-81.726 24.563),USMCOB-RC7340
USMCOB,"KEY WEST, FL (KEY WEST HARBOR)",24.563,-81.726,0.83,,FL,0.86,TL,1991-04-18 00:00:00.000,USM,2,USMCOB-RC7340,2026-05-05 00:00:00.000,UTC,1991,4,18,108,"00:00:00",,POINT(-81.726 24.563),USMCOB-RC7340
USMCOB,"90 Mi South of Biloxi, MS",29.082361,-88.879253,0.9,,TL,,,1994-07-30 00:00:00.000,USM,1,USMCOB-RC7356,2026-05-05 00:00:00.000,UTC,1994,7,30,211,"00:00:00",,POINT(-88.879253 29.082361),USMCOB-RC7356
USMCOB,"Panama City Beach, FL",30.212,-85.88,1.32,,TL,,,1996-04-12 00:00:00.000,USM,2,USMCOB-RC7356,2026-05-05 00:00:00.000,UTC,1996,4,12,103,"00:00:00",,POINT(-85.88 30.212),USMCOB-RC7356
USMCOB,GULFPORT SHIP CHANNEL,30.349,-89.083,0.58,,FL,0.64,TL,1991-07-21 00:00:00.000,USM,1,USMCOB-RC7379,2026-05-05 00:00:00.000,UTC,1991,7,21,202,"00:00:00",,POINT(-89.083 30.349),USMCOB-RC7379
USMCOB,"NAVARRE BEACH FISHING PIER, FL",30.378,-86.862,0.94,,FL,1.02,TL,1993-05-11 00:00:00.000,USM,2,USMCOB-RC7379,2026-05-05 00:00:00.000,UTC,1993,5,11,131,"00:00:00",,POINT(-86.862 30.378),USMCOB-RC7379
USMCOB,"PETIT BOIS RIGS, MS",30.115,-88.45,0.62,,FL,,,1993-07-08 00:00:00.000,USM,1,USMCOB-RC7392,2026-05-05 00:00:00.000,UTC,1993,7,8,189,"00:00:00",,POINT(-88.45 30.115),USMCOB-RC7392
USMCOB,"FAREWELL BUOY, HORN IS.PASS,MS",30.215,-88.791,0.97,,FL,1.07,TL,1994-08-10 00:00:00.000,USM,2,USMCOB-RC7392,2026-05-05 00:00:00.000,UTC,1994,8,10,222,"00:00:00",,POINT(-88.791 30.215),USMCOB-RC7392
USMCOB,"E CHANDELEUR ISL., LA",29.9,-88.81,0.38,,FL,0.46,TL,1992-07-10 00:00:00.000,USM,1,USMCOB-RC7428,2026-05-05 00:00:00.000,UTC,1992,7,10,192,"00:00:00",,POINT(-88.81 29.9),USMCOB-RC7428
USMCOB,"RIGS S. OF HORN ISL., MS",30.115,-88.45,1.05,,FL,,,1993-07-17 00:00:00.000,USM,2,USMCOB-RC7428,2026-05-05 00:00:00.000,UTC,1993,7,17,198,"00:00:00",,POINT(-88.45 30.115),USMCOB-RC7428
USMCOB,"5 MI. N. OF KEY WEST, FL (GULF",24.638233,-81.788261,0.83,,FL,0.91,TL,1991-03-29 00:00:00.000,USM,1,USMCOB-RC7434,2026-05-05 00:00:00.000,UTC,1991,3,29,88,"00:00:00",,POINT(-81.788261 24.638233),USMCOB-RC7434
USMCOB,"SNIPE KEY(LOWER FL KEYS), GULF",24.674,-81.652,0.95,,FL,1.03,TL,1992-12-10 00:00:00.000,USM,2,USMCOB-RC7434,2026-05-05 00:00:00.000,UTC,1992,12,10,345,"00:00:00",,POINT(-81.652 24.674),USMCOB-RC7434
USMCOB,"5 MI. N. OF KEY WEST, FL (GULF",24.638233,-81.788261,0.79,,FL,0.86,TL,1991-03-30 00:00:00.000,USM,1,USMCOB-RC7436,2026-05-05 00:00:00.000,UTC,1991,3,30,89,"00:00:00",,POINT(-81.788261 24.638233),USMCOB-RC7436
USMCOB,"5MI N OF KEY WEST, FL (GULF)",24.658,-81.75,,,,,,1992-02-14 00:00:00.000,USM,2,USMCOB-RC7436,2026-05-05 00:00:00.000,UTC,1992,2,14,45,"00:00:00",,POINT(-81.75 24.658),USMCOB-RC7436
USMCOB,"5 MI. N. OF KEY WEST, FL (GULF",24.638233,-81.788261,0.71,,FL,0.79,TL,1991-03-29 00:00:00.000,USM,1,USMCOB-RC7443,2026-05-05 00:00:00.000,UTC,1991,3,29,88,"00:00:00",,POINT(-81.788261 24.638233),USMCOB-RC7443
USMCOB,"OFF KEY WEST, FL (GULF SIDE)",24.57,-81.79,0.81,,FL,0.89,TL,1991-12-27 00:00:00.000,USM,2,USMCOB-RC7443,2026-05-05 00:00:00.000,UTC,1991,12,27,361,"00:00:00",,POINT(-81.79 24.57),USMCOB-RC7443
USMCOB,"RED CAN AT DOG KEYS PASS,MS",30.246,-88.782,0.64,,FL,0.69,TL,1991-07-17 00:00:00.000,USM,1,USMCOB-RC7465,2026-05-05 00:00:00.000,UTC,1991,7,17,198,"00:00:00",,POINT(-88.782 30.246),USMCOB-RC7465
USMCOB,"BETWN. HORN & SHIP I.,MS(GULF)",30.245,-88.829,1.24,,TL,,,1993-09-15 00:00:00.000,USM,2,USMCOB-RC7465,2026-05-05 00:00:00.000,UTC,1993,9,15,258,"00:00:00",,POINT(-88.829 30.245),USMCOB-RC7465
USMCOB,"30MI NE OF KEY WEST, FL",24.91,-81.48,0.58,,FL,0.61,TL,1992-08-09 00:00:00.000,USM,1,USMCOB-RC7488,2026-05-05 00:00:00.000,UTC,1992,8,9,222,"00:00:00",,POINT(-81.48 24.91),USMCOB-RC7488
USMCOB,"20 MI. NW SUGARLOAF KEY (GULF)",24.963,-81.645,0.89,,FL,,,1994-07-19 00:00:00.000,USM,2,USMCOB-RC7488,2026-05-05 00:00:00.000,UTC,1994,7,19,200,"00:00:00",,POINT(-81.645 24.963),USMCOB-RC7488
USMCOB,"OFF KEY WEST, FL (GULF SIDE)",24.57,-81.79,0.74,,FL,0.81,TL,1991-12-07 00:00:00.000,USM,1,USMCOB-RC7491,2026-05-05 00:00:00.000,UTC,1991,12,7,341,"00:00:00",,POINT(-81.79 24.57),USMCOB-RC7491
USMCOB,"OFF SARASOTA, FL",27.302,-82.608,0.76,,FL,,,1992-04-12 00:00:00.000,USM,2,USMCOB-RC7491,2026-05-05 00:00:00.000,UTC,1992,4,12,103,"00:00:00",,POINT(-82.608 27.302),USMCOB-RC7491
USMCOB,"OFF KEY WEST, FL (GULF SIDE)",24.57,-81.79,0.79,,FL,0.84,TL,1991-11-19 00:00:00.000,USM,1,USMCOB-RC7496,2026-05-05 00:00:00.000,UTC,1991,11,19,323,"00:00:00",,POINT(-81.79 24.57),USMCOB-RC7496
USMCOB,"10MI S OF KEY WEST, FL (GULF)",24.407,-81.758,0.86,,FL,0.97,TL,1992-04-13 00:00:00.000,USM,2,USMCOB-RC7496,2026-05-05 00:00:00.000,UTC,1992,4,13,104,"00:00:00",,POINT(-81.758 24.407),USMCOB-RC7496
USMCOB,MAIN PASS 7 (N2938/W8853) LA,29.639,-88.881,0.48,,FL,0.53,TL,1992-05-23 00:00:00.000,USM,1,USMCOB-RC7541,2026-05-05 00:00:00.000,UTC,1992,5,23,144,"00:00:00",,POINT(-88.881 29.639),USMCOB-RC7541
USMCOB,"SE OF CHANDELEUR IS., LA",29.718,-88.797,1.12,,FL,,,1994-07-17 00:00:00.000,USM,2,USMCOB-RC7541,2026-05-05 00:00:00.000,UTC,1994,7,17,198,"00:00:00",,POINT(-88.797 29.718),USMCOB-RC7541
USMCOB,"West Cameron, Rig 225",29.188,-93.309,1.07,,FL,,,2005-05-07 00:00:00.000,USM,2,USMCOB-T998,2026-05-05 00:00:00.000,UTC,2005,5,7,127,"00:00:00",,POINT(-93.309 29.188),USMCOB-T998
USMCOB,"SOUTH OF PETIT BOIS IS., MS",30.202,-88.486,0.61,,FL,0.69,TL,1994-10-23 00:00:00.000,USM,1,USMCOB-RC7589,2026-05-05 00:00:00.000,UTC,1994,10,23,296,"00:00:00",,POINT(-88.486 30.202),USMCOB-RC7589
USMCOB,"Petit Bois Rigs, MS",30.115,-88.45,0.66,,FL,,,1995-05-15 00:00:00.000,USM,2,USMCOB-RC7589,2026-05-05 00:00:00.000,UTC,1995,5,15,135,"00:00:00",,POINT(-88.45 30.115),USMCOB-RC7589
USMCOB,"OFF ORANGE BEACH, ALABAMA",30.267,-87.585,0.51,,FL,0.55,TL,1991-04-02 00:00:00.000,USM,1,USMCOB-RC7705,2026-05-05 00:00:00.000,UTC,1991,4,2,92,"00:00:00",,POINT(-87.585 30.267),USMCOB-RC7705
USMCOB,"SHOALS AT SHIP ISLAND, MS",30.221,-88.912,0.97,,TL,,,1992-07-05 00:00:00.000,USM,2,USMCOB-RC7705,2026-05-05 00:00:00.000,UTC,1992,7,5,187,"00:00:00",,POINT(-88.912 30.221),USMCOB-RC7705
USMCOB,"15 MI. SW. OF ORANGE BEACH, AL",30.048762,-87.749,0.83,,FL,0.89,TL,1991-04-18 00:00:00.000,USM,1,USMCOB-RC7721,2026-05-05 00:00:00.000,UTC,1991,4,18,108,"00:00:00",,POINT(-87.749 30.048762),USMCOB-RC7721
USMCOB,"OFF PANAMA CITY BEACH, FL",30.212,-85.88,1.0,,FL,1.09,TL,1991-11-15 00:00:00.000,USM,2,USMCOB-RC7721,2026-05-05 00:00:00.000,UTC,1991,11,15,319,"00:00:00",,POINT(-85.88 30.212),USMCOB-RC7721
USMCOB,"15 MI. SW. OF ORANGE BEACH, AL",30.048762,-87.749,0.89,,FL,,,1991-04-17 00:00:00.000,USM,1,USMCOB-RC7726,2026-05-05 00:00:00.000,UTC,1991,4,17,107,"00:00:00",,POINT(-87.749 30.048762),USMCOB-RC7726
USMCOB,"10 MI. OFF FORT MORGAN, AL",30.078351,-88.017,0.99,,FL,1.04,TL,1991-06-01 00:00:00.000,USM,2,USMCOB-RC7726,2026-05-05 00:00:00.000,UTC,1991,6,1,152,"00:00:00",,POINT(-88.017 30.078351),USMCOB-RC7726
USMCOB,"15 MI. S. OF ORANGE BEACH, AL",30.048762,-87.749,0.56,,FL,,,1991-04-17 00:00:00.000,USM,1,USMCOB-RC7737,2026-05-05 00:00:00.000,UTC,1991,4,17,107,"00:00:00",,POINT(-87.749 30.048762),USMCOB-RC7737
USMCOB,"BET. CORPUS C.&PT MANSFIELD,TX",27.177,-97.336,,,,,,1992-05-08 00:00:00.000,USM,2,USMCOB-RC7737,2026-05-05 00:00:00.000,UTC,1992,5,8,129,"00:00:00",,POINT(-97.336 27.177),USMCOB-RC7737
USMCOB,"9 MI. SSE. OF FORT MORGAN, AL",30.108761,-87.955022,0.62,,FL,0.69,TL,1991-04-16 00:00:00.000,USM,1,USMCOB-RC7777,2026-05-05 00:00:00.000,UTC,1991,4,16,106,"00:00:00",,POINT(-87.955022 30.108761),USMCOB-RC7777
USMCOB,"OFF GULF SHORES, AL",30.245,-87.701,1.22,,TL,,,1992-07-05 00:00:00.000,USM,2,USMCOB-RC7777,2026-05-05 00:00:00.000,UTC,1992,7,5,187,"00:00:00",,POINT(-87.701 30.245),USMCOB-RC7777
USMCOB,"9 MI. SSE. OF FORT MORGAN, AL",30.108761,-87.955022,0.72,,FL,0.8,TL,1991-04-16 00:00:00.000,USM,1,USMCOB-RC7784,2026-05-05 00:00:00.000,UTC,1991,4,16,106,"00:00:00",,POINT(-87.955022 30.108761),USMCOB-RC7784
USMCOB,"10-12 MI. SE DAUPHIN IS., AL",30.140823,-87.981352,0.97,,FL,,,1993-08-05 00:00:00.000,USM,2,USMCOB-RC7784,2026-05-05 00:00:00.000,UTC,1993,8,5,217,"00:00:00",,POINT(-87.981352 30.140823),USMCOB-RC7784
USMCOB,"10 MI. S. OF FT. MORGAN, AL",30.078351,-88.017,0.51,,FL,0.56,TL,1991-04-19 00:00:00.000,USM,1,USMCOB-RC7794,2026-05-05 00:00:00.000,UTC,1991,4,19,109,"00:00:00",,POINT(-88.017 30.078351),USMCOB-RC7794
USMCOB,"OFF NAPLES, FL (GORDON PASS)",26.093,-81.8,1.22,,TL,,,1994-12-30 00:00:00.000,USM,2,USMCOB-RC7794,2026-05-05 00:00:00.000,UTC,1994,12,30,364,"00:00:00",,POINT(-81.8 26.093),USMCOB-RC7794
USMCOB,"9 MI. SSE. FT. MORGAN, AL",30.108761,-87.955022,0.81,,FL,0.91,TL,1991-04-19 00:00:00.000,USM,1,USMCOB-RC7795,2026-05-05 00:00:00.000,UTC,1991,4,19,109,"00:00:00",,POINT(-87.955022 30.108761),USMCOB-RC7795
USMCOB,"OFF GRANDE ISLE, LA (#94b)",28.54,-90.113,,,,,,1994-08-05 00:00:00.000,USM,2,USMCOB-RC7795,2026-05-05 00:00:00.000,UTC,1994,8,5,217,"00:00:00",,POINT(-90.113 28.54),USMCOB-RC7795
USMCOB,"9 MI. SSE. OF FORT MORGAN, AL",30.108761,-87.955022,0.58,,FL,0.64,TL,1991-05-01 00:00:00.000,USM,1,USMCOB-RC7797,2026-05-05 00:00:00.000,UTC,1991,5,1,121,"00:00:00",,POINT(-87.955022 30.108761),USMCOB-RC7797
USMCOB,"BETW ORNG BCH & GULF SHORES,AL",30.25,-87.639,0.7,,FL,,,1992-04-08 00:00:00.000,USM,2,USMCOB-RC7797,2026-05-05 00:00:00.000,UTC,1992,4,8,99,"00:00:00",,POINT(-87.639 30.25),USMCOB-RC7797
USMCOB,"RED CAN AT DOG KEYS PASS, MS",30.246,-88.782,0.41,,FL,0.46,TL,1991-07-23 00:00:00.000,USM,1,USMCOB-RC7841,2026-05-05 00:00:00.000,UTC,1991,7,23,204,"00:00:00",,POINT(-88.782 30.246),USMCOB-RC7841
USMCOB,"RED CAN, DOG KEYS PASS, MS",30.246,-88.782,0.89,,FL,0.99,TL,1992-07-15 00:00:00.000,USM,2,USMCOB-RC7841,2026-05-05 00:00:00.000,UTC,1992,7,15,197,"00:00:00",,POINT(-88.782 30.246),USMCOB-RC7841
USMCOB,"OFF PORT CANAVERAL, FL",28.41,-80.584,0.83,,FL,,,1991-04-11 00:00:00.000,USM,1,USMCOB-RC7917,2026-05-05 00:00:00.000,UTC,1991,4,11,101,"00:00:00",,POINT(-80.584 28.41),USMCOB-RC7917
USMCOB,".5MI OFF MARINE LAND, FL",29.671,-81.204,,,,,,1992-04-16 00:00:00.000,USM,2,USMCOB-RC7917,2026-05-05 00:00:00.000,UTC,1992,4,16,107,"00:00:00",,POINT(-81.204 29.671),USMCOB-RC7917
USMCOB,"KEY WEST, FL",24.563,-81.726,0.89,,FL,1.02,TL,1991-12-23 00:00:00.000,USM,1,USMCOB-RC7964,2026-05-05 00:00:00.000,UTC,1991,12,23,357,"00:00:00",,POINT(-81.726 24.563),USMCOB-RC7964
USMCOB,"25MI. NW OF KEY WEST, FL",24.794,-82.105,,,,,,1992-02-16 00:00:00.000,USM,2,USMCOB-RC7964,2026-05-05 00:00:00.000,UTC,1992,2,16,47,"00:00:00",,POINT(-82.105 24.794),USMCOB-RC7964
USMCOB,"KEY WEST, FL (KEY WEST HARBOR)",24.563,-81.726,0.81,,FL,0.89,TL,1991-02-01 00:00:00.000,USM,1,USMCOB-RC7978,2026-05-05 00:00:00.000,UTC,1991,2,1,32,"00:00:00",,POINT(-81.726 24.563),USMCOB-RC7978
USMCOB,"KEY WEST, FL (KEY WEST HARBOR)",24.563,-81.726,0.89,,FL,,,1991-03-28 00:00:00.000,USM,2,USMCOB-RC7978,2026-05-05 00:00:00.000,UTC,1991,3,28,87,"00:00:00",,POINT(-81.726 24.563),USMCOB-RC7978
USMCOB,MAIN PASS RIG 107 (OFF LA),29.555,-88.717,0.61,,FL,0.69,TL,1992-08-02 00:00:00.000,USM,1,USMCOB-RC8006,2026-05-05 00:00:00.000,UTC,1992,8,2,215,"00:00:00",,POINT(-88.717 29.555),USMCOB-RC8006
USMCOB,MAIN PASS BLOCK 106 OFF LA,29.551,-88.751,,,,,,1992-08-22 00:00:00.000,USM,2,USMCOB-RC8006,2026-05-05 00:00:00.000,UTC,1992,8,22,235,"00:00:00",,POINT(-88.751 29.551),USMCOB-RC8006
USMCOB,"WEST END OF SHIP ISLAND, MS",30.21,-88.964,0.76,,FL,0.86,TL,1994-07-25 00:00:00.000,USM,1,USMCOB-RC8075,2026-05-05 00:00:00.000,UTC,1994,7,25,206,"00:00:00",,POINT(-88.964 30.21),USMCOB-RC8075
USMCOB,"Gulfport Ship Channel, .5 Ship",30.243,-88.033,1.02,,TL,,,1995-06-22 00:00:00.000,USM,2,USMCOB-RC8075,2026-05-05 00:00:00.000,UTC,1995,6,22,173,"00:00:00",,POINT(-88.033 30.243),USMCOB-RC8075
USMCOB,"WEST END OF SHIP ISLAND, MS",30.21,-88.964,0.71,,FL,0.8,TL,1994-07-25 00:00:00.000,USM,1,USMCOB-RC8077,2026-05-05 00:00:00.000,UTC,1994,7,25,206,"00:00:00",,POINT(-88.964 30.21),USMCOB-RC8077
USMCOB,"GLPT. SHIP CHANNEL, MS",30.349,-89.083,0.81,,FL,0.89,TL,1994-08-30 00:00:00.000,USM,2,USMCOB-RC8077,2026-05-05 00:00:00.000,UTC,1994,8,30,242,"00:00:00",,POINT(-89.083 30.349),USMCOB-RC8077
USMCOB,"WEST END OF SHIP ISLAND, MS",30.21,-88.964,0.58,,FL,0.64,TL,1994-07-25 00:00:00.000,USM,1,USMCOB-RC8080,2026-05-05 00:00:00.000,UTC,1994,7,25,206,"00:00:00",,POINT(-88.964 30.21),USMCOB-RC8080
USMCOB,"FAREWELL BUOY,DOG KEYS PASS,MS",30.215,-88.791,0.64,,FL,0.7,TL,1994-09-07 00:00:00.000,USM,2,USMCOB-RC8080,2026-05-05 00:00:00.000,UTC,1994,9,7,250,"00:00:00",,POINT(-88.791 30.215),USMCOB-RC8080
USMCOB,BILL WALKER SITE OFF MS,30.088,-88.553,0.53,,FL,0.58,TL,1994-08-05 00:00:00.000,USM,1,USMCOB-RC8089,2026-05-05 00:00:00.000,UTC,1994,8,5,217,"00:00:00",,POINT(-88.553 30.088),USMCOB-RC8089
USMCOB,"10MI. SE OF HORN ISL., MS",30.142,-88.578,0.66,,FL,0.71,TL,1994-08-12 00:00:00.000,USM,2,USMCOB-RC8089,2026-05-05 00:00:00.000,UTC,1994,8,12,224,"00:00:00",,POINT(-88.578 30.142),USMCOB-RC8089
USMCOB,"KEY WEST HARBOR, FL",24.563,-81.726,0.74,,FL,0.84,TL,1992-02-18 00:00:00.000,USM,1,USMCOB-RC8105,2026-05-05 00:00:00.000,UTC,1992,2,18,49,"00:00:00",,POINT(-81.726 24.563),USMCOB-RC8105
USMCOB,"6MI. W. OF TIP OF KEY WEST, FL",24.545,-81.908,0.91,,FL,,,1992-12-27 00:00:00.000,USM,2,USMCOB-RC8105,2026-05-05 00:00:00.000,UTC,1992,12,27,362,"00:00:00",,POINT(-81.908 24.545),USMCOB-RC8105
USMCOB,"KEY WEST, FL (GULF)",24.57,-81.79,0.81,,FL,0.91,TL,1993-04-13 00:00:00.000,USM,1,USMCOB-RC8107,2026-05-05 00:00:00.000,UTC,1993,4,13,103,"00:00:00",,POINT(-81.79 24.57),USMCOB-RC8107
USMCOB,"16 MI. S. OF ALLIGATOR PT., FL",29.66,-84.382,1.07,,TL,,,1994-04-18 00:00:00.000,USM,2,USMCOB-RC8107,2026-05-05 00:00:00.000,UTC,1994,4,18,108,"00:00:00",,POINT(-84.382 29.66),USMCOB-RC8107
USMCOB,"KEY WEST, FL (GULF)",24.57,-81.79,0.74,,FL,0.86,TL,1993-04-13 00:00:00.000,USM,1,USMCOB-RC8108,2026-05-05 00:00:00.000,UTC,1993,4,13,103,"00:00:00",,POINT(-81.79 24.57),USMCOB-RC8108
USMCOB,Horseshoe Rigs,29.425,-88.615,1.22,,FL,,,1999-05-01 00:00:00.000,USM,2,USMCOB-RC8108,2026-05-05 00:00:00.000,UTC,1999,5,1,121,"00:00:00",,POINT(-88.615 29.425),USMCOB-RC8108
USMCOB,"KEY WEST, FL (GULF)",24.57,-81.79,0.81,,FL,0.86,TL,1993-05-05 00:00:00.000,USM,1,USMCOB-RC8116,2026-05-05 00:00:00.000,UTC,1993,5,5,125,"00:00:00",,POINT(-81.79 24.57),USMCOB-RC8116
USMCOB,"Pensacola Beach, FL",30.333,-87.15,1.12,,FL,,,1995-04-16 00:00:00.000,USM,2,USMCOB-RC8116,2026-05-05 00:00:00.000,UTC,1995,4,16,106,"00:00:00",,POINT(-87.15 30.333),USMCOB-RC8116
USMCOB,"OFF KEY WEST, FL (GULF SIDE)",24.57,-81.79,0.79,,FL,0.89,TL,1992-02-18 00:00:00.000,USM,1,USMCOB-RC8125,2026-05-05 00:00:00.000,UTC,1992,2,18,49,"00:00:00",,POINT(-81.79 24.57),USMCOB-RC8125
USMCOB,"30MI. NW OF KEY WEST, FL",24.842,-82.165,0.93,,FL,1.02,TL,1993-02-27 00:00:00.000,USM,2,USMCOB-RC8125,2026-05-05 00:00:00.000,UTC,1993,2,27,58,"00:00:00",,POINT(-82.165 24.842),USMCOB-RC8125
USMCOB,"OFF KEY WEST, FL (GULF SIDE)",24.57,-81.79,0.74,,FL,0.81,TL,1992-02-18 00:00:00.000,USM,1,USMCOB-RC8126,2026-05-05 00:00:00.000,UTC,1992,2,18,49,"00:00:00",,POINT(-81.79 24.57),USMCOB-RC8126
USMCOB,"South of Grande Isle, LA",29.23,-89.98,1.22,,TL,,,1995-08-07 00:00:00.000,USM,2,USMCOB-RC8126,2026-05-05 00:00:00.000,UTC,1995,8,7,219,"00:00:00",,POINT(-89.98 29.23),USMCOB-RC8126
USMCOB,"OFF KEY WEST, FL (GULF SIDE)",24.57,-81.79,0.74,,FL,0.81,TL,1992-02-18 00:00:00.000,USM,1,USMCOB-RC8128,2026-05-05 00:00:00.000,UTC,1992,2,18,49,"00:00:00",,POINT(-81.79 24.57),USMCOB-RC8128
USMCOB,"ABOUT 5MI. S. OF PENSACOLA, FL",30.255,-87.303,,,,,,1993-06-11 00:00:00.000,USM,2,USMCOB-RC8128,2026-05-05 00:00:00.000,UTC,1993,6,11,162,"00:00:00",,POINT(-87.303 30.255),USMCOB-RC8128
USMCOB,"SOUTH TIMBALIER, LA   BLOCK 52",28.851115,-90.492,0.71,,FL,0.76,TL,1991-09-02 00:00:00.000,USM,1,USMCOB-RC8191,2026-05-05 00:00:00.000,UTC,1991,9,2,245,"00:00:00",,POINT(-90.492 28.851115),USMCOB-RC8191
USMCOB,"S OF MARSH ISL., LA (BLOCK 10)",28.956,-91.952,0.94,,TL,,,1992-06-07 00:00:00.000,USM,2,USMCOB-RC8191,2026-05-05 00:00:00.000,UTC,1992,6,7,159,"00:00:00",,POINT(-91.952 28.956),USMCOB-RC8191
USMCOB,"SOUTH TIMBALIER, LA   BLOCK 52",28.851115,-90.492,0.69,,FL,0.74,TL,1991-09-02 00:00:00.000,USM,1,USMCOB-RC8195,2026-05-05 00:00:00.000,UTC,1991,9,2,245,"00:00:00",,POINT(-90.492 28.851115),USMCOB-RC8195
USMCOB,"120 MI. E. OF GALVESTON, TX",29.27,-92.776,0.97,,FL,1.07,TL,1993-07-27 00:00:00.000,USM,2,USMCOB-RC8195,2026-05-05 00:00:00.000,UTC,1993,7,27,208,"00:00:00",,POINT(-92.776 29.27),USMCOB-RC8195
USMCOB,"OFF MARATHON, FL  (GULF SIDE)",24.726,-81.089,1.04,,FL,1.17,TL,1992-02-21 00:00:00.000,USM,1,USMCOB-RC8229,2026-05-05 00:00:00.000,UTC,1992,2,21,52,"00:00:00",,POINT(-81.089 24.726),USMCOB-RC8229
USMCOB,"40MI N OF MARATHON, FL (GULF)",25.287,-81.196,1.09,,FL,,,1992-03-06 00:00:00.000,USM,2,USMCOB-RC8229,2026-05-05 00:00:00.000,UTC,1992,3,6,66,"00:00:00",,POINT(-81.196 25.287),USMCOB-RC8229
USMCOB,"OFF MARATHON, FL  (GULF SIDE)",24.726,-81.089,0.91,,FL,1.04,TL,1992-02-21 00:00:00.000,USM,1,USMCOB-RC8230,2026-05-05 00:00:00.000,UTC,1992,2,21,52,"00:00:00",,POINT(-81.089 24.726),USMCOB-RC8230
USMCOB,"OFF MARATHON, FL",24.726,-81.089,,,,,,1992-11-07 00:00:00.000,USM,2,USMCOB-RC8230,2026-05-05 00:00:00.000,UTC,1992,11,7,312,"00:00:00",,POINT(-81.089 24.726),USMCOB-RC8230
USMCOB,"6 MILES SOUTH OF HORN ISL., MS",30.141,-88.669,0.61,,FL,0.64,TL,1991-08-14 00:00:00.000,USM,1,USMCOB-RC8235,2026-05-05 00:00:00.000,UTC,1991,8,14,226,"00:00:00",,POINT(-88.669 30.141),USMCOB-RC8235
USMCOB,"6MI SE OF W TIP OF HORN IS.,MS",30.184,-88.731,0.66,,FL,0.72,TL,1991-08-17 00:00:00.000,USM,2,USMCOB-RC8235,2026-05-05 00:00:00.000,UTC,1991,8,17,229,"00:00:00",,POINT(-88.731 30.184),USMCOB-RC8235
USMCOB,"15 MI. SW. OF ORANGE BEACH, AL",30.048762,-87.749,0.53,,TL,,,1991-04-21 00:00:00.000,USM,1,USMCOB-RC8255,2026-05-05 00:00:00.000,UTC,1991,4,21,111,"00:00:00",,POINT(-87.749 30.048762),USMCOB-RC8255
USMCOB,"SOUTH OF DAUPHIN ISLAND, AL",30.24,-88.113,0.76,,TL,,,1991-08-14 00:00:00.000,USM,2,USMCOB-RC8255,2026-05-05 00:00:00.000,UTC,1991,8,14,226,"00:00:00",,POINT(-88.113 30.24),USMCOB-RC8255
USMCOB,"15 MI. SW. OF ORANGE BEACH, AL",30.048762,-87.749,0.79,,TL,,,1991-04-21 00:00:00.000,USM,1,USMCOB-RC8266,2026-05-05 00:00:00.000,UTC,1991,4,21,111,"00:00:00",,POINT(-87.749 30.048762),USMCOB-RC8266
USMCOB,"OFF DESTIN, FLA",30.38,-86.5,0.89,,FL,0.99,TL,1991-10-04 00:00:00.000,USM,2,USMCOB-RC8266,2026-05-05 00:00:00.000,UTC,1991,10,4,277,"00:00:00",,POINT(-86.5 30.38),USMCOB-RC8266
USMCOB,"15 MI. SW. OF ORANGE BEACH, AL",30.048762,-87.749,0.91,,TL,,,1991-04-21 00:00:00.000,USM,1,USMCOB-RC8267,2026-05-05 00:00:00.000,UTC,1991,4,21,111,"00:00:00",,POINT(-87.749 30.048762),USMCOB-RC8267
USMCOB,"10 MI. S. OF ORANGE BEACH, AL",30.121,-87.586,0.93,,FL,1.04,TL,1991-05-12 00:00:00.000,USM,2,USMCOB-RC8267,2026-05-05 00:00:00.000,UTC,1991,5,12,132,"00:00:00",,POINT(-87.586 30.121),USMCOB-RC8267
USMCOB,"15 MI. SW. OF ORANGE BEACH, AL",30.048762,-87.749,0.71,,TL,,,1991-04-23 00:00:00.000,USM,1,USMCOB-RC8271,2026-05-05 00:00:00.000,UTC,1991,4,23,113,"00:00:00",,POINT(-87.749 30.048762),USMCOB-RC8271
USMCOB,OFF COAST OF WESTERN LOUISIANA,,,0.89,,FL,0.95,TL,1992-01-26 00:00:00.000,USM,2,USMCOB-RC8271,2026-05-05 00:00:00.000,UTC,1992,1,26,26,"00:00:00",,POINT(nan nan),USMCOB-RC8271
USMCOB,"OFF PERDIDO PASS, AL",30.265,-87.555,0.76,,FL,,,1993-04-19 00:00:00.000,USM,1,USMCOB-RC8325,2026-05-05 00:00:00.000,UTC,1993,4,19,109,"00:00:00",,POINT(-87.555 30.265),USMCOB-RC8325
USMCOB,"17 MI. S. PASCAGOULA, MS(GULF)",30.089,-88.503,0.99,,FL,1.07,TL,1994-04-22 00:00:00.000,USM,2,USMCOB-RC8325,2026-05-05 00:00:00.000,UTC,1994,4,22,112,"00:00:00",,POINT(-88.503 30.089),USMCOB-RC8325
USMCOB,"1MI W OF PERDIDO PASS, O.B.,AL",30.227849,-87.557713,0.76,,FL,0.86,TL,1993-04-20 00:00:00.000,USM,1,USMCOB-RC8335,2026-05-05 00:00:00.000,UTC,1993,4,20,110,"00:00:00",,POINT(-87.557713 30.227849),USMCOB-RC8335
USMCOB,"E. CAMERON 47B,GRANDE CHEN,LA",29.425,-92.99,1.12,,TL,,,1994-07-30 00:00:00.000,USM,2,USMCOB-RC8335,2026-05-05 00:00:00.000,UTC,1994,7,30,211,"00:00:00",,POINT(-92.99 29.425),USMCOB-RC8335
USMCOB,E. OF CHANDELEUR ISLANDS,29.9,-88.81,0.8,,FL,0.83,TL,1991-05-04 00:00:00.000,USM,1,USMCOB-RC8376,2026-05-05 00:00:00.000,UTC,1991,5,4,124,"00:00:00",,POINT(-88.81 29.9),USMCOB-RC8376
USMCOB,"N. END OF CHANDELEUR ISL., LA",30.043,-88.878,1.22,,FL,1.37,TL,1993-06-04 00:00:00.000,USM,2,USMCOB-RC8376,2026-05-05 00:00:00.000,UTC,1993,6,4,155,"00:00:00",,POINT(-88.878 30.043),USMCOB-RC8376
USMCOB,"RUBBLE S. OF HORN ISLAND, MS",30.165,-88.75,0.61,,FL,0.66,TL,1991-08-03 00:00:00.000,USM,1,USMCOB-RC8429,2026-05-05 00:00:00.000,UTC,1991,8,3,215,"00:00:00",,POINT(-88.75 30.165),USMCOB-RC8429
USMCOB,"8MI OFF FT. MORGAN, AL OIL RIG",30.108169,-88.02109,0.97,,TL,,,1992-07-31 00:00:00.000,USM,2,USMCOB-RC8429,2026-05-05 00:00:00.000,UTC,1992,7,31,213,"00:00:00",,POINT(-88.02109 30.108169),USMCOB-RC8429
USMCOB,RED CAN AT DOG KEYS PASS,30.246,-88.782,0.69,,FL,0.74,TL,1991-07-16 00:00:00.000,USM,1,USMCOB-RC8443,2026-05-05 00:00:00.000,UTC,1991,7,16,197,"00:00:00",,POINT(-88.782 30.246),USMCOB-RC8443
USMCOB,"GREEN CAN AT HORN ISLAND, MS",30.255,-88.774,0.69,,FL,0.74,TL,1991-07-16 00:00:00.000,USM,2,USMCOB-RC8443,2026-05-05 00:00:00.000,UTC,1991,7,16,197,"00:00:00",,POINT(-88.774 30.255),USMCOB-RC8443
USMCOB,GREEN CAN AT DOG KEYS PASS,30.255,-88.774,0.51,,FL,0.56,TL,1991-07-16 00:00:00.000,USM,1,USMCOB-RC8445,2026-05-05 00:00:00.000,UTC,1991,7,16,197,"00:00:00",,POINT(-88.774 30.255),USMCOB-RC8445
USMCOB,"DOG KEYS PASS, MS  (RED CAN)",30.246,-88.782,0.51,,FL,0.56,TL,1991-07-18 00:00:00.000,USM,2,USMCOB-RC8445,2026-05-05 00:00:00.000,UTC,1991,7,18,199,"00:00:00",,POINT(-88.782 30.246),USMCOB-RC8445
USMCOB,"CAPE SAN BLAS, FLA",29.6632,-85.3556,0.58,,FL,0.64,TL,1991-09-09 00:00:00.000,USM,1,USMCOB-RC8450,2026-05-05 00:00:00.000,UTC,1991,9,9,252,"00:00:00",,POINT(-85.3556 29.6632),USMCOB-RC8450
USMCOB,"60 MI. S. OF DAUPHIN ISL, AL",29.377,-88.215,0.94,,FL,1.04,TL,1994-05-07 00:00:00.000,USM,2,USMCOB-RC8450,2026-05-05 00:00:00.000,UTC,1994,5,7,127,"00:00:00",,POINT(-88.215 29.377),USMCOB-RC8450
USMCOB,"12 MI. SE. OF FORT MORGAN, AL",30.11,-87.883,0.83,,FL,0.9,TL,1991-05-11 00:00:00.000,USM,1,USMCOB-RC8485,2026-05-05 00:00:00.000,UTC,1991,5,11,131,"00:00:00",,POINT(-87.883 30.11),USMCOB-RC8485
USMCOB,"4.0 MI. OFF PANAMA CITY, FL",30.127,-85.85,0.91,,FL,,,1991-10-15 00:00:00.000,USM,2,USMCOB-RC8485,2026-05-05 00:00:00.000,UTC,1991,10,15,288,"00:00:00",,POINT(-85.85 30.127),USMCOB-RC8485
USMCOB,"OFF GULF SHORES, AL",30.245,-87.701,1.17,,TL,,,1992-04-14 00:00:00.000,USM,1,USMCOB-RC8533,2026-05-05 00:00:00.000,UTC,1992,4,14,105,"00:00:00",,POINT(-87.701 30.245),USMCOB-RC8533
USMCOB,"#5 CHAN. BUOY, PENSA. PASS, FL",30.3,-87.304,1.18,,FL,,,1992-05-15 00:00:00.000,USM,2,USMCOB-RC8533,2026-05-05 00:00:00.000,UTC,1992,5,15,136,"00:00:00",,POINT(-87.304 30.3),USMCOB-RC8533
USMCOB,"24 MI. S. OF SAND ISL., AL",29.832055,-88.05,,,,,,1992-10-12 00:00:00.000,USM,1,USMCOB-RC8582,2026-05-05 00:00:00.000,UTC,1992,10,12,286,"00:00:00",,POINT(-88.05 29.832055),USMCOB-RC8582
USMCOB,"50 MI. SE OF DRY TORTUGAS, FL",24.177,-82.268,0.69,,TL,,,1993-01-24 00:00:00.000,USM,2,USMCOB-RC8582,2026-05-05 00:00:00.000,UTC,1993,1,24,24,"00:00:00",,POINT(-82.268 24.177),USMCOB-RC8582
USMCOB,"GULFPORT SHIP CHANNEL,  #32",30.24,-89.0,0.58,,FL,0.64,TL,1991-08-30 00:00:00.000,USM,1,USMCOB-RC8607,2026-05-05 00:00:00.000,UTC,1991,8,30,242,"00:00:00",,POINT(-89.0 30.24),USMCOB-RC8607
USMCOB,"SE OF CHANDELEUR ISLANDS, LA",29.718,-88.797,1.07,,FL,1.19,TL,1993-10-04 00:00:00.000,USM,2,USMCOB-RC8607,2026-05-05 00:00:00.000,UTC,1993,10,4,277,"00:00:00",,POINT(-88.797 29.718),USMCOB-RC8607
USMCOB,"GREEN CAN AT DOG KEYS PASS, MS",30.255,-88.774,0.61,,FL,0.66,TL,1991-07-28 00:00:00.000,USM,1,USMCOB-RC8660,2026-05-05 00:00:00.000,UTC,1991,7,28,209,"00:00:00",,POINT(-88.774 30.255),USMCOB-RC8660
USMCOB,"OFF ORANGE BEACH, AL",30.26,-87.58,0.64,,FL,,,1991-08-08 00:00:00.000,USM,2,USMCOB-RC8660,2026-05-05 00:00:00.000,UTC,1991,8,8,220,"00:00:00",,POINT(-87.58 30.26),USMCOB-RC8660
USMCOB,SOUTH PASS BLOCK 62 (OFF LA),29.09,-88.92,0.74,,FL,0.83,TL,1993-05-21 00:00:00.000,USM,1,USMCOB-RC8699,2026-05-05 00:00:00.000,UTC,1993,5,21,141,"00:00:00",,POINT(-88.92 29.09),USMCOB-RC8699
USMCOB,"3 MI.S. OF PANAMA CITY,FL CHAN",30.076,-85.732,0.86,,FL,0.97,TL,1993-09-24 00:00:00.000,USM,2,USMCOB-RC8699,2026-05-05 00:00:00.000,UTC,1993,9,24,267,"00:00:00",,POINT(-85.732 30.076),USMCOB-RC8699
USMCOB,SOUTH PASS BLOCK 62 (OFF LA),29.09,-88.92,0.99,,FL,1.09,TL,1993-05-23 00:00:00.000,USM,1,USMCOB-RC8703,2026-05-05 00:00:00.000,UTC,1993,5,23,143,"00:00:00",,POINT(-88.92 29.09),USMCOB-RC8703
USMCOB,"MAIN PASS 313, LA",29.13,-88.78,,,,,,1994-06-12 00:00:00.000,USM,2,USMCOB-RC8703,2026-05-05 00:00:00.000,UTC,1994,6,12,163,"00:00:00",,POINT(-88.78 29.13),USMCOB-RC8703
USMCOB,"OFF ORANGE BEACH, AL",30.267,-87.585,1.04,,TL,,,1991-08-17 00:00:00.000,USM,1,USMCOB-RC8713,2026-05-05 00:00:00.000,UTC,1991,8,17,229,"00:00:00",,POINT(-87.585 30.267),USMCOB-RC8713
USMCOB,"45 MI. S. OF MOBILE, AL",30.039,-88.039,1.12,,FL,,,1994-04-27 00:00:00.000,USM,2,USMCOB-RC8713,2026-05-05 00:00:00.000,UTC,1994,4,27,117,"00:00:00",,POINT(-88.039 30.039),USMCOB-RC8713
USMCOB,"OFF GULF SHORES, AL",30.245,-87.701,1.22,,TL,,,1992-04-11 00:00:00.000,USM,1,USMCOB-RC8722,2026-05-05 00:00:00.000,UTC,1992,4,11,102,"00:00:00",,POINT(-87.701 30.245),USMCOB-RC8722
USMCOB,"17MI. S OF DAUPHIN ISL., AL",30.002,-88.215,1.31,,TL,,,1992-06-15 00:00:00.000,USM,2,USMCOB-RC8722,2026-05-05 00:00:00.000,UTC,1992,6,15,167,"00:00:00",,POINT(-88.215 30.002),USMCOB-RC8722
USMCOB,"15 MI. SW. OF ORANGE BEACH, AL",30.048762,-87.749,0.58,,TL,,,1991-08-02 00:00:00.000,USM,1,USMCOB-RC8738,2026-05-05 00:00:00.000,UTC,1991,8,2,214,"00:00:00",,POINT(-87.749 30.048762),USMCOB-RC8738
USMCOB,"IN GULF NEAR NAPLES, FL",26.14,-81.81,0.89,,TL,,,1992-02-26 00:00:00.000,USM,2,USMCOB-RC8738,2026-05-05 00:00:00.000,UTC,1992,2,26,57,"00:00:00",,POINT(-81.81 26.14),USMCOB-RC8738
USMCOB,"SOUTH TIMBALIER, LA   BLOCK 72",28.80476,-90.628445,0.81,,FL,0.86,TL,1991-10-13 00:00:00.000,USM,1,USMCOB-RC8824,2026-05-05 00:00:00.000,UTC,1991,10,13,286,"00:00:00",,POINT(-90.628445 28.80476),USMCOB-RC8824
USMCOB,"70 Mi South Grand Isle, LA",28.209,-89.968,1.14,,TL,,,1996-03-15 00:00:00.000,USM,2,USMCOB-RC8824,2026-05-05 00:00:00.000,UTC,1996,3,15,75,"00:00:00",,POINT(-89.968 28.209),USMCOB-RC8824
USMCOB,"SOUTH TIMBALIER, LA   BLOCK 74",28.805,-90.725,0.71,,FL,0.76,TL,1991-09-13 00:00:00.000,USM,1,USMCOB-RC8839,2026-05-05 00:00:00.000,UTC,1991,9,13,256,"00:00:00",,POINT(-90.725 28.805),USMCOB-RC8839
USMCOB,"OFF E. LA,5 MI.SE OF GETTY RIG",29.494,-88.617,0.98,,TL,,,1993-08-24 00:00:00.000,USM,2,USMCOB-RC8839,2026-05-05 00:00:00.000,UTC,1993,8,24,236,"00:00:00",,POINT(-88.617 29.494),USMCOB-RC8839
USMCOB,"#1 BUOY, HORN ISLAND PASS, MS",30.215,-88.791,0.56,,FL,0.62,TL,1991-08-29 00:00:00.000,USM,1,USMCOB-RC8896,2026-05-05 00:00:00.000,UTC,1991,8,29,241,"00:00:00",,POINT(-88.791 30.215),USMCOB-RC8896
USMCOB,"F-1 SITE OFF HORN ISLAND, MS",30.08,-88.56,0.71,,TL,,,1992-04-11 00:00:00.000,USM,2,USMCOB-RC8896,2026-05-05 00:00:00.000,UTC,1992,4,11,102,"00:00:00",,POINT(-88.56 30.08),USMCOB-RC8896
USMCOB,"GAS RIGS S OF PETIT BOIS I.,MS",30.115,-88.45,0.53,,FL,0.58,TL,1992-05-23 00:00:00.000,USM,1,USMCOB-RC8911,2026-05-05 00:00:00.000,UTC,1992,5,23,144,"00:00:00",,POINT(-88.45 30.115),USMCOB-RC8911
USMCOB,"25 MI. SE CURLEW ISL., LA",29.421,-88.649,0.76,,FL,0.86,TL,1993-06-11 00:00:00.000,USM,2,USMCOB-RC8911,2026-05-05 00:00:00.000,UTC,1993,6,11,162,"00:00:00",,POINT(-88.649 29.421),USMCOB-RC8911
USMCOB,"65 MI. SW. OF ORANGE BEACH, AL",29.614224,-88.370764,1.12,,TL,,,1991-05-03 00:00:00.000,USM,1,USMCOB-RC8938,2026-05-05 00:00:00.000,UTC,1991,5,3,123,"00:00:00",,POINT(-88.370764 29.614224),USMCOB-RC8938
USMCOB,"40 MI. S. OF GULF SHORES, AL",29.663,-87.696,,,,,,1993-05-07 00:00:00.000,USM,2,USMCOB-RC8938,2026-05-05 00:00:00.000,UTC,1993,5,7,127,"00:00:00",,POINT(-87.696 29.663),USMCOB-RC8938
USMCOB,"65 MI. SW. OF ORANGE BEACH, AL",29.614224,-88.370764,1.02,,FL,,,1991-05-03 00:00:00.000,USM,1,USMCOB-RC8942,2026-05-05 00:00:00.000,UTC,1991,5,3,123,"00:00:00",,POINT(-88.370764 29.614224),USMCOB-RC8942
USMCOB,"OFF CORAL GABLES, FLA",25.714,-80.245,1.02,,FL,1.09,TL,1991-08-27 00:00:00.000,USM,2,USMCOB-RC8942,2026-05-05 00:00:00.000,UTC,1991,8,27,239,"00:00:00",,POINT(-80.245 25.714),USMCOB-RC8942
USMCOB,"65 MI. SW. OF ORANGE BEACH, AL",29.614224,-88.370764,1.14,,TL,,,1991-05-03 00:00:00.000,USM,1,USMCOB-RC8944,2026-05-05 00:00:00.000,UTC,1991,5,3,123,"00:00:00",,POINT(-88.370764 29.614224),USMCOB-RC8944
USMCOB,"APPROX. 60MI SE DAUPHIN IS.,AL",29.67,-87.464,1.25,,TL,,,1994-07-16 00:00:00.000,USM,2,USMCOB-RC8944,2026-05-05 00:00:00.000,UTC,1994,7,16,197,"00:00:00",,POINT(-87.464 29.67),USMCOB-RC8944
USMCOB,"MARATHON, FL (GULF)",24.726,-81.089,0.8,,FL,0.9,TL,1994-12-01 00:00:00.000,USM,1,USMCOB-RC8949,2026-05-05 00:00:00.000,UTC,1994,12,1,335,"00:00:00",,POINT(-81.089 24.726),USMCOB-RC8949
USMCOB,"1/2 Cape Sable-Marathon FL.",24.94,-81.104,0.85,,FL,,,1995-04-16 00:00:00.000,USM,2,USMCOB-RC8949,2026-05-05 00:00:00.000,UTC,1995,4,16,106,"00:00:00",,POINT(-81.104 24.94),USMCOB-RC8949
USMCOB,"W. END OF SHIP ISLAND, MS",30.21,-88.964,0.56,,FL,0.61,TL,1991-07-21 00:00:00.000,USM,1,USMCOB-RC8954,2026-05-05 00:00:00.000,UTC,1991,7,21,202,"00:00:00",,POINT(-88.964 30.21),USMCOB-RC8954
USMCOB,GULFPORT SHIP CHANNEL,30.349,-89.083,0.51,,FL,0.61,TL,1991-08-08 00:00:00.000,USM,2,USMCOB-RC8954,2026-05-05 00:00:00.000,UTC,1991,8,8,220,"00:00:00",,POINT(-89.083 30.349),USMCOB-RC8954
USMCOB,"WEST END OF SHIP ISLAND, MS",30.21,-88.964,0.66,,FL,0.74,TL,1991-07-25 00:00:00.000,USM,1,USMCOB-RC8955,2026-05-05 00:00:00.000,UTC,1991,7,25,206,"00:00:00",,POINT(-88.964 30.21),USMCOB-RC8955
USMCOB,"OFF SUGARLOAF KEY, FL",24.63,-81.524,0.94,,FL,,,1992-11-18 00:00:00.000,USM,2,USMCOB-RC8955,2026-05-05 00:00:00.000,UTC,1992,11,18,323,"00:00:00",,POINT(-81.524 24.63),USMCOB-RC8955
USMCOB,"WEST END OF SHIP ISLAND, MS",30.21,-88.964,0.65,,FL,0.71,TL,1991-08-05 00:00:00.000,USM,1,USMCOB-RC8965,2026-05-05 00:00:00.000,UTC,1991,8,5,217,"00:00:00",,POINT(-88.964 30.21),USMCOB-RC8965
USMCOB,".5MI. E. OF E. PASS, DESTIN,FL",30.38,-86.499,0.86,,TL,,,1993-04-29 00:00:00.000,USM,2,USMCOB-RC8965,2026-05-05 00:00:00.000,UTC,1993,4,29,119,"00:00:00",,POINT(-86.499 30.38),USMCOB-RC8965
USMCOB,"12 MI. S. OF HORN ISLAND, MS",30.056216,-88.678024,0.6,,FL,0.66,TL,1992-08-08 00:00:00.000,USM,1,USMCOB-RC9013,2026-05-05 00:00:00.000,UTC,1992,8,8,221,"00:00:00",,POINT(-88.678024 30.056216),USMCOB-RC9013
USMCOB,"5 MI. SW BOCA GRANDE PASS, FL",26.661,-82.315,1.09,,FL,,,1994-03-24 00:00:00.000,USM,2,USMCOB-RC9013,2026-05-05 00:00:00.000,UTC,1994,3,24,83,"00:00:00",,POINT(-82.315 26.661),USMCOB-RC9013
USMCOB,"FLORIDA BAY OFF MARATHON, FL",24.726,-81.089,0.79,,FL,0.84,TL,1991-02-24 00:00:00.000,USM,1,USMCOB-RC9031,2026-05-05 00:00:00.000,UTC,1991,2,24,55,"00:00:00",,POINT(-81.089 24.726),USMCOB-RC9031
USMCOB,"OFF PANAMA CITY, FL",30.212,-85.88,0.88,,FL,,,1991-05-13 00:00:00.000,USM,2,USMCOB-RC9031,2026-05-05 00:00:00.000,UTC,1991,5,13,133,"00:00:00",,POINT(-85.88 30.212),USMCOB-RC9031
USMCOB,"MARATHON, FLA   GULF SIDE",24.726,-81.089,0.91,,FL,0.99,TL,1991-03-01 00:00:00.000,USM,1,USMCOB-RC9047,2026-05-05 00:00:00.000,UTC,1991,3,1,60,"00:00:00",,POINT(-81.089 24.726),USMCOB-RC9047
USMCOB,"OFF ST. PETERSBURG, FL",27.766,-82.776,1.12,,TL,,,1991-05-27 00:00:00.000,USM,2,USMCOB-RC9047,2026-05-05 00:00:00.000,UTC,1991,5,27,147,"00:00:00",,POINT(-82.776 27.766),USMCOB-RC9047
USMCOB,"OFF MARATHON, FL",24.726,-81.089,,,,,,1991-07-01 00:00:00.000,USM,1,USMCOB-RC9051,2026-05-05 00:00:00.000,UTC,1991,7,1,182,"00:00:00",,POINT(-81.089 24.726),USMCOB-RC9051
USMCOB,"OFF FLAMINGO, FL (GULF)",25.121,-81.925,0.74,,TL,,,1991-09-24 00:00:00.000,USM,2,USMCOB-RC9051,2026-05-05 00:00:00.000,UTC,1991,9,24,267,"00:00:00",,POINT(-81.925 25.121),USMCOB-RC9051
USMCOB,"KEY WEST, FLA.  GULF SIDE",24.57,-81.79,0.79,,FL,0.86,TL,1991-02-21 00:00:00.000,USM,1,USMCOB-RC9064,2026-05-05 00:00:00.000,UTC,1991,2,21,52,"00:00:00",,POINT(-81.79 24.57),USMCOB-RC9064
USMCOB,"TIGER PASS, LA (WEST DELTA 25)",29.112,-89.478,,,,,,1992-05-02 00:00:00.000,USM,2,USMCOB-RC9064,2026-05-05 00:00:00.000,UTC,1992,5,2,123,"00:00:00",,POINT(-89.478 29.112),USMCOB-RC9064
USMCOB,"KEY WEST, FLA.  GULF SIDE",24.57,-81.79,0.76,,FL,0.84,TL,1991-02-23 00:00:00.000,USM,1,USMCOB-RC9069,2026-05-05 00:00:00.000,UTC,1991,2,23,54,"00:00:00",,POINT(-81.79 24.57),USMCOB-RC9069
USMCOB,"SE. OF DESTIN, FL",30.378,-86.482,0.76,,FL,,,1991-06-30 00:00:00.000,USM,2,USMCOB-RC9069,2026-05-05 00:00:00.000,UTC,1991,6,30,181,"00:00:00",,POINT(-86.482 30.378),USMCOB-RC9069
USMCOB,"KEY WEST, FLA.  GULF SIDE",24.57,-81.79,0.74,,FL,0.79,TL,1991-02-23 00:00:00.000,USM,1,USMCOB-RC9070,2026-05-05 00:00:00.000,UTC,1991,2,23,54,"00:00:00",,POINT(-81.79 24.57),USMCOB-RC9070
USMCOB,"35MI. SW OF MARCO ISLAND, FL",25.572,-82.137,1.07,,FL,1.14,TL,1992-10-08 00:00:00.000,USM,2,USMCOB-RC9070,2026-05-05 00:00:00.000,UTC,1992,10,8,282,"00:00:00",,POINT(-82.137 25.572),USMCOB-RC9070
USMCOB,"S. OF HORN ISLAND, MS",30.239,-88.749,0.64,,FL,0.69,TL,1991-06-15 00:00:00.000,USM,1,USMCOB-RC9101,2026-05-05 00:00:00.000,UTC,1991,6,15,166,"00:00:00",,POINT(-88.749 30.239),USMCOB-RC9101
USMCOB,"10.5 MI. SE. DAUPHIN IS. LIGHT",30.042,-88.08,0.71,,FL,0.76,TL,1991-09-14 00:00:00.000,USM,2,USMCOB-RC9101,2026-05-05 00:00:00.000,UTC,1991,9,14,257,"00:00:00",,POINT(-88.08 30.042),USMCOB-RC9101
USMCOB,"12504.0 / 47065.2, AL",30.16667,-88.45167,0.79,,FL,0.86,TL,1993-06-07 00:00:00.000,USM,1,USMCOB-RC9125,2026-05-05 00:00:00.000,UTC,1993,6,7,158,"00:00:00",,POINT(-88.45167 30.16667),USMCOB-RC9125
USMCOB,"SOUTH OF EAST KEY,DRY TORTUGAS",24.63,-82.806,1.02,,FL,1.13,TL,1994-03-25 00:00:00.000,USM,2,USMCOB-RC9125,2026-05-05 00:00:00.000,UTC,1994,3,25,84,"00:00:00",,POINT(-82.806 24.63),USMCOB-RC9125
USMCOB,"SSE. OF SAND IS.LIGHT HOUSE,AL",30.184,-88.046,0.61,,FL,0.66,TL,1991-07-11 00:00:00.000,USM,1,USMCOB-RC9143,2026-05-05 00:00:00.000,UTC,1991,7,11,192,"00:00:00",,POINT(-88.046 30.184),USMCOB-RC9143
USMCOB,"OFF PANAMA CITY, FL",30.212,-85.88,1.07,,FL,,,1993-04-15 00:00:00.000,USM,2,USMCOB-RC9143,2026-05-05 00:00:00.000,UTC,1993,4,15,105,"00:00:00",,POINT(-85.88 30.212),USMCOB-RC9143
USMCOB,"PORT CANAVERAL, FL",28.395,-80.587,0.76,,FL,,,1992-03-15 00:00:00.000,USM,1,USMCOB-RC9308,2026-05-05 00:00:00.000,UTC,1992,3,15,75,"00:00:00",,POINT(-80.587 28.395),USMCOB-RC9308
USMCOB,"OFF CAPE CANAVERAL,FL(1MI OFF)",28.388,-80.578,0.94,,FL,1.07,TL,1992-10-17 00:00:00.000,USM,2,USMCOB-RC9308,2026-05-05 00:00:00.000,UTC,1992,10,17,291,"00:00:00",,POINT(-80.578 28.388),USMCOB-RC9308
USMCOB,"4.5MI NE OF PORT CANAVERAL, FL",28.450472,-80.526715,0.81,,FL,0.91,TL,1992-04-24 00:00:00.000,USM,1,USMCOB-RC9311,2026-05-05 00:00:00.000,UTC,1992,4,24,115,"00:00:00",,POINT(-80.526715 28.450472),USMCOB-RC9311
USMCOB,".25MI OFF PT. CANAVERAL, FL",28.41,-80.584,0.94,,TL,,,1992-07-16 00:00:00.000,USM,2,USMCOB-RC9311,2026-05-05 00:00:00.000,UTC,1992,7,16,198,"00:00:00",,POINT(-80.584 28.41),USMCOB-RC9311
USMCOB,"PORT CANAVERAL, FL",28.395,-80.587,0.89,,FL,0.94,TL,1994-03-12 00:00:00.000,USM,1,USMCOB-RC9340,2026-05-05 00:00:00.000,UTC,1994,3,12,71,"00:00:00",,POINT(-80.587 28.395),USMCOB-RC9340
USMCOB,"6 Mi off St. Lucie Inlet, FL",27.197,-80.058,1.14,,TL,,,1995-06-27 00:00:00.000,USM,2,USMCOB-RC9340,2026-05-05 00:00:00.000,UTC,1995,6,27,178,"00:00:00",,POINT(-80.058 27.197),USMCOB-RC9340
USMCOB,"PORT CANAVERAL, FL",28.395,-80.587,0.79,,FL,,,1992-03-27 00:00:00.000,USM,1,USMCOB-RC9346,2026-05-05 00:00:00.000,UTC,1992,3,27,87,"00:00:00",,POINT(-80.587 28.395),USMCOB-RC9346
USMCOB,"ISLAMORADA, FL",24.924,-80.625,,,,,,1994-04-10 00:00:00.000,USM,2,USMCOB-RC9346,2026-05-05 00:00:00.000,UTC,1994,4,10,100,"00:00:00",,POINT(-80.625 24.924),USMCOB-RC9346
USMCOB,"PORT CANAVERAL, FL",28.395,-80.587,0.79,,FL,,,1992-03-27 00:00:00.000,USM,1,USMCOB-RC9351,2026-05-05 00:00:00.000,UTC,1992,3,27,87,"00:00:00",,POINT(-80.587 28.395),USMCOB-RC9351
USMCOB,"APALACHEE BAY REGION, FL",,,0.79,,FL,,,1992-05-12 00:00:00.000,USM,2,USMCOB-RC9351,2026-05-05 00:00:00.000,UTC,1992,5,12,133,"00:00:00",,POINT(nan nan),USMCOB-RC9351
USMCOB,"SOUTH TIMBALIER, LA   BLOCK 72",28.80476,-90.628445,0.76,,FL,0.81,TL,1991-10-17 00:00:00.000,USM,1,USMCOB-RC9493,2026-05-05 00:00:00.000,UTC,1991,10,17,290,"00:00:00",,POINT(-90.628445 28.80476),USMCOB-RC9493
USMCOB,"S. TIMBALIER, LA (BLOCK 67)",28.81,-90.405,0.84,,FL,,,1992-03-14 00:00:00.000,USM,2,USMCOB-RC9493,2026-05-05 00:00:00.000,UTC,1992,3,14,74,"00:00:00",,POINT(-90.405 28.81),USMCOB-RC9493
USMCOB,"KEY WEST, FL",24.563,-81.726,0.72,,FL,0.82,TL,1992-01-28 00:00:00.000,USM,1,USMCOB-RC9552,2026-05-05 00:00:00.000,UTC,1992,1,28,28,"00:00:00",,POINT(-81.726 24.563),USMCOB-RC9552
USMCOB,"OFF NAVARRE BEACH, FL",30.378,-86.862,,,,,,1993-04-24 00:00:00.000,USM,2,USMCOB-RC9552,2026-05-05 00:00:00.000,UTC,1993,4,24,114,"00:00:00",,POINT(-86.862 30.378),USMCOB-RC9552
USMCOB,"KEY WEST, FL",24.563,-81.726,0.83,,FL,0.91,TL,1992-02-21 00:00:00.000,USM,1,USMCOB-RC9569,2026-05-05 00:00:00.000,UTC,1992,2,21,52,"00:00:00",,POINT(-81.726 24.563),USMCOB-RC9569
USMCOB,"Pensacola Beach, FL",30.333,-87.15,1.07,,FL,1.16,TL,1995-04-18 00:00:00.000,USM,2,USMCOB-RC9569,2026-05-05 00:00:00.000,UTC,1995,4,18,108,"00:00:00",,POINT(-87.15 30.333),USMCOB-RC9569
USMCOB,"PENSACOLA BEACH, FL",30.315,-87.203,1.02,,FL,,,1994-04-11 00:00:00.000,USM,1,USMCOB-RC9589,2026-05-05 00:00:00.000,UTC,1994,4,11,101,"00:00:00",,POINT(-87.203 30.315),USMCOB-RC9589
USMCOB,"South Timberlier 130, LA",28.685,-90.174,,,,,,1996-07-04 00:00:00.000,USM,2,USMCOB-RC9589,2026-05-05 00:00:00.000,UTC,1996,7,4,186,"00:00:00",,POINT(-90.174 28.685),USMCOB-RC9589
USMCOB,"WEST END OF SHIP ISLAND, MS",30.21,-88.964,0.58,,FL,0.64,TL,1994-07-24 00:00:00.000,USM,1,USMCOB-RC9707,2026-05-05 00:00:00.000,UTC,1994,7,24,205,"00:00:00",,POINT(-88.964 30.21),USMCOB-RC9707
USMCOB,"BETWEEN CAT AND SHIP ISL., MS",30.214,-89.031,0.69,,TL,,,1994-09-18 00:00:00.000,USM,2,USMCOB-RC9707,2026-05-05 00:00:00.000,UTC,1994,9,18,261,"00:00:00",,POINT(-89.031 30.214),USMCOB-RC9707
USMCOB,West End Ship Island,30.21,-88.964,0.71,,FL,0.79,TL,1994-07-20 00:00:00.000,USM,1,USMCOB-RC9710,2026-05-05 00:00:00.000,UTC,1994,7,20,201,"00:00:00",,POINT(-88.964 30.21),USMCOB-RC9710
USMCOB,Ship Island?,30.223,-88.521,0.98,,FL,1.09,TL,1995-05-04 00:00:00.000,USM,2,USMCOB-RC9710,2026-05-05 00:00:00.000,UTC,1995,5,4,124,"00:00:00",,POINT(-88.521 30.223),USMCOB-RC9710
USMCOB,"KEY WEST, FL-CAPT. CHRIS WRECK",24.5,-81.6,0.71,,FL,0.8,TL,1992-03-29 00:00:00.000,USM,1,USMCOB-RC9721,2026-05-05 00:00:00.000,UTC,1992,3,29,89,"00:00:00",,POINT(-81.6 24.5),USMCOB-RC9721
USMCOB,"KEY WEST, FL (CHRIS WRECK)",,,0.99,,FL,1.12,TL,1994-01-24 00:00:00.000,USM,2,USMCOB-RC9721,2026-05-05 00:00:00.000,UTC,1994,1,24,24,"00:00:00",,POINT(nan nan),USMCOB-RC9721
USMCOB,"KEY WEST, FL-CAPT. CHRIS WRECK",24.5,-81.6,0.71,,FL,0.79,TL,1992-03-29 00:00:00.000,USM,1,USMCOB-RC9726,2026-05-05 00:00:00.000,UTC,1992,3,29,89,"00:00:00",,POINT(-81.6 24.5),USMCOB-RC9726
USMCOB,"OFF CAPE ROMANO, FL (GULF)",25.845,-81.679,1.12,,FL,,,1994-02-08 00:00:00.000,USM,2,USMCOB-RC9726,2026-05-05 00:00:00.000,UTC,1994,2,8,39,"00:00:00",,POINT(-81.679 25.845),USMCOB-RC9726
USMCOB,"KEY WEST,FL WRECK OF THE CHRIS",24.5,-81.6,0.8,,FL,0.91,TL,1992-04-04 00:00:00.000,USM,1,USMCOB-RC9733,2026-05-05 00:00:00.000,UTC,1992,4,4,95,"00:00:00",,POINT(-81.6 24.5),USMCOB-RC9733
USMCOB,"E END OF SHELL IS., P.C.B., FL",30.002,-85.536,1.04,,FL,1.14,TL,1993-04-19 00:00:00.000,USM,2,USMCOB-RC9733,2026-05-05 00:00:00.000,UTC,1993,4,19,109,"00:00:00",,POINT(-85.536 30.002),USMCOB-RC9733
USMCOB,"KEY WEST,FL WRK OF THE GARDNER",24.5,-81.6,0.69,,FL,0.76,TL,1992-04-01 00:00:00.000,USM,1,USMCOB-RC9743,2026-05-05 00:00:00.000,UTC,1992,4,1,92,"00:00:00",,POINT(-81.6 24.5),USMCOB-RC9743
USMCOB,"STUART, FL WRK OF THE DAVID T.",27.203817,-80.036433,0.86,,FL,0.97,TL,1992-12-13 00:00:00.000,USM,2,USMCOB-RC9743,2026-05-05 00:00:00.000,UTC,1992,12,13,348,"00:00:00",,POINT(-80.036433 27.203817),USMCOB-RC9743
USMCOB,"KEY WEST, FL-CAPT. CHRIS WRECK",24.5,-81.6,0.7,,FL,0.79,TL,1992-03-26 00:00:00.000,USM,1,USMCOB-RC9755,2026-05-05 00:00:00.000,UTC,1992,3,26,86,"00:00:00",,POINT(-81.6 24.5),USMCOB-RC9755
USMCOB,"30 MI. S. OF HORN ISLAND, MS",,,0.86,,FL,0.97,TL,1993-09-09 00:00:00.000,USM,3,USMCOB-RC9755,2026-05-05 00:00:00.000,UTC,1993,9,9,252,"00:00:00",,POINT(nan nan),USMCOB-RC9755
USMCOB,"PANAMA CITY, FL",30.212,-85.88,,,,,,1994-04-05 00:00:00.000,USM,2,USMCOB-RC9755,2026-05-05 00:00:00.000,UTC,1994,4,5,95,"00:00:00",,POINT(-85.88 30.212),USMCOB-RC9755
USMCOB,"OFF GULF SHORES, AL",30.245,-87.701,1.19,,TL,,,1992-04-15 00:00:00.000,USM,1,USMCOB-RC9776,2026-05-05 00:00:00.000,UTC,1992,4,15,106,"00:00:00",,POINT(-87.701 30.245),USMCOB-RC9776
USMCOB,"ST. GEORGE I., APALACHICOLA,FL",29.652,-84.88,1.24,,TL,,,1992-09-19 00:00:00.000,USM,2,USMCOB-RC9776,2026-05-05 00:00:00.000,UTC,1992,9,19,263,"00:00:00",,POINT(-84.88 29.652),USMCOB-RC9776
USMCOB,"OFF GULF SHORES, AL",30.245,-87.701,1.24,,TL,,,1992-04-15 00:00:00.000,USM,1,USMCOB-RC9780,2026-05-05 00:00:00.000,UTC,1992,4,15,106,"00:00:00",,POINT(-87.701 30.245),USMCOB-RC9780
USMCOB,"12MI N OF ST LUCY IS,STUART,FL",27.339,-80.147,,,,,,1993-02-21 00:00:00.000,USM,2,USMCOB-RC9780,2026-05-05 00:00:00.000,UTC,1993,2,21,52,"00:00:00",,POINT(-80.147 27.339),USMCOB-RC9780
USMCOB,"PENSACOLA BCH, FL 13283/47116",30.315,-87.203,0.74,,FL,0.79,TL,1993-04-13 00:00:00.000,USM,1,USMCOB-RC9804,2026-05-05 00:00:00.000,UTC,1993,4,13,103,"00:00:00",,POINT(-87.203 30.315),USMCOB-RC9804
USMCOB,"PENSACOLA BEACH, FL",30.333,-87.15,0.89,,FL,,,1993-05-06 00:00:00.000,USM,2,USMCOB-RC9804,2026-05-05 00:00:00.000,UTC,1993,5,6,126,"00:00:00",,POINT(-87.15 30.333),USMCOB-RC9804
USMCOB,"OFF GULF SHORES, AL",30.245,-87.701,0.99,,TL,,,1992-04-17 00:00:00.000,USM,1,USMCOB-RC9808,2026-05-05 00:00:00.000,UTC,1992,4,17,108,"00:00:00",,POINT(-87.701 30.245),USMCOB-RC9808
USMCOB,Off Mississippi River,,,1.27,,TL,,,1996-05-15 00:00:00.000,USM,2,USMCOB-RC9808,2026-05-05 00:00:00.000,UTC,1996,5,15,136,"00:00:00",,POINT(nan nan),USMCOB-RC9808
USMCOB,"1 mile South P'Cola Pass",30.313,-87.275,0.61,,FL,,,1993-06-06 00:00:00.000,USM,1,USMCOB-RC9831,2026-05-05 00:00:00.000,UTC,1993,6,6,157,"00:00:00",,POINT(-87.275 30.313),USMCOB-RC9831
USMCOB,"Ft. Walton Beach, Destin FL",30.383,-86.51,1.02,,TL,,,1995-04-16 00:00:00.000,USM,2,USMCOB-RC9831,2026-05-05 00:00:00.000,UTC,1995,4,16,106,"00:00:00",,POINT(-86.51 30.383),USMCOB-RC9831
USMCOB,"12355.8/47030.4 (DEEP SHIPS)",30.02667,-88.69667,0.66,,FL,0.71,TL,1992-08-14 00:00:00.000,USM,1,USMCOB-RC9906,2026-05-05 00:00:00.000,UTC,1992,8,14,227,"00:00:00",,POINT(-88.69667 30.02667),USMCOB-RC9906
USMCOB,"BUOY 8, GPT. SHIP CHANNEL, MS",30.121,-88.931,0.97,,FL,1.04,TL,1993-09-23 00:00:00.000,USM,2,USMCOB-RC9906,2026-05-05 00:00:00.000,UTC,1993,9,23,266,"00:00:00",,POINT(-88.931 30.121),USMCOB-RC9906
USMCOB,"5 MI. S. OF HORN ISLAND, MS",30.157552,-88.670527,0.67,,TL,,,1991-09-06 00:00:00.000,USM,1,USMCOB-RC9911,2026-05-05 00:00:00.000,UTC,1991,9,6,249,"00:00:00",,POINT(-88.670527 30.157552),USMCOB-RC9911
USMCOB,"SOUTH OF CEDAR KEYS, FL",29.067,-83.038,,,,,,1992-05-24 00:00:00.000,USM,2,USMCOB-RC9911,2026-05-05 00:00:00.000,UTC,1992,5,24,145,"00:00:00",,POINT(-83.038 29.067),USMCOB-RC9911
USMCOB,"SOUTH OF PETIT BOIS ISL., MS",30.202,-88.486,0.74,,FL,0.79,TL,1992-04-30 00:00:00.000,USM,1,USMCOB-RC9965,2026-05-05 00:00:00.000,UTC,1992,4,30,121,"00:00:00",,POINT(-88.486 30.202),USMCOB-RC9965
USMCOB,"10 MI. SE OF GETTY RIGS, LA",29.446,-88.555,0.94,,FL,0.99,TL,1993-09-19 00:00:00.000,USM,2,USMCOB-RC9965,2026-05-05 00:00:00.000,UTC,1993,9,19,262,"00:00:00",,POINT(-88.555 29.446),USMCOB-RC9965
USMCOB,"S. OF PETIT BOIS ISLAND, MS",30.202,-88.486,0.64,,FL,0.71,TL,1992-04-30 00:00:00.000,USM,1,USMCOB-RC9968,2026-05-05 00:00:00.000,UTC,1992,4,30,121,"00:00:00",,POINT(-88.486 30.202),USMCOB-RC9968
USMCOB,"12 MI. E. OF MISS. RIVER, LA",,,0.94,,FL,1.04,TL,1993-02-19 00:00:00.000,USM,2,USMCOB-RC9968,2026-05-05 00:00:00.000,UTC,1993,2,19,50,"00:00:00",,POINT(nan nan),USMCOB-RC9968
USMCOB,"5 MI.SE OF CHANDELEUR LIGHT,LA",30.009,-88.816,0.79,,FL,0.86,TL,1993-07-31 00:00:00.000,USM,1,USMCOB-RC9990,2026-05-05 00:00:00.000,UTC,1993,7,31,212,"00:00:00",,POINT(-88.816 30.009),USMCOB-RC9990
USMCOB,"FAREWELL BUOY,GPT. SH.CHAN, MS",30.119,-88.877,0.79,,FL,0.86,TL,1993-08-27 00:00:00.000,USM,2,USMCOB-RC9990,2026-05-05 00:00:00.000,UTC,1993,8,27,239,"00:00:00",,POINT(-88.877 30.119),USMCOB-RC9990
USMCOB,"Pensacola Beach, FL",30.315,-87.203,0.64,,TL,,,2021-08-07 00:00:00.000,USM,1,USMCOB-RD2153,2026-05-05 00:00:00.000,UTC,2021,8,7,219,"00:00:00",,POINT(-87.203 30.315),USMCOB-RD2153
USMCOB,"Sebastian, FL - 20 mi. SE",27.5869,-80.2224,0.81,,TL,,,2022-07-23 00:00:00.000,USM,2,USMCOB-RD2153,2026-05-05 00:00:00.000,UTC,2022,7,23,204,"00:00:00",,POINT(-80.2224 27.5869),USMCOB-RD2153
USMCOB,"Sarasota Bay, FL",27.322122,-82.609683,0.79,,TL,,,2021-12-07 00:00:00.000,USM,1,USMCOB-RD2190,2026-05-05 00:00:00.000,UTC,2021,12,7,341,"00:00:00",,POINT(-82.609683 27.322122),USMCOB-RD2190
USMCOB,"Alan Fisher Reef, Sarasota, FL 27° 18.111 ‘ 82° 37.125’ ",27.30185,-82.61875,0.83,,FL,,,2022-05-08 00:00:00.000,USM,2,USMCOB-RD2190,2026-05-05 00:00:00.000,UTC,2022,5,8,128,"00:00:00",,POINT(-82.61875 27.30185),USMCOB-RD2190
USMCOB,Cat Island,30.225,-89.092,0.45,,TL,,,2004-10-27 00:00:00.000,USM,1,USMCOB-SH145,2026-05-05 00:00:00.000,UTC,2004,10,27,301,"00:00:00",,POINT(-89.092 30.225),USMCOB-SH145
USMCOB,"3000.079 8851.974",30.001317,-88.866233,0.75,,FL,0.86,TL,2006-06-01 00:00:00.000,USM,1,USMCOB-SH435,2026-05-05 00:00:00.000,UTC,2006,6,1,152,"00:00:00",,POINT(-88.866233 30.001317),USMCOB-SH435
USMCOB,data buoy (42007?) off Horn I.,30.09,-88.769,0.91,,FL,0.99,TL,2007-06-10 00:00:00.000,USM,2,USMCOB-SH435,2026-05-05 00:00:00.000,UTC,2007,6,10,161,"00:00:00",,POINT(-88.769 30.09),USMCOB-SH435
USMCOB,Curlew rigs,29.543,-88.668,0.94,,TL,,,2000-06-23 00:00:00.000,USM,1,USMCOB-ST24373,2026-05-05 00:00:00.000,UTC,2000,6,23,175,"00:00:00",,POINT(-88.668 29.543),USMCOB-ST24373
USMCOB,"35 ml SE of Savannah, GA",31.687,-80.415,1.09,,FL,,,2002-07-05 00:00:00.000,USM,2,USMCOB-ST24373,2026-05-05 00:00:00.000,UTC,2002,7,5,186,"00:00:00",,POINT(-80.415 31.687),USMCOB-ST24373
USMCOB,Monkey Bayou rigs,29.718,-88.797,0.56,,TL,,,2000-06-24 00:00:00.000,USM,1,USMCOB-ST24419,2026-05-05 00:00:00.000,UTC,2000,6,24,176,"00:00:00",,POINT(-88.797 29.718),USMCOB-ST24419
USMCOB,Main Pass Block 93,29.632,-88.798,0.86,,TL,,,2000-06-28 00:00:00.000,USM,2,USMCOB-ST24419,2026-05-05 00:00:00.000,UTC,2000,6,28,180,"00:00:00",,POINT(-88.798 29.632),USMCOB-ST24419
USMCOB,Monkey Bayou,29.718,-88.797,0.51,,TL,,,2000-06-23 00:00:00.000,USM,1,USMCOB-ST24422,2026-05-05 00:00:00.000,UTC,2000,6,23,175,"00:00:00",,POINT(-88.797 29.718),USMCOB-ST24422
USMCOB,gas pipe near Mr. Gus,,,0.97,,TL,,,2001-05-13 00:00:00.000,USM,2,USMCOB-ST24422,2026-05-05 00:00:00.000,UTC,2001,5,13,133,"00:00:00",,POINT(nan nan),USMCOB-ST24422
USMCOB,Petit Bois rig,30.115,-88.45,0.64,,TL,,,2000-05-29 00:00:00.000,USM,1,USMCOB-ST24535,2026-05-05 00:00:00.000,UTC,2000,5,29,150,"00:00:00",,POINT(-88.45 30.115),USMCOB-ST24535
USMCOB,Fish Haven 2,30.085,-88.569,0.86,,TL,,,2000-05-29 00:00:00.000,USM,2,USMCOB-ST24535,2026-05-05 00:00:00.000,UTC,2000,5,29,150,"00:00:00",,POINT(-88.569 30.085),USMCOB-ST24535
USMCOB,Petit Bois rig,30.115,-88.45,0.76,,TL,,,2000-05-29 00:00:00.000,USM,1,USMCOB-ST24537,2026-05-05 00:00:00.000,UTC,2000,5,29,150,"00:00:00",,POINT(-88.45 30.115),USMCOB-ST24537
USMCOB,"Destin, FL",30.38,-86.5,0.91,,TL,,,2001-07-20 00:00:00.000,USM,2,USMCOB-ST24537,2026-05-05 00:00:00.000,UTC,2001,7,20,201,"00:00:00",,POINT(-86.5 30.38),USMCOB-ST24537
USMCOB,"Navarre, FL",30.378,-86.862,0.61,,FL,0.7,TL,1998-04-26 00:00:00.000,USM,1,USMCOB-ST29169,2026-05-05 00:00:00.000,UTC,1998,4,26,116,"00:00:00",,POINT(-86.862 30.378),USMCOB-ST29169
USMCOB,"12 miles S of Freeport,TX",28.763,-95.298,1.04,,TL,,,1999-08-12 00:00:00.000,USM,2,USMCOB-ST29169,2026-05-05 00:00:00.000,UTC,1999,8,12,224,"00:00:00",,POINT(-95.298 28.763),USMCOB-ST29169
USMCOB,Navarre,30.378,-86.862,0.97,,FL,1.12,TL,2000-04-21 00:00:00.000,USM,1,USMCOB-ST30340,2026-05-05 00:00:00.000,UTC,2000,4,21,112,"00:00:00",,POINT(-86.862 30.378),USMCOB-ST30340
USMCOB,"71 miles S of Gulfport",29.234,-89.14,1.12,,TL,,,2001-07-01 00:00:00.000,USM,2,USMCOB-ST30340,2026-05-05 00:00:00.000,UTC,2001,7,1,182,"00:00:00",,POINT(-89.14 29.234),USMCOB-ST30340
USMCOB,Key West Harbor,24.563,-81.726,0.71,,FL,0.76,TL,2000-04-16 00:00:00.000,USM,1,USMCOB-ST31412,2026-05-05 00:00:00.000,UTC,2000,4,16,107,"00:00:00",,POINT(-81.726 24.563),USMCOB-ST31412
USMCOB,Key West,24.563,-81.726,0.81,,FL,0.89,TL,2000-06-19 00:00:00.000,USM,2,USMCOB-ST31412,2026-05-05 00:00:00.000,UTC,2000,6,19,171,"00:00:00",,POINT(-81.726 24.563),USMCOB-ST31412
USMCOB,South Pelto Blk 11,29.05,-90.53,0.58,,FL,0.64,TL,2000-06-22 00:00:00.000,USM,1,USMCOB-ST32127,2026-05-05 00:00:00.000,UTC,2000,6,22,174,"00:00:00",,POINT(-90.53 29.05),USMCOB-ST32127
USMCOB,Grand Isle Block 40,28.988,-90.017,0.86,,TL,,,2000-10-29 00:00:00.000,USM,2,USMCOB-ST32127,2026-05-05 00:00:00.000,UTC,2000,10,29,303,"00:00:00",,POINT(-90.017 28.988),USMCOB-ST32127
USMCOB,off Destin beach,30.38,-86.5,0.91,,FL,,,2000-04-13 00:00:00.000,USM,1,USMCOB-ST32901,2026-05-05 00:00:00.000,UTC,2000,4,13,104,"00:00:00",,POINT(-86.5 30.38),USMCOB-ST32901
USMCOB,"29.04N 88.57W    est wt",29.0667,-88.95,,,,,,2004-05-22 00:00:00.000,USM,2,USMCOB-ST32901,2026-05-05 00:00:00.000,UTC,2004,5,22,143,"00:00:00",,POINT(-88.95 29.0667),USMCOB-ST32901
USMCOB,"28.55  82.56",28.916667,-82.933333,0.56,,FL,0.61,TL,2000-05-26 00:00:00.000,USM,1,USMCOB-ST33640,2026-05-05 00:00:00.000,UTC,2000,5,26,147,"00:00:00",,POINT(-82.933333 28.916667),USMCOB-ST33640
USMCOB,"25 ml W of Englewood, FL",26.952,-82.782,,,,,,2001-12-19 00:00:00.000,USM,2,USMCOB-ST33640,2026-05-05 00:00:00.000,UTC,2001,12,19,353,"00:00:00",,POINT(-82.782 26.952),USMCOB-ST33640
USMCOB,S. of Chandeleur,29.662,-88.945,0.61,,TL,,,1997-06-20 00:00:00.000,USM,1,USMCOB-ST900,2026-05-05 00:00:00.000,UTC,1997,6,20,171,"00:00:00",,POINT(-88.945 29.662),USMCOB-ST900
USMCOB,Shallow rig by Chandeleur,29.67,-88.8,1.02,,TL,,,1997-09-27 00:00:00.000,USM,2,USMCOB-ST900,2026-05-05 00:00:00.000,UTC,1997,9,27,270,"00:00:00",,POINT(-88.8 29.67),USMCOB-ST900
USMCOB,"9 miles S Port Canaveral",28.278,-80.587,0.71,,FL,,,2002-03-10 00:00:00.000,USM,1,USMCOB-T1080,2026-05-05 00:00:00.000,UTC,2002,3,10,69,"00:00:00",,POINT(-80.587 28.278),USMCOB-T1080
USMCOB,"off Islamorada, FL",24.924,-80.625,0.95,,FL,,,2003-04-08 00:00:00.000,USM,2,USMCOB-T1080,2026-05-05 00:00:00.000,UTC,2003,4,8,98,"00:00:00",,POINT(-80.625 24.924),USMCOB-T1080
USMCOB,"12 miles E Port Canavera",28.409,-80.389,0.94,,FL,,,2002-01-31 00:00:00.000,USM,1,USMCOB-T1082,2026-05-05 00:00:00.000,UTC,2002,1,31,31,"00:00:00",,POINT(-80.389 28.409),USMCOB-T1082
USMCOB,Pan. City - 3ml W of Pass,30.119,-85.783,1.07,,TL,,,2002-04-17 00:00:00.000,USM,2,USMCOB-T1082,2026-05-05 00:00:00.000,UTC,2002,4,17,107,"00:00:00",,POINT(-85.783 30.119),USMCOB-T1082
USMCOB,"9 miles out Port Canaveral",28.409854,-80.4398,0.74,,FL,0.79,TL,2006-03-11 00:00:00.000,USM,1,USMCOB-T1597,2026-05-05 00:00:00.000,UTC,2006,3,11,70,"00:00:00",,POINT(-80.4398 28.409854),USMCOB-T1597
USMCOB,"24.28'N 81.55'W",24.46667,-81.91667,1.12,,FL,,,2007-03-29 00:00:00.000,USM,2,USMCOB-T1597,2026-05-05 00:00:00.000,UTC,2007,3,29,88,"00:00:00",,POINT(-81.91667 24.46667),USMCOB-T1597
USMCOB,"Venice, FL",27.0683,-82.45585,0.74,,TL,,,2023-11-08 00:00:00.000,USM,1,USMCOB-T31827,2026-05-05 00:00:00.000,UTC,2023,11,8,312,"00:00:00",,POINT(-82.45585 27.0683),USMCOB-T31827
USMCOB,"Arbutus wreck, FL",24.58834,-82.28294,1.16,,TL,,,2024-12-06 00:00:00.000,USM,2,USMCOB-T31827,2026-05-05 00:00:00.000,UTC,2024,12,6,341,"00:00:00",,POINT(-82.28294 24.58834),USMCOB-T31827
USMCOB,"Gulfport, MS",30.365,-89.095,0.41,,FL,,,2016-06-29 00:00:00.000,USM,1,USMCOB-T48215,2026-05-05 00:00:00.000,UTC,2016,6,29,181,"00:00:00",,POINT(-89.095 30.365),USMCOB-T48215
USMCOB,"Gulfport, MS",30.365,-89.095,0.41,,TL,,,2016-06-29 00:00:00.000,USM,1,USMCOB-T48215,2026-05-05 00:00:00.000,UTC,2016,6,29,181,"00:00:00",,POINT(-89.095 30.365),USMCOB-T48215
USMCOB,Graveline Bayou - mouth,30.362,-88.664,0.46,,TL,,,2016-06-30 00:00:00.000,USM,2,USMCOB-T48215,2026-05-05 00:00:00.000,UTC,2016,6,30,182,"00:00:00",,POINT(-88.664 30.362),USMCOB-T48215
USMCOB,N. Ship I. Channel,30.216,-88.994,0.79,,FL,0.89,TL,2003-06-22 00:00:00.000,USM,1,USMCOB-T991,2026-05-05 00:00:00.000,UTC,2003,6,22,173,"00:00:00",,POINT(-88.994 30.216),USMCOB-T991
USMCOB,Ship I. channel        E,30.243,-88.033,0.91,,TL,,,2003-10-07 00:00:00.000,USM,2,USMCOB-T991,2026-05-05 00:00:00.000,UTC,2003,10,7,280,"00:00:00",,POINT(-88.033 30.243),USMCOB-T991
USMCOB,Ship I. #16,30.164,-88.967,0.56,,FL,0.64,TL,2002-08-07 00:00:00.000,USM,1,USMCOB-T998,2026-05-05 00:00:00.000,UTC,2002,8,7,219,"00:00:00",,POINT(-88.967 30.164),USMCOB-T998
USMCOB,"Pensacola, FL",30.29515,-87.047117,0.61,,FL,0.69,TL,2025-06-26 00:00:00.000,USM,1,USMCOB-USM1922,2026-05-05 00:00:00.000,UTC,2025,6,26,177,"00:00:00",,POINT(-87.047117 30.29515),USMCOB-USM1922
USMCOB,"Navarre Beach, FL",30.378,-86.862,,,,,,2025-07-10 00:00:00.000,USM,2,USMCOB-USM1922,2026-05-05 00:00:00.000,UTC,2025,7,10,191,"00:00:00",,POINT(-86.862 30.378),USMCOB-USM1922
USMCOB,"Dog Keys Pass, MS",30.246,-88.782,0.53,,FL,0.61,TL,2025-09-05 00:00:00.000,USM,1,USMCOB-USM3622,2026-05-05 00:00:00.000,UTC,2025,9,5,248,"00:00:00",,POINT(-88.782 30.246),USMCOB-USM3622
USMCOB,"30 16.515, - 88 50.323",30.27525,-88.838717,0.57,,FL,0.61,TL,2025-10-12 00:00:00.000,USM,2,USMCOB-USM3622,2026-05-05 00:00:00.000,UTC,2025,10,12,285,"00:00:00",,POINT(-88.838717 30.27525),USMCOB-USM3622
USMCOB,"27.41816, -82.67623",27.41816,-82.67623,0.86,,FL,0.94,TL,2025-09-29 00:00:00.000,USM,1,USMCOB-USM571,2026-05-05 00:00:00.000,UTC,2025,9,29,272,"00:00:00",,POINT(-82.67623 27.41816),USMCOB-USM571
USMCOB,"27 21 38.3, - 82 37 23.5",27.360639,-82.623194,0.95,,FL,1.02,TL,2025-10-25 00:00:00.000,USM,2,USMCOB-USM571,2026-05-05 00:00:00.000,UTC,2025,10,25,298,"00:00:00",,POINT(-82.623194 27.360639),USMCOB-USM571
