"","...1","X","datecollected","latitude","longitude","project_shortcode","catalogNumber","length","timeofday","interaction_order","data_source","mean.chlorophyll","zone","date","temp","bottom_temp","salinity","east_velo","north_velo","region"
"1",1,1,2003-01-19,28.859,-88.063,"USMCOB","USMCOB-RC33703",1.02,00:00:00,2,"mark-recapture",0.332176834344864,11,2003-01-19,19.397412031889,4.08200325071812,35.8485671225935,0.183721426874399,-0.15930661931634,"NCentral_GOA_Shelf"
"2",2,2,2003-02-25,24.924,-80.625,"USMCOB","USMCOB-RC37237",NA,00:00:00,2,"mark-recapture",NA,NA,2003-02-25,23.6814783141017,23.655110321939,36.2163151614368,-0.0469985045492649,0.0640888698399067,"SFL_Shelf"
"3",3,3,2003-03-18,30.315,-87.203,"USMCOB","USMCOB-RC38801",1.19,00:00:00,1,"mark-recapture",NA,10,2003-03-18,18.988708153367,19.3725089281797,27.6268806774169,0.130619220435619,-0.00976592302322388,"FL_Panhandle"
"4",4,4,2003-03-26,24.563,-81.726,"USMCOB","USMCOB-RC29197",0.91,00:00:00,2,"mark-recapture",NA,1,2003-03-26,25.3675649240613,25.5089266598225,36.0530411358923,-0.152592547237873,-0.143436994403601,"SFL_Shelf"
"5",5,5,2003-03-27,30.315,-87.203,"USMCOB","USMCOB-RC36816",1.19,00:00:00,1,"mark-recapture",NA,10,2003-03-27,20.3539841920137,21.0556657612324,25.6721701472998,-0.0616473890841007,0.0305185094475746,"FL_Panhandle"
"6",6,6,2003-03-27,30.38,-86.5,"USMCOB","USMCOB-RC38141",0.84,00:00:00,1,"mark-recapture",NA,9,2003-03-27,20.0719931647182,20.7326578572392,31.9742423482239,-0.0878933072090149,0.0988799706101418,"FL_Panhandle"
"7",7,7,2003-03-28,30.246,-88.782,"USMCOB","USMCOB-RC37801",0.85,00:00:00,1,"mark-recapture",NA,11,2003-03-28,20.9472640156746,22.5681630894542,12.3035370837897,-0.0695822015404701,0.0079348124563694,"NCentral_GOA_Shelf"
"8",8,8,2003-03-28,30.378,-86.862,"USMCOB","USMCOB-RC38142",0.89,00:00:00,1,"mark-recapture",NA,9,2003-03-28,20.2463148906827,20.7509689629078,31.6019165329635,-0.200201421976089,0.0714133121073246,"FL_Panhandle"
"9",9,9,2003-04-03,30.333,-87.15,"USMCOB","USMCOB-RC32878",1.22,00:00:00,2,"mark-recapture",3.70929944515228,10,2003-04-03,18.9161961749196,20.6271858885884,27.5292214471847,0.0592059083282948,0.0787377543747425,"FL_Panhandle"
"10",10,10,2003-04-06,30.315,-87.203,"USMCOB","USMCOB-RC39419",0.97,00:00:00,1,"mark-recapture",NA,10,2003-04-06,20.4675130471587,21.0036622211337,26.6167180147022,0.0415051728487015,0.0512710958719254,"FL_Panhandle"
"11",11,11,2003-04-08,24.924,-80.625,"USMCOB","USMCOB-T1080",0.95,00:00:00,2,"mark-recapture",NA,NA,2003-04-08,25.4349497929215,25.4752342253923,36.1095003783703,-0.0103762932121754,0.190435498952866,"SFL_Shelf"
"12",12,12,2003-04-13,30.35,-87,"USMCOB","USMCOB-RC36817",0.69,00:00:00,1,"mark-recapture",NA,10,2003-04-13,20.3320108652115,20.2404553368688,32.3801385238767,0.340586565434933,0.0140385143458843,"FL_Panhandle"
"13",13,13,2003-04-13,30.378,-86.862,"USMCOB","USMCOB-RC39443",1.09,00:00:00,1,"mark-recapture",NA,9,2003-04-13,20.2551042214036,20.5356303602457,34.1303750406951,0.222174748778343,-0.0897244177758694,"FL_Panhandle"
"14",14,14,2003-04-16,29.212,-80.998,"USMCOB","USMCOB-RC30039",0.97,00:00:00,2,"mark-recapture",NA,7,2003-04-16,22.4846644476056,22.3315836042166,36.2315744161606,-0.0701925717294216,0.0439466536045074,"EFL_Shelf"
"15",15,15,2003-04-16,30.271,-85.986,"USMCOB","USMCOB-RC37659",1.02,00:00:00,1,"mark-recapture",NA,8,2003-04-16,21.0300302132964,20.5187841430306,35.2122562006116,-0.102542191743851,0.115359965711832,"FL_Panhandle"
"16",16,16,2003-04-16,30.315,-87.203,"USMCOB","USMCOB-RC39453",1.09,00:00:00,1,"mark-recapture",NA,10,2003-04-16,21.3632923364639,22.1916867569089,26.7387920524925,0.04089480265975,0.102542191743851,"FL_Panhandle"
"17",17,17,2003-04-16,30.38,-86.5,"USMCOB","USMCOB-RC38001",0.89,00:00:00,1,"mark-recapture",NA,9,2003-04-16,21.0959501937032,21.0856959745288,34.3806268181652,-0.0573747977614403,0.102542191743851,"FL_Panhandle"
"18",18,18,2003-04-18,30.315,-87.203,"USMCOB","USMCOB-RC39349",1.12,00:00:00,1,"mark-recapture",NA,10,2003-04-18,22.0708334594965,22.4736777842045,26.1986144352704,0.219122897833586,-0.00915555283427238,"FL_Panhandle"
"19",19,19,2003-04-19,28.14,-82.8,"USMCOB","USMCOB-RC37378",0.81,00:00:00,2,"mark-recapture",NA,6,2003-04-19,23.6309396624565,23.4478286057711,33.8908047415316,-0.04089480265975,-0.0482192449271679,"WFL_Shelf"
"20",20,20,2003-04-21,29.281,-84.953,"USMCOB","USMCOB-RC36816",1.19,00:00:00,2,"mark-recapture",NA,7,2003-04-21,21.777123324573,20.5700552389026,35.6242560781538,-0.0958281196653843,0.0347911007702351,"FL_Panhandle"
"21",21,21,2003-04-21,29.648479,-88.826419,"USMCOB","USMCOB-RC33401",0.85,00:00:00,1,"mark-recapture",NA,11,2003-04-21,23.3101290911436,23.0559709444642,18.34009825252,-0.0604266487061977,-0.122074037790298,"NCentral_GOA_Shelf"
"22",22,22,2003-04-23,30.315,-87.203,"USMCOB","USMCOB-RC39437",0.86,00:00:00,1,"mark-recapture",NA,10,2003-04-23,22.7014679387212,23.2156437858939,29.3465986847878,0.00305185094475746,-0.0299081392586231,"FL_Panhandle"
"23",23,23,2003-04-23,30.378,-86.862,"USMCOB","USMCOB-RC33443",0.79,00:00:00,1,"mark-recapture",NA,9,2003-04-23,23.1731620207429,23.433912165463,33.703115908429,-0.0366222113370895,-0.00427259132266045,"FL_Panhandle"
"24",24,24,2003-04-23,30.393,-86.688,"USMCOB","USMCOB-RC38022",0.91,00:00:00,1,"mark-recapture",NA,9,2003-04-23,22.7534714788198,21.7214575633407,34.2997527681291,-0.0567644275724888,0.00122074037790298,"FL_Panhandle"
"25",25,25,2003-04-26,30.244,-88.777,"USMCOB","USMCOB-RC36866",0.93,00:00:00,2,"mark-recapture",NA,11,2003-04-26,24.5618762746453,24.7288735583425,9.70793785527349,0.207525864243507,-0.0903347879648209,"NCentral_GOA_Shelf"
"26",26,26,2003-04-26,30.315,-87.203,"USMCOB","USMCOB-RC38816",0.91,00:00:00,1,"mark-recapture",NA,10,2003-04-26,22.7798394709826,23.2178411185741,30.249946564436,0.0354014709591866,-0.172124393284321,"FL_Panhandle"
"27",27,27,2003-04-26,30.315,-87.203,"USMCOB","USMCOB-RC38838",0.94,00:00:00,1,"mark-recapture",NA,10,2003-04-26,22.7798394709826,23.2178411185741,30.249946564436,0.0354014709591866,-0.172124393284321,"FL_Panhandle"
"28",28,28,2003-04-30,30.315,-87.203,"USMCOB","USMCOB-RC38103",0.99,00:00:00,1,"mark-recapture",NA,10,2003-04-30,23.0816064924002,23.1856135725975,33.8862269651145,-0.10620441287756,0.0219733268022537,"FL_Panhandle"
"29",29,29,2003-05-02,29.38,-88.62,"USMCOB","USMCOB-RC34698",0.88,00:00:00,2,"mark-recapture",NA,11,2003-05-02,24.0953093022108,19.7270119339228,25.5607775878161,-0.0714133121073246,-0.191045869141817,"NCentral_GOA_Shelf"
"30",30,30,2003-05-03,29.336,-88.11,"USMCOB","USMCOB-RC30362",1.14,00:00:00,2,"mark-recapture",NA,11,2003-05-03,23.9026764705777,19.6273995190859,31.2860499601811,-0.150151066482067,-0.0299081392586231,"NCentral_GOA_Shelf"
"31",31,31,2003-05-03,29.988,-88.215,"USMCOB","USMCOB-RC33473",1.05,00:00:00,2,"mark-recapture",NA,11,2003-05-03,24.8541215211153,20.9597155675292,17.3757133539766,0.0225836969912052,-0.117801446467638,"NCentral_GOA_Shelf"
"32",32,32,2003-05-05,27.025,-82.469,"USMCOB","USMCOB-RC30575",1.02,00:00:00,2,"mark-recapture",NA,5,2003-05-05,27.0353404283524,26.97967466712,36.0927151981741,-0.109866634011269,0.190435498952866,"WFL_Shelf"
"33",33,33,2003-05-12,30.315,-87.203,"USMCOB","USMCOB-RC34825",0.71,00:00:00,1,"mark-recapture",NA,10,2003-05-12,26.5028534755111,26.4757530391216,30.0668355077505,0.177617724984884,-0.133671071380377,"FL_Panhandle"
"34",34,34,2003-05-14,26.955,-82.06,"USMCOB","USMCOB-RC36450",0.83,00:00:00,2,"mark-recapture",NA,4,2003-05-14,29.2041077837348,29.0971709266305,36.245307745412,0.0665303505957127,-0.00976592302322388,"WFL_Shelf"
"35",35,35,2003-05-25,28.795,-89.989,"USMCOB","USMCOB-RC33401",0.91,00:00:00,2,"mark-recapture",11.4864190419515,13,2003-05-25,26.4449903815985,22.0202948078513,24.9122592620552,-0.148319955915213,-0.116580706089735,"NCentral_GOA_Shelf"
"36",36,36,2003-06-14,28.568,-94.809,"USMCOB","USMCOB-RC38141",1.02,00:00:00,2,"mark-recapture",NA,18,2003-06-14,27.7941526472569,22.7542039230466,32.1771904360503,0.0854518264532089,0.0311288796365261,"TX_Shelf"
"37",37,37,2003-06-17,30.079,-87.3,"USMCOB","USMCOB-RC34690",1.32,00:00:00,2,"mark-recapture",NA,10,2003-06-17,29.0231940597296,22.8318430110812,27.1782585885376,-0.0238044373691082,0.0366222113370895,"FL_Panhandle"
"38",38,38,2003-06-22,30.216,-88.994,"USMCOB","USMCOB-T991",0.79,00:00:00,1,"mark-recapture",NA,11,2003-06-22,29.0678731575608,31.9214758649468,14.319284632802,0.100711081176996,0.00915555283427238,"NCentral_GOA_Shelf"
"39",39,39,2003-06-26,29.475,-91.34,"USMCOB","USMCOB-RC37239",NA,00:00:00,2,"mark-recapture",NA,14,2003-06-26,29.9651173353195,29.8354747071862,24.2774742655456,-0.0225836969912052,0.0311288796365261,"NCentral_GOA_Shelf"
"40",40,40,2003-07-01,28.916667,-82.95,"USMCOB","USMCOB-RC37371",0.89,00:00:00,2,"mark-recapture",NA,6,2003-07-01,29.2605059891939,29.2597735449672,36.0683003906161,-0.0634784996509552,0.123905148357153,"WFL_Shelf"
"41",41,41,2003-07-10,25,-81.5,"USMCOB","USMCOB-RC38022",0.99,00:00:00,2,"mark-recapture",NA,3,2003-07-10,29.2077700048685,29.1975157856941,35.7646412216127,-0.0860621966421604,0.0671407207846642,"SFL_Shelf"
"42",42,42,2003-07-11,28.662,-92.409,"USMCOB","USMCOB-RC39437",NA,00:00:00,2,"mark-recapture",0.346152007579803,15,2003-07-11,28.8012634590268,23.8147831633687,33.7107455357909,0.0366222113370895,-0.0439466536045074,"NCentral_GOA_Shelf"
"43",43,43,2003-07-12,29.347,-88.282,"USMCOB","USMCOB-RC36502",0.94,00:00:00,2,"mark-recapture",NA,11,2003-07-12,28.6657612770796,21.5083162933588,23.9600817672908,0.0469985045492649,-0.0750755332410336,"NCentral_GOA_Shelf"
"44",44,44,2003-07-17,35.594,-75.459,"USMCOB","USMCOB-RC28499",NA,00:00:00,2,"mark-recapture",NA,7,2003-07-17,NA,NA,NA,NA,NA,"EFL_Shelf"
"45",45,45,2003-08-02,28.528,-90.027,"USMCOB","USMCOB-RC38001",0.99,00:00:00,2,"mark-recapture",NA,13,2003-08-02,29.4113894999027,16.9759514182806,33.4040345158428,0.215460676699877,0.0903347879648209,"NCentral_GOA_Shelf"
"46",46,46,2003-08-02,29.908,-87.556,"USMCOB","USMCOB-RC37801",0.91,00:00:00,2,"mark-recapture",NA,10,2003-08-02,28.9902340695262,24.9105197265744,24.9900814611465,0.11047700420022,0.00366222113370895,"NCentral_GOA_Shelf"
"47",47,47,2003-08-06,30.216,-88.996,"USMCOB","USMCOB-RC39871",0.56,00:00:00,1,"mark-recapture",NA,11,2003-08-06,30.4792931824923,32.689809858799,18.7292092479765,0.169072542339563,-0.00732444226741791,"NCentral_GOA_Shelf"
"48",48,48,2003-08-15,26.983,-83.467,"USMCOB","USMCOB-RC31279",1.07,00:00:00,2,"mark-recapture",NA,4,2003-08-15,29.0554216057062,23.4368419423699,35.1145969703794,-0.0183111056685448,0.180669575929642,"WFL_Shelf"
"49",49,49,2003-08-20,30.241,-88.506,"USMCOB","USMCOB-RC38381",0.56,00:00:00,1,"mark-recapture",NA,11,2003-08-20,29.2861415371299,30.4170354232192,24.5719778817147,0.0988799706101418,-0.0476088747382164,"NCentral_GOA_Shelf"
"50",50,50,2003-09-10,28.792,-82.81,"USMCOB","USMCOB-RC30989",0.89,00:00:00,2,"mark-recapture",5.71781194210052,6,2003-09-10,29.0554216057062,29.0539567172527,35.7051301281899,0.0140385143458843,-0.0799584947526455,"WFL_Shelf"
"51",51,51,2003-09-13,30.033,-85.733,"USMCOB","USMCOB-RC38816",0.97,00:00:00,2,"mark-recapture",NA,8,2003-09-13,28.8129825666547,30.3371990025043,32.570879207924,-0.0134281441569328,0.0415051728487015,"FL_Panhandle"
"52",52,52,2003-09-22,26.35,-81.856,"USMCOB","USMCOB-RC36790",0.76,00:00:00,1,"mark-recapture",NA,4,2003-09-22,29.4084597229958,29.3996703922749,35.9080782160163,-0.135502181947231,0.148319955915213,"WFL_Shelf"
"53",53,53,2003-09-30,26.136,-81.856,"USMCOB","USMCOB-RC36790",0.86,00:00:00,2,"mark-recapture",NA,4,2003-09-30,29.3579210713506,29.3557237386703,35.7219153083861,-0.0445570237934589,0.0817896053195,"WFL_Shelf"
"54",54,54,2003-10-05,29.843,-84.856,"USMCOB","USMCOB-RC38103",1.17,00:00:00,2,"mark-recapture",NA,7,2003-10-05,NA,NA,NA,NA,NA,"FL_Panhandle"
"55",55,55,2003-10-07,30.243,-88.033,"USMCOB","USMCOB-T991",0.91,00:00:00,2,"mark-recapture",NA,11,2003-10-07,25.3463240414858,25.4400769025087,30.6146427523345,-0.00610370188951492,-0.00183111056685448,"NCentral_GOA_Shelf"
"56",56,56,2003-10-09,30.213,-88.966,"USMCOB","USMCOB-RC32186",0.69,00:00:00,1,"mark-recapture",NA,11,2003-10-09,24.8826868459582,25.5689870864153,27.4605548009276,-0.0592059083282948,-0.00488296151161194,"NCentral_GOA_Shelf"
"57",57,57,2004-01-02,29.077,-80.91,"USMCOB","USMCOB-RC32503",NA,00:00:00,2,"mark-recapture",NA,7,2004-01-02,20.7714774012566,20.6447645500302,36.3597521558404,-0.0726340524852276,0.0549333170056343,"EFL_Shelf"
"58",58,58,2004-01-06,25.156,-81.14,"USMCOB","USMCOB-RC37301",0.86,00:00:00,2,"mark-recapture",NA,3,2004-01-06,23.1768242418766,23.0413220599294,36.3078706897795,0.0762962736189365,-0.116580706089735,"EFL_Shelf"
"59",59,59,2004-03-07,27.165,-80.15,"USMCOB","USMCOB-RC39419",NA,00:00:00,2,"mark-recapture",NA,5,2004-03-07,22.8875087723136,22.7695852518082,36.2361521925777,-0.264900662004948,0.311899166554213,"EFL_Shelf"
"60",60,60,2004-03-12,28.395,-80.587,"USMCOB","USMCOB-RC37113",0.69,00:00:00,1,"mark-recapture",NA,6,2004-03-12,NA,NA,NA,NA,NA,"EFL_Shelf"
"61",61,61,2004-03-14,28.20435,-80.3302,"USMCOB","USMCOB-RC32041",1.17,00:00:00,2,"mark-recapture",0.484260320663452,6,2004-03-14,22.0854823440313,22.0657063499093,36.2987151369452,-0.0891140475869179,0.15137180685997,"EFL_Shelf"
"62",62,62,2004-03-15,25.766,-80.126,"USMCOB","USMCOB-RC39349",1.21,00:00:00,2,"mark-recapture",NA,3,2004-03-15,23.3423566371202,23.3789788484573,36.1537522170693,0.037232581526041,0.406506545841694,"EFL_Shelf"
"63",63,63,2004-03-20,30.267,-87.585,"USMCOB","USMCOB-RC36817",0.97,00:00:00,2,"mark-recapture",3.34823624293009,10,2004-03-20,18.6466566994786,18.5148167386651,29.9859614577144,-0.0079348124563694,-0.0927762687206268,"NCentral_GOA_Shelf"
"64",64,64,2004-03-28,30.26,-87.58,"USMCOB","USMCOB-RC38801",1.3,00:00:00,2,"mark-recapture",3.01704248785973,10,2004-03-28,18.906674399972,18.7748344391584,33.1583605147898,-0.17578661441803,-0.0140385143458843,"NCentral_GOA_Shelf"
"65",65,65,2004-04-06,30.38,-86.5,"USMCOB","USMCOB-RC36802",1.12,00:00:00,2,"mark-recapture",NA,9,2004-04-06,18.8949552923441,18.7741019949317,34.8490859381855,-0.0262459181249142,0.0231940671801567,"FL_Panhandle"
"66",66,66,2004-04-16,30.315,-87.203,"USMCOB","USMCOB-RC39439",0.86,00:00:00,1,"mark-recapture",NA,10,2004-04-16,18.9220557287335,19.573198646307,31.2158573884517,0.294198431074619,0.124515518546104,"FL_Panhandle"
"67",67,67,2004-04-17,30.315,-87.203,"USMCOB","USMCOB-RC41264",0.89,00:00:00,1,"mark-recapture",2.95381253957748,10,2004-04-17,19.5351115465164,20.1635486930609,28.1884212512523,0.0555436871945858,0.0933866389095783,"FL_Panhandle"
"68",68,68,2004-04-17,30.315,-87.203,"USMCOB","USMCOB-RC39401",0.84,00:00:00,1,"mark-recapture",2.95381253957748,10,2004-04-17,19.5351115465164,20.1635486930609,28.1884212512523,0.0555436871945858,0.0933866389095783,"FL_Panhandle"
"69",69,69,2004-04-17,30.333,-87.15,"USMCOB","USMCOB-CB28364",1.47,00:00:00,2,"mark-recapture",2.66248846054077,10,2004-04-17,19.5351115465164,20.1635486930609,28.1884212512523,0.0555436871945858,0.0933866389095783,"FL_Panhandle"
"70",70,70,2004-04-18,30.315,-87.203,"USMCOB","USMCOB-RC34748",0.99,00:00:00,1,"mark-recapture",NA,10,2004-04-18,19.8090456873178,20.4308908358216,27.9152805916965,-0.0897244177758694,0.0250251777470112,"FL_Panhandle"
"71",71,71,2004-04-20,24.378,-81.758,"USMCOB","USMCOB-RC36590",1.02,00:00:00,2,"mark-recapture",NA,1,2004-04-20,24.2051759362221,19.3732413724065,36.2987151369452,-0.0152592547237873,0.04089480265975,"SFL_Shelf"
"72",72,72,2004-04-21,30.116,-86.648,"USMCOB","USMCOB-RC40665",1.22,00:00:00,1,"mark-recapture",NA,9,2004-04-21,19.7563097029924,19.1388592198491,35.6547745876014,-0.162358470261097,0.104983672499657,"FL_Panhandle"
"73",73,73,2004-04-21,30.288,-87.427,"USMCOB","USMCOB-RC41364",1.17,00:00:00,1,"mark-recapture",NA,10,2004-04-21,20.6279183328152,20.1349833682179,26.5053254552186,0.0927762687206268,0.0274666585028172,"FL_Panhandle"
"74",74,74,2004-04-22,30.378,-86.862,"USMCOB","USMCOB-RC40595",0.94,00:00:00,1,"mark-recapture",NA,9,2004-04-22,20.7582934051752,20.7246009707451,34.8948637023568,-0.11841181665659,0.0463881343603134,"FL_Panhandle"
"75",75,75,2004-04-22,30.378,-86.862,"USMCOB","USMCOB-RC40596",NA,00:00:00,1,"mark-recapture",NA,9,2004-04-22,20.7582934051752,20.7246009707451,34.8948637023568,-0.11841181665659,0.0463881343603134,"FL_Panhandle"
"76",76,76,2004-04-22,30.38,-86.5,"USMCOB","USMCOB-RC41043",0.86,00:00:00,1,"mark-recapture",NA,9,2004-04-22,20.6345103308558,20.5956907868385,35.1420636288822,-0.153813287615776,0.0817896053195,"FL_Panhandle"
"77",77,77,2004-04-22,30.38,-86.5,"USMCOB","USMCOB-RC41044",0.76,00:00:00,1,"mark-recapture",NA,9,2004-04-22,20.6345103308558,20.5956907868385,35.1420636288822,-0.153813287615776,0.0817896053195,"FL_Panhandle"
"78",78,78,2004-04-23,30.315,-87.203,"USMCOB","USMCOB-RC39334",1.04,00:00:00,1,"mark-recapture",NA,10,2004-04-23,21.0153813287616,20.9597155675292,33.4788048639894,-0.13916440308094,-0.0463881343603134,"FL_Panhandle"
"79",79,79,2004-04-23,30.333,-87.15,"USMCOB","USMCOB-RC34825",1.04,00:00:00,2,"mark-recapture",NA,10,2004-04-23,21.0153813287616,20.9597155675292,33.4788048639894,-0.13916440308094,-0.0463881343603134,"FL_Panhandle"
"80",80,80,2004-04-23,30.333,-87.15,"USMCOB","USMCOB-RC41044",0.76,00:00:00,2,"mark-recapture",NA,10,2004-04-23,21.0153813287616,20.9597155675292,33.4788048639894,-0.13916440308094,-0.0463881343603134,"FL_Panhandle"
"81",81,81,2004-04-23,30.353,-86.989,"USMCOB","USMCOB-RC40755",0.76,00:00:00,2,"mark-recapture",0.700469017028809,9,2004-04-23,20.7370525225997,19.7995239123702,35.0047303363681,-0.235602892935276,0.00854518264532089,"FL_Panhandle"
"82",82,82,2004-04-23,30.38,-86.5,"USMCOB","USMCOB-CB24975",NA,00:00:00,2,"mark-recapture",NA,9,2004-04-23,21.0183111056685,20.8959929198027,35.1390117779374,-0.186162907630205,0.0720236822962761,"FL_Panhandle"
"83",83,83,2004-04-23,30.38,-86.5,"USMCOB","USMCOB-RC40755",0.76,00:00:00,1,"mark-recapture",NA,9,2004-04-23,21.0183111056685,20.8959929198027,35.1390117779374,-0.186162907630205,0.0720236822962761,"FL_Panhandle"
"84",84,84,2004-04-24,30.378,-86.862,"USMCOB","USMCOB-RC40600",0.89,00:00:00,1,"mark-recapture",NA,9,2004-04-24,21.6782433539629,21.6101260408759,34.8857081495225,-0.168462172150612,0.0292977690696716,"FL_Panhandle"
"85",85,85,2004-04-25,30.315,-87.203,"USMCOB","USMCOB-RC41370",1.02,00:00:00,1,"mark-recapture",NA,10,2004-04-25,21.510513626039,21.3252052366734,35.2351450826973,-0.189825128763914,-0.0170903652906418,"FL_Panhandle"
"86",86,86,2004-04-25,30.315,-87.203,"USMCOB","USMCOB-RC40529",0.91,00:00:00,1,"mark-recapture",NA,10,2004-04-25,21.510513626039,21.3252052366734,35.2351450826973,-0.189825128763914,-0.0170903652906418,"FL_Panhandle"
"87",87,87,2004-04-27,30.315,-87.203,"USMCOB","USMCOB-RC40695",0.94,00:00:00,1,"mark-recapture",NA,10,2004-04-27,21.8562273010612,21.7734611034393,34.7422711551189,-0.129398480057716,-0.134281441569328,"FL_Panhandle"
"88",88,88,2004-04-28,30.325,-87.158,"USMCOB","USMCOB-RC23055",1.24,00:00:00,2,"mark-recapture",0.82608351111412,10,2004-04-28,21.7815179899335,21.9023712873459,34.6446119248867,-0.0170903652906418,-0.00610370188951492,"FL_Panhandle"
"89",89,89,2004-05-01,29.796667,-88.288333,"USMCOB","USMCOB-RC34692",1.07,00:00:00,2,"mark-recapture",NA,11,2004-05-01,22.4429151266813,19.6794030591846,28.3028656616807,0.00122074037790298,-0.0720236822962761,"NCentral_GOA_Shelf"
"90",90,90,2004-05-01,30.043,-88.878,"USMCOB","USMCOB-RC40695",0.99,00:00:00,2,"mark-recapture",NA,11,2004-05-01,23.7298196330667,24.7457197755575,11.5619373042136,0.0354014709591866,0.0439466536045074,"NCentral_GOA_Shelf"
"91",91,91,2004-05-07,30.67,-81.4,"CTCCOB","CTCCOB-414628",1.143,00:00:00,1,"mark-recapture",NA,7,2004-05-07,23.3255104199052,23.0449842810631,35.8668782282621,0.0250251777470112,0.20447401329875,"EFL_Shelf"
"92",92,92,2004-05-08,28.703,-92.407,"USMCOB","USMCOB-RC34748",1.12,00:00:00,2,"mark-recapture",NA,15,2004-05-08,23.0501113906503,22.0803552344441,35.8317819423974,-0.0921658985316753,0.0689718313515186,"NCentral_GOA_Shelf"
"93",93,93,2004-05-08,29.942,-88.677,"USMCOB","USMCOB-RC41370",1.04,00:00:00,2,"mark-recapture",NA,11,2004-05-08,22.9732047468424,21.9909970387816,17.6671651192009,-0.00976592302322388,0.0427259132266045,"NCentral_GOA_Shelf"
"94",94,94,2004-05-22,29.0667,-88.95,"USMCOB","USMCOB-ST32901",NA,00:00:00,2,"mark-recapture",8.8093372186025,11,2004-05-22,26.2743308767676,20.1349833682179,22.9850153904408,-0.112308114767075,-0.134281441569328,"NCentral_GOA_Shelf"
"95",95,95,2004-05-23,29.345,-88.81,"USMCOB","USMCOB-RC37659",NA,00:00:00,2,"mark-recapture",NA,11,2004-05-23,26.4772179275751,20.8754844814539,18.6834314838052,-0.0946073792874813,0.036011841148138,"NCentral_GOA_Shelf"
"96",96,96,2004-05-23,32.2,-80.8,"CTCCOB","CTCCOB-414628",NA,00:00:00,2,"mark-recapture",NA,7,2004-05-23,NA,NA,NA,NA,NA,"EFL_Shelf"
"97",97,97,2004-05-26,29.499,-88.672,"USMCOB","USMCOB-RC39439",1.07,00:00:00,2,"mark-recapture",2.5742130279541,11,2004-05-26,26.9533066749573,21.7566148862243,15.2867213822901,0.0598162785172462,-0.0640888698399067,"NCentral_GOA_Shelf"
"98",98,98,2004-06-15,30.333,-87.15,"USMCOB","USMCOB-RC39334",1.07,00:00:00,2,"mark-recapture",NA,10,2004-06-15,28.2453382909298,28.3083284944296,25.2037110272795,0.0860621966421604,0.076906643807888,"FL_Panhandle"
"99",99,99,2004-06-19,29.425,-88.615,"USMCOB","USMCOB-CB24976",1.27,00:00:00,2,"mark-recapture",NA,11,2004-06-19,29.6208685487509,21.0498062074184,24.6559037826955,0.0244148075580597,-0.0146488845348358,"NCentral_GOA_Shelf"
"100",100,100,2004-06-24,28.2,-92.8,"USMCOB","USMCOB-RC33443",0.97,00:00:00,2,"mark-recapture",NA,16,2004-06-24,28.9528794139624,20.1452375873923,34.5194860361516,0.0256355479359627,0.0238044373691082,"NCentral_GOA_Shelf"
"101",101,101,2004-06-30,29.335,-88.295,"USMCOB","USMCOB-RC38142",1.02,00:00:00,2,"mark-recapture",NA,11,2004-06-30,28.582262635231,20.7517014071345,27.6360362302512,-0.0347911007702351,0.0378429517149925,"NCentral_GOA_Shelf"
"102",102,102,2004-07-01,28.39333,-90.583333,"USMCOB","USMCOB-RC39401",NA,00:00:00,2,"mark-recapture",NA,14,2004-07-01,29.1022980362177,22.2129276394844,34.4874416012317,0.036011841148138,0.0158696249127388,"NCentral_GOA_Shelf"
"103",103,103,2004-07-27,30.324,-89.061,"USMCOB","USMCOB-RC38405",0.33,00:00:00,1,"mark-recapture",NA,12,2004-07-27,30.9487899318337,33.5614184886217,18.9855647273362,0.0225836969912052,-0.0573747977614403,"NCentral_GOA_Shelf"
"104",104,104,2004-08-07,30.213,-88.966,"USMCOB","USMCOB-RC38621",0.66,00:00:00,1,"mark-recapture",NA,11,2004-08-07,30.6001464799047,32.7828302755952,20.805993815884,-0.0927762687206268,-0.043336283415556,"NCentral_GOA_Shelf"
"105",105,105,2004-08-07,30.32,-89.088,"USMCOB","USMCOB-RC38405",0.34,00:00:00,2,"mark-recapture",NA,12,2004-08-07,31.6065248474479,33.963530369103,19.7729422710836,-0.0378429517149925,-0.0366222113370895,"NCentral_GOA_Shelf"
"106",106,106,2004-08-10,30.221,-88.912,"USMCOB","USMCOB-RC32186",1,00:00:00,2,"mark-recapture",NA,11,2004-08-10,29.2502517700195,29.8735618069768,25.1503036357462,0.109866634011269,0.0128177739679813,"NCentral_GOA_Shelf"
"107",107,107,2004-08-24,26.964227,-80.066878,"USMCOB","USMCOB-RC37683",0.66,00:00:00,1,"mark-recapture",NA,4,2004-08-24,27.0228888764977,26.866145811975,36.2743003293872,-0.17578661441803,0.718405712395906,"EFL_Shelf"
"108",108,108,2004-08-25,30.168692,-88.789684,"USMCOB","USMCOB-RC33247",0.61,00:00:00,1,"mark-recapture",NA,11,2004-08-25,29.2890713140368,29.3813592866063,23.8685262389481,-0.0164799951016903,-0.0238044373691082,"NCentral_GOA_Shelf"
"109",109,109,2004-08-28,28.568239,-94.736477,"USMCOB","USMCOB-RC35087",0.86,00:00:00,1,"mark-recapture",NA,18,2004-08-28,29.2568437680602,28.5463728681207,34.2722861096263,-0.0799584947526455,-0.037232581526041,"TX_Shelf"
"110",110,110,2004-10-01,28.391,-80.594,"USMCOB","USMCOB-RC38651",0.8,00:00:00,1,"mark-recapture",NA,6,2004-10-01,NA,NA,NA,NA,NA,"EFL_Shelf"
"111",111,111,2004-10-26,30.05,-86.21,"USMCOB","USMCOB-RC38381",0.99,00:00:00,2,"mark-recapture",NA,9,2004-10-26,25.4334849044681,25.3997924700379,34.8261970560998,-0.076906643807888,0.0445570237934589,"FL_Panhandle"
"112",112,112,2004-10-27,30.225,-89.092,"USMCOB","USMCOB-SH145",0.45,00:00:00,1,"mark-recapture",NA,12,2004-10-27,26.1732535734773,28.5024262145162,18.1142612826079,-0.00122074037790298,0.0402844324707985,"NCentral_GOA_Shelf"
"113",113,113,2005-01-05,26.96,-82.384,"USMCOB","USMCOB-RC38726",0.79,00:00:00,1,"mark-recapture",NA,4,2005-01-05,18.543382063508,18.4276558756828,36.4665669389069,-0.0921658985316753,0.125736258924007,"WFL_Shelf"
"114",114,114,2005-03-05,26.13946,-81.839495,"USMCOB","USMCOB-RC41770",0.83,00:00:00,1,"mark-recapture",NA,4,2005-03-05,19.6508377343416,19.6054261922836,36.289559584111,-0.00854518264532089,-0.0775170139968395,"WFL_Shelf"
"115",115,115,2005-03-31,25.78,-80.16,"USMCOB","USMCOB-RC41779",0.64,00:00:00,1,"mark-recapture",NA,3,2005-03-31,25.1405072137713,25.0782494544983,36.1964781302959,0.0231940671801567,0.473036896437407,"EFL_Shelf"
"116",116,116,2005-03-31,27.165,-80.15,"USMCOB","USMCOB-RC41264",NA,00:00:00,2,"mark-recapture",NA,5,2005-03-31,22.8113345727324,22.7476119250059,36.2559892237186,-0.295419171452522,0.33936582505703,"EFL_Shelf"
"117",117,117,2005-04-04,28.395,-80.587,"USMCOB","USMCOB-RC37118",0.81,00:00:00,1,"mark-recapture",NA,6,2005-04-04,NA,NA,NA,NA,NA,"EFL_Shelf"
"118",118,118,2005-04-05,30.315,-87.203,"USMCOB","USMCOB-RC27569",1.02,00:00:00,1,"mark-recapture",NA,10,2005-04-05,19.754844814539,20.9421369060874,28.6370433401316,0.160527359694242,0.165410321205854,"FL_Panhandle"
"119",119,119,2005-04-05,30.315,-87.203,"USMCOB","USMCOB-RC42105",0.99,00:00:00,1,"mark-recapture",NA,10,2005-04-05,19.754844814539,20.9421369060874,28.6370433401316,0.160527359694242,0.165410321205854,"FL_Panhandle"
"120",120,120,2005-04-05,30.315,-87.203,"USMCOB","USMCOB-RC27879",0.93,00:00:00,1,"mark-recapture",NA,10,2005-04-05,19.754844814539,20.9421369060874,28.6370433401316,0.160527359694242,0.165410321205854,"FL_Panhandle"
"121",121,121,2005-04-05,30.333,-87.15,"USMCOB","USMCOB-RC27566",0.84,00:00:00,2,"mark-recapture",NA,10,2005-04-05,19.754844814539,20.9421369060874,28.6370433401316,0.160527359694242,0.165410321205854,"FL_Panhandle"
"122",122,122,2005-04-09,30.315,-87.203,"USMCOB","USMCOB-RC42110",0.94,00:00:00,1,"mark-recapture",NA,10,2005-04-09,20.5378276929259,20.7326578572392,29.2077394668013,0.109866634011269,-0.075685903429985,"FL_Panhandle"
"123",123,123,2005-04-09,30.315,-87.203,"USMCOB","USMCOB-RC40660",0.69,00:00:00,1,"mark-recapture",NA,10,2005-04-09,20.5378276929259,20.7326578572392,29.2077394668013,0.109866634011269,-0.075685903429985,"FL_Panhandle"
"124",124,124,2005-04-09,30.315,-87.203,"USMCOB","USMCOB-RC42108",1.07,00:00:00,1,"mark-recapture",NA,10,2005-04-09,20.5378276929259,20.7326578572392,29.2077394668013,0.109866634011269,-0.075685903429985,"FL_Panhandle"
"125",125,125,2005-04-12,30.315,-87.203,"USMCOB","USMCOB-RC27873",1.07,00:00:00,1,"mark-recapture",NA,10,2005-04-12,20.9912106692791,21.1538132876158,30.9533982072026,-0.108645893633366,-0.0885036773979664,"FL_Panhandle"
"126",126,126,2005-04-14,30.315,-87.203,"USMCOB","USMCOB-RC42374",0.69,00:00:00,1,"mark-recapture",24.3539943695068,10,2005-04-14,20.8095645010471,21.1889706104994,31.4004943706095,0.0775170139968395,-0.158696249127388,"FL_Panhandle"
"127",127,127,2005-04-16,30.315,-87.203,"USMCOB","USMCOB-RC42116",0.94,00:00:00,1,"mark-recapture",4.09955374399821,10,2005-04-16,20.2638935521245,21.2724692523479,32.0474867708981,0.0317392498254776,0.0720236822962761,"FL_Panhandle"
"128",128,128,2005-04-17,30.315,-87.203,"USMCOB","USMCOB-RC42119",1.07,00:00:00,1,"mark-recapture",7.43112254142761,10,2005-04-17,20.3071077615023,21.1948301643133,32.0062867831439,-0.0268562883138657,0.0274666585028172,"FL_Panhandle"
"129",129,129,2005-04-17,30.367,-86.331,"USMCOB","USMCOB-RC40595",NA,00:00:00,2,"mark-recapture",3.88279354572296,9,2005-04-17,20.0361033976078,20.1613513603806,34.4782860483974,-0.036011841148138,0.0317392498254776,"FL_Panhandle"
"130",130,130,2005-04-18,24.57,-81.79,"USMCOB","USMCOB-RC40665",1.22,00:00:00,2,"mark-recapture",NA,1,2005-04-18,24.0088808834553,23.9744560047984,36.3032929133624,-0.14709921553731,0.0799584947526455,"SFL_Shelf"
"131",131,131,2005-04-18,30.212,-85.88,"USMCOB","USMCOB-RC23101",0.89,00:00:00,1,"mark-recapture",NA,8,2005-04-18,20.0873744934797,20.038300730288,34.4172490295023,-0.00183111056685448,0.00488296151161194,"FL_Panhandle"
"132",132,132,2005-04-18,30.378,-86.862,"USMCOB","USMCOB-RC40851",0.91,00:00:00,1,"mark-recapture",NA,9,2005-04-18,20.5012054815888,20.4404126107693,34.4508193898946,-0.0964384898543358,0.00610370188951492,"FL_Panhandle"
"133",133,133,2005-04-18,30.38,-86.5,"USMCOB","USMCOB-RC40505",0.72,00:00:00,1,"mark-recapture",NA,9,2005-04-18,20.268288217485,20.200170904398,34.5103304833174,-0.0811792351305485,0.0537125766277313,"FL_Panhandle"
"134",134,134,2005-04-19,30.212,-85.88,"USMCOB","USMCOB-RC23101",0.99,00:00:00,2,"mark-recapture",NA,8,2005-04-19,20.2074953466654,20.1686758026481,34.452345315367,-0.0561540573835373,0.0720236822962761,"FL_Panhandle"
"135",135,135,2005-04-19,30.315,-87.203,"USMCOB","USMCOB-RC42122",0.99,00:00:00,1,"mark-recapture",NA,10,2005-04-19,20.2265388965607,21.0563982054591,31.4935758244246,-0.0689718313515186,-0.0305185094475746,"FL_Panhandle"
"136",136,136,2005-04-20,30.38,-86.5,"USMCOB","USMCOB-RC42129",0.91,00:00:00,1,"mark-recapture",NA,9,2005-04-20,20.7143467515707,20.5173192545772,34.5698415767401,-0.112308114767075,0.0653096102178097,"FL_Panhandle"
"137",137,137,2005-04-21,24.924,-80.625,"USMCOB","USMCOB-RC38651",0.89,00:00:00,2,"mark-recapture",NA,NA,2005-04-21,24.6717429086566,24.6754051297903,36.3795891869813,0.0256355479359627,0.105594042688608,"SFL_Shelf"
"138",138,138,2005-04-24,30.378,-86.862,"USMCOB","USMCOB-RC42140",0.97,00:00:00,1,"mark-recapture",NA,9,2005-04-24,20.6520889922976,20.6725974306464,34.5942563842982,0.18005920574069,-0.0811792351305485,"FL_Panhandle"
"139",139,139,2005-04-26,30.345,-86.23,"USMCOB","USMCOB-RC41536",1.12,00:00:00,1,"mark-recapture",NA,9,2005-04-26,20.4858241528273,20.4579912722111,34.7239600494504,0.0347911007702351,0.0701925717294216,"FL_Panhandle"
"140",140,140,2005-04-27,28.97,-90.22,"USMCOB","USMCOB-RC42108",1.35,00:00:00,2,"mark-recapture",NA,13,2005-04-27,22.4099551364779,23.2991424277425,23.1803338509053,-0.00488296151161194,-0.0579851679503918,"NCentral_GOA_Shelf"
"141",141,141,2005-04-27,30.315,-87.203,"USMCOB","USMCOB-RC43323",1.22,00:00:00,1,"mark-recapture",NA,10,2005-04-27,21.3779412209988,21.7339091151953,29.3847468215972,0.0695822015404701,-0.0909451581537724,"FL_Panhandle"
"142",142,142,2005-04-27,30.315,-87.203,"USMCOB","USMCOB-RC41657",0.89,00:00:00,1,"mark-recapture",NA,10,2005-04-27,21.3779412209988,21.7339091151953,29.3847468215972,0.0695822015404701,-0.0909451581537724,"FL_Panhandle"
"143",143,143,2005-04-27,30.315,-87.203,"USMCOB","USMCOB-RC42795",0.99,00:00:00,1,"mark-recapture",NA,10,2005-04-27,21.3779412209988,21.7339091151953,29.3847468215972,0.0695822015404701,-0.0909451581537724,"FL_Panhandle"
"144",144,144,2005-04-27,30.385,-86.745,"USMCOB","USMCOB-RC42092",0.97,00:00:00,1,"mark-recapture",NA,9,2005-04-27,20.7473067417741,20.7692800685763,34.4416638370603,-0.00488296151161194,-0.0701925717294216,"FL_Panhandle"
"145",145,145,2005-04-28,30.212,-85.88,"USMCOB","USMCOB-RC35487",1.02,00:00:00,1,"mark-recapture",NA,8,2005-04-28,20.775872066617,20.6828516498208,34.7529526334256,-0.00366222113370895,0.00183111056685448,"FL_Panhandle"
"146",146,146,2005-04-28,30.315,-87.203,"USMCOB","USMCOB-RC41576",1.14,00:00:00,1,"mark-recapture",NA,10,2005-04-28,21.3193456828594,22.2949613928795,29.3572801630944,0.112308114767075,-0.00427259132266045,"FL_Panhandle"
"147",147,147,2005-04-28,30.315,-87.203,"USMCOB","USMCOB-RC41665",0.81,00:00:00,1,"mark-recapture",NA,10,2005-04-28,21.3193456828594,22.2949613928795,29.3572801630944,0.112308114767075,-0.00427259132266045,"FL_Panhandle"
"148",148,148,2005-05-01,30.378,-86.862,"USMCOB","USMCOB-RC41536",NA,00:00:00,2,"mark-recapture",NA,9,2005-05-01,21.7339091151953,21.8335215300322,33.5764640942216,-0.135502181947231,-0.144047364592552,"FL_Panhandle"
"149",149,149,2005-05-07,29.039,-89.043,"USMCOB","USMCOB-RC40596",NA,00:00:00,2,"mark-recapture",NA,12,2005-05-07,22.387249365449,21.5610522776842,17.0400097500533,-0.248420666903257,-0.209356974810362,"NCentral_GOA_Shelf"
"150",150,150,2005-05-07,29.188,-93.309,"USMCOB","USMCOB-T998",1.07,00:00:00,2,"mark-recapture",NA,16,2005-05-07,22.2466200739145,22.1250343322754,33.4070863667876,-0.131839960813522,-0.0109866634011269,"NCentral_GOA_Shelf"
"151",151,151,2005-05-07,30.315,-87.203,"USMCOB","USMCOB-RC42097",0.97,00:00:00,1,"mark-recapture",NA,10,2005-05-07,21.4870754107833,21.6101260408759,34.3424786813557,0.00488296151161194,0.0366222113370895,"FL_Panhandle"
"152",152,152,2005-05-07,30.341,-86.45,"USMCOB","USMCOB-RC42281",1.27,00:00:00,1,"mark-recapture",NA,9,2005-05-07,21.6328318119049,21.1252479627728,34.7193822730333,0.0415051728487015,0.0268562883138657,"FL_Panhandle"
"153",153,153,2005-05-07,30.38,-86.5,"USMCOB","USMCOB-RC40507",0.79,00:00:00,1,"mark-recapture",NA,9,2005-05-07,21.8723410740495,21.6093935966492,34.7285378258675,0.0311288796365261,0.0262459181249142,"FL_Panhandle"
"154",154,154,2005-05-14,29.527333,-88.609167,"USMCOB","USMCOB-RC37824",0.84,00:00:00,1,"mark-recapture",NA,11,2005-05-14,24.6907864585519,20.2580339983106,22.0435193739831,0.0177007354795933,-0.0640888698399067,"NCentral_GOA_Shelf"
"155",155,155,2005-05-14,29.543033,-88.6177,"USMCOB","USMCOB-RC37830",0.79,00:00:00,1,"mark-recapture",NA,11,2005-05-14,24.7596362158656,21.2614825889468,21.9351786654443,0.0219733268022537,-0.0201422162353992,"NCentral_GOA_Shelf"
"156",156,156,2005-05-17,29.544,-88.677,"USMCOB","USMCOB-RC42281",1.47,00:00:00,2,"mark-recapture",1.02728573977947,11,2005-05-17,25.2796716168523,22.7791070267558,21.5277565643191,-0.0427259132266045,-0.0500503554940224,"NCentral_GOA_Shelf"
"157",157,157,2005-05-19,28.792,-95.298,"USMCOB","USMCOB-RC27873",1.27,00:00:00,2,"mark-recapture",NA,18,2005-05-19,25.9066438749433,25.5484786480665,26.8807031214237,-0.131229590624571,-0.0567644275724888,"TX_Shelf"
"158",158,158,2005-05-26,28.43048,-82.93452,"USMCOB","USMCOB-RC41993",0.83,00:00:00,1,"mark-recapture",NA,6,2005-05-26,27.6652424633503,27.6300851404667,34.1837824322283,-0.0219733268022537,-0.0817896053195,"WFL_Shelf"
"159",159,159,2005-05-28,28.795,-90.233,"USMCOB","USMCOB-RC29973",NA,00:00:00,2,"mark-recapture",NA,13,2005-05-28,26.8265938237309,22.9673451930285,21.26529738307,-0.0225836969912052,0.0622577592730522,"NCentral_GOA_Shelf"
"160",160,160,2005-05-29,29.219,-80.667,"USMCOB","USMCOB-RC37113",0.9,00:00:00,2,"mark-recapture",0.377205990254879,7,2005-05-29,26.6823023110628,26.0897549316287,36.3261817954481,-0.0286873988807201,0.0878933072090149,"EFL_Shelf"
"161",161,161,2005-05-29,30.315,-87.203,"USMCOB","USMCOB-RC41532",1.12,00:00:00,1,"mark-recapture",NA,10,2005-05-29,26.647877432406,26.8939786925912,32.7448347117752,0.129398480057716,0.00305185094475746,"FL_Panhandle"
"162",162,162,2005-05-31,30.166,-88.4,"USMCOB","USMCOB-RC39453",NA,00:00:00,2,"mark-recapture",NA,11,2005-05-31,27.7428815513849,26.4054383933544,12.8650776576251,0.166631061583757,0.00427259132266045,"NCentral_GOA_Shelf"
"163",163,163,2005-06-10,29.08,-94.27,"USMCOB","USMCOB-RC27569",NA,00:00:00,2,"mark-recapture",NA,17,2005-06-10,28.4540848955512,28.5449079796672,30.5703909136355,-0.108035523444414,-0.00122074037790298,"TX_Shelf"
"164",164,164,2005-06-12,29.08,-94.27,"USMCOB","USMCOB-RC42119",NA,00:00:00,2,"mark-recapture",1.061164021492,17,2005-06-12,28.8444776684046,28.8591265529394,31.0113833751529,-0.142216254025698,0.0152592547237873,"TX_Shelf"
"165",165,165,2005-06-19,28.703,-94.038,"USMCOB","USMCOB-RC42105",NA,00:00:00,2,"mark-recapture",0.441769503057003,17,2005-06-19,28.9287087544799,25.1178014427423,34.4325082842261,-0.0732444226741791,0.0323496200144291,"TX_Shelf"
"166",166,166,2005-07-07,28.46,-92.8,"USMCOB","USMCOB-RC42795",NA,00:00:00,2,"mark-recapture",0.33754700422287,16,2005-07-07,29.5498214587569,22.8223212361336,34.0830713510513,-0.00061037018895149,-0.0347911007702351,"NCentral_GOA_Shelf"
"167",167,167,2005-07-15,28.74,-89.93,"USMCOB","USMCOB-RC42122",1.12,00:00:00,2,"mark-recapture",NA,13,2005-07-15,28.6298715099692,26.0919522643089,26.8684957176447,-0.395519882440567,0.131229590624571,"NCentral_GOA_Shelf"
"168",168,168,2005-07-16,29.4286,-93.360353,"USMCOB","USMCOB-RC43669",0.66,00:00:00,1,"mark-recapture",NA,16,2005-07-16,29.9482711181045,30.9817499220371,28.0739768408239,-0.0213629566133022,-0.00122074037790298,"NCentral_GOA_Shelf"
"169",169,169,2005-07-16,29.85,-88.557,"USMCOB","USMCOB-RC40600",NA,00:00:00,2,"mark-recapture",NA,11,2005-07-16,28.2219000756741,26.8441724851727,21.491134352982,0.0543229468166828,0.0323496200144291,"NCentral_GOA_Shelf"
"170",170,170,2005-07-17,26.275,-81.877,"USMCOB","USMCOB-RC41770",0.86,00:00:00,2,"mark-recapture",NA,4,2005-07-17,29.9050569087267,29.9028595760465,36.1171300057322,-0.0732444226741791,0.103762932121754,"WFL_Shelf"
"171",171,171,2005-07-27,26.963,-79.993,"USMCOB","USMCOB-RC41043",1.21,00:00:00,2,"mark-recapture",NA,4,2005-07-27,30.2866603508592,22.2078005298972,35.8973967377096,-0.00671407207846642,1.04617450386286,"EFL_Shelf"
"172",172,172,2005-08-01,26.545,-80.04,"USMCOB","USMCOB-RC41576",1.02,00:00:00,2,"mark-recapture",NA,4,2005-08-01,30.1321146190166,17.2469557821751,35.8485671225935,0.108645893633366,1.27079073339701,"EFL_Shelf"
"173",173,173,2005-08-13,29.274,-89.345,"USMCOB","USMCOB-RC42092",1.07,00:00:00,2,"mark-recapture",NA,12,2005-08-13,NA,NA,NA,NA,NA,"NCentral_GOA_Shelf"
"174",174,174,2005-08-14,30.228,-89.019,"USMCOB","USMCOB-RC38621",0.95,00:00:00,2,"mark-recapture",10.5173247125414,12,2005-08-14,31.617511510849,34.3092440441251,13.6005737353116,0.0585955381393433,0.0115970335900784,"NCentral_GOA_Shelf"
"175",175,175,2005-08-21,28.65,-93.981,"USMCOB","USMCOB-RC35087",1.03,00:00:00,2,"mark-recapture",NA,17,2005-08-21,31.1172521039844,29.5256507992744,33.5062715224922,-0.203253272920847,0.0451673939824104,"TX_Shelf"
"176",176,176,2006-02-07,26.983,-83.433,"USMCOB","USMCOB-RC33247",0.86,00:00:00,2,"mark-recapture",0.428764333327611,4,2006-02-07,20.3935361802578,20.3627735227346,36.2102114595473,0.0494399853050709,0.0109866634011269,"WFL_Shelf"
"177",177,177,2006-02-08,24.563,-81.726,"USMCOB","USMCOB-RC41779",1,00:00:00,2,"mark-recapture",NA,1,2006-02-08,21.6738486886024,21.6203802600503,36.2910855095834,-0.0958281196653843,-0.208136234432459,"SFL_Shelf"
"178",178,178,2006-02-19,24.573,-82.17,"USMCOB","USMCOB-RC40505",1.12,00:00:00,2,"mark-recapture",2.97901201248169,2,2006-02-19,22.4619586765766,22.4546342343092,36.2773521803319,-0.0787377543747425,0.0512710958719254,"SFL_Shelf"
"179",179,179,2006-02-22,27.26,-82.55,"USMCOB","USMCOB-RC42816",0.76,00:00:00,1,"mark-recapture",NA,5,2006-02-22,18.946226388216,18.0453199893236,35.8699300792068,-0.0231940671801567,0.0964384898543358,"WFL_Shelf"
"180",180,180,2006-02-23,27.26,-82.55,"USMCOB","USMCOB-RC42817",0.84,00:00:00,1,"mark-recapture",NA,5,2006-02-23,19.3080538362265,18.5682851672173,35.9050263650715,0.0103762932121754,0.112308114767075,"WFL_Shelf"
"181",181,181,2006-03-04,27.26,-82.55,"USMCOB","USMCOB-RC43509",0.71,00:00:00,1,"mark-recapture",NA,5,2006-03-04,20.0881069377065,20.0815149396658,35.9401226509362,0.0579851679503918,-0.155644398182631,"WFL_Shelf"
"182",182,182,2006-03-04,27.26,-82.55,"USMCOB","USMCOB-RC43512",0.79,00:00:00,1,"mark-recapture",NA,5,2006-03-04,20.0881069377065,20.0815149396658,35.9401226509362,0.0579851679503918,-0.155644398182631,"WFL_Shelf"
"183",183,183,2006-03-05,28.287167,-80.4555,"USMCOB","USMCOB-RC37118",0.89,00:00:00,2,"mark-recapture",NA,6,2006-03-05,22.0115054771304,21.9953917041421,36.3063447643071,-0.0280770286917686,-0.18799401819706,"EFL_Shelf"
"184",184,184,2006-03-06,27.283,-80.13,"USMCOB","USMCOB-RC41657",1.07,00:00:00,2,"mark-recapture",NA,5,2006-03-06,23.005432292819,22.9746696352959,36.2804040312767,0.0219733268022537,-0.0646992400288582,"EFL_Shelf"
"185",185,185,2006-03-10,28.409854,-80.4398,"USMCOB","USMCOB-RC37139",0.66,00:00:00,1,"mark-recapture",NA,6,2006-03-10,21.1948301643133,21.2028870508075,36.3841669633985,0.083010345697403,0.61769463121891,"EFL_Shelf"
"186",186,186,2006-03-11,28.409854,-80.4398,"USMCOB","USMCOB-T1597",0.74,00:00:00,1,"mark-recapture",NA,6,2006-03-11,21.1823786124587,21.1538132876158,36.3994262181222,0.115359965711832,0.630512405186892,"EFL_Shelf"
"187",187,187,2006-03-12,28.41,-80.584,"USMCOB","USMCOB-RC35487",1.04,00:00:00,2,"mark-recapture",NA,6,2006-03-12,NA,NA,NA,NA,NA,"EFL_Shelf"
"188",188,188,2006-04-01,28.409,-80.419641,"USMCOB","USMCOB-RC25214",0.64,00:00:00,1,"mark-recapture",1.78150302171707,6,2006-04-01,22.0327463597059,21.7522202208638,36.4116336219013,0.0567644275724888,0.35157322883606,"EFL_Shelf"
"189",189,189,2006-04-01,28.41,-80.584,"USMCOB","USMCOB-RC42097",0.91,00:00:00,2,"mark-recapture",1.81420195102692,6,2006-04-01,NA,NA,NA,NA,NA,"EFL_Shelf"
"190",190,190,2006-04-07,30.315,-87.203,"USMCOB","USMCOB-RC44155",1.07,00:00:00,1,"mark-recapture",NA,10,2006-04-07,21.1186559647322,21.6181829273701,31.0388500336558,0.153202917426825,0.0140385143458843,"FL_Panhandle"
"191",191,191,2006-04-08,30.315,-87.203,"USMCOB","USMCOB-RC44156",1.02,00:00:00,1,"mark-recapture",NA,10,2006-04-08,21.7229224517941,21.7060762345791,29.3267616536468,0.20447401329875,-0.0848414562642574,"FL_Panhandle"
"192",192,192,2006-04-10,30.315,-87.203,"USMCOB","USMCOB-RC44005",0.89,00:00:00,1,"mark-recapture",0.662924021482468,10,2006-04-10,20.4462721645832,20.4074526205659,34.8429822362959,-0.194708090275526,-0.0708029419183731,"FL_Panhandle"
"193",193,193,2006-04-10,30.367,-86.331,"USMCOB","USMCOB-RC39871",1.19,00:00:00,2,"mark-recapture",NA,9,2006-04-10,20.594225898385,20.4931485950947,34.8780785221606,-0.201422162353992,0.0659199804067612,"FL_Panhandle"
"194",194,194,2006-04-12,30.212,-85.88,"USMCOB","USMCOB-RC44210",0.99,00:00:00,1,"mark-recapture",NA,8,2006-04-12,20.6696676537395,20.6711325421929,34.452345315367,-0.291756950318813,0.198370311409235,"FL_Panhandle"
"195",195,195,2006-04-12,30.315,-87.203,"USMCOB","USMCOB-RC42574",0.89,00:00:00,1,"mark-recapture",0.66534748673439,10,2006-04-12,20.597155675292,20.5488143563271,35.1069673430175,-0.222785118967295,-0.0683614611625671,"FL_Panhandle"
"196",196,196,2006-04-13,30.267,-87.585,"USMCOB","USMCOB-RC44210",1.09,00:00:00,2,"mark-recapture",NA,10,2006-04-13,20.7751396223903,21.22705771029,32.8974272590131,-0.183111056685448,-0.0628681294620037,"NCentral_GOA_Shelf"
"197",197,197,2006-04-14,30.378,-86.862,"USMCOB","USMCOB-RC43323",1.21,00:00:00,2,"mark-recapture",NA,9,2006-04-14,21.7822504341602,21.5464033931494,34.9742118269205,-0.0811792351305485,-0.0115970335900784,"FL_Panhandle"
"198",198,198,2006-04-15,30.28,-87.55,"USMCOB","USMCOB-RC43435",NA,00:00:00,1,"mark-recapture",NA,10,2006-04-15,21.7492904439569,21.7009491249919,32.8485976438969,0.170903652906418,-0.0512710958719254,"NCentral_GOA_Shelf"
"199",199,199,2006-04-15,30.315,-87.203,"USMCOB","USMCOB-RC41506",0.84,00:00:00,1,"mark-recapture",NA,10,2006-04-15,21.6716513559222,21.6533402502537,34.081545425579,0.0897244177758694,-0.0988799706101418,"FL_Panhandle"
"200",200,200,2006-04-15,30.333,-87.15,"USMCOB","USMCOB-RC42110",1.05,00:00:00,2,"mark-recapture",NA,10,2006-04-15,21.6716513559222,21.6533402502537,34.081545425579,0.0897244177758694,-0.0988799706101418,"FL_Panhandle"
"201",201,201,2006-04-16,30.38,-86.5,"USMCOB","USMCOB-RC39443",1.26,00:00:00,2,"mark-recapture",0.517778009176254,9,2006-04-16,21.9756157100201,21.9792779311538,34.8658711183816,0.0585955381393433,-0.0292977690696716,"FL_Panhandle"
"202",202,202,2006-04-17,27.291,-82.576,"USMCOB","USMCOB-RC43520",0.88,00:00:00,1,"mark-recapture",NA,5,2006-04-17,23.7210303023458,23.586993008852,36.4940335974097,0.0274666585028172,0.0140385143458843,"WFL_Shelf"
"203",203,203,2006-04-18,27.291,-82.576,"USMCOB","USMCOB-RC43472",0.81,00:00:00,1,"mark-recapture",NA,5,2006-04-18,24.0894497483969,23.8609271496534,36.4955595228821,0.0445570237934589,-0.0518814660608768,"WFL_Shelf"
"204",204,204,2006-04-18,27.291,-82.576,"USMCOB","USMCOB-RC43473",0.79,00:00:00,1,"mark-recapture",NA,5,2006-04-18,24.0894497483969,23.8609271496534,36.4955595228821,0.0445570237934589,-0.0518814660608768,"WFL_Shelf"
"205",205,205,2006-04-19,27.291,-82.576,"USMCOB","USMCOB-RC43477",1.04,00:00:00,1,"mark-recapture",NA,5,2006-04-19,24.5362407267094,24.1575670614839,36.4864039700478,0.0207525864243507,-0.0836207158863544,"WFL_Shelf"
"206",206,206,2006-04-19,30.315,-87.203,"USMCOB","USMCOB-RC44178",1.07,00:00:00,1,"mark-recapture",NA,10,2006-04-19,23.0559709444642,22.4890591129661,31.5790276508778,0.214850306510925,0.00183111056685448,"FL_Panhandle"
"207",207,207,2006-04-21,27.291,-82.576,"USMCOB","USMCOB-RC43477",NA,00:00:00,2,"mark-recapture",NA,5,2006-04-21,25.0738547891378,24.8292184174061,36.4604632370174,-0.0280770286917686,0.00854518264532089,"WFL_Shelf"
"208",208,208,2006-04-21,27.291,-82.576,"USMCOB","USMCOB-RC43483",0.74,00:00:00,1,"mark-recapture",NA,5,2006-04-21,25.0738547891378,24.8292184174061,36.4604632370174,-0.0280770286917686,0.00854518264532089,"WFL_Shelf"
"209",209,209,2006-04-21,27.458,-80.282,"USMCOB","USMCOB-RC30805",NA,00:00:00,2,"mark-recapture",NA,5,2006-04-21,25.8780785501003,25.6935026049614,36.1796929500997,-0.078127384185791,0.104983672499657,"EFL_Shelf"
"210",210,210,2006-04-21,30.315,-87.203,"USMCOB","USMCOB-RC44016",0.91,00:00:00,1,"mark-recapture",NA,10,2006-04-21,23.8279671594501,23.206854455173,28.5958433523774,0.161137729883194,0.0311288796365261,"FL_Panhandle"
"211",211,211,2006-04-21,30.315,-87.203,"USMCOB","USMCOB-RC44017",1.02,00:00:00,1,"mark-recapture",NA,10,2006-04-21,23.8279671594501,23.206854455173,28.5958433523774,0.161137729883194,0.0311288796365261,"FL_Panhandle"
"212",212,212,2006-04-22,30.315,-87.203,"USMCOB","USMCOB-RC44181",NA,00:00:00,1,"mark-recapture",NA,10,2006-04-22,24.0557573139668,23.4712668210268,27.2850733716041,0.211798455566168,-0.0677510909736156,"FL_Panhandle"
"213",213,213,2006-04-22,30.378,-86.862,"USMCOB","USMCOB-RC44018",0.99,00:00:00,1,"mark-recapture",NA,9,2006-04-22,23.6075014472008,23.1804864630103,34.0418713632971,0.109866634011269,-0.043336283415556,"FL_Panhandle"
"214",214,214,2006-04-25,30.267,-87.585,"USMCOB","USMCOB-RC44181",1.02,00:00:00,2,"mark-recapture",5.39424443244934,10,2006-04-25,25.0159916952252,23.4383068308234,21.3950010482222,0.294198431074619,0.0463881343603134,"NCentral_GOA_Shelf"
"215",215,215,2006-04-26,30.315,-87.203,"USMCOB","USMCOB-RC44090",0.97,00:00:00,1,"mark-recapture",NA,10,2006-04-26,24.298928797245,23.7796258404851,28.7011322099715,0.244148075580597,-0.0573747977614403,"FL_Panhandle"
"216",216,216,2006-04-28,30.271,-85.986,"USMCOB","USMCOB-RC44202",0.84,00:00:00,1,"mark-recapture",NA,8,2006-04-28,22.8435621187091,21.8928495123982,34.8811303731054,0.083010345697403,-0.0506607256829739,"FL_Panhandle"
"217",217,217,2006-04-28,30.315,-87.203,"USMCOB","USMCOB-RC44186",0.84,00:00:00,1,"mark-recapture",0.90762048959732,10,2006-04-28,22.7007354944944,23.4588152691722,32.3953977786005,0.0323496200144291,0.0573747977614403,"FL_Panhandle"
"218",218,218,2006-04-28,30.378,-86.862,"USMCOB","USMCOB-RC42043",0.61,00:00:00,1,"mark-recapture",NA,9,2006-04-28,23.0940580442548,23.3342997506261,34.6736045088619,0.0152592547237873,0.0476088747382164,"FL_Panhandle"
"219",219,219,2006-05-01,30.315,-87.203,"USMCOB","USMCOB-RC44197",1.14,00:00:00,1,"mark-recapture",NA,10,2006-05-01,22.4663533419371,22.4385204613209,34.7834711428732,-0.185552537441254,-0.0939970090985298,"FL_Panhandle"
"220",220,220,2006-05-05,29.346683,-88.28205,"USMCOB","USMCOB-RC42512",0.91,00:00:00,1,"mark-recapture",NA,11,2006-05-05,23.6858729794621,19.7116306051612,28.4112063702196,0.0701925717294216,-0.0939970090985298,"NCentral_GOA_Shelf"
"221",221,221,2006-05-05,30.074,-84.185,"USMCOB","USMCOB-RC43512",0.79,00:00:00,2,"mark-recapture",NA,7,2006-05-05,24.6702780202031,24.63951536268,35.7585375197232,0.0592059083282948,0.0183111056685448,"FL_Panhandle"
"222",222,222,2006-05-09,28.54,-90.11,"USMCOB","USMCOB-RC37824",0.97,00:00:00,2,"mark-recapture",NA,13,2006-05-09,26.0172429531813,20.1181371510029,30.4803613107651,-0.0506607256829739,0.153202917426825,"NCentral_GOA_Shelf"
"223",223,223,2006-05-13,26.14,-81.81,"USMCOB","USMCOB-RC37683",1.02,00:00:00,2,"mark-recapture",NA,4,2006-05-13,27.776573985815,27.779503762722,37.4431592412293,0.076906643807888,-0.179448835551739,"WFL_Shelf"
"224",224,224,2006-05-13,30.063,-88.052,"USMCOB","USMCOB-RC40660",1.03,00:00:00,2,"mark-recapture",2.82361048460007,11,2006-05-13,24.2315439283848,22.9138767644763,17.2597430180758,0.289925839751959,-0.169072542339563,"NCentral_GOA_Shelf"
"225",225,225,2006-05-20,32.26,-80.67,"USMCOB","USMCOB-RC37139",NA,00:00:00,2,"mark-recapture",NA,7,2006-05-20,NA,NA,NA,NA,NA,"EFL_Shelf"
"226",226,226,2006-06-01,30.001317,-88.866233,"USMCOB","USMCOB-SH435",0.75,00:00:00,1,"mark-recapture",NA,11,2006-06-01,28.1889400854707,30.636036247015,17.9921872448176,-0.0390636920928955,-0.0225836969912052,"NCentral_GOA_Shelf"
"227",227,227,2006-06-03,28.662,-90.11,"USMCOB","USMCOB-RC44005",1.12,00:00:00,2,"mark-recapture",NA,13,2006-06-03,27.5949278175831,19.598834194243,29.9859614577144,-0.0402844324707985,-0.00061037018895149,"NCentral_GOA_Shelf"
"228",228,228,2006-06-06,29.988,-88.215,"USMCOB","USMCOB-RC41665",NA,00:00:00,2,"mark-recapture",2.39980047941208,11,2006-06-06,28.1427960991859,22.0730307921767,21.6635639313608,-0.036011841148138,-0.039674062281847,"NCentral_GOA_Shelf"
"229",229,229,2006-06-07,26.113,-97.15,"USMCOB","USMCOB-RC43669",NA,00:00:00,2,"mark-recapture",NA,21,2006-06-07,27.6000549271703,27.4997100681067,35.5433820281178,-0.00427259132266045,0.0543229468166828,"TX_Shelf"
"230",230,230,2006-06-09,29.571,-88.672,"USMCOB","USMCOB-RC44017",1.27,00:00:00,2,"mark-recapture",NA,11,2006-06-09,28.1684316471219,25.0914334505796,21.434675110504,0.0585955381393433,0.0128177739679813,"NCentral_GOA_Shelf"
"231",231,231,2006-06-09,30.017,-84.175,"USMCOB","USMCOB-RC43520",0.88,00:00:00,2,"mark-recapture",6.57446665763855,7,2006-06-09,29.2568437680602,29.1572313532233,35.4258857667446,0.037232581526041,0,"FL_Panhandle"
"232",232,232,2006-06-12,29.06,-89.276,"USMCOB","USMCOB-RC40507",0.95,00:00:00,2,"mark-recapture",NA,12,2006-06-12,NA,NA,NA,NA,NA,"NCentral_GOA_Shelf"
"233",233,233,2006-06-20,29.794,-84.876,"USMCOB","USMCOB-RC42816",0.76,00:00:00,2,"mark-recapture",NA,7,2006-06-20,NA,NA,NA,NA,NA,"FL_Panhandle"
"234",234,234,2006-06-23,30.221,-88.919,"USMCOB","USMCOB-RC41481",0.51,00:00:00,1,"mark-recapture",NA,11,2006-06-23,30.9231543838978,31.376537360251,15.1295510586351,0.0616473890841007,-0.00732444226741791,"NCentral_GOA_Shelf"
"235",235,235,2006-06-24,29.589569,-88.77492,"USMCOB","USMCOB-RC44322",0.79,00:00:00,1,"mark-recapture",NA,11,2006-06-24,29.8991973549128,28.624744400382,18.6193426139653,-0.101931821554899,-0.0988799706101418,"NCentral_GOA_Shelf"
"236",236,236,2006-06-28,29.963,-87.159,"USMCOB","USMCOB-RC41364",NA,00:00:00,2,"mark-recapture",NA,10,2006-06-28,29.5454267933965,24.1158177405596,26.17267370224,0.108645893633366,-0.0659199804067612,"FL_Panhandle"
"237",237,237,2006-06-29,29.091613,-83.038337,"USMCOB","USMCOB-RC38726",0.89,00:00:00,2,"mark-recapture",NA,7,2006-06-29,30.3005767911673,30.1343119516969,34.1929379850626,-0.0170903652906418,0.00183111056685448,"WFL_Shelf"
"238",238,238,2006-06-30,29.67,-88.8,"USMCOB","USMCOB-RC44018",1.02,00:00:00,2,"mark-recapture",NA,11,2006-06-30,30.1365092843771,32.1404766887426,18.2164982892573,0.00366222113370895,-0.00122074037790298,"NCentral_GOA_Shelf"
"239",239,239,2006-07-03,28.498,-91.872,"USMCOB","USMCOB-RC44186",0.91,00:00:00,2,"mark-recapture",NA,15,2006-07-03,28.8386181145906,23.232490003109,34.9177525844425,0.0347911007702351,0.079348124563694,"NCentral_GOA_Shelf"
"240",240,240,2006-07-14,28.689,-90.679,"USMCOB","USMCOB-RC44090",0.94,00:00:00,2,"mark-recapture",1.03036752343178,14,2006-07-14,29.8215582668781,29.7549058422446,26.5083773061633,-0.22888882085681,0.0109866634011269,"NCentral_GOA_Shelf"
"241",241,241,2006-08-01,30.215,-88.791,"USMCOB","USMCOB-RC40292",0.61,00:00:00,1,"mark-recapture",NA,11,2006-08-01,30.6477553546429,32.7989440485835,15.0898769963533,0.128177739679813,-0.00671407207846642,"NCentral_GOA_Shelf"
"242",242,242,2006-08-06,29.095,-90.194,"USMCOB","USMCOB-RC40851",NA,00:00:00,2,"mark-recapture",NA,13,2006-08-06,30.5232398360968,33.2237617000937,23.2123782858253,-0.042115543037653,0.0555436871945858,"NCentral_GOA_Shelf"
"243",243,243,2006-08-18,26.14,-81.81,"USMCOB","USMCOB-RC44560",0.91,00:00:00,1,"mark-recapture",NA,4,2006-08-18,31.347972035408,31.3377178162336,36.5260780323297,-0.0610370188951492,0.112918484956026,"WFL_Shelf"
"244",244,244,2006-08-26,30.141,-88.669,"USMCOB","USMCOB-RC35686",0.83,00:00:00,1,"mark-recapture",NA,11,2006-08-26,29.9988097697496,30.743705548346,20.0231940485537,0.190435498952866,0.0250251777470112,"NCentral_GOA_Shelf"
"245",245,245,2006-09-10,29.718,-88.797,"USMCOB","USMCOB-RC43493",1.02,00:00:00,1,"mark-recapture",NA,11,2006-09-10,29.3696401789784,33.0596941933036,25.2815332263708,-0.0238044373691082,-0.0183111056685448,"NCentral_GOA_Shelf"
"246",246,246,2006-09-14,30.186,-88.686,"USMCOB","USMCOB-RC35686",0.84,00:00:00,2,"mark-recapture",NA,11,2006-09-14,28.4723960012197,31.6944181546569,25.5226294510067,0.00610370188951492,-0.0561540573835373,"NCentral_GOA_Shelf"
"247",247,247,2006-09-16,28.242,-82.88,"USMCOB","USMCOB-RC41993",NA,00:00:00,2,"mark-recapture",NA,6,2006-09-16,30.0420239791274,29.8904080241919,36.471144715324,-0.0164799951016903,-0.00915555283427238,"WFL_Shelf"
"248",248,248,2006-09-16,30.17167,-88.77167,"USMCOB","USMCOB-RC44612",0.69,00:00:00,1,"mark-recapture",2.01658000548681,11,2006-09-16,28.8239692300558,32.2562028765678,24.4712668005377,-0.0146488845348358,0.00976592302322388,"NCentral_GOA_Shelf"
"249",249,249,2006-09-16,30.288,-87.427,"USMCOB","USMCOB-RC42512",1.09,00:00:00,2,"mark-recapture",2.61869192123413,10,2006-09-16,30.0530106425285,31.9163487553596,29.7799615189433,0.0543229468166828,-0.0506607256829739,"FL_Panhandle"
"250",250,250,2006-09-18,30.234,-88.98,"USMCOB","USMCOB-RC29506",0.76,00:00:00,1,"mark-recapture",NA,11,2006-09-18,29.5263832435012,32.7725760564208,18.9153721556067,0.133671071380377,0.0317392498254776,"NCentral_GOA_Shelf"
"251",251,251,2006-09-27,30.216,-88.996,"USMCOB","USMCOB-RC44661",0.85,00:00:00,1,"mark-recapture",8.27980041503906,11,2006-09-27,27.3078096807003,28.7331461459398,18.4514908120036,0.00366222113370895,-0.0183111056685448,"NCentral_GOA_Shelf"
"252",252,252,2006-10-12,26.087,-81.834,"USMCOB","USMCOB-RC44202",0.94,00:00:00,2,"mark-recapture",NA,4,2006-10-12,28.4108706861734,28.380840472877,36.4360484294593,0.0708029419183731,-0.116580706089735,"WFL_Shelf"
"253",253,253,2006-10-28,25.928,-80.115,"USMCOB","USMCOB-RC44560",0.99,00:00:00,2,"mark-recapture",NA,3,2006-10-28,28.1611072048545,24.1355937346816,36.1171300057322,0.0457777641713619,1.02664265781641,"EFL_Shelf"
"254",254,254,2006-11-13,26.14,-81.81,"USMCOB","USMCOB-RC44554",0.89,00:00:00,1,"mark-recapture",NA,4,2006-11-13,24.1055635213852,24.0945768579841,36.7885372135788,0.0451673939824104,-0.137943662703037,"WFL_Shelf"
"255",255,255,2006-11-13,26.14,-81.81,"USMCOB","USMCOB-RC44553",0.89,00:00:00,1,"mark-recapture",NA,4,2006-11-13,24.1055635213852,24.0945768579841,36.7885372135788,0.0451673939824104,-0.137943662703037,"WFL_Shelf"
"256",256,256,2006-11-29,25.901,-81.806,"USMCOB","USMCOB-RC43483",0.91,00:00:00,2,"mark-recapture",4.44457332293193,3,2006-11-29,21.3112887963653,21.2900479137897,36.9350260589272,-0.170293282717466,0.175176244229078,"WFL_Shelf"
"257",257,257,2007-01-24,26.14,-81.81,"USMCOB","USMCOB-RC43472",0.99,00:00:00,2,"mark-recapture",NA,4,2007-01-24,22.1777703166008,22.1470076590776,36.3261817954481,-0.00183111056685448,-0.0390636920928955,"WFL_Shelf"
"258",258,258,2007-02-09,29.245,-80.585,"USMCOB","USMCOB-RC41506",1.04,00:00:00,2,"mark-recapture",1.2333670258522,7,2007-02-09,22.5066377744079,22.5315408781171,36.4070558454841,-0.0762962736189365,0.168462172150612,"EFL_Shelf"
"259",259,259,2007-02-12,24.709183,-81.977417,"USMCOB","USMCOB-RC44554",0.94,00:00:00,2,"mark-recapture",NA,1,2007-02-12,20.6110721156001,20.5934934541583,36.4207891747355,-0.0653096102178097,0.0317392498254776,"SFL_Shelf"
"260",260,260,2007-03-10,27.26,-82.55,"USMCOB","USMCOB-RC43489",0.83,00:00:00,1,"mark-recapture",NA,5,2007-03-10,19.5439008772373,19.303659170866,36.1491744406521,-0.0445570237934589,0.0225836969912052,"WFL_Shelf"
"261",261,261,2007-03-13,27.26,-82.55,"USMCOB","USMCOB-RC45039",0.61,00:00:00,1,"mark-recapture",NA,5,2007-03-13,20.2419202253222,20.1144749298692,36.2300484906882,-0.080568864941597,0.0976592302322388,"WFL_Shelf"
"262",262,262,2007-03-29,24.46667,-81.91667,"USMCOB","USMCOB-T1597",1.12,00:00:00,2,"mark-recapture",0.213754497468472,1,2007-03-29,24.4571367502213,24.9376201629639,36.3200780935585,-0.0103762932121754,0.00671407207846642,"SFL_Shelf"
"263",263,263,2007-03-29,30.267,-87.585,"USMCOB","USMCOB-RC48252",1.14,00:00:00,1,"mark-recapture",2.40975153446198,10,2007-03-29,21.2453688159585,21.3361919000745,33.3582567516714,-0.121463667601347,-0.0122074037790298,"NCentral_GOA_Shelf"
"264",264,264,2007-04-08,30.315,-87.203,"USMCOB","USMCOB-RC48477",0.83,00:00:00,1,"mark-recapture",NA,10,2007-04-08,19.442823573947,19.5636768713593,34.540848992765,0.183111056685448,0.0177007354795933,"FL_Panhandle"
"265",265,265,2007-04-15,30.3,-87.35,"USMCOB","USMCOB-RC48422",NA,00:00:00,1,"mark-recapture",NA,10,2007-04-15,NA,NA,NA,NA,NA,"FL_Panhandle"
"266",266,266,2007-04-16,30.279,-87.518,"USMCOB","USMCOB-RC48480",0.84,00:00:00,1,"mark-recapture",NA,10,2007-04-16,19.7226172685623,20.0192571803927,32.9203161410987,0.215460676699877,-0.0653096102178097,"NCentral_GOA_Shelf"
"267",267,267,2007-04-16,30.315,-87.203,"USMCOB","USMCOB-RC48088",0.99,00:00:00,1,"mark-recapture",NA,10,2007-04-16,19.6779381707311,19.7453230395913,34.4630267936736,0.227057710289955,-0.0152592547237873,"FL_Panhandle"
"268",268,268,2007-04-17,30.315,-87.203,"USMCOB","USMCOB-RC48080",0.97,00:00:00,1,"mark-recapture",NA,10,2007-04-17,19.6054261922836,19.7980590239167,33.9564195368439,0.287484358996153,-0.0354014709591866,"FL_Panhandle"
"269",269,269,2007-04-20,30.083,-88.496,"USMCOB","USMCOB-RC44322",0.91,00:00:00,2,"mark-recapture",1.41140475869179,11,2007-04-20,19.7760856971145,20.0844447165728,20.1727347448468,-0.038453321903944,-0.043336283415556,"NCentral_GOA_Shelf"
"270",270,270,2007-04-20,30.315,-87.203,"USMCOB","USMCOB-RC48330",0.89,00:00:00,1,"mark-recapture",1.1685379743576,10,2007-04-20,20.7407147437334,21.7507553324103,32.2183904238045,0.119022186845541,0.0622577592730522,"FL_Panhandle"
"271",271,271,2007-04-20,30.316,-86.131,"USMCOB","USMCOB-RC44204",1.02,00:00:00,1,"mark-recapture",NA,9,2007-04-20,20.1584215834737,20.0507522821426,35.7768486253917,0.147709585726261,-0.0567644275724888,"FL_Panhandle"
"272",272,272,2007-04-20,30.378,-86.862,"USMCOB","USMCOB-RC44054",0.66,00:00:00,1,"mark-recapture",NA,9,2007-04-20,20.4264961704612,21.2131412699819,34.3440046068281,0.130619220435619,-0.0598162785172462,"FL_Panhandle"
"273",273,273,2007-04-20,30.39,-86.6,"USMCOB","USMCOB-RC40519",0.93,00:00:00,1,"mark-recapture",NA,9,2007-04-20,20.2236091196537,20.1752678006887,35.5342264752835,-0.00244148075580597,-0.080568864941597,"FL_Panhandle"
"274",274,274,2007-04-21,30.313,-87.275,"USMCOB","USMCOB-RC48096",1.14,00:00:00,1,"mark-recapture",1.90390598773956,10,2007-04-21,20.5927610099316,22.2517471835017,31.3577684573829,-0.0811792351305485,0.140385143458843,"FL_Panhandle"
"275",275,275,2007-04-21,30.315,-87.203,"USMCOB","USMCOB-RC28976",1.09,00:00:00,1,"mark-recapture",1.37511034806569,10,2007-04-21,20.6249885559082,22.179967649281,31.406598072499,-0.0512710958719254,0.143436994403601,"FL_Panhandle"
"276",276,276,2007-04-21,30.315,-87.203,"USMCOB","USMCOB-RC48128",0.91,00:00:00,1,"mark-recapture",1.37511034806569,10,2007-04-21,20.6249885559082,22.179967649281,31.406598072499,-0.0512710958719254,0.143436994403601,"FL_Panhandle"
"277",277,277,2007-04-21,30.378,-86.862,"USMCOB","USMCOB-RC44056",0.97,00:00:00,1,"mark-recapture",0.669527500867844,9,2007-04-21,20.5356303602457,21.4599749743938,34.6827600616962,-0.0439466536045074,0.0256355479359627,"FL_Panhandle"
"278",278,278,2007-04-22,30.315,-87.203,"USMCOB","USMCOB-RC44059",0.58,00:00:00,1,"mark-recapture",1.06214924156666,10,2007-04-22,20.5502792447805,22.0283516943455,30.0851466134191,-0.112308114767075,0.083010345697403,"FL_Panhandle"
"279",279,279,2007-04-22,30.315,-87.203,"USMCOB","USMCOB-RC48197",1.02,00:00:00,1,"mark-recapture",1.06214924156666,10,2007-04-22,20.5502792447805,22.0283516943455,30.0851466134191,-0.112308114767075,0.083010345697403,"FL_Panhandle"
"280",280,280,2007-04-22,30.316,-86.131,"USMCOB","USMCOB-RC44206",0.95,00:00:00,1,"mark-recapture",NA,9,2007-04-22,20.3481246381998,20.2602313309908,35.7554856687784,-0.0476088747382164,0.0598162785172462,"FL_Panhandle"
"281",281,281,2007-04-22,30.367,-86.331,"USMCOB","USMCOB-RC40512",0.81,00:00:00,1,"mark-recapture",NA,9,2007-04-22,20.3847468495369,20.574449904263,35.5067598167807,-0.0628681294620037,0.124515518546104,"FL_Panhandle"
"282",282,282,2007-04-22,30.378,-86.862,"USMCOB","USMCOB-RC44057",0.66,00:00:00,1,"mark-recapture",NA,9,2007-04-22,20.9238258004189,20.8981902524829,35.415204288438,-0.0988799706101418,0.0366222113370895,"FL_Panhandle"
"283",283,283,2007-04-23,30.271,-85.986,"USMCOB","USMCOB-RC44093",0.95,00:00:00,1,"mark-recapture",0.523163989186287,8,2007-04-23,20.5883663445711,20.4587237164378,35.9889522660524,-0.203253272920847,0.133671071380377,"FL_Panhandle"
"284",284,284,2007-04-23,30.315,-87.203,"USMCOB","USMCOB-RC48583",0.76,00:00:00,1,"mark-recapture",0.937950745224953,10,2007-04-23,20.8476516008377,21.6526078060269,30.185857694596,-0.117801446467638,0.00915555283427238,"FL_Panhandle"
"285",285,285,2007-04-23,30.341979,-87.04635,"USMCOB","USMCOB-RC48584",0.97,00:00:00,1,"mark-recapture",0.678074479103088,10,2007-04-23,20.8505813777447,21.5903500467539,31.4310128800571,-0.111087374389172,-0.00427259132266045,"FL_Panhandle"
"286",286,286,2007-04-24,30.26,-87.58,"USMCOB","USMCOB-RC42140",1.31,00:00:00,2,"mark-recapture",NA,10,2007-04-24,21.0593279823661,21.8130130916834,25.8781700860709,-0.0311288796365261,0.036011841148138,"NCentral_GOA_Shelf"
"287",287,287,2007-04-24,30.315,-87.203,"USMCOB","USMCOB-RC41627",1.14,00:00:00,1,"mark-recapture",NA,10,2007-04-24,21.1728568375111,21.6936246827245,30.6817834731191,-0.0311288796365261,-0.0231940671801567,"FL_Panhandle"
"288",288,288,2007-04-24,30.333,-87.15,"USMCOB","USMCOB-RC44093",0.99,00:00:00,2,"mark-recapture",NA,10,2007-04-24,21.1728568375111,21.6936246827245,30.6817834731191,-0.0311288796365261,-0.0231940671801567,"FL_Panhandle"
"289",289,289,2007-04-25,26.511,-82.06,"USMCOB","USMCOB-RC43509",0.97,00:00:00,2,"mark-recapture",NA,4,2007-04-25,23.3438215255737,23.3350321948528,37.0494704693556,-0.105594042688608,0.200201421976089,"WFL_Shelf"
"290",290,290,2007-04-25,30.26,-87.58,"USMCOB","USMCOB-RC43435",0.74,00:00:00,2,"mark-recapture",NA,10,2007-04-25,21.3332621231675,22.248084962368,25.2372813876718,0.155644398182631,0.0762962736189365,"NCentral_GOA_Shelf"
"291",291,291,2007-04-25,30.267,-87.585,"USMCOB","USMCOB-RC41685",1.02,00:00:00,1,"mark-recapture",NA,10,2007-04-25,21.3332621231675,22.248084962368,25.2372813876718,0.155644398182631,0.0762962736189365,"NCentral_GOA_Shelf"
"292",292,292,2007-04-25,30.315,-87.203,"USMCOB","USMCOB-RC44541",1.02,00:00:00,1,"mark-recapture",NA,10,2007-04-25,21.4021118804812,22.0701010152698,29.9264503642917,0.120853297412395,0.0152592547237873,"FL_Panhandle"
"293",293,293,2007-04-25,30.315,-87.203,"USMCOB","USMCOB-RC44544",0.76,00:00:00,1,"mark-recapture",NA,10,2007-04-25,21.4021118804812,22.0701010152698,29.9264503642917,0.120853297412395,0.0152592547237873,"FL_Panhandle"
"294",294,294,2007-04-25,30.315,-87.203,"USMCOB","USMCOB-RC48154",1.02,00:00:00,1,"mark-recapture",NA,10,2007-04-25,21.4021118804812,22.0701010152698,29.9264503642917,0.120853297412395,0.0152592547237873,"FL_Panhandle"
"295",295,295,2007-04-26,30.30627,-86.6037,"USMCOB","USMCOB-RC44206",0.89,00:00:00,2,"mark-recapture",NA,9,2007-04-26,21.3698843345046,20.7663502916694,34.1303750406951,0.0488296151161194,0.0195318460464478,"FL_Panhandle"
"296",296,296,2007-04-27,30.315,-87.203,"USMCOB","USMCOB-RC44550",0.76,00:00:00,1,"mark-recapture",NA,10,2007-04-27,22.0613116845489,22.452436901629,27.3689992725849,0.232551041990519,-0.0903347879648209,"FL_Panhandle"
"297",297,297,2007-04-27,30.315,-87.203,"USMCOB","USMCOB-RC44794",0.86,00:00:00,1,"mark-recapture",NA,10,2007-04-27,22.0613116845489,22.452436901629,27.3689992725849,0.232551041990519,-0.0903347879648209,"FL_Panhandle"
"298",298,298,2007-04-27,30.364,-87.192,"USMCOB","USMCOB-RC48128",1.27,00:00:00,2,"mark-recapture",NA,10,2007-04-27,22.0613116845489,22.452436901629,27.3689992725849,0.232551041990519,-0.0903347879648209,"FL_Panhandle"
"299",299,299,2007-04-28,29.769,-88.709,"USMCOB","USMCOB-RC38639",0.79,00:00:00,1,"mark-recapture",NA,11,2007-04-28,22.7900936901569,22.6648457273841,16.0832544788718,-0.0494399853050709,-0.0219733268022537,"NCentral_GOA_Shelf"
"300",300,300,2007-04-28,30.043,-88.878,"USMCOB","USMCOB-RC41627",1.28,00:00:00,2,"mark-recapture",NA,11,2007-04-28,22.9951780736446,24.2425305917859,10.9515671152622,0.0164799951016903,-0.0347911007702351,"NCentral_GOA_Shelf"
"301",301,301,2007-04-28,30.267,-87.585,"USMCOB","USMCOB-RC41679",0.84,00:00:00,1,"mark-recapture",NA,10,2007-04-28,22.4033631384373,22.5366679877043,25.1075777225196,0.236823633313179,0.0140385143458843,"NCentral_GOA_Shelf"
"302",302,302,2007-04-28,30.267,-87.585,"USMCOB","USMCOB-RC48162",1.02,00:00:00,1,"mark-recapture",NA,10,2007-04-28,22.4033631384373,22.5366679877043,25.1075777225196,0.236823633313179,0.0140385143458843,"NCentral_GOA_Shelf"
"303",303,303,2007-04-29,29.629667,-88.701667,"USMCOB","USMCOB-RC42518",0.76,00:00:00,1,"mark-recapture",2.14009177684784,11,2007-04-29,22.9922482967377,21.7566148862243,17.9982909467071,-0.043336283415556,0.00305185094475746,"NCentral_GOA_Shelf"
"304",304,304,2007-04-29,30.315,-87.203,"USMCOB","USMCOB-RC44802",0.79,00:00:00,1,"mark-recapture",1.04480350017548,10,2007-04-29,22.4597613438964,22.7080599367619,27.8023621067405,0.271614734083414,0.0183111056685448,"FL_Panhandle"
"305",305,305,2007-04-29,30.322,-86.248,"USMCOB","USMCOB-RC48407",0.61,00:00:00,1,"mark-recapture",NA,9,2007-04-29,22.1719107627869,21.4592425301671,35.7234412338585,0.0476088747382164,-0.0604266487061977,"FL_Panhandle"
"306",306,306,2007-04-30,30.315,-87.203,"USMCOB","USMCOB-RC32325",1.02,00:00:00,1,"mark-recapture",1.41869050264359,10,2007-04-30,23.1204260364175,22.832575455308,27.1187474951148,0.278939176350832,0.0671407207846642,"FL_Panhandle"
"307",307,307,2007-04-30,30.38,-86.5,"USMCOB","USMCOB-RC44854",1.02,00:00:00,1,"mark-recapture",NA,9,2007-04-30,22.7300332635641,22.4363231286407,34.6827600616962,0.120242927223444,-0.078127384185791,"FL_Panhandle"
"308",308,308,2007-05-01,30.315,-87.203,"USMCOB","USMCOB-RC44855",0.97,00:00:00,1,"mark-recapture",0.8914715051651,10,2007-05-01,23.5796685665846,23.1716971322894,25.9727774653584,0.234992522746325,0.111087374389172,"FL_Panhandle"
"309",309,309,2007-05-01,30.38,-86.5,"USMCOB","USMCOB-RC31672",0.86,00:00:00,1,"mark-recapture",NA,9,2007-05-01,23.1380046978593,22.7783745825291,34.3058564700186,0.105594042688608,-0.00732444226741791,"FL_Panhandle"
"310",310,310,2007-05-01,30.38,-86.5,"USMCOB","USMCOB-RC32330",0.84,00:00:00,1,"mark-recapture",NA,9,2007-05-01,23.1380046978593,22.7783745825291,34.3058564700186,0.105594042688608,-0.00732444226741791,"FL_Panhandle"
"311",311,311,2007-05-02,30.315,-87.203,"USMCOB","USMCOB-RC48392",0.91,00:00:00,1,"mark-recapture",1.5300307571888,10,2007-05-02,23.9297769069672,23.7188329696655,24.9244666658342,0.152592547237873,0.108645893633366,"FL_Panhandle"
"312",312,312,2007-05-02,30.318,-87.228,"USMCOB","USMCOB-RC44854",1.12,00:00:00,2,"mark-recapture",1.65441032250722,10,2007-05-02,23.944425791502,23.5108188092709,25.1228369772434,0.144657734781504,0.120242927223444,"FL_Panhandle"
"313",313,313,2007-05-02,30.38,-86.5,"USMCOB","USMCOB-RC44841",1.02,00:00:00,1,"mark-recapture",0.728913992643356,9,2007-05-02,23.6184881106019,23.3247779756784,33.275856776163,0.0378429517149925,0.0689718313515186,"FL_Panhandle"
"314",314,314,2007-05-02,30.383,-86.51,"USMCOB","USMCOB-RC42129",NA,00:00:00,2,"mark-recapture",0.728913992643356,9,2007-05-02,23.6184881106019,23.3247779756784,33.275856776163,0.0378429517149925,0.0689718313515186,"FL_Panhandle"
"315",315,315,2007-05-03,30.315,-87.203,"USMCOB","USMCOB-RC44907",0.84,00:00:00,1,"mark-recapture",NA,10,2007-05-03,24.2688985839486,24.1348612904549,24.2255927994847,0.101931821554899,0.0646992400288582,"FL_Panhandle"
"316",316,316,2007-05-03,30.315,-87.203,"USMCOB","USMCOB-RC44849",0.84,00:00:00,1,"mark-recapture",NA,10,2007-05-03,24.2688985839486,24.1348612904549,24.2255927994847,0.101931821554899,0.0646992400288582,"FL_Panhandle"
"317",317,317,2007-05-04,30.045533,-88.350867,"USMCOB","USMCOB-RC47163",0.79,00:00:00,1,"mark-recapture",NA,11,2007-05-04,24.591174043715,21.2065492719412,17.9601428098977,-0.0158696249127388,0.0323496200144291,"NCentral_GOA_Shelf"
"318",318,318,2007-05-05,28.891167,-90.811167,"USMCOB","USMCOB-RC43594",0.99,00:00:00,1,"mark-recapture",4.01932299137115,14,2007-05-05,25.3953978046775,25.4320200160146,29.4396801386029,-0.14709921553731,0.0250251777470112,"NCentral_GOA_Shelf"
"319",319,319,2007-05-05,29.457,-88.84,"USMCOB","USMCOB-RC41481",0.74,00:00:00,2,"mark-recapture",NA,11,2007-05-05,25.0474867969751,21.8115482032299,22.832422843203,-0.0701925717294216,-0.0482192449271679,"NCentral_GOA_Shelf"
"320",320,320,2007-05-05,29.552,-88.665,"USMCOB","USMCOB-RC27879",1.12,00:00:00,2,"mark-recapture",NA,11,2007-05-05,25.0760521218181,22.3997009173036,22.6767784450203,-0.0488296151161194,-0.0738547928631306,"NCentral_GOA_Shelf"
"321",321,321,2007-05-06,30.243,-88.033,"USMCOB","USMCOB-RC46998",0.79,00:00:00,1,"mark-recapture",NA,11,2007-05-06,25.7828608006239,27.6396069154143,17.1666615642607,0.0323496200144291,0.0134281441569328,"NCentral_GOA_Shelf"
"322",322,322,2007-05-09,29.544,-88.677,"USMCOB","USMCOB-RC43594",1.05,00:00:00,2,"mark-recapture",NA,11,2007-05-09,24.0623493120074,23.3943601772189,25.7942441850901,-0.112918484956026,-0.376598406583071,"NCentral_GOA_Shelf"
"323",323,323,2007-05-10,29.258,-93.285,"USMCOB","USMCOB-RC48480",1.07,00:00:00,2,"mark-recapture",1.65227270126343,16,2007-05-10,24.9493392705917,24.7823419868946,32.2733237408102,0.00305185094475746,-0.0195318460464478,"NCentral_GOA_Shelf"
"324",324,324,2007-05-12,28.672,-89.571,"USMCOB","USMCOB-RC41679",1.17,00:00:00,2,"mark-recapture",NA,13,2007-05-12,25.1427045464516,19.7555772587657,25.681325700134,-0.16785180196166,-0.102542191743851,"NCentral_GOA_Shelf"
"325",325,325,2007-05-13,29.011,-88.92,"USMCOB","USMCOB-RC48154",1.22,00:00:00,2,"mark-recapture",NA,11,2007-05-13,25.7374492585659,19.8786278888583,21.3187047746032,-0.107425153255463,-0.293588060885668,"NCentral_GOA_Shelf"
"326",326,326,2007-05-27,28.253,-82.757,"USMCOB","USMCOB-RC45039",0.66,00:00:00,2,"mark-recapture",NA,6,2007-05-27,25.2994476109743,25.286263614893,35.552537580952,-0.0213629566133022,0.039674062281847,"WFL_Shelf"
"327",327,327,2007-05-31,28.712,-94.753,"USMCOB","USMCOB-RC48088",1.07,00:00:00,2,"mark-recapture",NA,18,2007-05-31,25.9403363093734,25.7022919356823,34.8597674164921,-0.295419171452522,-0.0714133121073246,"TX_Shelf"
"328",328,328,2007-06-01,29.27,-88.76,"USMCOB","USMCOB-RC38838",NA,00:00:00,2,"mark-recapture",NA,11,2007-06-01,25.0277108028531,21.8071535378695,33.5139011498541,-0.209967344999313,-0.0762962736189365,"NCentral_GOA_Shelf"
"329",329,329,2007-06-02,28.632,-91.637,"USMCOB","USMCOB-RC48197",0.91,00:00:00,2,"mark-recapture",NA,15,2007-06-02,25.9418011978269,25.5455488711596,34.3852045945823,-0.393688771873713,0.144657734781504,"NCentral_GOA_Shelf"
"330",330,330,2007-06-08,27.9,-82.453,"USMCOB","USMCOB-RC43489",0.89,00:00:00,2,"mark-recapture",NA,5,2007-06-08,NA,NA,NA,NA,NA,"WFL_Shelf"
"331",331,331,2007-06-10,28.537,-91.309,"USMCOB","USMCOB-RC44016",NA,00:00:00,2,"mark-recapture",NA,14,2007-06-10,27.6711020171642,23.6668294295669,33.5825677961111,-0.225226599723101,-0.0311288796365261,"NCentral_GOA_Shelf"
"332",332,332,2007-06-10,30.09,-88.769,"USMCOB","USMCOB-SH435",0.91,00:00:00,2,"mark-recapture",NA,11,2007-06-10,28.207983635366,26.1454206928611,13.4495071135461,-0.0311288796365261,-0.0677510909736156,"NCentral_GOA_Shelf"
"333",333,333,2007-06-12,28.915,-82.698,"USMCOB","USMCOB-RC44553",NA,00:00:00,2,"mark-recapture",NA,6,2007-06-12,28.9243140891194,28.6606341674924,34.6720785833895,0.0207525864243507,0.00610370188951492,"WFL_Shelf"
"334",334,334,2007-06-14,29.239,-90.66,"USMCOB","USMCOB-RC44155",NA,00:00:00,2,"mark-recapture",NA,14,2007-06-14,NA,NA,NA,NA,NA,"NCentral_GOA_Shelf"
"335",335,335,2007-06-16,29.091613,-83.038337,"USMCOB","USMCOB-RC43473",0.89,00:00:00,2,"mark-recapture",NA,7,2007-06-16,28.7829523533583,28.7646412476897,34.855189640075,-0.0683614611625671,0.039674062281847,"WFL_Shelf"
"336",336,336,2007-06-16,30.139,-88.078,"USMCOB","USMCOB-RC44802",0.86,00:00:00,2,"mark-recapture",1.71130776405334,11,2007-06-16,27.9538254886866,28.6071657389402,21.1416974198073,-0.0347911007702351,0.0445570237934589,"NCentral_GOA_Shelf"
"337",337,337,2007-06-16,37.012,-76.339,"USMCOB","USMCOB-RC25214",0.91,00:00:00,2,"mark-recapture",NA,7,2007-06-16,23.4331797212362,23.2317575588822,20.6183049827814,0.0183111056685448,-0.0488296151161194,"EFL_Shelf"
"338",338,338,2007-06-24,30.125,-87.555,"USMCOB","USMCOB-RC48252",1.04,00:00:00,2,"mark-recapture",NA,10,2007-06-24,28.959471412003,27.331247895956,24.662007484585,0.318613238632679,0.0250251777470112,"NCentral_GOA_Shelf"
"339",339,339,2007-06-30,29.946,-87.827,"USMCOB","USMCOB-RC48583",NA,00:00:00,2,"mark-recapture",NA,10,2007-06-30,28.9755851849914,26.2084108963609,27.6421399321407,-0.0244148075580597,-0.101321451365948,"NCentral_GOA_Shelf"
"340",340,340,2007-07-03,28.912,-89.845,"USMCOB","USMCOB-RC48584",0.97,00:00:00,2,"mark-recapture",NA,13,2007-07-03,30.145298615098,24.9691152647138,22.3914303816855,-0.0689718313515186,-0.00854518264532089,"NCentral_GOA_Shelf"
"341",341,341,2007-07-07,30.074,-84.185,"USMCOB","USMCOB-RC46097",0.79,00:00:00,1,"mark-recapture",NA,7,2007-07-07,30.5503402724862,30.4631794095039,36.313974391669,0.0451673939824104,0.00183111056685448,"FL_Panhandle"
"342",342,342,2007-07-09,30.215,-88.791,"USMCOB","USMCOB-RC29506",0.94,00:00:00,2,"mark-recapture",6.14366451899211,11,2007-07-09,30.6492202430964,29.6450392082334,14.0140995383263,0.308847315609455,-0.0250251777470112,"NCentral_GOA_Shelf"
"343",343,343,2007-07-13,28.74,-89.93,"USMCOB","USMCOB-RC48162",NA,00:00:00,2,"mark-recapture",NA,13,2007-07-13,30.0207830965519,24.253517255187,26.8318735063076,0.0329599902033806,-0.0579851679503918,"NCentral_GOA_Shelf"
"344",344,344,2007-07-13,29.607,-88.797,"USMCOB","USMCOB-RC46925",0.76,00:00:00,1,"mark-recapture",NA,11,2007-07-13,29.3842890635133,28.3266396000981,25.2006591763347,-0.0445570237934589,-0.0927762687206268,"NCentral_GOA_Shelf"
"345",345,345,2007-07-14,29.23638,-89.95333,"USMCOB","USMCOB-SH145",NA,00:00:00,2,"mark-recapture",NA,13,2007-07-14,30.0456862002611,31.793298125267,23.4244819264859,0.120853297412395,-0.0164799951016903,"NCentral_GOA_Shelf"
"346",346,346,2007-07-14,30.031,-88.215,"USMCOB","USMCOB-RC44156",1.22,00:00:00,2,"mark-recapture",NA,11,2007-07-14,29.2854090929031,24.7208166718483,21.1188085377216,0.11841181665659,-0.0488296151161194,"NCentral_GOA_Shelf"
"347",347,347,2007-07-20,27.616,-96.527,"USMCOB","USMCOB-RC48422",0.79,00:00:00,2,"mark-recapture",NA,20,2007-07-20,28.2863551676273,22.185827203095,33.3399456460029,0.0299081392586231,0.109256263822317,"TX_Shelf"
"348",348,348,2007-07-20,29.425,-88.615,"USMCOB","USMCOB-RC41685",1.22,00:00:00,2,"mark-recapture",NA,11,2007-07-20,29.2905362024903,23.7466658502817,26.6594439279288,0.116580706089735,0.039674062281847,"NCentral_GOA_Shelf"
"349",349,349,2007-07-21,30.05,-88.307,"USMCOB","USMCOB-RC42518",0.8,00:00:00,2,"mark-recapture",NA,11,2007-07-21,29.3418072983623,26.7438276261091,22.5699636619538,-0.0579851679503918,-0.101931821554899,"NCentral_GOA_Shelf"
"350",350,350,2007-07-22,28.7,-89.97,"USMCOB","USMCOB-RC40529",1.12,00:00:00,2,"mark-recapture",1.70978602766991,13,2007-07-22,29.6853236407042,16.6192510798573,31.2616351526231,-0.0628681294620037,-0.0469985045492649,"NCentral_GOA_Shelf"
"351",351,351,2007-08-01,30.065,-87.57,"USMCOB","USMCOB-RC48407",0.85,00:00:00,2,"mark-recapture",NA,10,2007-08-01,29.2209540009499,28.8078554570675,25.9056367445737,0.104983672499657,-0.00732444226741791,"NCentral_GOA_Shelf"
"352",352,352,2007-08-08,30.09,-88.769,"USMCOB","USMCOB-RC38639",1,00:00:00,2,"mark-recapture",NA,11,2007-08-08,29.8655049204826,29.6699423119426,21.0531937424093,0.00549333170056343,-0.0219733268022537,"NCentral_GOA_Shelf"
"353",353,353,2007-08-09,30.24,-89,"USMCOB","USMCOB-RC44701",0.74,00:00:00,1,"mark-recapture",NA,12,2007-08-09,31.5677053034306,33.1285439506173,17.5847651436925,0.0817896053195,-0.0274666585028172,"NCentral_GOA_Shelf"
"354",354,354,2007-08-10,29.085,-89.628,"USMCOB","USMCOB-RC44841",0.98,00:00:00,2,"mark-recapture",NA,13,2007-08-10,31.3267311528325,29.9006622433662,24.1889705881476,0.164189580827951,-0.0787377543747425,"NCentral_GOA_Shelf"
"355",355,355,2007-08-19,28.759,-89.968,"USMCOB","USMCOB-RC42116",NA,00:00:00,2,"mark-recapture",NA,13,2007-08-19,30.2764061316848,25.25769829005,30.2652058191597,-0.0585955381393433,0.0518814660608768,"NCentral_GOA_Shelf"
"356",356,356,2007-08-19,30.24,-89,"USMCOB","USMCOB-RC46998",0.94,00:00:00,2,"mark-recapture",NA,12,2007-08-19,32.329447299242,32.3960997238755,20.0628681108356,0.0109866634011269,0.0140385143458843,"NCentral_GOA_Shelf"
"357",357,357,2007-09-01,30.112,-87.422,"USMCOB","USMCOB-RC44057",NA,00:00:00,2,"mark-recapture",0.30434000492096,10,2007-09-01,30.3686941042542,30.2705465778708,28.7209692411125,0.0738547928631306,-0.0524918362498283,"FL_Panhandle"
"358",358,358,2007-09-15,26.648,-81.885,"USMCOB","USMCOB-RC40512",0.97,00:00:00,2,"mark-recapture",NA,4,2007-09-15,NA,NA,NA,NA,NA,"WFL_Shelf"
"359",359,359,2007-09-28,29.025,-89.652,"USMCOB","USMCOB-RC37181",0.91,00:00:00,1,"mark-recapture",NA,13,2007-09-28,27.7106540054083,29.9233680143952,25.6935331039131,0.0366222113370895,-0.173345133662224,"NCentral_GOA_Shelf"
"360",360,360,2007-09-29,28.674,-90.269,"USMCOB","USMCOB-RC42043",0.91,00:00:00,2,"mark-recapture",NA,13,2007-09-29,28.3449507057667,29.9167760163546,29.7616504132748,-0.253913998603821,0.152592547237873,"NCentral_GOA_Shelf"
"361",361,361,2007-11-05,28.45,-80.52,"USMCOB","USMCOB-RC31652",0.86,00:00:00,1,"mark-recapture",4.49831867218018,6,2007-11-05,24.5743278264999,24.5662709400058,35.8684041537344,-0.0518814660608768,-0.283822137862444,"EFL_Shelf"
"362",362,362,2007-12-03,26.6,-80,"USMCOB","USMCOB-RC46090",0.84,00:00:00,1,"mark-recapture",NA,4,2007-12-03,26.2985015362501,20.1247291490436,36.1629077699035,0.108645893633366,0.594500564038754,"EFL_Shelf"
"363",363,363,2007-12-12,26.894,-80.054,"USMCOB","USMCOB-RC46088",0.76,00:00:00,1,"mark-recapture",NA,4,2007-12-12,25.7381817027926,25.7359843701124,36.2758262548596,-0.23316141217947,0.420545060187578,"EFL_Shelf"
"364",364,364,2007-12-13,26.894,-80.054,"USMCOB","USMCOB-RC46085",0.74,00:00:00,1,"mark-recapture",NA,4,2007-12-13,25.6978972703218,25.6869106069207,36.2743003293872,-0.233771782368422,0.444349497556686,"EFL_Shelf"
"365",365,365,2007-12-13,29.526,-89.169,"USMCOB","USMCOB-RC44612",0.97,00:00:00,2,"mark-recapture",NA,12,2007-12-13,21.8203375339508,21.8445081934333,28.6034729797393,-0.00610370188951492,0.0665303505957127,"NCentral_GOA_Shelf"
"366",366,366,2008-01-11,28.32,-80.468,"USMCOB","USMCOB-RC48392",0.93,00:00:00,2,"mark-recapture",NA,6,2008-01-11,22.5872066393495,22.0561845749617,36.3185521680862,0.182500686496496,0.429090242832899,"EFL_Shelf"
"367",367,367,2008-01-30,26.894,-80.054,"USMCOB","USMCOB-RC45320",0.71,00:00:00,1,"mark-recapture",NA,4,2008-01-30,24.4278389811516,24.4300363138318,36.2987151369452,-0.31067842617631,0.627460554242134,"EFL_Shelf"
"368",368,368,2008-03-01,26.944,-80.07,"USMCOB","USMCOB-RC48330",1.14,00:00:00,2,"mark-recapture",NA,4,2008-03-01,22.2187871932983,22.114780113101,36.3032929133624,-0.325327310711145,0.641499068588018,"EFL_Shelf"
"369",369,369,2008-03-13,26.95,-82.38,"USMCOB","USMCOB-RC42817",1.31,00:00:00,2,"mark-recapture",NA,4,2008-03-13,20.6337778866291,20.5898312330246,36.434522503987,0.126346629112959,-0.182500686496496,"WFL_Shelf"
"370",370,370,2008-03-14,28.409854,-80.4398,"USMCOB","USMCOB-RC42821",0.86,00:00:00,1,"mark-recapture",1.99580085277557,6,2008-03-14,21.5764336064458,21.5573900565505,36.3277077209204,0.0494399853050709,0.357066560536623,"EFL_Shelf"
"371",371,371,2008-03-28,26.944,-80.07,"USMCOB","USMCOB-RC31672",1.07,00:00:00,2,"mark-recapture",NA,4,2008-03-28,23.3372295275331,23.2141788974404,36.30176698789,-0.400402843952179,0.720236822962761,"EFL_Shelf"
"372",372,372,2008-03-30,30.288,-87.427,"USMCOB","USMCOB-RC44541",1.07,00:00:00,2,"mark-recapture",NA,10,2008-03-30,19.1351969987154,19.8310190141201,27.4513992480934,0.0158696249127388,0.0305185094475746,"FL_Panhandle"
"373",373,373,2008-04-08,30.315,-87.1,"USMCOB","USMCOB-RC45634",1.02,00:00:00,1,"mark-recapture",NA,10,2008-04-08,21.3076265752316,20.2602313309908,33.1614123657346,-0.194097720086575,0.0549333170056343,"FL_Panhandle"
"374",374,374,2008-04-13,30.303889,-87.121389,"USMCOB","USMCOB-RC47544",0.56,00:00:00,1,"mark-recapture",NA,10,2008-04-13,21.5046540722251,21.4658345282078,32.9462568741292,0.0878933072090149,-0.116580706089735,"FL_Panhandle"
"375",375,375,2008-04-13,30.315,-87.203,"USMCOB","USMCOB-RC47061",0.81,00:00:00,1,"mark-recapture",NA,10,2008-04-13,21.6570024713874,21.8232673108578,32.5739310588688,0.102542191743851,-0.115970335900784,"FL_Panhandle"
"376",376,376,2008-04-13,30.333,-87.15,"USMCOB","USMCOB-RC40519",0.97,00:00:00,2,"mark-recapture",NA,10,2008-04-13,21.6570024713874,21.8232673108578,32.5739310588688,0.102542191743851,-0.115970335900784,"FL_Panhandle"
"377",377,377,2008-04-17,30.333,-87.15,"USMCOB","USMCOB-RC44855",1.19,00:00:00,2,"mark-recapture",NA,10,2008-04-17,19.4076662510633,19.9599291980267,32.0825830567628,0.0250251777470112,0.0946073792874813,"FL_Panhandle"
"378",378,378,2008-04-17,30.378,-86.862,"USMCOB","USMCOB-RC47088",1.07,00:00:00,1,"mark-recapture",NA,9,2008-04-17,19.6603595092893,19.6493728458881,33.2865382544696,-0.0537125766277313,-0.0164799951016903,"FL_Panhandle"
"379",379,379,2008-04-17,30.378,-86.862,"USMCOB","USMCOB-RC47089",0.91,00:00:00,1,"mark-recapture",NA,9,2008-04-17,19.6603595092893,19.6493728458881,33.2865382544696,-0.0537125766277313,-0.0164799951016903,"FL_Panhandle"
"380",380,380,2008-04-18,26.944,-80.07,"USMCOB","USMCOB-RC46090",0.81,00:00:00,2,"mark-recapture",NA,4,2008-04-18,23.0779442712665,23.0552385002375,36.3612780813128,0.116580706089735,-0.0909451581537724,"EFL_Shelf"
"381",381,381,2008-04-19,30.178,-85.812,"USMCOB","USMCOB-RC48992",0.67,00:00:00,1,"mark-recapture",NA,8,2008-04-19,20.304910428822,20.1606189161539,35.2092043496668,-0.178838465362787,0.185552537441254,"FL_Panhandle"
"382",382,382,2008-04-20,30.315,-87.203,"USMCOB","USMCOB-RC48372",0.46,00:00:00,1,"mark-recapture",NA,10,2008-04-20,19.8295541256666,20.0932340472937,31.9605090189725,0.0231940671801567,-0.125125888735056,"FL_Panhandle"
"383",383,383,2008-04-23,30.267,-87.585,"USMCOB","USMCOB-RC48985",0.94,00:00:00,1,"mark-recapture",10.9973587989807,10,2008-04-23,22.0356761366129,21.4746238589287,25.0785851385444,0.178838465362787,-0.0195318460464478,"NCentral_GOA_Shelf"
"384",384,384,2008-04-24,30.267,-87.585,"USMCOB","USMCOB-RC48987",0.89,00:00:00,1,"mark-recapture",NA,10,2008-04-24,22.3059480562806,21.8811304047704,23.8349558785558,0.0836207158863544,0.0518814660608768,"NCentral_GOA_Shelf"
"385",385,385,2008-04-24,30.378,-86.862,"USMCOB","USMCOB-RC47063",0.99,00:00:00,1,"mark-recapture",NA,9,2008-04-24,21.6657918021083,21.1691946163774,33.4849085658789,-0.0378429517149925,0.0640888698399067,"FL_Panhandle"
"386",386,386,2008-04-25,30.267,-87.585,"USMCOB","USMCOB-RC47773",0.81,00:00:00,1,"mark-recapture",NA,10,2008-04-25,22.537400431931,22.5037079975009,22.9773857630789,0.039674062281847,0.0518814660608768,"NCentral_GOA_Shelf"
"387",387,387,2008-04-25,30.378,-86.862,"USMCOB","USMCOB-RC47068",0.97,00:00:00,1,"mark-recapture",NA,9,2008-04-25,21.9031037315726,21.7280495613813,33.5001678206027,-0.0775170139968395,0.0427259132266045,"FL_Panhandle"
"388",388,388,2008-04-25,30.378,-86.862,"USMCOB","USMCOB-RC47065",0.71,00:00:00,1,"mark-recapture",NA,9,2008-04-25,21.9031037315726,21.7280495613813,33.5001678206027,-0.0775170139968395,0.0427259132266045,"FL_Panhandle"
"389",389,389,2008-04-26,29.239,-90.66,"USMCOB","USMCOB-RC42574",NA,00:00:00,2,"mark-recapture",NA,14,2008-04-26,NA,NA,NA,NA,NA,"NCentral_GOA_Shelf"
"390",390,390,2008-04-26,30.324,-87.158,"USMCOB","USMCOB-RC47068",1.09,00:00:00,2,"mark-recapture",NA,10,2008-04-26,22.3857844769955,22.2524796277285,31.7331461235881,-0.11047700420022,-0.0720236822962761,"FL_Panhandle"
"391",391,391,2008-04-27,30.267,-87.585,"USMCOB","USMCOB-RC47784",0.67,00:00:00,1,"mark-recapture",NA,10,2008-04-27,23.1306802555919,23.1050447076559,22.9880672413856,-0.00366222113370895,-0.0238044373691082,"NCentral_GOA_Shelf"
"392",392,392,2008-04-27,30.378,-86.862,"USMCOB","USMCOB-RC47078",0.97,00:00:00,1,"mark-recapture",NA,9,2008-04-27,22.6560563966632,22.5417950972915,33.5383159574121,-0.117801446467638,-0.00183111056685448,"FL_Panhandle"
"393",393,393,2008-04-27,30.378,-86.862,"USMCOB","USMCOB-RC47076",0.89,00:00:00,1,"mark-recapture",NA,9,2008-04-27,22.6560563966632,22.5417950972915,33.5383159574121,-0.117801446467638,-0.00183111056685448,"FL_Panhandle"
"394",394,394,2008-04-28,30.35,-87,"USMCOB","USMCOB-RC44868",0.97,00:00:00,1,"mark-recapture",NA,10,2008-04-28,22.3916440308094,20.8073671683669,33.8007751386613,-0.0750755332410336,-0.147709585726261,"FL_Panhandle"
"395",395,395,2008-04-29,30.315,-87.203,"USMCOB","USMCOB-RC47690",0.79,00:00:00,1,"mark-recapture",NA,10,2008-04-29,22.1243018880486,22.4663533419371,32.345042238012,-0.00976592302322388,-0.149540696293116,"FL_Panhandle"
"396",396,396,2008-04-30,30.267,-87.585,"USMCOB","USMCOB-RC47692",0.53,00:00:00,1,"mark-recapture",67.1959915161133,10,2008-04-30,21.8606219664216,22.3923764750361,28.0373546294868,0.0854518264532089,-0.0115970335900784,"NCentral_GOA_Shelf"
"397",397,397,2008-04-30,30.315,-87.203,"USMCOB","USMCOB-RC46610",0.97,00:00:00,1,"mark-recapture",5.61909592151642,10,2008-04-30,21.8562273010612,22.6919461637735,32.3175755795091,0.0262459181249142,-0.0158696249127388,"FL_Panhandle"
"398",398,398,2008-05-01,30.267,-87.585,"USMCOB","USMCOB-RC47088",1.17,00:00:00,2,"mark-recapture",51.964241027832,10,2008-05-01,22.0708334594965,23.0010376274586,24.9778740573674,0.115359965711832,0.0665303505957127,"NCentral_GOA_Shelf"
"399",399,399,2008-05-07,30.074,-84.185,"USMCOB","USMCOB-RC46097",0.91,00:00:00,2,"mark-recapture",NA,7,2008-05-07,24.1744132786989,24.1238746270537,36.1751151736826,0.0140385143458843,0.0152592547237873,"FL_Panhandle"
"400",400,400,2008-05-09,28.58,-90.07,"USMCOB","USMCOB-RC37830",1.14,00:00:00,2,"mark-recapture",1.85894474387169,13,2008-05-09,24.2967314645648,21.1596728414297,26.1955625843257,-0.00610370188951492,-0.122074037790298,"NCentral_GOA_Shelf"
"401",401,401,2008-05-10,25.565,-81.734233,"USMCOB","USMCOB-RC45760",0.81,00:00:00,1,"mark-recapture",NA,3,2008-05-10,27.1027252972126,26.7013458609581,36.7076631635427,0.0708029419183731,-0.0286873988807201,"WFL_Shelf"
"402",402,402,2008-05-10,29.142,-89.759,"USMCOB","USMCOB-RC43493",1.2,00:00:00,2,"mark-recapture",NA,13,2008-05-10,25.328745380044,24.2974639087915,22.4616229534149,0.271614734083414,-0.0280770286917686,"NCentral_GOA_Shelf"
"403",403,403,2008-05-13,25.256,-82.035,"USMCOB","USMCOB-RC44661",1.27,00:00:00,2,"mark-recapture",NA,3,2008-05-13,26.5680410116911,26.4332712739706,36.458937311545,-0.0140385143458843,-0.0952177494764328,"WFL_Shelf"
"404",404,404,2008-05-18,29.425,-88.615,"USMCOB","USMCOB-RC47076",NA,00:00:00,2,"mark-recapture",3.80354523658752,11,2008-05-18,24.5289162844419,20.9267555773258,25.5821405444294,-0.0262459181249142,-0.039674062281847,"NCentral_GOA_Shelf"
"405",405,405,2008-05-28,30.315,-87.203,"USMCOB","USMCOB-RC33206",0.48,00:00:00,1,"mark-recapture",NA,10,2008-05-28,26.2062135636806,25.2100894153118,24.2042298428714,-0.0329599902033806,-0.0610370188951492,"FL_Panhandle"
"406",406,406,2008-06-01,29.465,-88.664,"USMCOB","USMCOB-RC41532",1.37,00:00:00,2,"mark-recapture",NA,11,2008-06-01,27.6352122500539,22.608447521925,24.4895779062063,-0.0665303505957127,-0.0280770286917686,"NCentral_GOA_Shelf"
"407",407,407,2008-06-03,30.197,-87.303,"USMCOB","USMCOB-RC47065",0.85,00:00:00,2,"mark-recapture",3.18440622091293,10,2008-06-03,28.1259498819709,23.7810907289386,24.5963926892728,0.256965849548578,-0.0671407207846642,"FL_Panhandle"
"408",408,408,2008-06-07,30.074,-84.185,"USMCOB","USMCOB-RC46712",0.61,00:00:00,1,"mark-recapture",NA,7,2008-06-07,29.3242286369205,29.2502517700195,36.490981746465,-0.0842310860753059,-0.00671407207846642,"FL_Panhandle"
"409",409,409,2008-06-12,28.7,-89.97,"USMCOB","USMCOB-RC44054",0.99,00:00:00,2,"mark-recapture",NA,13,2008-06-12,28.2153080776334,16.0750450193882,31.8674275651574,-0.145268104970455,-0.0262459181249142,"NCentral_GOA_Shelf"
"410",410,410,2008-06-13,29.396,-87.585,"USMCOB","USMCOB-RC45634",NA,00:00:00,2,"mark-recapture",NA,10,2008-06-13,28.1259498819709,21.4401989802718,29.9783318303525,-0.103762932121754,0.0628681294620037,"NCentral_GOA_Shelf"
"411",411,411,2008-06-14,28.834,-91.95,"USMCOB","USMCOB-RC44056",NA,00:00:00,2,"mark-recapture",NA,15,2008-06-14,28.2284920737147,27.9106112793088,35.2351450826973,-0.0494399853050709,0.0354014709591866,"NCentral_GOA_Shelf"
"412",412,412,2008-06-24,30.078,-88.42,"USMCOB","USMCOB-RC47063",1.04,00:00:00,2,"mark-recapture",NA,11,2008-06-24,29.2619708776474,24.7882015407085,19.9255348183215,0.188604388386011,-0.00305185094475746,"NCentral_GOA_Shelf"
"413",413,413,2008-07-02,28.32,-80.605,"USMCOB","USMCOB-RC31652",0.93,00:00:00,2,"mark-recapture",NA,6,2008-07-02,27.4989776238799,27.266060359776,36.2300484906882,0.135502181947231,0.300912503153086,"EFL_Shelf"
"414",414,414,2008-07-04,28.937,-89.989,"USMCOB","USMCOB-RC44550",NA,00:00:00,2,"mark-recapture",NA,13,2008-07-04,29.1132846996188,24.860713519156,26.9844660535455,0.0653096102178097,0.0927762687206268,"NCentral_GOA_Shelf"
"415",415,415,2008-07-05,28.925067,-82.7375,"USMCOB","USMCOB-RC43064",0.66,00:00:00,1,"mark-recapture",NA,6,2008-07-05,30.6799829006195,30.5276345014572,36.9441816117615,-0.00061037018895149,0.0280770286917686,"WFL_Shelf"
"416",416,416,2008-07-16,30.32,-86.144,"USMCOB","USMCOB-RC45078",0.56,00:00:00,1,"mark-recapture",NA,9,2008-07-16,28.9631336331367,28.6965239346027,32.0734275039285,0.0939970090985298,-0.037232581526041,"FL_Panhandle"
"417",417,417,2008-07-24,24.5,-81.6,"USMCOB","USMCOB-RC45154",0.75,00:00:00,1,"mark-recapture",NA,1,2008-07-24,29.7439191788435,28.7602465823293,35.8165226876736,-0.10620441287756,0.0476088747382164,"SFL_Shelf"
"418",418,418,2008-07-27,30.241,-87.556,"USMCOB","USMCOB-RC48987",0.85,00:00:00,2,"mark-recapture",NA,10,2008-07-27,29.9424115642905,29.5542161241174,27.4788659065962,0.260628070682287,-0.0427259132266045,"NCentral_GOA_Shelf"
"419",419,419,2008-07-28,29.688,-88.458,"USMCOB","USMCOB-RC47078",1.02,00:00:00,2,"mark-recapture",NA,11,2008-07-28,29.4179814979434,25.6488235071301,28.2845545560122,-0.0134281441569328,-0.0476088747382164,"NCentral_GOA_Shelf"
"420",420,420,2008-08-03,30.281,-89.085,"USMCOB","USMCOB-RC44701",0.98,00:00:00,2,"mark-recapture",NA,12,2008-08-03,29.3388775214553,30.5181127265096,19.0969572868198,0.0720236822962761,-0.0164799951016903,"NCentral_GOA_Shelf"
"421",421,421,2008-08-05,27.171,-80.15,"USMCOB","USMCOB-RC46088",NA,00:00:00,2,"mark-recapture",NA,5,2008-08-05,27.8966948390007,27.7736442089081,36.0393078066409,-0.224005859345198,0.269173253327608,"EFL_Shelf"
"422",422,422,2008-08-07,26.716467,-82.0924,"USMCOB","USMCOB-RC46177",0.5,00:00:00,1,"mark-recapture",NA,4,2008-08-07,31.4629657790065,31.2952360510826,36.8068483192474,0.0189214758574963,-0.00915555283427238,"WFL_Shelf"
"423",423,423,2008-08-23,29.091613,-83.038337,"USMCOB","USMCOB-RC47982",0.72,00:00:00,1,"mark-recapture",NA,7,2008-08-23,28.5507675334811,28.5566270872951,36.1537522170693,-0.0823999755084515,0.0701925717294216,"WFL_Shelf"
"424",424,424,2008-10-30,26.191333,-97.050833,"USMCOB","USMCOB-RC47864",0.71,00:00:00,1,"mark-recapture",3.86495085557302,21,2008-10-30,23.9180577993393,23.901944026351,31.5973387565464,-0.00854518264532089,-0.0213629566133022,"TX_Shelf"
"425",425,425,2008-11-02,26.191333,-97.050833,"USMCOB","USMCOB-RC47882",0.78,00:00:00,1,"mark-recapture",4.89454960823059,21,2008-11-02,23.8118533864617,23.7613147348166,31.8079164717346,-0.0146488845348358,-0.0482192449271679,"TX_Shelf"
"426",426,426,2008-11-08,28.001,-83.074,"USMCOB","USMCOB-RC44197",NA,00:00:00,2,"mark-recapture",NA,6,2008-11-08,21.0314951017499,20.8154240548611,36.1735892482102,0.00732444226741791,-0.0500503554940224,"WFL_Shelf"
"427",427,427,2008-11-15,24.95,-80.7,"USMCOB","USMCOB-RC49219",0.91,00:00:00,1,"mark-recapture",NA,NA,2008-11-15,26.5094454735518,26.466231264174,36.0133670736104,0.0451673939824104,0.0579851679503918,"SFL_Shelf"
"428",428,428,2008-11-15,24.95,-80.7,"USMCOB","USMCOB-RC49220",0.83,00:00:00,1,"mark-recapture",NA,NA,2008-11-15,26.5094454735518,26.466231264174,36.0133670736104,0.0451673939824104,0.0579851679503918,"SFL_Shelf"
"429",429,429,2008-11-16,30.0174,-84.1745,"USMCOB","USMCOB-RC46712",0.86,00:00:00,2,"mark-recapture",NA,7,2008-11-16,19.573198646307,19.5658742040396,36.7366557475179,0.144047364592552,0.0231940671801567,"FL_Panhandle"
"430",430,430,2008-11-28,28.197222,-80.243611,"USMCOB","USMCOB-RC45330",0.72,00:00:00,1,"mark-recapture",6.23377829790115,6,2008-11-28,23.7320169657469,23.6433912143111,36.1537522170693,-0.080568864941597,0.344859156757593,"EFL_Shelf"
"431",431,431,2008-12-06,26.944,-80.07,"USMCOB","USMCOB-RC48080",1.06,00:00:00,2,"mark-recapture",NA,4,2008-12-06,23.2500686645508,23.2280953377485,36.1262855585665,-0.156254768371582,0.518814660608768,"EFL_Shelf"
"432",432,432,2008-12-18,26.944,-80.07,"USMCOB","USMCOB-RC45320",0.86,00:00:00,2,"mark-recapture",NA,4,2008-12-18,23.2962126508355,23.2822962105274,36.2086855340749,-0.333262123167515,0.725730154663324,"EFL_Shelf"
"433",433,433,2008-12-29,25.389,-81.249,"USMCOB","USMCOB-RC49219",0.97,00:00:00,2,"mark-recapture",5.84312136967977,3,2008-12-29,22.804010130465,22.738822594285,36.3841669633985,-0.0219733268022537,0.0250251777470112,"EFL_Shelf"
"434",434,434,2009-02-06,29.27,-88.76,"USMCOB","USMCOB-RC46925",NA,00:00:00,2,"mark-recapture",0.689976990222931,11,2009-02-06,18.9301126152277,19.7878048047423,34.2539750039577,0.195318460464478,0.31495101749897,"NCentral_GOA_Shelf"
"435",435,435,2009-02-22,28.365,-80.4,"USMCOB","USMCOB-RC44849",1.26,00:00:00,2,"mark-recapture",2.12200307846069,6,2009-02-22,19.8464003428817,19.7585070356727,36.2758262548596,0.0885036773979664,0.258796960115433,"EFL_Shelf"
"436",436,436,2009-03-11,26.955,-80.024,"USMCOB","USMCOB-RC48372",0.8,00:00:00,2,"mark-recapture",NA,4,2009-03-11,22.6069826334715,22.3088778331876,36.1522262915969,-0.196539200842381,1.25736258924007,"EFL_Shelf"
"437",437,437,2009-03-21,26.955,-82.06,"USMCOB","USMCOB-RC46177",0.61,00:00:00,2,"mark-recapture",NA,4,2009-03-21,22.3066805005074,22.3066805005074,36.1598559189588,0.0878933072090149,-0.0158696249127388,"WFL_Shelf"
"438",438,438,2009-04-04,24.726,-81.089,"USMCOB","USMCOB-RC47089",NA,00:00:00,2,"mark-recapture",NA,1,2009-04-04,25.3492538183928,25.1595507636666,36.2804040312767,0.0744651630520821,-0.132450331002474,"SFL_Shelf"
"439",439,439,2009-04-04,30.315,-87.203,"USMCOB","USMCOB-RC48827",1.02,00:00:00,1,"mark-recapture",2.64260697364807,10,2009-04-04,19.910855434835,20.600085452199,31.0312204062939,0.100100710988045,0.00427259132266045,"FL_Panhandle"
"440",440,440,2009-04-11,28.78874,-80.451625,"USMCOB","USMCOB-RC45831",0.76,00:00:00,1,"mark-recapture",NA,6,2009-04-11,22.5425275415182,22.49491866678,36.2819299567491,-0.285653248429298,0.612201299518347,"EFL_Shelf"
"441",441,441,2009-04-17,30.378,-86.862,"USMCOB","USMCOB-RC46639",1.02,00:00:00,1,"mark-recapture",NA,9,2009-04-17,20.4037903994322,20.4162419512868,34.1975157614797,-0.150151066482067,0.0354014709591866,"FL_Panhandle"
"442",442,442,2009-04-17,30.378,-86.862,"USMCOB","USMCOB-RC46635",1.04,00:00:00,1,"mark-recapture",NA,9,2009-04-17,20.4037903994322,20.4162419512868,34.1975157614797,-0.150151066482067,0.0354014709591866,"FL_Panhandle"
"443",443,443,2009-04-18,29.9,-88.81,"USMCOB","USMCOB-RC47969",1.12,00:00:00,1,"mark-recapture",NA,11,2009-04-18,20.775872066617,20.8300729393959,20.9356974810362,-0.0341807305812836,-0.0994903407990932,"NCentral_GOA_Shelf"
"444",444,444,2009-04-22,28.647,-94.927,"USMCOB","USMCOB-RC44794",1.12,00:00:00,2,"mark-recapture",NA,18,2009-04-22,20.5964232310653,20.557603687048,33.8251899462193,0.117801446467638,0.0366222113370895,"TX_Shelf"
"445",445,445,2009-04-24,30.387,-86.758,"USMCOB","USMCOB-RC48992",0.91,00:00:00,2,"mark-recapture",9.99709701538086,9,2009-04-24,21.5317545086145,21.2885830253363,33.7137973867357,0.0250251777470112,0.0274666585028172,"FL_Panhandle"
"446",446,446,2009-04-27,30.315,-87.203,"USMCOB","USMCOB-RC46648",1.14,00:00:00,1,"mark-recapture",NA,10,2009-04-27,22.4927213340998,22.537400431931,32.4854273814708,-0.235602892935276,-0.00915555283427238,"FL_Panhandle"
"447",447,447,2009-05-01,29.425,-88.615,"USMCOB","USMCOB-RC44907",1.02,00:00:00,2,"mark-recapture",NA,11,2009-05-01,23.5708792358637,21.0930204167962,24.8878444544971,-0.0628681294620037,-0.134281441569328,"NCentral_GOA_Shelf"
"448",448,448,2009-05-06,25.5,-81.75,"USMCOB","USMCOB-RC49220",0.89,00:00:00,2,"mark-recapture",1.22738099098206,3,2009-05-06,25.7586901411414,25.6524857282639,36.3658558577299,-0.0335703603923321,0.0885036773979664,"WFL_Shelf"
"449",449,449,2009-05-07,27.148,-80.137,"USMCOB","USMCOB-RC46610",1.09,00:00:00,2,"mark-recapture",NA,5,2009-05-07,24.1011688560247,24.0000915527344,36.2605670001358,-0.296029541641474,0.347300637513399,"EFL_Shelf"
"450",450,450,2009-05-13,26.796,-82.52,"USMCOB","USMCOB-RC45760",1.02,00:00:00,2,"mark-recapture",NA,4,2009-05-13,26.8610187023878,26.664723649621,36.4406262058765,-0.0457777641713619,0.0146488845348358,"WFL_Shelf"
"451",451,451,2009-05-13,35.1,-75.95,"USMCOB","USMCOB-RC49358",0.69,00:00:00,1,"mark-recapture",0.98078453540802,7,2009-05-13,21.0563982054591,20.974364452064,35.8165226876736,-0.00061037018895149,0.0695822015404701,"EFL_Shelf"
"452",452,452,2009-05-13,35.178,-75.746,"USMCOB","USMCOB-RC40292",1.17,00:00:00,2,"mark-recapture",0.929561972618103,7,2009-05-13,21.0563982054591,21.0629902034998,35.8897671103477,0.0482192449271679,0.0640888698399067,"EFL_Shelf"
"453",453,453,2009-05-28,29.17,-93.805,"USMCOB","USMCOB-RC47969",NA,00:00:00,2,"mark-recapture",NA,17,2009-05-28,26.6888943091035,26.1842402368784,31.3150425441563,-0.130008850246668,-0.122074037790298,"TX_Shelf"
"454",454,454,2009-06-02,28.6615,-90.2,"USMCOB","USMCOB-RC42374",NA,00:00:00,2,"mark-recapture",5.5638918876648,13,2009-06-02,26.5724356770515,22.56010620296,30.5093538947403,-0.145268104970455,0.0201422162353992,"NCentral_GOA_Shelf"
"455",455,455,2009-06-09,28.320565,-80.253318,"USMCOB","USMCOB-RC45841",0.81,00:00:00,1,"mark-recapture",0.339661508798599,6,2009-06-09,26.3006988689303,23.6924649775028,36.1354411114007,0.00854518264532089,0.155034027993679,"EFL_Shelf"
"456",456,456,2009-06-17,28.948,-92.597,"USMCOB","USMCOB-RC48985",1.07,00:00:00,2,"mark-recapture",NA,16,2009-06-17,28.0783410072327,27.0521866455674,32.1939756162465,-0.038453321903944,-0.0164799951016903,"NCentral_GOA_Shelf"
"457",457,457,2009-06-21,28.505,-80.345,"USMCOB","USMCOB-RC45847",0.74,00:00:00,1,"mark-recapture",NA,6,2009-06-21,28.871578104794,25.0548112392426,36.2041077576578,0.0701925717294216,0.277108065783978,"EFL_Shelf"
"458",458,458,2009-06-24,30.144,-88.215,"USMCOB","USMCOB-RC47784",0.91,00:00:00,2,"mark-recapture",NA,11,2009-06-24,30.1284523978829,24.8504592999816,21.2958158925176,0.267952512949705,-0.101321451365948,"NCentral_GOA_Shelf"
"459",459,459,2009-07-18,24.963,-81.395,"USMCOB","USMCOB-RC45154",0.91,00:00:00,2,"mark-recapture",NA,NA,2009-07-18,31.7347025871277,31.5471968650818,35.7234412338585,0.0579851679503918,-0.0915555283427238,"SFL_Shelf"
"460",460,460,2009-07-18,28.146,-96.135,"USMCOB","USMCOB-RC28976",1.32,00:00:00,2,"mark-recapture",0.30502716700236,19,2009-07-18,29.0231940597296,24.8475295230746,36.3673817832023,0.04089480265975,0.0219733268022537,"TX_Shelf"
"461",461,461,2009-07-19,26.558,-96.792,"USMCOB","USMCOB-RC47864",0.69,00:00:00,2,"mark-recapture",NA,20,2009-07-19,28.5610217526555,22.5879390835762,36.3414410501719,-0.0946073792874813,0.186162907630205,"TX_Shelf"
"462",462,462,2009-07-25,28.45,-80.52,"USMCOB","USMCOB-RC42823",0.84,00:00:00,1,"mark-recapture",NA,6,2009-07-25,28.2856227234006,27.5041047334671,36.144596664235,0.206915494054556,0.439466536045074,"EFL_Shelf"
"463",463,463,2009-07-25,29.091613,-83.038337,"USMCOB","USMCOB-RC47982",0.9,00:00:00,2,"mark-recapture",NA,7,2009-07-25,31.0857570022345,31.0322885736823,34.7178563475609,0.039674062281847,-0.0201422162353992,"WFL_Shelf"
"464",464,464,2009-08-06,30.266,-87.33,"USMCOB","USMCOB-RC47773",0.94,00:00:00,2,"mark-recapture",NA,10,2009-08-06,29.4150517210364,27.4682149663568,29.6288948971778,0.284432508051395,0.0299081392586231,"FL_Panhandle"
"465",465,465,2009-08-07,29.474,-81.122,"USMCOB","USMCOB-RC45847",0.79,00:00:00,2,"mark-recapture",NA,7,2009-08-07,26.9503768980503,25.8011719062924,36.1018707510084,-0.076906643807888,0.31922360882163,"EFL_Shelf"
"466",466,466,2009-08-07,29.902,-81.255,"USMCOB","USMCOB-RC42821",0.97,00:00:00,2,"mark-recapture",NA,7,2009-08-07,26.4391308277845,25.3221533820033,36.0652485396713,0.0457777641713619,0.264290291815996,"EFL_Shelf"
"467",467,467,2009-08-21,30.21,-88.964,"USMCOB","USMCOB-RC50662",0.58,00:00:00,1,"mark-recapture",NA,11,2009-08-21,30.193639934063,30.3306070044637,21.8024231493473,0.0988799706101418,0.0292977690696716,"NCentral_GOA_Shelf"
"468",468,468,2009-08-22,28.498,-91.872,"USMCOB","USMCOB-RC37181",1.09,00:00:00,2,"mark-recapture",NA,15,2009-08-22,30.0874355211854,24.3304238989949,34.295174991712,-0.128177739679813,-0.0878933072090149,"NCentral_GOA_Shelf"
"469",469,469,2009-09-26,30.288,-87.427,"USMCOB","USMCOB-RC50941",0.64,00:00:00,1,"mark-recapture",8.94838786125183,10,2009-09-26,28.9477523043752,28.8554643318057,31.9742423482239,-0.0646992400288582,-0.0079348124563694,"FL_Panhandle"
"470",470,470,2009-11-17,27.861,-80.447,"USMCOB","USMCOB-RC45330",0.97,00:00:00,2,"mark-recapture",NA,5,2009-11-17,23.5730765685439,23.5313272476196,36.1812188755721,0.0378429517149925,-0.0927762687206268,"EFL_Shelf"
"471",471,471,2010-01-24,27.785,-82.428,"USMCOB","USMCOB-RC43064",0.91,00:00:00,2,"mark-recapture",NA,5,2010-01-24,NA,NA,NA,NA,NA,"WFL_Shelf"
"472",472,472,2010-02-20,24.924,-80.625,"USMCOB","USMCOB-RC46085",NA,00:00:00,2,"mark-recapture",NA,NA,2010-02-20,19.9709158614278,19.8639790043235,36.5001372992992,0.0616473890841007,0.0646992400288582,"SFL_Shelf"
"473",473,473,2010-03-31,28.41,-80.584,"USMCOB","USMCOB-RC45831",NA,00:00:00,2,"mark-recapture",NA,6,2010-03-31,NA,NA,NA,NA,NA,"EFL_Shelf"
"474",474,474,2010-04-05,30.315,-87.203,"USMCOB","USMCOB-RC52031",0.89,00:00:00,1,"mark-recapture",NA,10,2010-04-05,19.7709585875273,21.4358043149114,26.0933255776763,0.0280770286917686,0.0292977690696716,"FL_Panhandle"
"475",475,475,2010-04-05,30.315,-87.203,"USMCOB","USMCOB-RC52033",0.94,00:00:00,1,"mark-recapture",NA,10,2010-04-05,19.7709585875273,21.4358043149114,26.0933255776763,0.0280770286917686,0.0292977690696716,"FL_Panhandle"
"476",476,476,2010-04-05,30.315,-87.203,"USMCOB","USMCOB-RC47528",0.76,00:00:00,1,"mark-recapture",NA,10,2010-04-05,19.7709585875273,21.4358043149114,26.0933255776763,0.0280770286917686,0.0292977690696716,"FL_Panhandle"
"477",477,477,2010-04-05,30.315,-87.203,"USMCOB","USMCOB-RC47527",1.09,00:00:00,1,"mark-recapture",NA,10,2010-04-05,19.7709585875273,21.4358043149114,26.0933255776763,0.0280770286917686,0.0292977690696716,"FL_Panhandle"
"478",478,478,2010-04-05,30.315,-87.203,"USMCOB","USMCOB-RC51361",0.91,00:00:00,1,"mark-recapture",NA,10,2010-04-05,19.7709585875273,21.4358043149114,26.0933255776763,0.0280770286917686,0.0292977690696716,"FL_Panhandle"
"479",479,479,2010-04-07,30.315,-87.203,"USMCOB","USMCOB-RC51299",0.89,00:00:00,1,"mark-recapture",8.47191047668457,10,2010-04-07,20.5693227946758,21.8723410740495,26.6396068967879,-0.0451673939824104,0.0201422162353992,"FL_Panhandle"
"480",480,480,2010-04-09,30.315,-87.203,"USMCOB","USMCOB-RC47652",1.04,00:00:00,1,"mark-recapture",NA,10,2010-04-09,20.3818170726299,21.6181829273701,27.9030731879175,-0.0201422162353992,-0.151982177048922,"FL_Panhandle"
"481",481,481,2010-04-10,30.244,-88.777,"USMCOB","USMCOB-RC32325",1.12,00:00:00,2,"mark-recapture",NA,11,2010-04-10,20.557603687048,22.3323160484433,11.6428113542497,-0.04089480265975,-0.0744651630520821,"NCentral_GOA_Shelf"
"482",482,482,2010-04-10,30.315,-87.203,"USMCOB","USMCOB-RC51366",0.97,00:00:00,1,"mark-recapture",NA,10,2010-04-10,20.0434278398752,22.0715659037232,29.2367320507765,-0.00976592302322388,-0.00122074037790298,"FL_Panhandle"
"483",483,483,2010-04-11,30.212,-85.88,"USMCOB","USMCOB-RC44204",NA,00:00:00,2,"mark-recapture",NA,8,2010-04-11,20.2258064523339,20.197241127491,33.892330667004,-0.0720236822962761,0.0598162785172462,"FL_Panhandle"
"484",484,484,2010-04-11,30.267,-87.585,"USMCOB","USMCOB-RC52020",0.84,00:00:00,1,"mark-recapture",NA,10,2010-04-11,20.0851771607995,22.8860438838601,26.8913845997304,-0.0549333170056343,0.0274666585028172,"NCentral_GOA_Shelf"
"485",485,485,2010-04-11,30.378,-86.862,"USMCOB","USMCOB-RC50212",0.89,00:00:00,1,"mark-recapture",NA,9,2010-04-11,20.6579485461116,20.70775475353,32.187871914357,-0.0909451581537724,-0.00610370188951492,"FL_Panhandle"
"486",486,486,2010-04-11,30.3855,-86.76,"USMCOB","USMCOB-RC47690",0.99,00:00:00,2,"mark-recapture",NA,9,2010-04-11,20.2485122233629,21.3632923364639,33.0759605392814,-0.109866634011269,0.00610370188951492,"FL_Panhandle"
"487",487,487,2010-04-12,30.212,-85.88,"USMCOB","USMCOB-RC45683",1.09,00:00:00,1,"mark-recapture",NA,8,2010-04-12,20.2785424366593,20.2895291000605,33.8557084556669,-0.197759941220284,0.137943662703037,"FL_Panhandle"
"488",488,488,2010-04-12,30.288,-87.427,"USMCOB","USMCOB-RC51367",0.99,00:00:00,1,"mark-recapture",NA,10,2010-04-12,20.2214117869735,22.5491195395589,28.4386730287224,-0.177617724984884,-0.0103762932121754,"FL_Panhandle"
"489",489,489,2010-04-13,30.052,-85.605,"USMCOB","USMCOB-RC45687",0.99,00:00:00,1,"mark-recapture",NA,8,2010-04-13,NA,NA,NA,NA,NA,"FL_Panhandle"
"490",490,490,2010-04-13,30.333,-87.15,"USMCOB","USMCOB-RC46635",1.12,00:00:00,2,"mark-recapture",3.57900500297546,10,2010-04-13,20.4887539297342,20.5217139199376,32.9371013212949,-0.20874660462141,-0.0262459181249142,"FL_Panhandle"
"491",491,491,2010-04-13,30.38,-86.5,"USMCOB","USMCOB-RC44178",1.23,00:00:00,2,"mark-recapture",13.858678817749,9,2010-04-13,20.353251747787,20.3495895266533,33.8892788160592,-0.21668141707778,0.0415051728487015,"FL_Panhandle"
"492",492,492,2010-04-17,30.378,-86.862,"USMCOB","USMCOB-RC48096",1.45,00:00:00,2,"mark-recapture",NA,9,2010-04-17,21.445326089859,21.3142185732722,33.9854121208191,-0.156865138560534,-0.038453321903944,"FL_Panhandle"
"493",493,493,2010-04-20,30.197,-88.455,"USMCOB","USMCOB-RC45687",1.07,00:00:00,2,"mark-recapture",6.56611204147339,11,2010-04-20,22.0986663401127,22.2986236140132,23.203222732991,0.0415051728487015,-0.12695699930191,"NCentral_GOA_Shelf"
"494",494,494,2010-04-20,30.38,-86.5,"USMCOB","USMCOB-RC47061",1.09,00:00:00,2,"mark-recapture",NA,9,2010-04-20,21.6650593578815,21.4702291935682,33.9823602698743,-0.0207525864243507,0.0305185094475746,"FL_Panhandle"
"495",495,495,2010-04-22,30.315,-87.203,"USMCOB","USMCOB-RC47656",1.03,00:00:00,1,"mark-recapture",6.62125635147095,10,2010-04-22,21.8467055261135,22.2209845259786,32.3557237163186,0.134281441569328,-0.039674062281847,"FL_Panhandle"
"496",496,496,2010-04-27,30.315,-87.203,"USMCOB","USMCOB-RC49661",1.17,00:00:00,1,"mark-recapture",8.16068625450134,10,2010-04-27,22.0620441287756,22.2114627510309,32.457960722968,0.227668080478907,-0.0518814660608768,"FL_Panhandle"
"497",497,497,2010-04-29,30.315,-87.203,"USMCOB","USMCOB-RC48867",0.97,00:00:00,1,"mark-recapture",4.88766129811605,10,2010-04-29,21.1596728414297,22.2275765240192,31.7590868566185,0.189214758574963,0.125125888735056,"FL_Panhandle"
"498",498,498,2010-04-29,30.333,-87.15,"USMCOB","USMCOB-RC48851",0.79,00:00:00,1,"mark-recapture",5.71873068809509,10,2010-04-29,21.1596728414297,22.2275765240192,31.7590868566185,0.189214758574963,0.125125888735056,"FL_Panhandle"
"499",499,499,2010-05-05,30.315,-87.203,"USMCOB","USMCOB-RC46657",0.99,00:00:00,1,"mark-recapture",NA,10,2010-05-05,23.3804437369108,23.1680349111557,32.2870570700616,-0.0354014709591866,-0.0366222113370895,"FL_Panhandle"
"500",500,500,2010-05-07,28.103333,-80.21,"USMCOB","USMCOB-RC50941",0.69,00:00:00,2,"mark-recapture",NA,6,2010-05-07,25.2078920826316,21.8239997550845,36.3002410624176,-0.0140385143458843,0.0103762932121754,"EFL_Shelf"
"501",501,501,2010-05-13,30.333,-87.15,"USMCOB","USMCOB-RC32330",1.17,00:00:00,2,"mark-recapture",NA,10,2010-05-13,24.1106906309724,23.9956968873739,33.5932492744178,-0.16785180196166,-0.036011841148138,"FL_Panhandle"
"502",502,502,2010-05-22,28.423,-80.574,"USMCOB","USMCOB-RC51122",0.76,00:00:00,1,"mark-recapture",NA,6,2010-05-22,NA,NA,NA,NA,NA,"EFL_Shelf"
"503",503,503,2010-05-29,28.406,-80.209,"USMCOB","USMCOB-RC42823",0.88,00:00:00,2,"mark-recapture",0.168782252818346,6,2010-05-29,26.3820001780987,25.2247382998466,36.3429669756442,-0.0323496200144291,0.209967344999313,"EFL_Shelf"
"504",504,504,2010-06-02,28.647117,-80.450483,"USMCOB","USMCOB-RC46041",0.66,00:00:00,1,"mark-recapture",0.674269020557404,6,2010-06-02,27.2440870329738,25.9491256400943,36.3444929011166,-0.0158696249127388,0.455336160957813,"EFL_Shelf"
"505",505,505,2010-06-17,28.226,-90.612,"USMCOB","USMCOB-RC48827",NA,00:00:00,2,"mark-recapture",NA,14,2010-06-17,29.8318124860525,19.7101657167077,34.476760122925,0.120242927223444,0.0274666585028172,"NCentral_GOA_Shelf"
"506",506,506,2010-07-02,29.009,-90.263,"USMCOB","USMCOB-RC47652",1.02,00:00:00,2,"mark-recapture",NA,13,2010-07-02,29.2627033218741,30.1592150554061,24.8496963176876,-0.477309487760067,-0.080568864941597,"NCentral_GOA_Shelf"
"507",507,507,2010-07-10,28.331,-83.343,"USMCOB","USMCOB-RC45078",0.74,00:00:00,2,"mark-recapture",0.323807001113892,6,2010-07-10,29.7212134078145,28.8920865431428,34.798730397597,0.0524918362498283,-0.0909451581537724,"WFL_Shelf"
"508",508,508,2010-07-10,29.075,-82.925,"USMCOB","USMCOB-RC52375",0.67,00:00:00,1,"mark-recapture",NA,7,2010-07-10,30.4653767421842,30.4397411942482,32.804345805198,0.0335703603923321,-0.0103762932121754,"WFL_Shelf"
"509",509,509,2010-07-11,28.406,-80.357,"USMCOB","USMCOB-RC45841",0.97,00:00:00,2,"mark-recapture",NA,6,2010-07-11,28.2006591930985,22.4861293360591,36.1980040557683,0.0347911007702351,0.197759941220284,"EFL_Shelf"
"510",510,510,2010-07-16,30.38,-86.5,"USMCOB","USMCOB-RC44868",NA,00:00:00,2,"mark-recapture",NA,9,2010-07-16,29.674336977303,29.4509414881468,30.7763908524066,0.111697744578123,0.0665303505957127,"FL_Panhandle"
"511",511,511,2010-07-18,29.075,-82.925,"USMCOB","USMCOB-RC52372",0.81,00:00:00,1,"mark-recapture",NA,7,2010-07-18,31.1216467693448,31.1194494366646,32.8318124637008,-0.0592059083282948,0.0518814660608768,"WFL_Shelf"
"512",512,512,2010-09-19,30.221,-88.919,"USMCOB","USMCOB-RC48626",0.69,00:00:00,1,"mark-recapture",NA,11,2010-09-19,29.4289681613445,29.4011352807283,22.7057710289955,-0.0323496200144291,-0.043336283415556,"NCentral_GOA_Shelf"
"513",513,513,2010-10-02,26.05,-97.1,"USMCOB","USMCOB-RC51250",0.74,00:00:00,1,"mark-recapture",4.37447204589844,21,2010-10-02,28.3105258271098,28.290017388761,31.04800558649,-0.0134281441569328,-0.210577715188265,"TX_Shelf"
"514",514,514,2010-10-02,26.112,-97.13,"USMCOB","USMCOB-RC51250",0.8,00:00:00,2,"mark-recapture",4.13712161779404,21,2010-10-02,28.1405987665057,28.1391338780522,31.2341684941202,-0.00671407207846642,-0.18799401819706,"TX_Shelf"
"515",515,515,2010-10-13,30.074,-84.185,"USMCOB","USMCOB-RC49426",0.74,00:00:00,1,"mark-recapture",20.4911308288574,7,2010-10-13,24.7860042080283,24.7178868949413,33.8709677103907,0.04089480265975,0.00366222113370895,"FL_Panhandle"
"516",516,516,2010-10-15,29.197,-80.611,"USMCOB","USMCOB-RC46041",NA,00:00:00,2,"mark-recapture",NA,7,2010-10-15,27.8791161775589,27.8966948390007,36.088137421757,-0.0720236822962761,0.0762962736189365,"EFL_Shelf"
"517",517,517,2011-01-20,26.365,-80.066,"USMCOB","USMCOB-RC33206",1.14,00:00:00,2,"mark-recapture",NA,4,2011-01-20,22.407025359571,21.9946592599154,36.3597521558404,-0.0183111056685448,-0.0347911007702351,"EFL_Shelf"
"518",518,518,2011-02-28,25.54,-80.16,"USMCOB","USMCOB-RC52031",NA,00:00:00,2,"mark-recapture",NA,3,2011-02-28,23.6968596428633,23.6734214276075,36.0271004028618,0.0897244177758694,0.178228095173836,"EFL_Shelf"
"519",519,519,2011-03-25,27.876833,-83.188833,"USMCOB","USMCOB-RC51361",NA,00:00:00,2,"mark-recapture",0.314830496907234,5,2011-03-25,20.5707876831293,19.4113284721971,35.4503005743027,0.00244148075580597,-0.0958281196653843,"WFL_Shelf"
"520",520,520,2011-04-03,30.378,-86.862,"USMCOB","USMCOB-RC51704",0.91,00:00:00,1,"mark-recapture",NA,9,2011-04-03,21.1054719686508,21.3325296789408,30.8542130514979,0.144047364592552,0.0616473890841007,"FL_Panhandle"
"521",521,521,2011-04-04,30.315,-87.203,"USMCOB","USMCOB-RC51706",1.04,00:00:00,1,"mark-recapture",NA,10,2011-04-04,22.0906094536185,21.9792779311538,24.0394298918545,0.183111056685448,0.134281441569328,"FL_Panhandle"
"522",522,522,2011-04-14,30.315,-87.203,"USMCOB","USMCOB-RC51760",1.07,00:00:00,1,"mark-recapture",6.63116812705994,10,2011-04-14,22.07229834795,23.1109042614698,24.7459333855659,0.197759941220284,0.0592059083282948,"FL_Panhandle"
"523",523,523,2011-04-14,30.315,-87.203,"USMCOB","USMCOB-RC52057",0.84,00:00:00,1,"mark-recapture",6.63116812705994,10,2011-04-14,22.07229834795,23.1109042614698,24.7459333855659,0.197759941220284,0.0592059083282948,"FL_Panhandle"
"524",524,524,2011-04-18,30.141667,-86.658333,"USMCOB","USMCOB-RC48477",1.27,00:00:00,2,"mark-recapture",0.834067672491074,9,2011-04-18,21.3662221133709,20.262428663671,30.8023315854371,0.0628681294620037,-0.0415051728487015,"FL_Panhandle"
"525",525,525,2011-04-19,30.333,-87.15,"USMCOB","USMCOB-RC45683",1.18,00:00:00,2,"mark-recapture",NA,10,2011-04-19,21.7661366611719,23.1533860266209,23.4244819264859,0.120242927223444,0.10620441287756,"FL_Panhandle"
"526",526,526,2011-04-19,30.333,-87.15,"USMCOB","USMCOB-RC44885",1.09,00:00:00,1,"mark-recapture",NA,10,2011-04-19,21.7661366611719,23.1533860266209,23.4244819264859,0.120242927223444,0.10620441287756,"FL_Panhandle"
"527",527,527,2011-04-20,30.315,-87.203,"USMCOB","USMCOB-RC51943",1.12,00:00:00,1,"mark-recapture",NA,10,2011-04-20,22.5535142049193,23.2178411185741,22.2876674495637,0.0604266487061977,0.0512710958719254,"FL_Panhandle"
"528",528,528,2011-04-20,30.315,-87.203,"USMCOB","USMCOB-RC51945",1.17,00:00:00,1,"mark-recapture",NA,10,2011-04-20,22.5535142049193,23.2178411185741,22.2876674495637,0.0604266487061977,0.0512710958719254,"FL_Panhandle"
"529",529,529,2011-04-20,30.378,-86.862,"USMCOB","USMCOB-RC48867",NA,00:00:00,2,"mark-recapture",NA,9,2011-04-20,22.2620014026761,23.3731192946434,28.5637989174575,0.0115970335900784,0.0476088747382164,"FL_Panhandle"
"530",530,530,2011-04-21,30.315,-87.203,"USMCOB","USMCOB-RC51771",1.08,00:00:00,1,"mark-recapture",NA,10,2011-04-21,23.0061647370458,23.408276617527,22.1243934240192,-0.0225836969912052,-0.00488296151161194,"FL_Panhandle"
"531",531,531,2011-04-22,27.907,-82.668,"USMCOB","USMCOB-RC52375",0.86,00:00:00,2,"mark-recapture",NA,5,2011-04-22,NA,NA,NA,NA,NA,"WFL_Shelf"
"532",532,532,2011-04-30,27.907,-82.668,"USMCOB","USMCOB-RC52372",0.94,00:00:00,2,"mark-recapture",NA,5,2011-04-30,NA,NA,NA,NA,NA,"WFL_Shelf"
"533",533,533,2011-05-07,29.266,-88.762,"USMCOB","USMCOB-RC47163",NA,00:00:00,2,"mark-recapture",3.31632244586945,11,2011-05-07,22.8875087723136,18.6210211515427,27.0424512214959,-0.0610370188951492,-0.0903347879648209,"NCentral_GOA_Shelf"
"534",534,534,2011-05-09,28.25145,-82.912833,"USMCOB","USMCOB-RC50805",0.84,00:00:00,1,"mark-recapture",NA,6,2011-05-09,26.6830347552896,26.6273689940572,36.0087892971933,0.00366222113370895,-0.0915555283427238,"WFL_Shelf"
"535",535,535,2011-05-11,29.335,-88.297,"USMCOB","USMCOB-RC51367",0.99,00:00:00,2,"mark-recapture",4.13437898953756,11,2011-05-11,25.1917783096433,19.4904324486852,33.1003753468394,-0.249031037092209,-0.0402844324707985,"NCentral_GOA_Shelf"
"536",536,536,2011-05-23,28.554817,-80.141983,"USMCOB","USMCOB-RC53105",0.81,00:00:00,1,"mark-recapture",0.160427669684092,6,2011-05-23,26.4142277240753,20.0675984993577,36.3322854973376,-0.0750755332410336,0.518814660608768,"EFL_Shelf"
"537",537,537,2011-05-23,30.074,-84.185,"USMCOB","USMCOB-RC50812",0.64,00:00:00,1,"mark-recapture",NA,7,2011-05-23,26.6896267533302,26.3563646301627,34.4264045823365,0.00122074037790298,0.0256355479359627,"FL_Panhandle"
"538",538,538,2011-06-05,30.074,-84.185,"USMCOB","USMCOB-RC50812",0.86,00:00:00,2,"mark-recapture",NA,7,2011-06-05,29.9878231063485,29.7534409537911,34.5423749182373,-0.00366222113370895,0.0158696249127388,"FL_Panhandle"
"539",539,539,2011-06-07,29.836,-88.557,"USMCOB","USMCOB-RC47656",NA,00:00:00,2,"mark-recapture",NA,11,2011-06-07,29.8633075878024,22.1872920915484,19.2175053991377,-0.0579851679503918,-0.0164799951016903,"NCentral_GOA_Shelf"
"540",540,540,2011-06-08,30.074,-84.185,"USMCOB","USMCOB-RC53290",0.7,00:00:00,1,"mark-recapture",NA,7,2011-06-08,30.2346568107605,30.2346568107605,34.5988341607153,-0.0683614611625671,-0.00976592302322388,"FL_Panhandle"
"541",541,541,2011-06-10,29.347,-87.387,"USMCOB","USMCOB-RC46648",NA,00:00:00,2,"mark-recapture",0.452546000480652,10,2011-06-10,28.3486129269004,9.00256356596947,31.3440351281315,-0.0787377543747425,-0.0476088747382164,"FL_Panhandle"
"542",542,542,2011-06-12,30.129,-87.893,"USMCOB","USMCOB-RC49426",0.96,00:00:00,2,"mark-recapture",1.14220371842384,10,2011-06-12,30.1233252882957,27.4945829585195,18.0333872325718,0.0750755332410336,-0.0872829370200634,"NCentral_GOA_Shelf"
"543",543,543,2011-06-19,30.108169,-88.02109,"USMCOB","USMCOB-RC44885",1.02,00:00:00,2,"mark-recapture",10.9047355651855,11,2011-06-19,29.2451246604323,24.3209021240473,18.094424251467,0.335703603923321,-0.0634784996509552,"NCentral_GOA_Shelf"
"544",544,544,2011-06-20,28.459,-90.584,"USMCOB","USMCOB-RC51366",NA,00:00:00,2,"mark-recapture",NA,14,2011-06-20,29.0231940597296,23.6133610010147,35.4060487356037,0.116580706089735,0.0939970090985298,"NCentral_GOA_Shelf"
"545",545,545,2011-06-23,29.068,-90.104,"USMCOB","USMCOB-RC48626",NA,00:00:00,2,"mark-recapture",NA,13,2011-06-23,30.054475530982,29.8010498285294,22.7851191535592,0.190435498952866,0.160527359694242,"NCentral_GOA_Shelf"
"546",546,546,2011-07-03,30.031,-88.215,"USMCOB","USMCOB-RC51299",NA,00:00:00,2,"mark-recapture",NA,11,2011-07-03,30.5554673820734,23.1372722536325,21.8970305286348,-0.0561540573835373,0.0445570237934589,"NCentral_GOA_Shelf"
"547",547,547,2011-07-10,28.84,-89.459,"USMCOB","USMCOB-RC52033",1.17,00:00:00,2,"mark-recapture",14.6929035186768,12,2011-07-10,30.6001464799047,21.0461439862847,29.3832208961248,-0.0274666585028172,0.0787377543747425,"NCentral_GOA_Shelf"
"548",548,548,2011-07-14,26.183,-97.05,"USMCOB","USMCOB-RC47882",1.04,00:00:00,2,"mark-recapture",0.556171000003815,21,2011-07-14,28.5932492986321,26.5292214676738,35.6868190225214,-0.00488296151161194,0.18005920574069,"TX_Shelf"
"549",549,549,2011-07-14,28.442,-90.2,"USMCOB","USMCOB-RC50662",1.07,00:00:00,2,"mark-recapture",NA,13,2011-07-14,30.4031189829111,20.7004303112626,33.9793084189296,0.283822137862444,-0.0146488845348358,"NCentral_GOA_Shelf"
"550",550,550,2011-07-19,26.183,-97.05,"USMCOB","USMCOB-RC51959",0.84,00:00:00,1,"mark-recapture",NA,21,2011-07-19,28.0146183595061,23.1797540187836,36.0774559434503,0.0103762932121754,0.0762962736189365,"TX_Shelf"
"551",551,551,2011-07-21,26.113,-97.15,"USMCOB","USMCOB-RC51959",0.98,00:00:00,2,"mark-recapture",NA,21,2011-07-21,28.6723532751203,28.6657612770796,36.1171300057322,0.0189214758574963,0.170293282717466,"TX_Shelf"
"552",552,552,2011-07-29,29.963611,-84.308889,"USMCOB","USMCOB-RC52539",0.74,00:00:00,1,"mark-recapture",NA,7,2011-07-29,30.8411206305027,30.7473677694798,34.3012786936015,-0.0775170139968395,-0.0524918362498283,"FL_Panhandle"
"553",553,553,2011-08-18,26.05,-97.1,"USMCOB","USMCOB-RC51912",0.49,00:00:00,1,"mark-recapture",NA,21,2011-08-18,27.285836353898,23.0955229327083,36.4375743549317,0.00976592302322388,0.11841181665659,"TX_Shelf"
"554",554,554,2011-09-24,28.257833,-82.9535,"USMCOB","USMCOB-RC50805",0.91,00:00:00,2,"mark-recapture",3.30250179767609,6,2011-09-24,29.3733024001122,29.2326731085777,36.6664631757885,0.00732444226741791,0.038453321903944,"WFL_Shelf"
"555",555,555,2011-10-15,26.03,-97.06,"USMCOB","USMCOB-RC51912",0.65,00:00:00,2,"mark-recapture",3.03046607971191,21,2011-10-15,27.3034150153399,27.2440870329738,35.2488784119487,-0.0427259132266045,-0.0775170139968395,"MX_Shelf"
"556",556,556,2012-03-14,28.303083,-80.483767,"USMCOB","USMCOB-RC53107",0.79,00:00:00,1,"mark-recapture",NA,6,2012-03-14,22.0539872422814,21.9441206082702,36.188848502934,0.0616473890841007,0.165410321205854,"EFL_Shelf"
"557",557,557,2012-03-17,28.406,-80.584,"USMCOB","USMCOB-RC52057",0.93,00:00:00,2,"mark-recapture",NA,6,2012-03-17,NA,NA,NA,NA,NA,"EFL_Shelf"
"558",558,558,2012-04-04,26.05,-97.1,"USMCOB","USMCOB-RC53530",0.45,00:00:00,1,"mark-recapture",NA,21,2012-04-04,23.1651051342487,20.5436872467399,34.0205084066838,-0.0158696249127388,0.136112552136183,"TX_Shelf"
"559",559,559,2012-04-05,30.334,-88.565,"USMCOB","USMCOB-RC53151",0.91,00:00:00,1,"mark-recapture",NA,11,2012-04-05,24.2586443647742,25.0474867969751,10.3823969140649,0.322885829955339,-0.0750755332410336,"NCentral_GOA_Shelf"
"560",560,560,2012-04-06,26.03,-97.06,"USMCOB","USMCOB-RC53530",NA,00:00:00,2,"mark-recapture",NA,21,2012-04-06,24.0205999910831,20.5136570334435,34.1700491029769,-0.0317392498254776,0.080568864941597,"MX_Shelf"
"561",561,561,2012-04-06,30.333,-87.15,"USMCOB","USMCOB-RC54003",1.22,00:00:00,1,"mark-recapture",NA,10,2012-04-06,23.0127567350864,22.9468367546797,32.3755607474595,0.136722922325134,-0.186162907630205,"FL_Panhandle"
"562",562,562,2012-04-07,30.333,-87.15,"USMCOB","USMCOB-RC54004",1.04,00:00:00,1,"mark-recapture",NA,10,2012-04-07,22.3550218194723,22.9548936411738,33.4055604413152,-0.0537125766277313,0.0921658985316753,"FL_Panhandle"
"563",563,563,2012-04-07,30.378,-86.862,"USMCOB","USMCOB-RC44544",1.05,00:00:00,2,"mark-recapture",NA,9,2012-04-07,22.6348155140877,22.7373577058315,35.000152559951,-0.0445570237934589,0.0482192449271679,"FL_Panhandle"
"564",564,564,2012-04-11,29.951,-84.081,"USMCOB","USMCOB-RC51593",0.94,00:00:00,1,"mark-recapture",6.11598610877991,7,2012-04-11,23.6529129892588,23.6192205548286,35.3434857912362,0.0610370188951492,-0.0183111056685448,"FL_Panhandle"
"565",565,565,2012-04-11,30.378,-86.862,"USMCOB","USMCOB-RC53170",0.89,00:00:00,1,"mark-recapture",NA,9,2012-04-11,22.6003906354308,22.491988889873,35.024567367509,0.0640888698399067,-0.0323496200144291,"FL_Panhandle"
"566",566,566,2012-04-12,30.378,-86.862,"USMCOB","USMCOB-RC54010",1.02,00:00:00,1,"mark-recapture",NA,9,2012-04-12,22.4399853497744,22.4517044574022,34.98031552881,-0.00976592302322388,0.00061037018895149,"FL_Panhandle"
"567",567,567,2012-04-12,30.378,-86.862,"USMCOB","USMCOB-RC54025",1.12,00:00:00,1,"mark-recapture",NA,9,2012-04-12,22.4399853497744,22.4517044574022,34.98031552881,-0.00976592302322388,0.00061037018895149,"FL_Panhandle"
"568",568,568,2012-04-14,28.744,-90.02,"USMCOB","USMCOB-RC46657",NA,00:00:00,2,"mark-recapture",1.56347679098447,13,2012-04-14,24.0997039675713,21.6987517923117,33.8297677226365,-0.123905148357153,0.0500503554940224,"NCentral_GOA_Shelf"
"569",569,569,2012-04-14,30.333,-87.15,"USMCOB","USMCOB-RC54112",0.67,00:00:00,1,"mark-recapture",NA,10,2012-04-14,21.8459730818868,23.6140934452415,30.0363169983029,-0.0195318460464478,0.0836207158863544,"FL_Panhandle"
"570",570,570,2012-04-26,30.043,-88.878,"USMCOB","USMCOB-RC54241",0.81,00:00:00,1,"mark-recapture",4.69804501533508,11,2012-04-26,21.8130130916834,22.7373577058315,15.4301583766937,0.189825128763914,0.155644398182631,"NCentral_GOA_Shelf"
"571",571,571,2012-04-27,28.255333,-82.953883,"USMCOB","USMCOB-RC50808",0.97,00:00:00,1,"mark-recapture",1.92825621366501,6,2012-04-27,23.4097415059805,23.1358073651791,35.6929227244109,0.0122074037790298,0.0494399853050709,"WFL_Shelf"
"572",572,572,2012-04-28,29.951,-84.081,"USMCOB","USMCOB-RC52539",0.92,00:00:00,2,"mark-recapture",5.74827498197556,7,2012-04-28,23.0728171616793,22.829645678401,35.3480635676533,-0.0640888698399067,0.0207525864243507,"FL_Panhandle"
"573",573,573,2012-04-28,30.378,-86.862,"USMCOB","USMCOB-RC54030",0.99,00:00:00,1,"mark-recapture",NA,9,2012-04-28,22.781304359436,22.6663106158376,34.6003600861877,0.00427259132266045,0.037232581526041,"FL_Panhandle"
"574",574,574,2012-04-29,30.153,-88.565,"USMCOB","USMCOB-RC54341",0.66,00:00:00,1,"mark-recapture",NA,11,2012-04-29,22.738822594285,22.7432172596455,16.4082766044885,0.0280770286917686,0.0402844324707985,"NCentral_GOA_Shelf"
"575",575,575,2012-04-29,30.333,-87.15,"USMCOB","USMCOB-RC46667",0.97,00:00:00,1,"mark-recapture",NA,10,2012-04-29,23.0296029523015,23.98983733356,27.1004363894463,0.0573747977614403,0.0402844324707985,"FL_Panhandle"
"576",576,576,2012-04-30,29.902,-81.255,"USMCOB","USMCOB-RC53105",1.02,00:00:00,2,"mark-recapture",NA,7,2012-04-30,24.2000488266349,24.0037537738681,36.188848502934,-0.0347911007702351,0.139774773269892,"EFL_Shelf"
"577",577,577,2012-04-30,30.38,-86.5,"USMCOB","USMCOB-RC47544",1.22,00:00:00,2,"mark-recapture",NA,9,2012-04-30,23.8477431535721,23.4822534844279,34.8628192674369,-0.113528855144978,0.0201422162353992,"FL_Panhandle"
"578",578,578,2012-05-05,28.7919,-82.9763,"USMCOB","USMCOB-RC54484",0.94,00:00:00,1,"mark-recapture",NA,6,2012-05-05,26.3973815068603,26.1505478024483,35.4380931705236,-0.0122074037790298,0.0573747977614403,"WFL_Shelf"
"579",579,579,2012-05-19,30.12,-88.543,"USMCOB","USMCOB-RC54241",0.9,00:00:00,2,"mark-recapture",1.75520435969035,11,2012-05-19,26.2801904305816,22.5769524201751,15.753654576838,-0.0750755332410336,0.0366222113370895,"NCentral_GOA_Shelf"
"580",580,580,2012-06-08,29.095,-90.194,"USMCOB","USMCOB-RC47527",1.14,00:00:00,2,"mark-recapture",NA,13,2012-06-08,29.7534409537911,29.4253059402108,19.5425275247544,0.158085878938437,0.0183111056685448,"NCentral_GOA_Shelf"
"581",581,581,2012-06-09,28.712,-94.753,"USMCOB","USMCOB-RC51760",1.24,00:00:00,2,"mark-recapture",NA,18,2012-06-09,28.111300997436,26.5336161330342,31.6553239244968,-0.00610370188951492,0.0305185094475746,"TX_Shelf"
"582",582,582,2012-06-10,28.468,-93.788,"USMCOB","USMCOB-RC54003",1.37,00:00:00,2,"mark-recapture",NA,17,2012-06-10,28.2577898427844,23.4221930578351,32.5037384871393,0.148319955915213,0.0109866634011269,"TX_Shelf"
"583",583,583,2012-06-10,28.838733,-82.977533,"USMCOB","USMCOB-RC54257",0.69,00:00:00,1,"mark-recapture",NA,6,2012-06-10,28.3303018212318,28.3207800462842,35.1329080760479,-0.0512710958719254,0.117191076278687,"WFL_Shelf"
"584",584,584,2012-06-12,30.211125,-87.660774,"USMCOB","USMCOB-RC55056",0.85,00:00:00,1,"mark-recapture",NA,10,2012-06-12,NA,NA,NA,NA,NA,"NCentral_GOA_Shelf"
"585",585,585,2012-06-13,29.653167,-88.778283,"USMCOB","USMCOB-RC54213",0.84,00:00:00,1,"mark-recapture",2.45714348554611,11,2012-06-13,28.1098361089826,26.9262062385678,22.7271339856088,0.0183111056685448,-0.0463881343603134,"NCentral_GOA_Shelf"
"586",586,586,2012-06-14,29.718,-88.797,"USMCOB","USMCOB-RC54216",0.91,00:00:00,1,"mark-recapture",2.15617281198502,11,2012-06-14,28.2233649641275,29.2751548737288,20.7327493932098,-0.0280770286917686,-0.0585955381393433,"NCentral_GOA_Shelf"
"587",587,587,2012-06-22,31.318,-81.293,"USMCOB","USMCOB-RC53107",0.97,00:00:00,2,"mark-recapture",NA,7,2012-06-22,NA,NA,NA,NA,NA,"EFL_Shelf"
"588",588,588,2012-06-26,30.221,-88.919,"USMCOB","USMCOB-RC53508",0.8,00:00:00,1,"mark-recapture",3.80636501312256,11,2012-06-26,27.9999694749713,28.1384014338255,22.598956245929,-0.00915555283427238,-0.0646992400288582,"NCentral_GOA_Shelf"
"589",589,589,2012-06-29,29.266,-88.762,"USMCOB","USMCOB-RC54010",1.07,00:00:00,2,"mark-recapture",0.193567994982004,11,2012-06-29,28.0827356725931,24.8848841786385,30.2087465766817,-0.103762932121754,-0.195928830653429,"NCentral_GOA_Shelf"
"590",590,590,2012-06-30,30.267,-87.585,"USMCOB","USMCOB-RC48851",1.32,00:00:00,2,"mark-recapture",5.04923113187154,10,2012-06-30,28.3281044885516,28.3720511421561,30.0317392218858,0.367442853748798,-0.0115970335900784,"NCentral_GOA_Shelf"
"591",591,591,2012-07-08,29.906,-88.543,"USMCOB","USMCOB-RC53151",0.97,00:00:00,2,"mark-recapture",NA,11,2012-07-08,29.3916135057807,25.754295475781,22.0969267655164,0.0537125766277313,0.0305185094475746,"NCentral_GOA_Shelf"
"592",592,592,2012-07-14,28.915,-82.698,"USMCOB","USMCOB-RC54484",0.97,00:00:00,2,"mark-recapture",NA,6,2012-07-14,30.0581377521157,30.057405307889,35.1680043619126,-0.0512710958719254,0.0964384898543358,"WFL_Shelf"
"593",593,593,2012-07-21,28.838733,-82.977533,"USMCOB","USMCOB-RC54261",0.66,00:00:00,1,"mark-recapture",NA,6,2012-07-21,29.7541733980179,29.6816614195704,35.5540635064244,-0.0109866634011269,0.0402844324707985,"WFL_Shelf"
"594",594,594,2012-08-02,28.926,-82.854,"USMCOB","USMCOB-RC53290",0.8,00:00:00,2,"mark-recapture",NA,6,2012-08-02,30.3562425523996,30.3225501179695,34.9986266344786,0.0323496200144291,-0.0177007354795933,"WFL_Shelf"
"595",595,595,2012-08-03,29.951,-84.081,"USMCOB","USMCOB-RC54018",0.76,00:00:00,1,"mark-recapture",NA,7,2012-08-03,30.0947599634528,30.0471510887146,34.5377971418202,0.0402844324707985,0.0079348124563694,"FL_Panhandle"
"596",596,596,2012-08-04,29.095,-90.194,"USMCOB","USMCOB-RC51704",1.1,00:00:00,2,"mark-recapture",NA,13,2012-08-04,30.9883419200778,31.2088076323271,22.9026154149324,0.283822137862444,0.0866725668311119,"NCentral_GOA_Shelf"
"597",597,597,2012-08-11,26.05,-97.1,"USMCOB","USMCOB-RC54982",0.7,00:00:00,1,"mark-recapture",0.352287247776985,21,2012-08-11,28.7536545842886,27.1686452776194,36.7259742692113,0.0280770286917686,0.0311288796365261,"TX_Shelf"
"598",598,598,2012-08-12,29.902,-81.255,"USMCOB","USMCOB-RC51122",0.91,00:00:00,2,"mark-recapture",1.23729598522186,7,2012-08-12,27.8710592910647,27.6308175846934,36.1705373972654,0.0274666585028172,0.198980681598186,"EFL_Shelf"
"599",599,599,2012-08-15,30.074,-84.185,"USMCOB","USMCOB-RC51593",0.76,00:00:00,2,"mark-recapture",NA,7,2012-08-15,30.0390942022204,30.0295724272728,34.4233527313918,0.0518814660608768,0.0189214758574963,"FL_Panhandle"
"600",600,600,2012-08-21,29.223833,-89.905017,"USMCOB","USMCOB-RC55023",0.99,00:00:00,1,"mark-recapture",NA,13,2012-08-21,29.5512863472104,31.1765800863504,28.4798730164766,0.0506607256829739,0.0305185094475746,"NCentral_GOA_Shelf"
"601",601,601,2012-09-16,30.241,-88.506,"USMCOB","USMCOB-RC47760",0.66,00:00:00,1,"mark-recapture",10.1690813700358,11,2012-09-16,27.3773918822408,27.3400372266769,28.7316507194191,-0.120853297412395,0.00671407207846642,"NCentral_GOA_Shelf"
"602",602,602,2012-09-23,30.257,-88.9,"USMCOB","USMCOB-RC55023",0.96,00:00:00,2,"mark-recapture",19.7135305404663,11,2012-09-23,26.6156498864293,27.2243110388517,23.52977078408,-0.0079348124563694,-0.0567644275724888,"NCentral_GOA_Shelf"
"603",603,603,2012-10-16,30.223,-88.996,"USMCOB","USMCOB-RC53508",0.93,00:00:00,2,"mark-recapture",NA,11,2012-10-16,24.8746299594641,26.0494704991579,20.6656086724252,-0.0292977690696716,-0.0592059083282948,"NCentral_GOA_Shelf"
"604",604,604,2012-10-24,30.25,-88.83,"USMCOB","USMCOB-RC54469",0.69,00:00:00,1,"mark-recapture",5.36320352554321,11,2012-10-24,24.7259437814355,24.8797570690513,24.5979186147451,-0.0817896053195,-0.0323496200144291,"NCentral_GOA_Shelf"
"605",605,605,2012-12-04,26.05,-97.1,"USMCOB","USMCOB-RC54163",0.71,00:00:00,1,"mark-recapture",1.62645697593689,21,2012-12-04,22.4018982499838,22.3227942734957,34.6140934154391,-0.00671407207846642,0.0677510909736156,"TX_Shelf"
"606",606,606,2012-12-16,26.705,-80.032,"USMCOB","USMCOB-RC51945",1.27,00:00:00,2,"mark-recapture",NA,4,2012-12-16,25.4810937792063,22.004181034863,36.2712484784424,0.0238044373691082,0.197759941220284,"EFL_Shelf"
"607",607,607,2013-01-03,24.789,-80.952,"USMCOB","USMCOB-RC54257",0.84,00:00:00,2,"mark-recapture",NA,1,2013-01-03,23.8089236095548,23.8799706995487,36.3032929133624,-0.0250251777470112,0.0610370188951492,"SFL_Shelf"
"608",608,608,2013-01-06,28.406,-80.34,"USMCOB","USMCOB-RC54025",1.17,00:00:00,2,"mark-recapture",NA,6,2013-01-06,23.0134891793132,22.9138767644763,36.2117373850197,-0.0592059083282948,0.207525864243507,"EFL_Shelf"
"609",609,609,2013-04-02,30.378,-86.862,"USMCOB","USMCOB-RC49661",1.3,00:00:00,2,"mark-recapture",NA,9,2013-04-02,19.7174901589751,21.087893307209,31.8262275774032,0.130008850246668,0.043336283415556,"FL_Panhandle"
"610",610,610,2013-04-03,24.459,-81.713,"USMCOB","USMCOB-RC46667",1.02,00:00:00,2,"mark-recapture",NA,1,2013-04-03,24.0081484392285,24.3143101260066,36.1217077821493,-0.0201422162353992,0.0775170139968395,"SFL_Shelf"
"611",611,611,2013-04-06,30.333,-87.15,"USMCOB","USMCOB-RC54112",0.94,00:00:00,2,"mark-recapture",NA,10,2013-04-06,19.124942779541,21.0102542191744,28.6843470297754,0.0970488600432873,0.112308114767075,"FL_Panhandle"
"612",612,612,2013-04-09,30.378,-86.862,"USMCOB","USMCOB-RC54004",1.12,00:00:00,2,"mark-recapture",NA,9,2013-04-09,19.8932767733932,21.1406292915344,29.6533097047359,-0.0671407207846642,0.0561540573835373,"FL_Panhandle"
"613",613,613,2013-04-12,30.315,-87.203,"USMCOB","USMCOB-RC54082",NA,00:00:00,1,"mark-recapture",NA,10,2013-04-12,20.7348551899195,20.9868160039186,28.5866877995431,0.0158696249127388,-0.141605883836746,"FL_Panhandle"
"614",614,614,2013-04-20,30.38,-86.5,"USMCOB","USMCOB-RC54030",NA,00:00:00,2,"mark-recapture",NA,9,2013-04-20,21.6928922384977,21.6965544596314,32.3999755550176,-0.00915555283427238,-0.0720236822962761,"FL_Panhandle"
"615",615,615,2013-04-20,30.383,-86.515,"USMCOB","USMCOB-RC55056",NA,00:00:00,2,"mark-recapture",NA,9,2013-04-20,21.6928922384977,21.6965544596314,32.3999755550176,-0.00915555283427238,-0.0720236822962761,"FL_Panhandle"
"616",616,616,2013-04-23,30.315,-87.203,"USMCOB","USMCOB-RC54089",0.99,00:00:00,1,"mark-recapture",NA,10,2013-04-23,20.41550950706,20.41550950706,29.0185247082263,-0.083010345697403,0.0213629566133022,"FL_Panhandle"
"617",617,617,2013-04-23,30.32,-86.144,"USMCOB","USMCOB-RC52304",0.99,00:00:00,1,"mark-recapture",NA,9,2013-04-23,21.3691518902779,21.2819910272956,33.3109530620277,-0.038453321903944,0.0317392498254776,"FL_Panhandle"
"618",618,618,2013-04-26,30.212,-85.88,"USMCOB","USMCOB-RC52305",0.64,00:00:00,1,"mark-recapture",NA,8,2013-04-26,21.9338663890958,21.9551072716713,33.4070863667876,-0.00671407207846642,-0.0427259132266045,"FL_Panhandle"
"619",619,619,2013-04-27,29.949,-84.085,"USMCOB","USMCOB-RC55492",0.94,00:00:00,1,"mark-recapture",NA,7,2013-04-27,23.6602374315262,23.6419263258576,35.2015747223049,-0.0573747977614403,0.0103762932121754,"FL_Panhandle"
"620",620,620,2013-04-27,30.212,-85.88,"USMCOB","USMCOB-RC54091",0.81,00:00:00,1,"mark-recapture",NA,8,2013-04-27,22.052522353828,22.0620441287756,33.4406567271799,0.0457777641713619,-0.00244148075580597,"FL_Panhandle"
"621",621,621,2013-04-28,30.212,-85.88,"USMCOB","USMCOB-RC54095",NA,00:00:00,1,"mark-recapture",NA,8,2013-04-28,22.2370982989669,22.2327036336064,33.4223456215113,0.0134281441569328,0.0488296151161194,"FL_Panhandle"
"622",622,622,2013-05-10,29.332,-88.296,"USMCOB","USMCOB-RC44059",1.21,00:00:00,2,"mark-recapture",NA,11,2013-05-10,22.1521347686648,20.8681600391865,27.9229102190584,0.141605883836746,0.0811792351305485,"NCentral_GOA_Shelf"
"623",623,623,2013-05-17,30.074,-84.185,"USMCOB","USMCOB-RC55492",0.94,00:00:00,2,"mark-recapture",NA,7,2013-05-17,24.503280736506,24.259376809001,35.3129672817886,-0.0244148075580597,0.0128177739679813,"FL_Panhandle"
"624",624,624,2013-05-20,30.392917,-86.507167,"USMCOB","USMCOB-RC49542",0.48,00:00:00,1,"mark-recapture",NA,9,2013-05-20,24.2586443647742,24.6746726855636,27.5124362669885,0.183111056685448,0.00427259132266045,"FL_Panhandle"
"625",625,625,2013-05-27,35.6078,-75.4675,"USMCOB","USMCOB-RC53643",0.75,00:00:00,1,"mark-recapture",NA,7,2013-05-27,NA,NA,NA,NA,NA,"EFL_Shelf"
"626",626,626,2013-05-30,30.074,-84.185,"USMCOB","USMCOB-RC53608",0.73,00:00:00,1,"mark-recapture",11.4492101669312,7,2013-05-30,27.1840266063809,27.1818292737007,35.4411450214684,-0.136112552136183,-0.0317392498254776,"FL_Panhandle"
"627",627,627,2013-06-02,29.614,-88.466,"USMCOB","USMCOB-RC50351",0.66,00:00:00,1,"mark-recapture",NA,11,2013-06-02,26.5438703522086,21.8159428685904,26.9981993827969,-0.0268562883138657,-0.12695699930191,"NCentral_GOA_Shelf"
"628",628,628,2013-06-03,30.311,-87.25,"USMCOB","USMCOB-RC52305",0.8,00:00:00,2,"mark-recapture",NA,10,2013-06-03,26.7899716123939,26.3058259785175,29.0063173044473,0.076906643807888,-0.0775170139968395,"FL_Panhandle"
"629",629,629,2013-06-06,35.776,-75.512,"USMCOB","USMCOB-RC53649",0.74,00:00:00,1,"mark-recapture",NA,7,2013-06-06,24.2542496994138,24.28208258003,35.3083895053715,-0.00854518264532089,-0.00183111056685448,"EFL_Shelf"
"630",630,630,2013-06-10,28.455,-90.398,"USMCOB","USMCOB-RC51706",1.3,00:00:00,2,"mark-recapture",NA,13,2013-06-10,27.181096829474,22.4897915571928,33.9579454623163,-0.080568864941597,-0.0250251777470112,"NCentral_GOA_Shelf"
"631",631,631,2013-06-20,30.2,-86.517,"USMCOB","USMCOB-RC54082",1.07,00:00:00,2,"mark-recapture",NA,9,2013-06-20,27.7729117646813,22.2187871932983,27.0577104762197,0.274666585028172,-0.105594042688608,"FL_Panhandle"
"632",632,632,2013-06-20,30.288,-87.427,"USMCOB","USMCOB-RC54877",0.91,00:00:00,1,"mark-recapture",NA,10,2013-06-20,28.1611072048545,25.7909176871181,23.1131931301206,0.347911007702351,0.0335703603923321,"FL_Panhandle"
"633",633,633,2013-06-22,35.911,-75.593,"USMCOB","USMCOB-RC53788",0.81,00:00:00,1,"mark-recapture",NA,7,2013-06-22,24.545762501657,24.3062532395124,34.9253822118044,0.00671407207846642,0.0653096102178097,"EFL_Shelf"
"634",634,634,2013-06-25,29.091613,-83.038337,"USMCOB","USMCOB-RC54018",0.97,00:00:00,2,"mark-recapture",NA,7,2013-06-25,30.239051476121,30.1401715055108,35.7066560536623,-0.0695822015404701,0.0573747977614403,"WFL_Shelf"
"635",635,635,2013-06-30,29.028,-90.016,"USMCOB","USMCOB-RC54091",0.97,00:00:00,2,"mark-recapture",NA,13,2013-06-30,30.239051476121,23.7737662866712,24.2683187127113,0.382091738283634,0.0524918362498283,"NCentral_GOA_Shelf"
"636",636,636,2013-07-03,28.617517,-80.405583,"USMCOB","USMCOB-RC55033",0.74,00:00:00,1,"mark-recapture",NA,6,2013-07-03,25.5118564367294,25.4349497929215,36.1278114840388,-0.11047700420022,0.664693135768175,"EFL_Shelf"
"637",637,637,2013-07-07,28.617417,-80.406,"USMCOB","USMCOB-RC55034",0.69,00:00:00,1,"mark-recapture",NA,6,2013-07-07,25.6722617223859,23.8667867034674,36.0957670491189,-0.0262459181249142,0.517593920230865,"EFL_Shelf"
"638",638,638,2013-07-10,29.763,-85.61,"USMCOB","USMCOB-RC50351",0.94,00:00:00,2,"mark-recapture",NA,8,2013-07-10,28.3845026940107,28.2380138486624,33.8984343688935,0.00244148075580597,-0.0579851679503918,"FL_Panhandle"
"639",639,639,2013-07-23,28.41,-80.584,"USMCOB","USMCOB-RC55033",0.89,00:00:00,2,"mark-recapture",NA,6,2013-07-23,NA,NA,NA,NA,NA,"EFL_Shelf"
"640",640,640,2013-07-24,30.057,-84.29,"USMCOB","USMCOB-RC55500",0.74,00:00:00,1,"mark-recapture",NA,7,2013-07-24,28.6628315001726,28.6620990559459,35.3205969091505,0.115359965711832,0.0671407207846642,"FL_Panhandle"
"641",641,641,2013-08-01,29.973,-87.21,"USMCOB","USMCOB-RC53170",0.94,00:00:00,2,"mark-recapture",NA,10,2013-08-01,29.1059602573514,24.7574388831854,23.8731040153652,0.175176244229078,-0.0543229468166828,"FL_Panhandle"
"642",642,642,2013-08-04,29.063,-90.112,"USMCOB","USMCOB-RC54216",1.23,00:00:00,2,"mark-recapture",NA,13,2013-08-04,30.7451704367995,28.5991088524461,23.4275337774307,0.264290291815996,0.160527359694242,"NCentral_GOA_Shelf"
"643",643,643,2013-08-10,28.511,-92.452,"USMCOB","USMCOB-RC52020",1.03,00:00:00,2,"mark-recapture",NA,15,2013-08-10,29.6465040966868,23.300607316196,32.2336496785283,-0.0128177739679813,0.0714133121073246,"NCentral_GOA_Shelf"
"644",644,644,2013-08-12,39.262,-76.576,"USMCOB","USMCOB-RC53788",0.94,00:00:00,2,"mark-recapture",NA,7,2013-08-12,NA,NA,NA,NA,NA,"EFL_Shelf"
"645",645,645,2013-09-09,35.911,-75.593,"USMCOB","USMCOB-RC53784",0.81,00:00:00,1,"mark-recapture",NA,7,2013-09-09,25.748435921967,25.6913052722812,34.1837824322283,-0.00915555283427238,-0.0079348124563694,"EFL_Shelf"
"646",646,646,2013-09-29,29.186,-90.641,"USMCOB","USMCOB-RC52304",1.02,00:00:00,2,"mark-recapture",NA,14,2013-09-29,28.4511551186442,28.4152653515339,25.0312814489007,-0.114749595522881,-0.0427259132266045,"NCentral_GOA_Shelf"
"647",647,647,2013-10-21,30.119,-88.877,"USMCOB","USMCOB-RC54469",0.97,00:00:00,2,"mark-recapture",NA,11,2013-10-21,24.6380504742265,26.8617511466146,24.0119632333517,-0.103762932121754,-0.114749595522881,"NCentral_GOA_Shelf"
"648",648,648,2013-12-27,19.913,-96.097,"USMCOB","USMCOB-RC54982",0.99,00:00:00,2,"mark-recapture",NA,19,2013-12-27,24.2352061495185,4.44895780831575,36.1140781547874,0.169682912528515,-0.300912503153086,"MX_Shelf"
"649",649,649,2014-03-22,30.212,-85.88,"USMCOB","USMCOB-RC54095",1.04,00:00:00,2,"mark-recapture",NA,8,2014-03-22,17.9574266821146,17.7303689718246,34.4264045823365,0.043336283415556,0.00854518264532089,"FL_Panhandle"
"650",650,650,2014-04-01,30.333,-87.15,"USMCOB","USMCOB-RC54213",1.14,00:00:00,2,"mark-recapture",1.58862453699112,10,2014-04-01,17.2542802244425,18.231360822916,33.086642017588,0.0457777641713619,0.0415051728487015,"FL_Panhandle"
"651",651,651,2014-04-11,30.367,-86.331,"USMCOB","USMCOB-RC51943",1.32,00:00:00,2,"mark-recapture",NA,9,2014-04-11,19.4069338068366,19.1366618871689,35.1405377034098,-0.00427259132266045,0.0695822015404701,"FL_Panhandle"
"652",652,652,2014-04-23,30.315,-87.203,"USMCOB","USMCOB-RC55606",0.91,00:00:00,1,"mark-recapture",27.0329084396362,10,2014-04-23,19.7196874916553,19.7189550474286,33.3292641676962,0.13489181175828,-0.0585955381393433,"FL_Panhandle"
"653",653,653,2014-04-25,30.315,-87.203,"USMCOB","USMCOB-RC55608",1.09,00:00:00,1,"mark-recapture",NA,10,2014-04-25,20.8886684775352,20.3342081978917,32.8836939297616,0.0640888698399067,-0.0598162785172462,"FL_Panhandle"
"654",654,654,2014-05-06,28.175,-82.795,"USMCOB","USMCOB-RC50808",1.09,00:00:00,2,"mark-recapture",NA,6,2014-05-06,25.8033692389727,25.527237765491,34.6842859871686,-0.0164799951016903,-0.0482192449271679,"WFL_Shelf"
"655",655,655,2014-05-19,30.043,-88.878,"USMCOB","USMCOB-RC50354",0.71,00:00:00,1,"mark-recapture",8.55288231372833,11,2014-05-19,24.0879848599434,25.3111667186022,13.4479811880738,0.00244148075580597,0.0653096102178097,"NCentral_GOA_Shelf"
"656",656,656,2014-05-20,30.043,-88.878,"USMCOB","USMCOB-RC54236",0.48,00:00:00,1,"mark-recapture",NA,11,2014-05-20,24.4065980985761,25.6100039631128,13.7165440712124,0.0122074037790298,0.0482192449271679,"NCentral_GOA_Shelf"
"657",657,657,2014-05-20,35.6078,-75.2548,"USMCOB","USMCOB-RC56501",0.71,00:00:00,1,"mark-recapture",0.759896169106166,7,2014-05-20,21.6262398138642,21.5398113951087,34.7849970683455,0.00854518264532089,-0.131839960813522,"EFL_Shelf"
"658",658,658,2014-06-10,28.641533,-80.426667,"USMCOB","USMCOB-RC55037",0.79,00:00:00,1,"mark-recapture",0.484130352735519,6,2014-06-10,28.0578325688839,26.2860499843955,36.434522503987,-0.0109866634011269,0.489516891539097,"EFL_Shelf"
"659",659,659,2014-06-21,28.928,-90.352,"USMCOB","USMCOB-RC54089",1.24,00:00:00,2,"mark-recapture",NA,13,2014-06-21,28.9331034198403,26.9401226788759,23.6136966850609,-0.0457777641713619,-0.0659199804067612,"NCentral_GOA_Shelf"
"660",660,660,2014-06-21,30.074,-84.185,"USMCOB","USMCOB-RC55500",0.91,00:00:00,2,"mark-recapture",27.9048105875651,7,2014-06-21,30.0705893039703,30.0464186444879,34.0083010029048,0.037232581526041,0.00549333170056343,"FL_Panhandle"
"661",661,661,2014-06-27,30.284,-87.146,"USMCOB","USMCOB-RC49542",0.85,00:00:00,2,"mark-recapture",NA,10,2014-06-27,29.1689504608512,23.9568773433566,24.3049409240484,0.29053620994091,0.103762932121754,"FL_Panhandle"
"662",662,662,2014-07-25,30.352,-86.508,"USMCOB","USMCOB-RC50354",0.86,00:00:00,2,"mark-recapture",NA,9,2014-07-25,27.8769188448787,25.3814813643694,30.1263466011733,0.0732444226741791,-0.0653096102178097,"FL_Panhandle"
"663",663,663,2014-07-27,29.892,-87.157,"USMCOB","USMCOB-RC51771",1.22,00:00:00,2,"mark-recapture",NA,10,2014-07-27,28.8078554570675,18.7396771162748,26.7296364996582,0.183111056685448,-0.0720236822962761,"FL_Panhandle"
"664",664,664,2014-08-09,35.911,-75.593,"USMCOB","USMCOB-RC55346",0.71,00:00:00,1,"mark-recapture",NA,7,2014-08-09,27.0888088569045,26.840510264039,35.5235449969769,0.0164799951016903,-0.0170903652906418,"EFL_Shelf"
"665",665,665,2014-08-14,29.544,-93.341,"USMCOB","USMCOB-RC54163",0.91,00:00:00,2,"mark-recapture",NA,16,2014-08-14,30.6228522509336,30.9898068085313,29.4289986602962,-0.0823999755084515,0.0250251777470112,"NCentral_GOA_Shelf"
"666",666,666,2014-08-14,35.911,-75.593,"USMCOB","USMCOB-RC55377",0.66,00:00:00,1,"mark-recapture",NA,7,2014-08-14,26.996520884335,26.6127201095223,35.3236487600952,0.00549333170056343,-0.0762962736189365,"EFL_Shelf"
"667",667,667,2014-08-20,37.439,-76,"USMCOB","USMCOB-RC53649",0.94,00:00:00,2,"mark-recapture",NA,7,2014-08-20,27.3686025515199,29.1315958052874,18.4820093214512,-0.0976592302322388,-0.0744651630520821,"EFL_Shelf"
"668",668,668,2014-09-14,29.141,-89.53,"USMCOB","USMCOB-RC43013",1.17,00:00:00,1,"mark-recapture",NA,13,2014-09-14,30.8359935209155,30.7473677694798,26.8303475808352,-0.193487349897623,0.11841181665659,"NCentral_GOA_Shelf"
"669",669,669,2014-12-15,28.3928,-80.4433,"FACT.COBCRP","COBCRP-0-20171019",NA,16:51:45,2,"acoustic",4.25369262695312,6,2014-12-15,20.6081423386931,20.5781121253967,36.156804068014,0.0494399853050709,0.177007354795933,"EFL_Shelf"
"670",670,670,2014-12-15,28.3928,-80.4433,"FACT.COBCRP","COBCRP-0-20171019",NA,16:56:09,3,"acoustic",4.25369262695312,6,2014-12-15,20.6081423386931,20.5781121253967,36.156804068014,0.0494399853050709,0.177007354795933,"EFL_Shelf"
"671",671,671,2014-12-15,28.3971,-80.4544,"FACT.COBCRP","COBCRP-0-20171019",NA,16:13:32,1,"acoustic",4.25369262695312,6,2014-12-15,20.6081423386931,20.5781121253967,36.156804068014,0.0494399853050709,0.177007354795933,"EFL_Shelf"
"672",672,672,2014-12-25,28.1278,-80.5741,"FACT.COBCRP","COBCRP-0-20171019",NA,08:29:08,4,"acoustic",NA,6,2014-12-25,23.743003629148,23.7276223003864,36.4192632492632,-0.145878475159407,0.19226660951972,"EFL_Shelf"
"673",673,673,2014-12-25,28.1278,-80.5741,"FACT.COBCRP","COBCRP-0-20171019",NA,08:31:46,5,"acoustic",NA,6,2014-12-25,23.743003629148,23.7276223003864,36.4192632492632,-0.145878475159407,0.19226660951972,"EFL_Shelf"
"674",674,674,2014-12-29,28.3971,-80.4544,"FACT.COBCRP","COBCRP-0-20171019",NA,08:30:04,6,"acoustic",NA,6,2014-12-29,24.4139225408435,24.4080629870296,36.3368632737547,0.0537125766277313,0.371105074882507,"EFL_Shelf"
"675",675,675,2014-12-29,28.3971,-80.4544,"FACT.COBCRP","COBCRP-0-20171019",NA,08:33:00,7,"acoustic",NA,6,2014-12-29,24.4139225408435,24.4080629870296,36.3368632737547,0.0537125766277313,0.371105074882507,"EFL_Shelf"
"676",676,676,2014-12-29,28.3971,-80.4544,"FACT.COBCRP","COBCRP-0-20171019",NA,08:42:03,8,"acoustic",NA,6,2014-12-29,24.4139225408435,24.4080629870296,36.3368632737547,0.0537125766277313,0.371105074882507,"EFL_Shelf"
"677",677,677,2014-12-29,28.3971,-80.4544,"FACT.COBCRP","COBCRP-0-20171019",NA,08:48:08,9,"acoustic",NA,6,2014-12-29,24.4139225408435,24.4080629870296,36.3368632737547,0.0537125766277313,0.371105074882507,"EFL_Shelf"
"678",678,678,2014-12-29,28.3971,-80.4544,"FACT.COBCRP","COBCRP-0-20171019",NA,08:56:16,10,"acoustic",NA,6,2014-12-29,24.4139225408435,24.4080629870296,36.3368632737547,0.0537125766277313,0.371105074882507,"EFL_Shelf"
"679",679,679,2014-12-29,28.3971,-80.4544,"FACT.COBCRP","COBCRP-0-20171019",NA,08:59:10,11,"acoustic",NA,6,2014-12-29,24.4139225408435,24.4080629870296,36.3368632737547,0.0537125766277313,0.371105074882507,"EFL_Shelf"
"680",680,680,2014-12-29,28.3971,-80.4544,"FACT.COBCRP","COBCRP-0-20171019",NA,09:01:16,12,"acoustic",NA,6,2014-12-29,24.4139225408435,24.4080629870296,36.3368632737547,0.0537125766277313,0.371105074882507,"EFL_Shelf"
"681",681,681,2014-12-29,28.3971,-80.4544,"FACT.COBCRP","COBCRP-0-20171019",NA,09:05:16,13,"acoustic",NA,6,2014-12-29,24.4139225408435,24.4080629870296,36.3368632737547,0.0537125766277313,0.371105074882507,"EFL_Shelf"
"682",682,682,2014-12-29,28.3971,-80.4544,"FACT.COBCRP","COBCRP-0-20171019",NA,09:31:48,14,"acoustic",NA,6,2014-12-29,24.4139225408435,24.4080629870296,36.3368632737547,0.0537125766277313,0.371105074882507,"EFL_Shelf"
"683",683,683,2014-12-29,28.4052,-80.4368,"FACT.COBCRP","COBCRP-0-20171019",NA,11:01:07,15,"acoustic",NA,6,2014-12-29,24.4139225408435,24.4080629870296,36.3368632737547,0.0537125766277313,0.371105074882507,"EFL_Shelf"
"684",684,684,2014-12-29,28.4052,-80.4368,"FACT.COBCRP","COBCRP-0-20171019",NA,11:02:10,16,"acoustic",NA,6,2014-12-29,24.4139225408435,24.4080629870296,36.3368632737547,0.0537125766277313,0.371105074882507,"EFL_Shelf"
"685",685,685,2014-12-29,28.4052,-80.4368,"FACT.COBCRP","COBCRP-0-20171019",NA,11:04:52,17,"acoustic",NA,6,2014-12-29,24.4139225408435,24.4080629870296,36.3368632737547,0.0537125766277313,0.371105074882507,"EFL_Shelf"
"686",686,686,2014-12-29,28.4052,-80.4368,"FACT.COBCRP","COBCRP-0-20171019",NA,11:24:32,18,"acoustic",NA,6,2014-12-29,24.4139225408435,24.4080629870296,36.3368632737547,0.0537125766277313,0.371105074882507,"EFL_Shelf"
"687",687,687,2014-12-29,28.4052,-80.4368,"FACT.COBCRP","COBCRP-0-20171019",NA,11:28:04,19,"acoustic",NA,6,2014-12-29,24.4139225408435,24.4080629870296,36.3368632737547,0.0537125766277313,0.371105074882507,"EFL_Shelf"
"688",688,688,2014-12-29,28.4052,-80.4368,"FACT.COBCRP","COBCRP-0-20171019",NA,11:29:02,20,"acoustic",NA,6,2014-12-29,24.4139225408435,24.4080629870296,36.3368632737547,0.0537125766277313,0.371105074882507,"EFL_Shelf"
"689",689,689,2014-12-29,28.4052,-80.4368,"FACT.COBCRP","COBCRP-0-20171019",NA,11:30:03,21,"acoustic",NA,6,2014-12-29,24.4139225408435,24.4080629870296,36.3368632737547,0.0537125766277313,0.371105074882507,"EFL_Shelf"
"690",690,690,2014-12-29,28.4052,-80.4368,"FACT.COBCRP","COBCRP-0-20171019",NA,11:31:10,22,"acoustic",NA,6,2014-12-29,24.4139225408435,24.4080629870296,36.3368632737547,0.0537125766277313,0.371105074882507,"EFL_Shelf"
"691",691,691,2014-12-29,28.4052,-80.4368,"FACT.COBCRP","COBCRP-0-20171019",NA,11:32:30,23,"acoustic",NA,6,2014-12-29,24.4139225408435,24.4080629870296,36.3368632737547,0.0537125766277313,0.371105074882507,"EFL_Shelf"
"692",692,692,2014-12-29,28.4052,-80.4368,"FACT.COBCRP","COBCRP-0-20171019",NA,11:34:14,24,"acoustic",NA,6,2014-12-29,24.4139225408435,24.4080629870296,36.3368632737547,0.0537125766277313,0.371105074882507,"EFL_Shelf"
"693",693,693,2014-12-29,28.4052,-80.4368,"FACT.COBCRP","COBCRP-0-20171019",NA,11:36:59,25,"acoustic",NA,6,2014-12-29,24.4139225408435,24.4080629870296,36.3368632737547,0.0537125766277313,0.371105074882507,"EFL_Shelf"
"694",694,694,2014-12-29,28.4371,-80.4295,"FACT.COBCRP","COBCRP-0-20171019",NA,18:37:23,26,"acoustic",NA,6,2014-12-29,24.4139225408435,24.4080629870296,36.3368632737547,0.0537125766277313,0.371105074882507,"EFL_Shelf"
"695",695,695,2014-12-30,28.3971,-80.4544,"FACT.COBCRP","COBCRP-0-20171019",NA,10:10:12,192,"acoustic",2.45789384841919,6,2014-12-30,24.5699331611395,24.5604113861918,36.3048188388348,0.0701925717294216,0.322885829955339,"EFL_Shelf"
"696",696,696,2014-12-30,28.3971,-80.4544,"FACT.COBCRP","COBCRP-0-20171019",NA,10:15:33,198,"acoustic",2.45789384841919,6,2014-12-30,24.5699331611395,24.5604113861918,36.3048188388348,0.0701925717294216,0.322885829955339,"EFL_Shelf"
"697",697,697,2014-12-30,28.3971,-80.4544,"FACT.COBCRP","COBCRP-0-20171019",NA,10:16:56,199,"acoustic",2.45789384841919,6,2014-12-30,24.5699331611395,24.5604113861918,36.3048188388348,0.0701925717294216,0.322885829955339,"EFL_Shelf"
"698",698,698,2014-12-30,28.3971,-80.4544,"FACT.COBCRP","COBCRP-0-20171019",NA,10:13:44,196,"acoustic",2.45789384841919,6,2014-12-30,24.5699331611395,24.5604113861918,36.3048188388348,0.0701925717294216,0.322885829955339,"EFL_Shelf"
"699",699,699,2014-12-30,28.3971,-80.4544,"FACT.COBCRP","COBCRP-0-20171019",NA,10:18:48,201,"acoustic",2.45789384841919,6,2014-12-30,24.5699331611395,24.5604113861918,36.3048188388348,0.0701925717294216,0.322885829955339,"EFL_Shelf"
"700",700,700,2014-12-30,28.3971,-80.4544,"FACT.COBCRP","COBCRP-0-20171019",NA,10:20:17,202,"acoustic",2.45789384841919,6,2014-12-30,24.5699331611395,24.5604113861918,36.3048188388348,0.0701925717294216,0.322885829955339,"EFL_Shelf"
"701",701,701,2014-12-30,28.3971,-80.4544,"FACT.COBCRP","COBCRP-0-20171019",NA,10:22:20,203,"acoustic",2.45789384841919,6,2014-12-30,24.5699331611395,24.5604113861918,36.3048188388348,0.0701925717294216,0.322885829955339,"EFL_Shelf"
"702",702,702,2014-12-30,28.3971,-80.4544,"FACT.COBCRP","COBCRP-0-20171019",NA,10:24:12,204,"acoustic",2.45789384841919,6,2014-12-30,24.5699331611395,24.5604113861918,36.3048188388348,0.0701925717294216,0.322885829955339,"EFL_Shelf"
"703",703,703,2014-12-30,28.3971,-80.4544,"FACT.COBCRP","COBCRP-0-20171019",NA,10:25:41,205,"acoustic",2.45789384841919,6,2014-12-30,24.5699331611395,24.5604113861918,36.3048188388348,0.0701925717294216,0.322885829955339,"EFL_Shelf"
"704",704,704,2014-12-30,28.3971,-80.4544,"FACT.COBCRP","COBCRP-0-20171019",NA,10:27:45,206,"acoustic",2.45789384841919,6,2014-12-30,24.5699331611395,24.5604113861918,36.3048188388348,0.0701925717294216,0.322885829955339,"EFL_Shelf"
"705",705,705,2014-12-30,28.3971,-80.4544,"FACT.COBCRP","COBCRP-0-20171019",NA,10:29:37,207,"acoustic",2.45789384841919,6,2014-12-30,24.5699331611395,24.5604113861918,36.3048188388348,0.0701925717294216,0.322885829955339,"EFL_Shelf"
"706",706,706,2014-12-30,28.3971,-80.4544,"FACT.COBCRP","COBCRP-0-20171019",NA,10:31:07,208,"acoustic",2.45789384841919,6,2014-12-30,24.5699331611395,24.5604113861918,36.3048188388348,0.0701925717294216,0.322885829955339,"EFL_Shelf"
"707",707,707,2014-12-30,28.3971,-80.4544,"FACT.COBCRP","COBCRP-0-20171019",NA,10:33:11,209,"acoustic",2.45789384841919,6,2014-12-30,24.5699331611395,24.5604113861918,36.3048188388348,0.0701925717294216,0.322885829955339,"EFL_Shelf"
"708",708,708,2014-12-30,28.3971,-80.4544,"FACT.COBCRP","COBCRP-0-20171019",NA,10:35:06,210,"acoustic",2.45789384841919,6,2014-12-30,24.5699331611395,24.5604113861918,36.3048188388348,0.0701925717294216,0.322885829955339,"EFL_Shelf"
"709",709,709,2014-12-30,28.3971,-80.4544,"FACT.COBCRP","COBCRP-0-20171019",NA,10:36:41,211,"acoustic",2.45789384841919,6,2014-12-30,24.5699331611395,24.5604113861918,36.3048188388348,0.0701925717294216,0.322885829955339,"EFL_Shelf"
"710",710,710,2014-12-30,28.3971,-80.4544,"FACT.COBCRP","COBCRP-0-20171019",NA,10:38:54,212,"acoustic",2.45789384841919,6,2014-12-30,24.5699331611395,24.5604113861918,36.3048188388348,0.0701925717294216,0.322885829955339,"EFL_Shelf"
"711",711,711,2014-12-30,28.3971,-80.4544,"FACT.COBCRP","COBCRP-0-20171019",NA,10:41:07,213,"acoustic",2.45789384841919,6,2014-12-30,24.5699331611395,24.5604113861918,36.3048188388348,0.0701925717294216,0.322885829955339,"EFL_Shelf"
"712",712,712,2014-12-30,28.3971,-80.4544,"FACT.COBCRP","COBCRP-0-20171019",NA,10:43:18,214,"acoustic",2.45789384841919,6,2014-12-30,24.5699331611395,24.5604113861918,36.3048188388348,0.0701925717294216,0.322885829955339,"EFL_Shelf"
"713",713,713,2014-12-30,28.3971,-80.4544,"FACT.COBCRP","COBCRP-0-20171019",NA,10:45:24,215,"acoustic",2.45789384841919,6,2014-12-30,24.5699331611395,24.5604113861918,36.3048188388348,0.0701925717294216,0.322885829955339,"EFL_Shelf"
"714",714,714,2014-12-30,28.3971,-80.4544,"FACT.COBCRP","COBCRP-0-20171019",NA,10:47:23,216,"acoustic",2.45789384841919,6,2014-12-30,24.5699331611395,24.5604113861918,36.3048188388348,0.0701925717294216,0.322885829955339,"EFL_Shelf"
"715",715,715,2014-12-30,28.3971,-80.4544,"FACT.COBCRP","COBCRP-0-20171019",NA,10:49:04,217,"acoustic",2.45789384841919,6,2014-12-30,24.5699331611395,24.5604113861918,36.3048188388348,0.0701925717294216,0.322885829955339,"EFL_Shelf"
"716",716,716,2014-12-30,28.3971,-80.4544,"FACT.COBCRP","COBCRP-0-20171019",NA,10:50:12,218,"acoustic",2.45789384841919,6,2014-12-30,24.5699331611395,24.5604113861918,36.3048188388348,0.0701925717294216,0.322885829955339,"EFL_Shelf"
"717",717,717,2014-12-30,28.3971,-80.4544,"FACT.COBCRP","COBCRP-0-20171019",NA,10:51:33,219,"acoustic",2.45789384841919,6,2014-12-30,24.5699331611395,24.5604113861918,36.3048188388348,0.0701925717294216,0.322885829955339,"EFL_Shelf"
"718",718,718,2014-12-30,28.3971,-80.4544,"FACT.COBCRP","COBCRP-0-20171019",NA,10:53:20,220,"acoustic",2.45789384841919,6,2014-12-30,24.5699331611395,24.5604113861918,36.3048188388348,0.0701925717294216,0.322885829955339,"EFL_Shelf"
"719",719,719,2014-12-30,28.3971,-80.4544,"FACT.COBCRP","COBCRP-0-20171019",NA,10:54:39,221,"acoustic",2.45789384841919,6,2014-12-30,24.5699331611395,24.5604113861918,36.3048188388348,0.0701925717294216,0.322885829955339,"EFL_Shelf"
"720",720,720,2014-12-30,28.4014,-80.4577,"FACT.COBCRP","COBCRP-0-20171019",NA,09:35:35,171,"acoustic",2.45789384841919,6,2014-12-30,24.5699331611395,24.5604113861918,36.3048188388348,0.0701925717294216,0.322885829955339,"EFL_Shelf"
"721",721,721,2014-12-30,28.4014,-80.4577,"FACT.COBCRP","COBCRP-0-20171019",NA,09:41:16,176,"acoustic",2.45789384841919,6,2014-12-30,24.5699331611395,24.5604113861918,36.3048188388348,0.0701925717294216,0.322885829955339,"EFL_Shelf"
"722",722,722,2014-12-30,28.4014,-80.4577,"FACT.COBCRP","COBCRP-0-20171019",NA,09:19:16,160,"acoustic",2.45789384841919,6,2014-12-30,24.5699331611395,24.5604113861918,36.3048188388348,0.0701925717294216,0.322885829955339,"EFL_Shelf"
"723",723,723,2014-12-30,28.4014,-80.4577,"FACT.COBCRP","COBCRP-0-20171019",NA,09:22:06,161,"acoustic",2.45789384841919,6,2014-12-30,24.5699331611395,24.5604113861918,36.3048188388348,0.0701925717294216,0.322885829955339,"EFL_Shelf"
"724",724,724,2014-12-30,28.4014,-80.4577,"FACT.COBCRP","COBCRP-0-20171019",NA,09:23:01,162,"acoustic",2.45789384841919,6,2014-12-30,24.5699331611395,24.5604113861918,36.3048188388348,0.0701925717294216,0.322885829955339,"EFL_Shelf"
"725",725,725,2014-12-30,28.4014,-80.4577,"FACT.COBCRP","COBCRP-0-20171019",NA,09:28:06,167,"acoustic",2.45789384841919,6,2014-12-30,24.5699331611395,24.5604113861918,36.3048188388348,0.0701925717294216,0.322885829955339,"EFL_Shelf"
"726",726,726,2014-12-30,28.4014,-80.4577,"FACT.COBCRP","COBCRP-0-20171019",NA,09:25:52,164,"acoustic",2.45789384841919,6,2014-12-30,24.5699331611395,24.5604113861918,36.3048188388348,0.0701925717294216,0.322885829955339,"EFL_Shelf"
"727",727,727,2014-12-30,28.4014,-80.4577,"FACT.COBCRP","COBCRP-0-20171019",NA,09:33:11,169,"acoustic",2.45789384841919,6,2014-12-30,24.5699331611395,24.5604113861918,36.3048188388348,0.0701925717294216,0.322885829955339,"EFL_Shelf"
"728",728,728,2014-12-30,28.4014,-80.4577,"FACT.COBCRP","COBCRP-0-20171019",NA,09:34:17,170,"acoustic",2.45789384841919,6,2014-12-30,24.5699331611395,24.5604113861918,36.3048188388348,0.0701925717294216,0.322885829955339,"EFL_Shelf"
"729",729,729,2014-12-30,28.4014,-80.4577,"FACT.COBCRP","COBCRP-0-20171019",NA,09:58:44,184,"acoustic",2.45789384841919,6,2014-12-30,24.5699331611395,24.5604113861918,36.3048188388348,0.0701925717294216,0.322885829955339,"EFL_Shelf"
"730",730,730,2014-12-30,28.4014,-80.4577,"FACT.COBCRP","COBCRP-0-20171019",NA,10:00:31,185,"acoustic",2.45789384841919,6,2014-12-30,24.5699331611395,24.5604113861918,36.3048188388348,0.0701925717294216,0.322885829955339,"EFL_Shelf"
"731",731,731,2014-12-30,28.4014,-80.4577,"FACT.COBCRP","COBCRP-0-20171019",NA,10:01:50,186,"acoustic",2.45789384841919,6,2014-12-30,24.5699331611395,24.5604113861918,36.3048188388348,0.0701925717294216,0.322885829955339,"EFL_Shelf"
"732",732,732,2014-12-30,28.4014,-80.4577,"FACT.COBCRP","COBCRP-0-20171019",NA,10:03:33,187,"acoustic",2.45789384841919,6,2014-12-30,24.5699331611395,24.5604113861918,36.3048188388348,0.0701925717294216,0.322885829955339,"EFL_Shelf"
"733",733,733,2014-12-30,28.4014,-80.4577,"FACT.COBCRP","COBCRP-0-20171019",NA,10:04:43,188,"acoustic",2.45789384841919,6,2014-12-30,24.5699331611395,24.5604113861918,36.3048188388348,0.0701925717294216,0.322885829955339,"EFL_Shelf"
"734",734,734,2014-12-30,28.4014,-80.4577,"FACT.COBCRP","COBCRP-0-20171019",NA,10:06:09,189,"acoustic",2.45789384841919,6,2014-12-30,24.5699331611395,24.5604113861918,36.3048188388348,0.0701925717294216,0.322885829955339,"EFL_Shelf"
"735",735,735,2014-12-30,28.4014,-80.4577,"FACT.COBCRP","COBCRP-0-20171019",NA,10:08:05,190,"acoustic",2.45789384841919,6,2014-12-30,24.5699331611395,24.5604113861918,36.3048188388348,0.0701925717294216,0.322885829955339,"EFL_Shelf"
"736",736,736,2014-12-30,28.4014,-80.4577,"FACT.COBCRP","COBCRP-0-20171019",NA,10:09:43,191,"acoustic",2.45789384841919,6,2014-12-30,24.5699331611395,24.5604113861918,36.3048188388348,0.0701925717294216,0.322885829955339,"EFL_Shelf"
"737",737,737,2014-12-30,28.4014,-80.4577,"FACT.COBCRP","COBCRP-0-20171019",NA,10:18:20,200,"acoustic",2.45789384841919,6,2014-12-30,24.5699331611395,24.5604113861918,36.3048188388348,0.0701925717294216,0.322885829955339,"EFL_Shelf"
"738",738,738,2014-12-30,28.4014,-80.4577,"FACT.COBCRP","COBCRP-0-20171019",NA,10:10:45,193,"acoustic",2.45789384841919,6,2014-12-30,24.5699331611395,24.5604113861918,36.3048188388348,0.0701925717294216,0.322885829955339,"EFL_Shelf"
"739",739,739,2014-12-30,28.4014,-80.4577,"FACT.COBCRP","COBCRP-0-20171019",NA,10:11:54,194,"acoustic",2.45789384841919,6,2014-12-30,24.5699331611395,24.5604113861918,36.3048188388348,0.0701925717294216,0.322885829955339,"EFL_Shelf"
"740",740,740,2014-12-30,28.4014,-80.4577,"FACT.COBCRP","COBCRP-0-20171019",NA,10:13:16,195,"acoustic",2.45789384841919,6,2014-12-30,24.5699331611395,24.5604113861918,36.3048188388348,0.0701925717294216,0.322885829955339,"EFL_Shelf"
"741",741,741,2014-12-30,28.4014,-80.4577,"FACT.COBCRP","COBCRP-0-20171019",NA,10:15:05,197,"acoustic",2.45789384841919,6,2014-12-30,24.5699331611395,24.5604113861918,36.3048188388348,0.0701925717294216,0.322885829955339,"EFL_Shelf"
"742",742,742,2014-12-30,28.4066,-80.4588,"FACT.COBCRP","COBCRP-0-20171019",NA,09:09:16,159,"acoustic",2.45789384841919,6,2014-12-30,24.2718283608556,24.2454603686929,36.3673817832023,0.120853297412395,0.346690267324448,"EFL_Shelf"
"743",743,743,2014-12-30,28.4066,-80.4588,"FACT.COBCRP","COBCRP-0-20171019",NA,09:37:46,173,"acoustic",2.45789384841919,6,2014-12-30,24.2718283608556,24.2454603686929,36.3673817832023,0.120853297412395,0.346690267324448,"EFL_Shelf"
"744",744,744,2014-12-30,28.4066,-80.4588,"FACT.COBCRP","COBCRP-0-20171019",NA,09:38:52,174,"acoustic",2.45789384841919,6,2014-12-30,24.2718283608556,24.2454603686929,36.3673817832023,0.120853297412395,0.346690267324448,"EFL_Shelf"
"745",745,745,2014-12-30,28.4066,-80.4588,"FACT.COBCRP","COBCRP-0-20171019",NA,09:40:08,175,"acoustic",2.45789384841919,6,2014-12-30,24.2718283608556,24.2454603686929,36.3673817832023,0.120853297412395,0.346690267324448,"EFL_Shelf"
"746",746,746,2014-12-30,28.4066,-80.4588,"FACT.COBCRP","COBCRP-0-20171019",NA,09:25:24,163,"acoustic",2.45789384841919,6,2014-12-30,24.2718283608556,24.2454603686929,36.3673817832023,0.120853297412395,0.346690267324448,"EFL_Shelf"
"747",747,747,2014-12-30,28.4066,-80.4588,"FACT.COBCRP","COBCRP-0-20171019",NA,09:41:47,177,"acoustic",2.45789384841919,6,2014-12-30,24.2718283608556,24.2454603686929,36.3673817832023,0.120853297412395,0.346690267324448,"EFL_Shelf"
"748",748,748,2014-12-30,28.4066,-80.4588,"FACT.COBCRP","COBCRP-0-20171019",NA,09:26:23,165,"acoustic",2.45789384841919,6,2014-12-30,24.2718283608556,24.2454603686929,36.3673817832023,0.120853297412395,0.346690267324448,"EFL_Shelf"
"749",749,749,2014-12-30,28.4066,-80.4588,"FACT.COBCRP","COBCRP-0-20171019",NA,09:27:26,166,"acoustic",2.45789384841919,6,2014-12-30,24.2718283608556,24.2454603686929,36.3673817832023,0.120853297412395,0.346690267324448,"EFL_Shelf"
"750",750,750,2014-12-30,28.4066,-80.4588,"FACT.COBCRP","COBCRP-0-20171019",NA,09:45:20,180,"acoustic",2.45789384841919,6,2014-12-30,24.2718283608556,24.2454603686929,36.3673817832023,0.120853297412395,0.346690267324448,"EFL_Shelf"
"751",751,751,2014-12-30,28.4066,-80.4588,"FACT.COBCRP","COBCRP-0-20171019",NA,09:30:03,168,"acoustic",2.45789384841919,6,2014-12-30,24.2718283608556,24.2454603686929,36.3673817832023,0.120853297412395,0.346690267324448,"EFL_Shelf"
"752",752,752,2014-12-30,28.4066,-80.4588,"FACT.COBCRP","COBCRP-0-20171019",NA,09:50:38,182,"acoustic",2.45789384841919,6,2014-12-30,24.2718283608556,24.2454603686929,36.3673817832023,0.120853297412395,0.346690267324448,"EFL_Shelf"
"753",753,753,2014-12-30,28.4066,-80.4588,"FACT.COBCRP","COBCRP-0-20171019",NA,09:57:15,183,"acoustic",2.45789384841919,6,2014-12-30,24.2718283608556,24.2454603686929,36.3673817832023,0.120853297412395,0.346690267324448,"EFL_Shelf"
"754",754,754,2014-12-30,28.4066,-80.4588,"FACT.COBCRP","COBCRP-0-20171019",NA,09:43:58,179,"acoustic",2.45789384841919,6,2014-12-30,24.2718283608556,24.2454603686929,36.3673817832023,0.120853297412395,0.346690267324448,"EFL_Shelf"
"755",755,755,2014-12-30,28.4066,-80.4588,"FACT.COBCRP","COBCRP-0-20171019",NA,09:36:06,172,"acoustic",2.45789384841919,6,2014-12-30,24.2718283608556,24.2454603686929,36.3673817832023,0.120853297412395,0.346690267324448,"EFL_Shelf"
"756",756,756,2014-12-30,28.4066,-80.4588,"FACT.COBCRP","COBCRP-0-20171019",NA,09:47:11,181,"acoustic",2.45789384841919,6,2014-12-30,24.2718283608556,24.2454603686929,36.3673817832023,0.120853297412395,0.346690267324448,"EFL_Shelf"
"757",757,757,2014-12-30,28.4066,-80.4588,"FACT.COBCRP","COBCRP-0-20171019",NA,09:42:49,178,"acoustic",2.45789384841919,6,2014-12-30,24.2718283608556,24.2454603686929,36.3673817832023,0.120853297412395,0.346690267324448,"EFL_Shelf"
"758",758,758,2014-12-30,28.4088,-80.4505,"FACT.COBCRP","COBCRP-0-20171019",NA,07:48:52,95,"acoustic",2.45789384841919,6,2014-12-30,24.5699331611395,24.5604113861918,36.3048188388348,0.0701925717294216,0.322885829955339,"EFL_Shelf"
"759",759,759,2014-12-30,28.4088,-80.4505,"FACT.COBCRP","COBCRP-0-20171019",NA,07:36:17,86,"acoustic",2.45789384841919,6,2014-12-30,24.5699331611395,24.5604113861918,36.3048188388348,0.0701925717294216,0.322885829955339,"EFL_Shelf"
"760",760,760,2014-12-30,28.4088,-80.4505,"FACT.COBCRP","COBCRP-0-20171019",NA,07:58:36,108,"acoustic",2.45789384841919,6,2014-12-30,24.5699331611395,24.5604113861918,36.3048188388348,0.0701925717294216,0.322885829955339,"EFL_Shelf"
"761",761,761,2014-12-30,28.4088,-80.4505,"FACT.COBCRP","COBCRP-0-20171019",NA,08:08:02,119,"acoustic",2.45789384841919,6,2014-12-30,24.5699331611395,24.5604113861918,36.3048188388348,0.0701925717294216,0.322885829955339,"EFL_Shelf"
"762",762,762,2014-12-30,28.4088,-80.4505,"FACT.COBCRP","COBCRP-0-20171019",NA,08:06:07,116,"acoustic",2.45789384841919,6,2014-12-30,24.5699331611395,24.5604113861918,36.3048188388348,0.0701925717294216,0.322885829955339,"EFL_Shelf"
"763",763,763,2014-12-30,28.4088,-80.4505,"FACT.COBCRP","COBCRP-0-20171019",NA,08:03:36,112,"acoustic",2.45789384841919,6,2014-12-30,24.5699331611395,24.5604113861918,36.3048188388348,0.0701925717294216,0.322885829955339,"EFL_Shelf"
"764",764,764,2014-12-30,28.4088,-80.4505,"FACT.COBCRP","COBCRP-0-20171019",NA,07:51:48,101,"acoustic",2.45789384841919,6,2014-12-30,24.5699331611395,24.5604113861918,36.3048188388348,0.0701925717294216,0.322885829955339,"EFL_Shelf"
"765",765,765,2014-12-30,28.4088,-80.4505,"FACT.COBCRP","COBCRP-0-20171019",NA,08:00:36,110,"acoustic",2.45789384841919,6,2014-12-30,24.5699331611395,24.5604113861918,36.3048188388348,0.0701925717294216,0.322885829955339,"EFL_Shelf"
"766",766,766,2014-12-30,28.4088,-80.4505,"FACT.COBCRP","COBCRP-0-20171019",NA,07:23:22,75,"acoustic",2.45789384841919,6,2014-12-30,24.5699331611395,24.5604113861918,36.3048188388348,0.0701925717294216,0.322885829955339,"EFL_Shelf"
"767",767,767,2014-12-30,28.4088,-80.4505,"FACT.COBCRP","COBCRP-0-20171019",NA,08:16:18,129,"acoustic",2.45789384841919,6,2014-12-30,24.5699331611395,24.5604113861918,36.3048188388348,0.0701925717294216,0.322885829955339,"EFL_Shelf"
"768",768,768,2014-12-30,28.4088,-80.4505,"FACT.COBCRP","COBCRP-0-20171019",NA,08:13:17,126,"acoustic",2.45789384841919,6,2014-12-30,24.5699331611395,24.5604113861918,36.3048188388348,0.0701925717294216,0.322885829955339,"EFL_Shelf"
"769",769,769,2014-12-30,28.4088,-80.4505,"FACT.COBCRP","COBCRP-0-20171019",NA,08:05:11,114,"acoustic",2.45789384841919,6,2014-12-30,24.5699331611395,24.5604113861918,36.3048188388348,0.0701925717294216,0.322885829955339,"EFL_Shelf"
"770",770,770,2014-12-30,28.4088,-80.4505,"FACT.COBCRP","COBCRP-0-20171019",NA,08:18:49,132,"acoustic",2.45789384841919,6,2014-12-30,24.5699331611395,24.5604113861918,36.3048188388348,0.0701925717294216,0.322885829955339,"EFL_Shelf"
"771",771,771,2014-12-30,28.4088,-80.4505,"FACT.COBCRP","COBCRP-0-20171019",NA,08:20:40,133,"acoustic",2.45789384841919,6,2014-12-30,24.5699331611395,24.5604113861918,36.3048188388348,0.0701925717294216,0.322885829955339,"EFL_Shelf"
"772",772,772,2014-12-30,28.4088,-80.4505,"FACT.COBCRP","COBCRP-0-20171019",NA,08:09:03,121,"acoustic",2.45789384841919,6,2014-12-30,24.5699331611395,24.5604113861918,36.3048188388348,0.0701925717294216,0.322885829955339,"EFL_Shelf"
"773",773,773,2014-12-30,28.4088,-80.4505,"FACT.COBCRP","COBCRP-0-20171019",NA,08:22:07,135,"acoustic",2.45789384841919,6,2014-12-30,24.5699331611395,24.5604113861918,36.3048188388348,0.0701925717294216,0.322885829955339,"EFL_Shelf"
"774",774,774,2014-12-30,28.4088,-80.4505,"FACT.COBCRP","COBCRP-0-20171019",NA,08:10:10,123,"acoustic",2.45789384841919,6,2014-12-30,24.5699331611395,24.5604113861918,36.3048188388348,0.0701925717294216,0.322885829955339,"EFL_Shelf"
"775",775,775,2014-12-30,28.4088,-80.4505,"FACT.COBCRP","COBCRP-0-20171019",NA,08:24:07,137,"acoustic",2.45789384841919,6,2014-12-30,24.5699331611395,24.5604113861918,36.3048188388348,0.0701925717294216,0.322885829955339,"EFL_Shelf"
"776",776,776,2014-12-30,28.4088,-80.4505,"FACT.COBCRP","COBCRP-0-20171019",NA,07:49:49,98,"acoustic",2.45789384841919,6,2014-12-30,24.5699331611395,24.5604113861918,36.3048188388348,0.0701925717294216,0.322885829955339,"EFL_Shelf"
"777",777,777,2014-12-30,28.4088,-80.4505,"FACT.COBCRP","COBCRP-0-20171019",NA,08:25:51,139,"acoustic",2.45789384841919,6,2014-12-30,24.5699331611395,24.5604113861918,36.3048188388348,0.0701925717294216,0.322885829955339,"EFL_Shelf"
"778",778,778,2014-12-30,28.4088,-80.4505,"FACT.COBCRP","COBCRP-0-20171019",NA,08:27:04,140,"acoustic",2.45789384841919,6,2014-12-30,24.5699331611395,24.5604113861918,36.3048188388348,0.0701925717294216,0.322885829955339,"EFL_Shelf"
"779",779,779,2014-12-30,28.4088,-80.4505,"FACT.COBCRP","COBCRP-0-20171019",NA,08:28:35,141,"acoustic",2.45789384841919,6,2014-12-30,24.5699331611395,24.5604113861918,36.3048188388348,0.0701925717294216,0.322885829955339,"EFL_Shelf"
"780",780,780,2014-12-30,28.4088,-80.4505,"FACT.COBCRP","COBCRP-0-20171019",NA,08:30:43,142,"acoustic",2.45789384841919,6,2014-12-30,24.5699331611395,24.5604113861918,36.3048188388348,0.0701925717294216,0.322885829955339,"EFL_Shelf"
"781",781,781,2014-12-30,28.4088,-80.4505,"FACT.COBCRP","COBCRP-0-20171019",NA,08:32:43,143,"acoustic",2.45789384841919,6,2014-12-30,24.5699331611395,24.5604113861918,36.3048188388348,0.0701925717294216,0.322885829955339,"EFL_Shelf"
"782",782,782,2014-12-30,28.4088,-80.4505,"FACT.COBCRP","COBCRP-0-20171019",NA,08:34:29,144,"acoustic",2.45789384841919,6,2014-12-30,24.5699331611395,24.5604113861918,36.3048188388348,0.0701925717294216,0.322885829955339,"EFL_Shelf"
"783",783,783,2014-12-30,28.4088,-80.4505,"FACT.COBCRP","COBCRP-0-20171019",NA,07:57:08,105,"acoustic",2.45789384841919,6,2014-12-30,24.5699331611395,24.5604113861918,36.3048188388348,0.0701925717294216,0.322885829955339,"EFL_Shelf"
"784",784,784,2014-12-30,28.4088,-80.4505,"FACT.COBCRP","COBCRP-0-20171019",NA,08:35:45,146,"acoustic",2.45789384841919,6,2014-12-30,24.5699331611395,24.5604113861918,36.3048188388348,0.0701925717294216,0.322885829955339,"EFL_Shelf"
"785",785,785,2014-12-30,28.4088,-80.4505,"FACT.COBCRP","COBCRP-0-20171019",NA,08:37:23,147,"acoustic",2.45789384841919,6,2014-12-30,24.5699331611395,24.5604113861918,36.3048188388348,0.0701925717294216,0.322885829955339,"EFL_Shelf"
"786",786,786,2014-12-30,28.4088,-80.4505,"FACT.COBCRP","COBCRP-0-20171019",NA,08:38:24,148,"acoustic",2.45789384841919,6,2014-12-30,24.5699331611395,24.5604113861918,36.3048188388348,0.0701925717294216,0.322885829955339,"EFL_Shelf"
"787",787,787,2014-12-30,28.4088,-80.4505,"FACT.COBCRP","COBCRP-0-20171019",NA,08:39:31,149,"acoustic",2.45789384841919,6,2014-12-30,24.5699331611395,24.5604113861918,36.3048188388348,0.0701925717294216,0.322885829955339,"EFL_Shelf"
"788",788,788,2014-12-30,28.4088,-80.4505,"FACT.COBCRP","COBCRP-0-20171019",NA,08:40:50,150,"acoustic",2.45789384841919,6,2014-12-30,24.5699331611395,24.5604113861918,36.3048188388348,0.0701925717294216,0.322885829955339,"EFL_Shelf"
"789",789,789,2014-12-30,28.4088,-80.4505,"FACT.COBCRP","COBCRP-0-20171019",NA,08:42:34,151,"acoustic",2.45789384841919,6,2014-12-30,24.5699331611395,24.5604113861918,36.3048188388348,0.0701925717294216,0.322885829955339,"EFL_Shelf"
"790",790,790,2014-12-30,28.4088,-80.4505,"FACT.COBCRP","COBCRP-0-20171019",NA,08:43:46,152,"acoustic",2.45789384841919,6,2014-12-30,24.5699331611395,24.5604113861918,36.3048188388348,0.0701925717294216,0.322885829955339,"EFL_Shelf"
"791",791,791,2014-12-30,28.4088,-80.4505,"FACT.COBCRP","COBCRP-0-20171019",NA,08:45:16,153,"acoustic",2.45789384841919,6,2014-12-30,24.5699331611395,24.5604113861918,36.3048188388348,0.0701925717294216,0.322885829955339,"EFL_Shelf"
"792",792,792,2014-12-30,28.4088,-80.4505,"FACT.COBCRP","COBCRP-0-20171019",NA,08:47:20,154,"acoustic",2.45789384841919,6,2014-12-30,24.5699331611395,24.5604113861918,36.3048188388348,0.0701925717294216,0.322885829955339,"EFL_Shelf"
"793",793,793,2014-12-30,28.4088,-80.4505,"FACT.COBCRP","COBCRP-0-20171019",NA,08:49:14,155,"acoustic",2.45789384841919,6,2014-12-30,24.5699331611395,24.5604113861918,36.3048188388348,0.0701925717294216,0.322885829955339,"EFL_Shelf"
"794",794,794,2014-12-30,28.4088,-80.4505,"FACT.COBCRP","COBCRP-0-20171019",NA,08:50:47,156,"acoustic",2.45789384841919,6,2014-12-30,24.5699331611395,24.5604113861918,36.3048188388348,0.0701925717294216,0.322885829955339,"EFL_Shelf"
"795",795,795,2014-12-30,28.4088,-80.4505,"FACT.COBCRP","COBCRP-0-20171019",NA,08:55:02,157,"acoustic",2.45789384841919,6,2014-12-30,24.5699331611395,24.5604113861918,36.3048188388348,0.0701925717294216,0.322885829955339,"EFL_Shelf"
"796",796,796,2014-12-30,28.4088,-80.4505,"FACT.COBCRP","COBCRP-0-20171019",NA,08:59:29,158,"acoustic",2.45789384841919,6,2014-12-30,24.5699331611395,24.5604113861918,36.3048188388348,0.0701925717294216,0.322885829955339,"EFL_Shelf"
"797",797,797,2014-12-30,28.4112,-80.4403,"FACT.COBCRP","COBCRP-0-20171019",NA,05:42:02,27,"acoustic",1.87902786334356,6,2014-12-30,24.5699331611395,24.5604113861918,36.3048188388348,0.0701925717294216,0.322885829955339,"EFL_Shelf"
"798",798,798,2014-12-30,28.4112,-80.4403,"FACT.COBCRP","COBCRP-0-20171019",NA,05:44:37,28,"acoustic",1.87902786334356,6,2014-12-30,24.5699331611395,24.5604113861918,36.3048188388348,0.0701925717294216,0.322885829955339,"EFL_Shelf"
"799",799,799,2014-12-30,28.4112,-80.4403,"FACT.COBCRP","COBCRP-0-20171019",NA,05:48:10,29,"acoustic",1.87902786334356,6,2014-12-30,24.5699331611395,24.5604113861918,36.3048188388348,0.0701925717294216,0.322885829955339,"EFL_Shelf"
"800",800,800,2014-12-30,28.4112,-80.4403,"FACT.COBCRP","COBCRP-0-20171019",NA,05:50:14,30,"acoustic",1.87902786334356,6,2014-12-30,24.5699331611395,24.5604113861918,36.3048188388348,0.0701925717294216,0.322885829955339,"EFL_Shelf"
"801",801,801,2014-12-30,28.4112,-80.4403,"FACT.COBCRP","COBCRP-0-20171019",NA,06:20:59,44,"acoustic",1.87902786334356,6,2014-12-30,24.5699331611395,24.5604113861918,36.3048188388348,0.0701925717294216,0.322885829955339,"EFL_Shelf"
"802",802,802,2014-12-30,28.4112,-80.4403,"FACT.COBCRP","COBCRP-0-20171019",NA,05:57:01,32,"acoustic",1.87902786334356,6,2014-12-30,24.5699331611395,24.5604113861918,36.3048188388348,0.0701925717294216,0.322885829955339,"EFL_Shelf"
"803",803,803,2014-12-30,28.4112,-80.4403,"FACT.COBCRP","COBCRP-0-20171019",NA,05:58:42,33,"acoustic",1.87902786334356,6,2014-12-30,24.5699331611395,24.5604113861918,36.3048188388348,0.0701925717294216,0.322885829955339,"EFL_Shelf"
"804",804,804,2014-12-30,28.4112,-80.4403,"FACT.COBCRP","COBCRP-0-20171019",NA,06:16:32,42,"acoustic",1.87902786334356,6,2014-12-30,24.5699331611395,24.5604113861918,36.3048188388348,0.0701925717294216,0.322885829955339,"EFL_Shelf"
"805",805,805,2014-12-30,28.4112,-80.4403,"FACT.COBCRP","COBCRP-0-20171019",NA,06:18:46,43,"acoustic",1.87902786334356,6,2014-12-30,24.5699331611395,24.5604113861918,36.3048188388348,0.0701925717294216,0.322885829955339,"EFL_Shelf"
"806",806,806,2014-12-30,28.4112,-80.4403,"FACT.COBCRP","COBCRP-0-20171019",NA,06:08:14,37,"acoustic",1.87902786334356,6,2014-12-30,24.5699331611395,24.5604113861918,36.3048188388348,0.0701925717294216,0.322885829955339,"EFL_Shelf"
"807",807,807,2014-12-30,28.4112,-80.4403,"FACT.COBCRP","COBCRP-0-20171019",NA,06:25:20,46,"acoustic",1.87902786334356,6,2014-12-30,24.5699331611395,24.5604113861918,36.3048188388348,0.0701925717294216,0.322885829955339,"EFL_Shelf"
"808",808,808,2014-12-30,28.4112,-80.4403,"FACT.COBCRP","COBCRP-0-20171019",NA,06:14:18,41,"acoustic",1.87902786334356,6,2014-12-30,24.5699331611395,24.5604113861918,36.3048188388348,0.0701925717294216,0.322885829955339,"EFL_Shelf"
"809",809,809,2014-12-30,28.4112,-80.4403,"FACT.COBCRP","COBCRP-0-20171019",NA,06:23:11,45,"acoustic",1.87902786334356,6,2014-12-30,24.5699331611395,24.5604113861918,36.3048188388348,0.0701925717294216,0.322885829955339,"EFL_Shelf"
"810",810,810,2014-12-30,28.4125,-80.4479,"FACT.COBCRP","COBCRP-0-20171019",NA,06:07:33,36,"acoustic",2.45789384841919,6,2014-12-30,24.5699331611395,24.5604113861918,36.3048188388348,0.0701925717294216,0.322885829955339,"EFL_Shelf"
"811",811,811,2014-12-30,28.4125,-80.4479,"FACT.COBCRP","COBCRP-0-20171019",NA,06:05:48,35,"acoustic",2.45789384841919,6,2014-12-30,24.5699331611395,24.5604113861918,36.3048188388348,0.0701925717294216,0.322885829955339,"EFL_Shelf"
"812",812,812,2014-12-30,28.4125,-80.4479,"FACT.COBCRP","COBCRP-0-20171019",NA,06:12:37,40,"acoustic",2.45789384841919,6,2014-12-30,24.5699331611395,24.5604113861918,36.3048188388348,0.0701925717294216,0.322885829955339,"EFL_Shelf"
"813",813,813,2014-12-30,28.4125,-80.4479,"FACT.COBCRP","COBCRP-0-20171019",NA,06:00:22,34,"acoustic",2.45789384841919,6,2014-12-30,24.5699331611395,24.5604113861918,36.3048188388348,0.0701925717294216,0.322885829955339,"EFL_Shelf"
"814",814,814,2014-12-30,28.4125,-80.4479,"FACT.COBCRP","COBCRP-0-20171019",NA,06:10:22,39,"acoustic",2.45789384841919,6,2014-12-30,24.5699331611395,24.5604113861918,36.3048188388348,0.0701925717294216,0.322885829955339,"EFL_Shelf"
"815",815,815,2014-12-30,28.4125,-80.4479,"FACT.COBCRP","COBCRP-0-20171019",NA,05:50:48,31,"acoustic",2.45789384841919,6,2014-12-30,24.5699331611395,24.5604113861918,36.3048188388348,0.0701925717294216,0.322885829955339,"EFL_Shelf"
"816",816,816,2014-12-30,28.4125,-80.4479,"FACT.COBCRP","COBCRP-0-20171019",NA,06:08:48,38,"acoustic",2.45789384841919,6,2014-12-30,24.5699331611395,24.5604113861918,36.3048188388348,0.0701925717294216,0.322885829955339,"EFL_Shelf"
"817",817,817,2014-12-30,28.4125,-80.4479,"FACT.COBCRP","COBCRP-0-20171019",NA,06:25:54,47,"acoustic",2.45789384841919,6,2014-12-30,24.5699331611395,24.5604113861918,36.3048188388348,0.0701925717294216,0.322885829955339,"EFL_Shelf"
"818",818,818,2014-12-30,28.4125,-80.4479,"FACT.COBCRP","COBCRP-0-20171019",NA,06:29:47,48,"acoustic",2.45789384841919,6,2014-12-30,24.5699331611395,24.5604113861918,36.3048188388348,0.0701925717294216,0.322885829955339,"EFL_Shelf"
"819",819,819,2014-12-30,28.4125,-80.4479,"FACT.COBCRP","COBCRP-0-20171019",NA,06:33:10,49,"acoustic",2.45789384841919,6,2014-12-30,24.5699331611395,24.5604113861918,36.3048188388348,0.0701925717294216,0.322885829955339,"EFL_Shelf"
"820",820,820,2014-12-30,28.4125,-80.4479,"FACT.COBCRP","COBCRP-0-20171019",NA,06:34:50,50,"acoustic",2.45789384841919,6,2014-12-30,24.5699331611395,24.5604113861918,36.3048188388348,0.0701925717294216,0.322885829955339,"EFL_Shelf"
"821",821,821,2014-12-30,28.4125,-80.4479,"FACT.COBCRP","COBCRP-0-20171019",NA,06:35:54,51,"acoustic",2.45789384841919,6,2014-12-30,24.5699331611395,24.5604113861918,36.3048188388348,0.0701925717294216,0.322885829955339,"EFL_Shelf"
"822",822,822,2014-12-30,28.4125,-80.4479,"FACT.COBCRP","COBCRP-0-20171019",NA,06:37:08,52,"acoustic",2.45789384841919,6,2014-12-30,24.5699331611395,24.5604113861918,36.3048188388348,0.0701925717294216,0.322885829955339,"EFL_Shelf"
"823",823,823,2014-12-30,28.4125,-80.4479,"FACT.COBCRP","COBCRP-0-20171019",NA,06:38:41,53,"acoustic",2.45789384841919,6,2014-12-30,24.5699331611395,24.5604113861918,36.3048188388348,0.0701925717294216,0.322885829955339,"EFL_Shelf"
"824",824,824,2014-12-30,28.4125,-80.4479,"FACT.COBCRP","COBCRP-0-20171019",NA,06:40:51,54,"acoustic",2.45789384841919,6,2014-12-30,24.5699331611395,24.5604113861918,36.3048188388348,0.0701925717294216,0.322885829955339,"EFL_Shelf"
"825",825,825,2014-12-30,28.4125,-80.4479,"FACT.COBCRP","COBCRP-0-20171019",NA,06:42:57,55,"acoustic",2.45789384841919,6,2014-12-30,24.5699331611395,24.5604113861918,36.3048188388348,0.0701925717294216,0.322885829955339,"EFL_Shelf"
"826",826,826,2014-12-30,28.4125,-80.4479,"FACT.COBCRP","COBCRP-0-20171019",NA,06:46:33,56,"acoustic",2.45789384841919,6,2014-12-30,24.5699331611395,24.5604113861918,36.3048188388348,0.0701925717294216,0.322885829955339,"EFL_Shelf"
"827",827,827,2014-12-30,28.4125,-80.4479,"FACT.COBCRP","COBCRP-0-20171019",NA,06:47:36,57,"acoustic",2.45789384841919,6,2014-12-30,24.5699331611395,24.5604113861918,36.3048188388348,0.0701925717294216,0.322885829955339,"EFL_Shelf"
"828",828,828,2014-12-30,28.4125,-80.4479,"FACT.COBCRP","COBCRP-0-20171019",NA,06:48:48,58,"acoustic",2.45789384841919,6,2014-12-30,24.5699331611395,24.5604113861918,36.3048188388348,0.0701925717294216,0.322885829955339,"EFL_Shelf"
"829",829,829,2014-12-30,28.4125,-80.4479,"FACT.COBCRP","COBCRP-0-20171019",NA,06:50:17,59,"acoustic",2.45789384841919,6,2014-12-30,24.5699331611395,24.5604113861918,36.3048188388348,0.0701925717294216,0.322885829955339,"EFL_Shelf"
"830",830,830,2014-12-30,28.4125,-80.4479,"FACT.COBCRP","COBCRP-0-20171019",NA,06:54:12,60,"acoustic",2.45789384841919,6,2014-12-30,24.5699331611395,24.5604113861918,36.3048188388348,0.0701925717294216,0.322885829955339,"EFL_Shelf"
"831",831,831,2014-12-30,28.4125,-80.4479,"FACT.COBCRP","COBCRP-0-20171019",NA,06:57:43,61,"acoustic",2.45789384841919,6,2014-12-30,24.5699331611395,24.5604113861918,36.3048188388348,0.0701925717294216,0.322885829955339,"EFL_Shelf"
"832",832,832,2014-12-30,28.4125,-80.4479,"FACT.COBCRP","COBCRP-0-20171019",NA,07:00:56,62,"acoustic",2.45789384841919,6,2014-12-30,24.5699331611395,24.5604113861918,36.3048188388348,0.0701925717294216,0.322885829955339,"EFL_Shelf"
"833",833,833,2014-12-30,28.4125,-80.4479,"FACT.COBCRP","COBCRP-0-20171019",NA,07:02:49,63,"acoustic",2.45789384841919,6,2014-12-30,24.5699331611395,24.5604113861918,36.3048188388348,0.0701925717294216,0.322885829955339,"EFL_Shelf"
"834",834,834,2014-12-30,28.4125,-80.4479,"FACT.COBCRP","COBCRP-0-20171019",NA,07:08:20,64,"acoustic",2.45789384841919,6,2014-12-30,24.5699331611395,24.5604113861918,36.3048188388348,0.0701925717294216,0.322885829955339,"EFL_Shelf"
"835",835,835,2014-12-30,28.4125,-80.4479,"FACT.COBCRP","COBCRP-0-20171019",NA,07:09:57,65,"acoustic",2.45789384841919,6,2014-12-30,24.5699331611395,24.5604113861918,36.3048188388348,0.0701925717294216,0.322885829955339,"EFL_Shelf"
"836",836,836,2014-12-30,28.4125,-80.4479,"FACT.COBCRP","COBCRP-0-20171019",NA,07:10:56,66,"acoustic",2.45789384841919,6,2014-12-30,24.5699331611395,24.5604113861918,36.3048188388348,0.0701925717294216,0.322885829955339,"EFL_Shelf"
"837",837,837,2014-12-30,28.4125,-80.4479,"FACT.COBCRP","COBCRP-0-20171019",NA,07:11:59,67,"acoustic",2.45789384841919,6,2014-12-30,24.5699331611395,24.5604113861918,36.3048188388348,0.0701925717294216,0.322885829955339,"EFL_Shelf"
"838",838,838,2014-12-30,28.4125,-80.4479,"FACT.COBCRP","COBCRP-0-20171019",NA,07:13:10,68,"acoustic",2.45789384841919,6,2014-12-30,24.5699331611395,24.5604113861918,36.3048188388348,0.0701925717294216,0.322885829955339,"EFL_Shelf"
"839",839,839,2014-12-30,28.4125,-80.4479,"FACT.COBCRP","COBCRP-0-20171019",NA,07:14:38,69,"acoustic",2.45789384841919,6,2014-12-30,24.5699331611395,24.5604113861918,36.3048188388348,0.0701925717294216,0.322885829955339,"EFL_Shelf"
"840",840,840,2014-12-30,28.4125,-80.4479,"FACT.COBCRP","COBCRP-0-20171019",NA,07:16:38,70,"acoustic",2.45789384841919,6,2014-12-30,24.5699331611395,24.5604113861918,36.3048188388348,0.0701925717294216,0.322885829955339,"EFL_Shelf"
"841",841,841,2014-12-30,28.4125,-80.4479,"FACT.COBCRP","COBCRP-0-20171019",NA,07:18:24,71,"acoustic",2.45789384841919,6,2014-12-30,24.5699331611395,24.5604113861918,36.3048188388348,0.0701925717294216,0.322885829955339,"EFL_Shelf"
"842",842,842,2014-12-30,28.4125,-80.4479,"FACT.COBCRP","COBCRP-0-20171019",NA,07:19:40,72,"acoustic",2.45789384841919,6,2014-12-30,24.5699331611395,24.5604113861918,36.3048188388348,0.0701925717294216,0.322885829955339,"EFL_Shelf"
"843",843,843,2014-12-30,28.4125,-80.4479,"FACT.COBCRP","COBCRP-0-20171019",NA,07:21:18,73,"acoustic",2.45789384841919,6,2014-12-30,24.5699331611395,24.5604113861918,36.3048188388348,0.0701925717294216,0.322885829955339,"EFL_Shelf"
"844",844,844,2014-12-30,28.4125,-80.4479,"FACT.COBCRP","COBCRP-0-20171019",NA,07:22:18,74,"acoustic",2.45789384841919,6,2014-12-30,24.5699331611395,24.5604113861918,36.3048188388348,0.0701925717294216,0.322885829955339,"EFL_Shelf"
"845",845,845,2014-12-30,28.4125,-80.4479,"FACT.COBCRP","COBCRP-0-20171019",NA,08:05:12,115,"acoustic",2.45789384841919,6,2014-12-30,24.5699331611395,24.5604113861918,36.3048188388348,0.0701925717294216,0.322885829955339,"EFL_Shelf"
"846",846,846,2014-12-30,28.4125,-80.4479,"FACT.COBCRP","COBCRP-0-20171019",NA,07:23:23,76,"acoustic",2.45789384841919,6,2014-12-30,24.5699331611395,24.5604113861918,36.3048188388348,0.0701925717294216,0.322885829955339,"EFL_Shelf"
"847",847,847,2014-12-30,28.4125,-80.4479,"FACT.COBCRP","COBCRP-0-20171019",NA,07:24:38,77,"acoustic",2.45789384841919,6,2014-12-30,24.5699331611395,24.5604113861918,36.3048188388348,0.0701925717294216,0.322885829955339,"EFL_Shelf"
"848",848,848,2014-12-30,28.4125,-80.4479,"FACT.COBCRP","COBCRP-0-20171019",NA,07:26:14,78,"acoustic",2.45789384841919,6,2014-12-30,24.5699331611395,24.5604113861918,36.3048188388348,0.0701925717294216,0.322885829955339,"EFL_Shelf"
"849",849,849,2014-12-30,28.4125,-80.4479,"FACT.COBCRP","COBCRP-0-20171019",NA,07:27:12,79,"acoustic",2.45789384841919,6,2014-12-30,24.5699331611395,24.5604113861918,36.3048188388348,0.0701925717294216,0.322885829955339,"EFL_Shelf"
"850",850,850,2014-12-30,28.4125,-80.4479,"FACT.COBCRP","COBCRP-0-20171019",NA,07:28:11,80,"acoustic",2.45789384841919,6,2014-12-30,24.5699331611395,24.5604113861918,36.3048188388348,0.0701925717294216,0.322885829955339,"EFL_Shelf"
"851",851,851,2014-12-30,28.4125,-80.4479,"FACT.COBCRP","COBCRP-0-20171019",NA,07:29:16,81,"acoustic",2.45789384841919,6,2014-12-30,24.5699331611395,24.5604113861918,36.3048188388348,0.0701925717294216,0.322885829955339,"EFL_Shelf"
"852",852,852,2014-12-30,28.4125,-80.4479,"FACT.COBCRP","COBCRP-0-20171019",NA,07:30:30,82,"acoustic",2.45789384841919,6,2014-12-30,24.5699331611395,24.5604113861918,36.3048188388348,0.0701925717294216,0.322885829955339,"EFL_Shelf"
"853",853,853,2014-12-30,28.4125,-80.4479,"FACT.COBCRP","COBCRP-0-20171019",NA,07:32:02,83,"acoustic",2.45789384841919,6,2014-12-30,24.5699331611395,24.5604113861918,36.3048188388348,0.0701925717294216,0.322885829955339,"EFL_Shelf"
"854",854,854,2014-12-30,28.4125,-80.4479,"FACT.COBCRP","COBCRP-0-20171019",NA,07:34:12,84,"acoustic",2.45789384841919,6,2014-12-30,24.5699331611395,24.5604113861918,36.3048188388348,0.0701925717294216,0.322885829955339,"EFL_Shelf"
"855",855,855,2014-12-30,28.4125,-80.4479,"FACT.COBCRP","COBCRP-0-20171019",NA,07:36:17,85,"acoustic",2.45789384841919,6,2014-12-30,24.5699331611395,24.5604113861918,36.3048188388348,0.0701925717294216,0.322885829955339,"EFL_Shelf"
"856",856,856,2014-12-30,28.4125,-80.4479,"FACT.COBCRP","COBCRP-0-20171019",NA,07:50:47,99,"acoustic",2.45789384841919,6,2014-12-30,24.5699331611395,24.5604113861918,36.3048188388348,0.0701925717294216,0.322885829955339,"EFL_Shelf"
"857",857,857,2014-12-30,28.4125,-80.4479,"FACT.COBCRP","COBCRP-0-20171019",NA,07:38:13,87,"acoustic",2.45789384841919,6,2014-12-30,24.5699331611395,24.5604113861918,36.3048188388348,0.0701925717294216,0.322885829955339,"EFL_Shelf"
"858",858,858,2014-12-30,28.4125,-80.4479,"FACT.COBCRP","COBCRP-0-20171019",NA,07:39:48,88,"acoustic",2.45789384841919,6,2014-12-30,24.5699331611395,24.5604113861918,36.3048188388348,0.0701925717294216,0.322885829955339,"EFL_Shelf"
"859",859,859,2014-12-30,28.4125,-80.4479,"FACT.COBCRP","COBCRP-0-20171019",NA,07:40:45,89,"acoustic",2.45789384841919,6,2014-12-30,24.5699331611395,24.5604113861918,36.3048188388348,0.0701925717294216,0.322885829955339,"EFL_Shelf"
"860",860,860,2014-12-30,28.4125,-80.4479,"FACT.COBCRP","COBCRP-0-20171019",NA,07:41:44,90,"acoustic",2.45789384841919,6,2014-12-30,24.5699331611395,24.5604113861918,36.3048188388348,0.0701925717294216,0.322885829955339,"EFL_Shelf"
"861",861,861,2014-12-30,28.4125,-80.4479,"FACT.COBCRP","COBCRP-0-20171019",NA,07:42:47,91,"acoustic",2.45789384841919,6,2014-12-30,24.5699331611395,24.5604113861918,36.3048188388348,0.0701925717294216,0.322885829955339,"EFL_Shelf"
"862",862,862,2014-12-30,28.4125,-80.4479,"FACT.COBCRP","COBCRP-0-20171019",NA,07:43:57,92,"acoustic",2.45789384841919,6,2014-12-30,24.5699331611395,24.5604113861918,36.3048188388348,0.0701925717294216,0.322885829955339,"EFL_Shelf"
"863",863,863,2014-12-30,28.4125,-80.4479,"FACT.COBCRP","COBCRP-0-20171019",NA,07:45:22,93,"acoustic",2.45789384841919,6,2014-12-30,24.5699331611395,24.5604113861918,36.3048188388348,0.0701925717294216,0.322885829955339,"EFL_Shelf"
"864",864,864,2014-12-30,28.4125,-80.4479,"FACT.COBCRP","COBCRP-0-20171019",NA,07:47:17,94,"acoustic",2.45789384841919,6,2014-12-30,24.5699331611395,24.5604113861918,36.3048188388348,0.0701925717294216,0.322885829955339,"EFL_Shelf"
"865",865,865,2014-12-30,28.4125,-80.4479,"FACT.COBCRP","COBCRP-0-20171019",NA,08:20:41,134,"acoustic",2.45789384841919,6,2014-12-30,24.5699331611395,24.5604113861918,36.3048188388348,0.0701925717294216,0.322885829955339,"EFL_Shelf"
"866",866,866,2014-12-30,28.4125,-80.4479,"FACT.COBCRP","COBCRP-0-20171019",NA,07:48:53,96,"acoustic",2.45789384841919,6,2014-12-30,24.5699331611395,24.5604113861918,36.3048188388348,0.0701925717294216,0.322885829955339,"EFL_Shelf"
"867",867,867,2014-12-30,28.4125,-80.4479,"FACT.COBCRP","COBCRP-0-20171019",NA,07:49:49,97,"acoustic",2.45789384841919,6,2014-12-30,24.5699331611395,24.5604113861918,36.3048188388348,0.0701925717294216,0.322885829955339,"EFL_Shelf"
"868",868,868,2014-12-30,28.4125,-80.4479,"FACT.COBCRP","COBCRP-0-20171019",NA,08:24:08,138,"acoustic",2.45789384841919,6,2014-12-30,24.5699331611395,24.5604113861918,36.3048188388348,0.0701925717294216,0.322885829955339,"EFL_Shelf"
"869",869,869,2014-12-30,28.4125,-80.4479,"FACT.COBCRP","COBCRP-0-20171019",NA,08:11:32,125,"acoustic",2.45789384841919,6,2014-12-30,24.5699331611395,24.5604113861918,36.3048188388348,0.0701925717294216,0.322885829955339,"EFL_Shelf"
"870",870,870,2014-12-30,28.4125,-80.4479,"FACT.COBCRP","COBCRP-0-20171019",NA,07:51:48,100,"acoustic",2.45789384841919,6,2014-12-30,24.5699331611395,24.5604113861918,36.3048188388348,0.0701925717294216,0.322885829955339,"EFL_Shelf"
"871",871,871,2014-12-30,28.4125,-80.4479,"FACT.COBCRP","COBCRP-0-20171019",NA,08:13:18,127,"acoustic",2.45789384841919,6,2014-12-30,24.5699331611395,24.5604113861918,36.3048188388348,0.0701925717294216,0.322885829955339,"EFL_Shelf"
"872",872,872,2014-12-30,28.4125,-80.4479,"FACT.COBCRP","COBCRP-0-20171019",NA,07:52:55,102,"acoustic",2.45789384841919,6,2014-12-30,24.5699331611395,24.5604113861918,36.3048188388348,0.0701925717294216,0.322885829955339,"EFL_Shelf"
"873",873,873,2014-12-30,28.4125,-80.4479,"FACT.COBCRP","COBCRP-0-20171019",NA,07:54:14,103,"acoustic",2.45789384841919,6,2014-12-30,24.5699331611395,24.5604113861918,36.3048188388348,0.0701925717294216,0.322885829955339,"EFL_Shelf"
"874",874,874,2014-12-30,28.4125,-80.4479,"FACT.COBCRP","COBCRP-0-20171019",NA,07:55:58,104,"acoustic",2.45789384841919,6,2014-12-30,24.5699331611395,24.5604113861918,36.3048188388348,0.0701925717294216,0.322885829955339,"EFL_Shelf"
"875",875,875,2014-12-30,28.4125,-80.4479,"FACT.COBCRP","COBCRP-0-20171019",NA,08:34:30,145,"acoustic",2.45789384841919,6,2014-12-30,24.5699331611395,24.5604113861918,36.3048188388348,0.0701925717294216,0.322885829955339,"EFL_Shelf"
"876",876,876,2014-12-30,28.4125,-80.4479,"FACT.COBCRP","COBCRP-0-20171019",NA,07:57:09,106,"acoustic",2.45789384841919,6,2014-12-30,24.5699331611395,24.5604113861918,36.3048188388348,0.0701925717294216,0.322885829955339,"EFL_Shelf"
"877",877,877,2014-12-30,28.4125,-80.4479,"FACT.COBCRP","COBCRP-0-20171019",NA,07:58:36,107,"acoustic",2.45789384841919,6,2014-12-30,24.5699331611395,24.5604113861918,36.3048188388348,0.0701925717294216,0.322885829955339,"EFL_Shelf"
"878",878,878,2014-12-30,28.4125,-80.4479,"FACT.COBCRP","COBCRP-0-20171019",NA,08:08:03,120,"acoustic",2.45789384841919,6,2014-12-30,24.5699331611395,24.5604113861918,36.3048188388348,0.0701925717294216,0.322885829955339,"EFL_Shelf"
"879",879,879,2014-12-30,28.4125,-80.4479,"FACT.COBCRP","COBCRP-0-20171019",NA,08:00:36,109,"acoustic",2.45789384841919,6,2014-12-30,24.5699331611395,24.5604113861918,36.3048188388348,0.0701925717294216,0.322885829955339,"EFL_Shelf"
"880",880,880,2014-12-30,28.4125,-80.4479,"FACT.COBCRP","COBCRP-0-20171019",NA,08:22:09,136,"acoustic",2.45789384841919,6,2014-12-30,24.5699331611395,24.5604113861918,36.3048188388348,0.0701925717294216,0.322885829955339,"EFL_Shelf"
"881",881,881,2014-12-30,28.4125,-80.4479,"FACT.COBCRP","COBCRP-0-20171019",NA,08:02:21,111,"acoustic",2.45789384841919,6,2014-12-30,24.5699331611395,24.5604113861918,36.3048188388348,0.0701925717294216,0.322885829955339,"EFL_Shelf"
"882",882,882,2014-12-30,28.4125,-80.4479,"FACT.COBCRP","COBCRP-0-20171019",NA,08:10:11,124,"acoustic",2.45789384841919,6,2014-12-30,24.5699331611395,24.5604113861918,36.3048188388348,0.0701925717294216,0.322885829955339,"EFL_Shelf"
"883",883,883,2014-12-30,28.4125,-80.4479,"FACT.COBCRP","COBCRP-0-20171019",NA,08:03:37,113,"acoustic",2.45789384841919,6,2014-12-30,24.5699331611395,24.5604113861918,36.3048188388348,0.0701925717294216,0.322885829955339,"EFL_Shelf"
"884",884,884,2014-12-30,28.4125,-80.4479,"FACT.COBCRP","COBCRP-0-20171019",NA,08:07:04,118,"acoustic",2.45789384841919,6,2014-12-30,24.5699331611395,24.5604113861918,36.3048188388348,0.0701925717294216,0.322885829955339,"EFL_Shelf"
"885",885,885,2014-12-30,28.4125,-80.4479,"FACT.COBCRP","COBCRP-0-20171019",NA,08:14:37,128,"acoustic",2.45789384841919,6,2014-12-30,24.5699331611395,24.5604113861918,36.3048188388348,0.0701925717294216,0.322885829955339,"EFL_Shelf"
"886",886,886,2014-12-30,28.4125,-80.4479,"FACT.COBCRP","COBCRP-0-20171019",NA,08:06:08,117,"acoustic",2.45789384841919,6,2014-12-30,24.5699331611395,24.5604113861918,36.3048188388348,0.0701925717294216,0.322885829955339,"EFL_Shelf"
"887",887,887,2014-12-30,28.4125,-80.4479,"FACT.COBCRP","COBCRP-0-20171019",NA,08:09:04,122,"acoustic",2.45789384841919,6,2014-12-30,24.5699331611395,24.5604113861918,36.3048188388348,0.0701925717294216,0.322885829955339,"EFL_Shelf"
"888",888,888,2014-12-30,28.4125,-80.4479,"FACT.COBCRP","COBCRP-0-20171019",NA,08:17:27,131,"acoustic",2.45789384841919,6,2014-12-30,24.5699331611395,24.5604113861918,36.3048188388348,0.0701925717294216,0.322885829955339,"EFL_Shelf"
"889",889,889,2014-12-30,28.4125,-80.4479,"FACT.COBCRP","COBCRP-0-20171019",NA,08:16:19,130,"acoustic",2.45789384841919,6,2014-12-30,24.5699331611395,24.5604113861918,36.3048188388348,0.0701925717294216,0.322885829955339,"EFL_Shelf"
"890",890,890,2015-01-03,28.393,-80.4894,"FACT.COBCRP","COBCRP-0-20171019",NA,07:54:10,222,"acoustic",NA,6,2015-01-03,24.0205999910831,24.009613327682,36.2758262548596,0.0512710958719254,0.335703603923321,"EFL_Shelf"
"891",891,891,2015-01-03,28.393,-80.4894,"FACT.COBCRP","COBCRP-0-20171019",NA,08:07:40,223,"acoustic",NA,6,2015-01-03,24.0205999910831,24.009613327682,36.2758262548596,0.0512710958719254,0.335703603923321,"EFL_Shelf"
"892",892,892,2015-01-03,28.393,-80.4894,"FACT.COBCRP","COBCRP-0-20171019",NA,08:11:27,224,"acoustic",NA,6,2015-01-03,24.0205999910831,24.009613327682,36.2758262548596,0.0512710958719254,0.335703603923321,"EFL_Shelf"
"893",893,893,2015-01-03,28.393,-80.4894,"FACT.COBCRP","COBCRP-0-20171019",NA,08:12:45,225,"acoustic",NA,6,2015-01-03,24.0205999910831,24.009613327682,36.2758262548596,0.0512710958719254,0.335703603923321,"EFL_Shelf"
"894",894,894,2015-01-03,28.393,-80.4894,"FACT.COBCRP","COBCRP-0-20171019",NA,08:15:31,226,"acoustic",NA,6,2015-01-03,24.0205999910831,24.009613327682,36.2758262548596,0.0512710958719254,0.335703603923321,"EFL_Shelf"
"895",895,895,2015-01-03,28.393,-80.4894,"FACT.COBCRP","COBCRP-0-20171019",NA,08:16:47,227,"acoustic",NA,6,2015-01-03,24.0205999910831,24.009613327682,36.2758262548596,0.0512710958719254,0.335703603923321,"EFL_Shelf"
"896",896,896,2015-01-03,28.393,-80.4894,"FACT.COBCRP","COBCRP-0-20171019",NA,08:18:25,228,"acoustic",NA,6,2015-01-03,24.0205999910831,24.009613327682,36.2758262548596,0.0512710958719254,0.335703603923321,"EFL_Shelf"
"897",897,897,2015-01-03,28.393,-80.4894,"FACT.COBCRP","COBCRP-0-20171019",NA,08:19:25,229,"acoustic",NA,6,2015-01-03,24.0205999910831,24.009613327682,36.2758262548596,0.0512710958719254,0.335703603923321,"EFL_Shelf"
"898",898,898,2015-01-03,28.393,-80.4894,"FACT.COBCRP","COBCRP-0-20171019",NA,08:20:33,230,"acoustic",NA,6,2015-01-03,24.0205999910831,24.009613327682,36.2758262548596,0.0512710958719254,0.335703603923321,"EFL_Shelf"
"899",899,899,2015-01-03,28.393,-80.4894,"FACT.COBCRP","COBCRP-0-20171019",NA,08:24:51,231,"acoustic",NA,6,2015-01-03,24.0205999910831,24.009613327682,36.2758262548596,0.0512710958719254,0.335703603923321,"EFL_Shelf"
"900",900,900,2015-01-03,28.393,-80.4894,"FACT.COBCRP","COBCRP-0-20171019",NA,08:26:23,232,"acoustic",NA,6,2015-01-03,24.0205999910831,24.009613327682,36.2758262548596,0.0512710958719254,0.335703603923321,"EFL_Shelf"
"901",901,901,2015-01-03,28.393,-80.4894,"FACT.COBCRP","COBCRP-0-20171019",NA,08:30:42,233,"acoustic",NA,6,2015-01-03,24.0205999910831,24.009613327682,36.2758262548596,0.0512710958719254,0.335703603923321,"EFL_Shelf"
"902",902,902,2015-01-03,28.393,-80.4894,"FACT.COBCRP","COBCRP-0-20171019",NA,08:32:41,234,"acoustic",NA,6,2015-01-03,24.0205999910831,24.009613327682,36.2758262548596,0.0512710958719254,0.335703603923321,"EFL_Shelf"
"903",903,903,2015-01-03,28.393,-80.4894,"FACT.COBCRP","COBCRP-0-20171019",NA,08:35:40,235,"acoustic",NA,6,2015-01-03,24.0205999910831,24.009613327682,36.2758262548596,0.0512710958719254,0.335703603923321,"EFL_Shelf"
"904",904,904,2015-01-03,28.393,-80.4894,"FACT.COBCRP","COBCRP-0-20171019",NA,08:37:13,236,"acoustic",NA,6,2015-01-03,24.0205999910831,24.009613327682,36.2758262548596,0.0512710958719254,0.335703603923321,"EFL_Shelf"
"905",905,905,2015-01-03,28.393,-80.4894,"FACT.COBCRP","COBCRP-0-20171019",NA,08:43:35,237,"acoustic",NA,6,2015-01-03,24.0205999910831,24.009613327682,36.2758262548596,0.0512710958719254,0.335703603923321,"EFL_Shelf"
"906",906,906,2015-01-03,28.393,-80.4894,"FACT.COBCRP","COBCRP-0-20171019",NA,08:45:25,238,"acoustic",NA,6,2015-01-03,24.0205999910831,24.009613327682,36.2758262548596,0.0512710958719254,0.335703603923321,"EFL_Shelf"
"907",907,907,2015-01-03,28.393,-80.4894,"FACT.COBCRP","COBCRP-0-20171019",NA,08:46:50,239,"acoustic",NA,6,2015-01-03,24.0205999910831,24.009613327682,36.2758262548596,0.0512710958719254,0.335703603923321,"EFL_Shelf"
"908",908,908,2015-01-03,28.393,-80.4894,"FACT.COBCRP","COBCRP-0-20171019",NA,08:48:44,240,"acoustic",NA,6,2015-01-03,24.0205999910831,24.009613327682,36.2758262548596,0.0512710958719254,0.335703603923321,"EFL_Shelf"
"909",909,909,2015-01-03,28.393,-80.4894,"FACT.COBCRP","COBCRP-0-20171019",NA,08:52:33,241,"acoustic",NA,6,2015-01-03,24.0205999910831,24.009613327682,36.2758262548596,0.0512710958719254,0.335703603923321,"EFL_Shelf"
"910",910,910,2015-01-03,28.393,-80.4894,"FACT.COBCRP","COBCRP-0-20171019",NA,08:54:47,242,"acoustic",NA,6,2015-01-03,24.0205999910831,24.009613327682,36.2758262548596,0.0512710958719254,0.335703603923321,"EFL_Shelf"
"911",911,911,2015-01-03,28.393,-80.4894,"FACT.COBCRP","COBCRP-0-20171019",NA,08:57:01,243,"acoustic",NA,6,2015-01-03,24.0205999910831,24.009613327682,36.2758262548596,0.0512710958719254,0.335703603923321,"EFL_Shelf"
"912",912,912,2015-01-03,28.393,-80.4894,"FACT.COBCRP","COBCRP-0-20171019",NA,09:01:21,244,"acoustic",NA,6,2015-01-03,24.0205999910831,24.009613327682,36.2758262548596,0.0512710958719254,0.335703603923321,"EFL_Shelf"
"913",913,913,2015-01-03,28.393,-80.4894,"FACT.COBCRP","COBCRP-0-20171019",NA,09:03:22,245,"acoustic",NA,6,2015-01-03,24.0205999910831,24.009613327682,36.2758262548596,0.0512710958719254,0.335703603923321,"EFL_Shelf"
"914",914,914,2015-01-03,28.393,-80.4894,"FACT.COBCRP","COBCRP-0-20171019",NA,09:05:11,246,"acoustic",NA,6,2015-01-03,24.0205999910831,24.009613327682,36.2758262548596,0.0512710958719254,0.335703603923321,"EFL_Shelf"
"915",915,915,2015-01-03,28.393,-80.4894,"FACT.COBCRP","COBCRP-0-20171019",NA,09:09:52,247,"acoustic",NA,6,2015-01-03,24.0205999910831,24.009613327682,36.2758262548596,0.0512710958719254,0.335703603923321,"EFL_Shelf"
"916",916,916,2015-01-03,28.393,-80.4894,"FACT.COBCRP","COBCRP-0-20171019",NA,21:00:01,248,"acoustic",NA,6,2015-01-03,24.0205999910831,24.009613327682,36.2758262548596,0.0512710958719254,0.335703603923321,"EFL_Shelf"
"917",917,917,2015-01-03,28.393,-80.4894,"FACT.COBCRP","COBCRP-0-20171019",NA,21:02:00,249,"acoustic",NA,6,2015-01-03,24.0205999910831,24.009613327682,36.2758262548596,0.0512710958719254,0.335703603923321,"EFL_Shelf"
"918",918,918,2015-01-03,28.393,-80.4894,"FACT.COBCRP","COBCRP-0-20171019",NA,21:03:43,250,"acoustic",NA,6,2015-01-03,24.0205999910831,24.009613327682,36.2758262548596,0.0512710958719254,0.335703603923321,"EFL_Shelf"
"919",919,919,2015-01-03,28.393,-80.4894,"FACT.COBCRP","COBCRP-0-20171019",NA,21:29:32,251,"acoustic",NA,6,2015-01-03,24.0205999910831,24.009613327682,36.2758262548596,0.0512710958719254,0.335703603923321,"EFL_Shelf"
"920",920,920,2015-01-08,28.4119,-80.57,"FACT.COBCRP","COBCRP-0-20171019",NA,12:35:13,252,"acoustic",NA,6,2015-01-08,NA,NA,NA,NA,NA,"EFL_Shelf"
"921",921,921,2015-01-08,28.4119,-80.57,"FACT.COBCRP","COBCRP-0-20171019",NA,12:36:38,253,"acoustic",NA,6,2015-01-08,NA,NA,NA,NA,NA,"EFL_Shelf"
"922",922,922,2015-01-08,28.4119,-80.57,"FACT.COBCRP","COBCRP-0-20171019",NA,12:42:15,254,"acoustic",NA,6,2015-01-08,NA,NA,NA,NA,NA,"EFL_Shelf"
"923",923,923,2015-01-08,28.4285,-80.5535,"FACT.COBCRP","COBCRP-0-20171019",NA,13:33:33,255,"acoustic",NA,6,2015-01-08,NA,NA,NA,NA,NA,"EFL_Shelf"
"924",924,924,2015-01-08,28.4285,-80.5535,"FACT.COBCRP","COBCRP-0-20171019",NA,13:35:21,256,"acoustic",NA,6,2015-01-08,NA,NA,NA,NA,NA,"EFL_Shelf"
"925",925,925,2015-01-08,28.4285,-80.5535,"FACT.COBCRP","COBCRP-0-20171019",NA,13:36:43,257,"acoustic",NA,6,2015-01-08,NA,NA,NA,NA,NA,"EFL_Shelf"
"926",926,926,2015-01-08,28.4285,-80.5535,"FACT.COBCRP","COBCRP-0-20171019",NA,13:38:31,258,"acoustic",NA,6,2015-01-08,NA,NA,NA,NA,NA,"EFL_Shelf"
"927",927,927,2015-01-08,28.4285,-80.5535,"FACT.COBCRP","COBCRP-0-20171019",NA,13:39:53,259,"acoustic",NA,6,2015-01-08,NA,NA,NA,NA,NA,"EFL_Shelf"
"928",928,928,2015-01-08,28.4285,-80.5535,"FACT.COBCRP","COBCRP-0-20171019",NA,13:41:42,260,"acoustic",NA,6,2015-01-08,NA,NA,NA,NA,NA,"EFL_Shelf"
"929",929,929,2015-01-08,28.4285,-80.5535,"FACT.COBCRP","COBCRP-0-20171019",NA,13:43:05,261,"acoustic",NA,6,2015-01-08,NA,NA,NA,NA,NA,"EFL_Shelf"
"930",930,930,2015-01-08,28.4285,-80.5535,"FACT.COBCRP","COBCRP-0-20171019",NA,13:46:20,262,"acoustic",NA,6,2015-01-08,NA,NA,NA,NA,NA,"EFL_Shelf"
"931",931,931,2015-01-08,28.4285,-80.5535,"FACT.COBCRP","COBCRP-0-20171019",NA,13:49:51,263,"acoustic",NA,6,2015-01-08,NA,NA,NA,NA,NA,"EFL_Shelf"
"932",932,932,2015-01-08,28.4285,-80.5535,"FACT.COBCRP","COBCRP-0-20171019",NA,13:57:35,264,"acoustic",NA,6,2015-01-08,NA,NA,NA,NA,NA,"EFL_Shelf"
"933",933,933,2015-01-24,28.4984,-80.4741,"FACT.COBCRP","COBCRP-0-20171019",NA,18:17:28,273,"acoustic",NA,6,2015-01-24,21.5515305027366,21.5683767199516,36.3567003048956,-0.108035523444414,0.503555405884981,"EFL_Shelf"
"934",934,934,2015-01-24,28.4984,-80.4741,"FACT.COBCRP","COBCRP-0-20171019",NA,18:32:27,274,"acoustic",NA,6,2015-01-24,21.5515305027366,21.5683767199516,36.3567003048956,-0.108035523444414,0.503555405884981,"EFL_Shelf"
"935",935,935,2015-01-24,28.4984,-80.4741,"FACT.COBCRP","COBCRP-0-20171019",NA,18:37:50,275,"acoustic",NA,6,2015-01-24,21.5515305027366,21.5683767199516,36.3567003048956,-0.108035523444414,0.503555405884981,"EFL_Shelf"
"936",936,936,2015-01-24,28.4984,-80.4741,"FACT.COBCRP","COBCRP-0-20171019",NA,18:38:49,276,"acoustic",NA,6,2015-01-24,21.5515305027366,21.5683767199516,36.3567003048956,-0.108035523444414,0.503555405884981,"EFL_Shelf"
"937",937,937,2015-01-24,28.4984,-80.4741,"FACT.COBCRP","COBCRP-0-20171019",NA,18:52:44,277,"acoustic",NA,6,2015-01-24,21.5515305027366,21.5683767199516,36.3567003048956,-0.108035523444414,0.503555405884981,"EFL_Shelf"
"938",938,938,2015-01-24,28.4984,-80.4741,"FACT.COBCRP","COBCRP-0-20171019",NA,18:55:52,278,"acoustic",NA,6,2015-01-24,21.5515305027366,21.5683767199516,36.3567003048956,-0.108035523444414,0.503555405884981,"EFL_Shelf"
"939",939,939,2015-01-24,28.4984,-80.4741,"FACT.COBCRP","COBCRP-0-20171019",NA,19:04:03,279,"acoustic",NA,6,2015-01-24,21.5515305027366,21.5683767199516,36.3567003048956,-0.108035523444414,0.503555405884981,"EFL_Shelf"
"940",940,940,2015-01-24,28.4984,-80.4741,"FACT.COBCRP","COBCRP-0-20171019",NA,19:07:09,280,"acoustic",NA,6,2015-01-24,21.5515305027366,21.5683767199516,36.3567003048956,-0.108035523444414,0.503555405884981,"EFL_Shelf"
"941",941,941,2015-01-24,28.5444,-80.4149,"FACT.COBCRP","COBCRP-0-20171019",NA,14:27:29,265,"acoustic",NA,6,2015-01-24,22.1609240993857,22.1946165338159,36.3856928888708,-0.0952177494764328,0.623187962919474,"EFL_Shelf"
"942",942,942,2015-01-24,28.5444,-80.4149,"FACT.COBCRP","COBCRP-0-20171019",NA,14:32:47,266,"acoustic",NA,6,2015-01-24,22.1609240993857,22.1946165338159,36.3856928888708,-0.0952177494764328,0.623187962919474,"EFL_Shelf"
"943",943,943,2015-01-24,28.5444,-80.4149,"FACT.COBCRP","COBCRP-0-20171019",NA,14:34:44,267,"acoustic",NA,6,2015-01-24,22.1609240993857,22.1946165338159,36.3856928888708,-0.0952177494764328,0.623187962919474,"EFL_Shelf"
"944",944,944,2015-01-24,28.5444,-80.4149,"FACT.COBCRP","COBCRP-0-20171019",NA,14:36:21,268,"acoustic",NA,6,2015-01-24,22.1609240993857,22.1946165338159,36.3856928888708,-0.0952177494764328,0.623187962919474,"EFL_Shelf"
"945",945,945,2015-01-24,28.5444,-80.4149,"FACT.COBCRP","COBCRP-0-20171019",NA,14:38:28,269,"acoustic",NA,6,2015-01-24,22.1609240993857,22.1946165338159,36.3856928888708,-0.0952177494764328,0.623187962919474,"EFL_Shelf"
"946",946,946,2015-01-24,28.5444,-80.4149,"FACT.COBCRP","COBCRP-0-20171019",NA,14:42:27,270,"acoustic",NA,6,2015-01-24,22.1609240993857,22.1946165338159,36.3856928888708,-0.0952177494764328,0.623187962919474,"EFL_Shelf"
"947",947,947,2015-01-24,28.5444,-80.4149,"FACT.COBCRP","COBCRP-0-20171019",NA,14:56:01,271,"acoustic",NA,6,2015-01-24,22.1609240993857,22.1946165338159,36.3856928888708,-0.0952177494764328,0.623187962919474,"EFL_Shelf"
"948",948,948,2015-01-24,28.5444,-80.4149,"FACT.COBCRP","COBCRP-0-20171019",NA,15:01:56,272,"acoustic",NA,6,2015-01-24,22.1609240993857,22.1946165338159,36.3856928888708,-0.0952177494764328,0.623187962919474,"EFL_Shelf"
"949",949,949,2015-01-25,28.5454,-80.4622,"FACT.COBCRP","COBCRP-0-20171019",NA,01:58:15,281,"acoustic",3.33574450016022,6,2015-01-25,21.4284798726439,21.445326089859,36.3887447398156,-0.0714133121073246,0.305185094475746,"EFL_Shelf"
"950",950,950,2015-01-25,28.5454,-80.4622,"FACT.COBCRP","COBCRP-0-20171019",NA,02:12:25,283,"acoustic",3.33574450016022,6,2015-01-25,21.4284798726439,21.445326089859,36.3887447398156,-0.0714133121073246,0.305185094475746,"EFL_Shelf"
"951",951,951,2015-01-25,28.5477,-80.4557,"FACT.COBCRP","COBCRP-0-20171019",NA,02:06:51,282,"acoustic",3.33574450016022,6,2015-01-25,22.0378734692931,22.0744956806302,36.402478069067,-0.0659199804067612,0.39674062281847,"EFL_Shelf"
"952",952,952,2015-01-25,28.5477,-80.4557,"FACT.COBCRP","COBCRP-0-20171019",NA,02:17:27,284,"acoustic",3.33574450016022,6,2015-01-25,22.0378734692931,22.0744956806302,36.402478069067,-0.0659199804067612,0.39674062281847,"EFL_Shelf"
"953",953,953,2015-01-25,28.5477,-80.4557,"FACT.COBCRP","COBCRP-0-20171019",NA,02:19:06,285,"acoustic",3.33574450016022,6,2015-01-25,22.0378734692931,22.0744956806302,36.402478069067,-0.0659199804067612,0.39674062281847,"EFL_Shelf"
"954",954,954,2015-01-25,28.5477,-80.4557,"FACT.COBCRP","COBCRP-0-20171019",NA,02:20:10,286,"acoustic",3.33574450016022,6,2015-01-25,22.0378734692931,22.0744956806302,36.402478069067,-0.0659199804067612,0.39674062281847,"EFL_Shelf"
"955",955,955,2015-01-25,28.5477,-80.4557,"FACT.COBCRP","COBCRP-0-20171019",NA,02:22:53,287,"acoustic",3.33574450016022,6,2015-01-25,22.0378734692931,22.0744956806302,36.402478069067,-0.0659199804067612,0.39674062281847,"EFL_Shelf"
"956",956,956,2015-01-25,28.5477,-80.4557,"FACT.COBCRP","COBCRP-0-20171019",NA,02:26:53,288,"acoustic",3.33574450016022,6,2015-01-25,22.0378734692931,22.0744956806302,36.402478069067,-0.0659199804067612,0.39674062281847,"EFL_Shelf"
"957",957,957,2015-01-25,28.5477,-80.4557,"FACT.COBCRP","COBCRP-0-20171019",NA,02:28:29,289,"acoustic",3.33574450016022,6,2015-01-25,22.0378734692931,22.0744956806302,36.402478069067,-0.0659199804067612,0.39674062281847,"EFL_Shelf"
"958",958,958,2015-01-25,28.5477,-80.4557,"FACT.COBCRP","COBCRP-0-20171019",NA,02:29:26,290,"acoustic",3.33574450016022,6,2015-01-25,22.0378734692931,22.0744956806302,36.402478069067,-0.0659199804067612,0.39674062281847,"EFL_Shelf"
"959",959,959,2015-01-25,28.5477,-80.4557,"FACT.COBCRP","COBCRP-0-20171019",NA,02:30:25,291,"acoustic",3.33574450016022,6,2015-01-25,22.0378734692931,22.0744956806302,36.402478069067,-0.0659199804067612,0.39674062281847,"EFL_Shelf"
"960",960,960,2015-01-25,28.5477,-80.4557,"FACT.COBCRP","COBCRP-0-20171019",NA,02:31:28,292,"acoustic",3.33574450016022,6,2015-01-25,22.0378734692931,22.0744956806302,36.402478069067,-0.0659199804067612,0.39674062281847,"EFL_Shelf"
"961",961,961,2015-01-25,28.5477,-80.4557,"FACT.COBCRP","COBCRP-0-20171019",NA,02:32:40,293,"acoustic",3.33574450016022,6,2015-01-25,22.0378734692931,22.0744956806302,36.402478069067,-0.0659199804067612,0.39674062281847,"EFL_Shelf"
"962",962,962,2015-01-25,28.5477,-80.4557,"FACT.COBCRP","COBCRP-0-20171019",NA,02:34:07,294,"acoustic",3.33574450016022,6,2015-01-25,22.0378734692931,22.0744956806302,36.402478069067,-0.0659199804067612,0.39674062281847,"EFL_Shelf"
"963",963,963,2015-01-25,28.5477,-80.4557,"FACT.COBCRP","COBCRP-0-20171019",NA,02:36:08,295,"acoustic",3.33574450016022,6,2015-01-25,22.0378734692931,22.0744956806302,36.402478069067,-0.0659199804067612,0.39674062281847,"EFL_Shelf"
"964",964,964,2015-01-25,28.5477,-80.4557,"FACT.COBCRP","COBCRP-0-20171019",NA,02:37:55,296,"acoustic",3.33574450016022,6,2015-01-25,22.0378734692931,22.0744956806302,36.402478069067,-0.0659199804067612,0.39674062281847,"EFL_Shelf"
"965",965,965,2015-01-25,28.5477,-80.4557,"FACT.COBCRP","COBCRP-0-20171019",NA,02:39:14,297,"acoustic",3.33574450016022,6,2015-01-25,22.0378734692931,22.0744956806302,36.402478069067,-0.0659199804067612,0.39674062281847,"EFL_Shelf"
"966",966,966,2015-01-25,28.5477,-80.4557,"FACT.COBCRP","COBCRP-0-20171019",NA,02:40:57,298,"acoustic",3.33574450016022,6,2015-01-25,22.0378734692931,22.0744956806302,36.402478069067,-0.0659199804067612,0.39674062281847,"EFL_Shelf"
"967",967,967,2015-01-25,28.5477,-80.4557,"FACT.COBCRP","COBCRP-0-20171019",NA,02:42:07,299,"acoustic",3.33574450016022,6,2015-01-25,22.0378734692931,22.0744956806302,36.402478069067,-0.0659199804067612,0.39674062281847,"EFL_Shelf"
"968",968,968,2015-01-25,28.5477,-80.4557,"FACT.COBCRP","COBCRP-0-20171019",NA,02:48:10,304,"acoustic",3.33574450016022,6,2015-01-25,22.0378734692931,22.0744956806302,36.402478069067,-0.0659199804067612,0.39674062281847,"EFL_Shelf"
"969",969,969,2015-01-25,28.5477,-80.4557,"FACT.COBCRP","COBCRP-0-20171019",NA,02:43:33,301,"acoustic",3.33574450016022,6,2015-01-25,22.0378734692931,22.0744956806302,36.402478069067,-0.0659199804067612,0.39674062281847,"EFL_Shelf"
"970",970,970,2015-01-25,28.5477,-80.4557,"FACT.COBCRP","COBCRP-0-20171019",NA,02:45:29,302,"acoustic",3.33574450016022,6,2015-01-25,22.0378734692931,22.0744956806302,36.402478069067,-0.0659199804067612,0.39674062281847,"EFL_Shelf"
"971",971,971,2015-01-25,28.5477,-80.4557,"FACT.COBCRP","COBCRP-0-20171019",NA,02:47:08,303,"acoustic",3.33574450016022,6,2015-01-25,22.0378734692931,22.0744956806302,36.402478069067,-0.0659199804067612,0.39674062281847,"EFL_Shelf"
"972",972,972,2015-01-25,28.5477,-80.4557,"FACT.COBCRP","COBCRP-0-20171019",NA,02:54:01,308,"acoustic",3.33574450016022,6,2015-01-25,22.0378734692931,22.0744956806302,36.402478069067,-0.0659199804067612,0.39674062281847,"EFL_Shelf"
"973",973,973,2015-01-25,28.5477,-80.4557,"FACT.COBCRP","COBCRP-0-20171019",NA,02:49:19,305,"acoustic",3.33574450016022,6,2015-01-25,22.0378734692931,22.0744956806302,36.402478069067,-0.0659199804067612,0.39674062281847,"EFL_Shelf"
"974",974,974,2015-01-25,28.5477,-80.4557,"FACT.COBCRP","COBCRP-0-20171019",NA,02:50:42,306,"acoustic",3.33574450016022,6,2015-01-25,22.0378734692931,22.0744956806302,36.402478069067,-0.0659199804067612,0.39674062281847,"EFL_Shelf"
"975",975,975,2015-01-25,28.5477,-80.4557,"FACT.COBCRP","COBCRP-0-20171019",NA,02:52:34,307,"acoustic",3.33574450016022,6,2015-01-25,22.0378734692931,22.0744956806302,36.402478069067,-0.0659199804067612,0.39674062281847,"EFL_Shelf"
"976",976,976,2015-01-25,28.5477,-80.4557,"FACT.COBCRP","COBCRP-0-20171019",NA,02:59:02,312,"acoustic",3.33574450016022,6,2015-01-25,22.0378734692931,22.0744956806302,36.402478069067,-0.0659199804067612,0.39674062281847,"EFL_Shelf"
"977",977,977,2015-01-25,28.5477,-80.4557,"FACT.COBCRP","COBCRP-0-20171019",NA,02:57:47,310,"acoustic",3.33574450016022,6,2015-01-25,22.0378734692931,22.0744956806302,36.402478069067,-0.0659199804067612,0.39674062281847,"EFL_Shelf"
"978",978,978,2015-01-25,28.5527,-80.4537,"FACT.COBCRP","COBCRP-0-20171019",NA,02:57:46,309,"acoustic",3.33574450016022,6,2015-01-25,22.0378734692931,22.0744956806302,36.402478069067,-0.0659199804067612,0.39674062281847,"EFL_Shelf"
"979",979,979,2015-01-25,28.5527,-80.4537,"FACT.COBCRP","COBCRP-0-20171019",NA,02:59:02,311,"acoustic",3.33574450016022,6,2015-01-25,22.0378734692931,22.0744956806302,36.402478069067,-0.0659199804067612,0.39674062281847,"EFL_Shelf"
"980",980,980,2015-01-25,28.5527,-80.4537,"FACT.COBCRP","COBCRP-0-20171019",NA,02:43:33,300,"acoustic",3.33574450016022,6,2015-01-25,22.0378734692931,22.0744956806302,36.402478069067,-0.0659199804067612,0.39674062281847,"EFL_Shelf"
"981",981,981,2015-01-25,28.5527,-80.4537,"FACT.COBCRP","COBCRP-0-20171019",NA,03:00:39,313,"acoustic",3.33574450016022,6,2015-01-25,22.0378734692931,22.0744956806302,36.402478069067,-0.0659199804067612,0.39674062281847,"EFL_Shelf"
"982",982,982,2015-01-25,28.5527,-80.4537,"FACT.COBCRP","COBCRP-0-20171019",NA,03:01:37,314,"acoustic",3.33574450016022,6,2015-01-25,22.0378734692931,22.0744956806302,36.402478069067,-0.0659199804067612,0.39674062281847,"EFL_Shelf"
"983",983,983,2015-01-25,28.5527,-80.4537,"FACT.COBCRP","COBCRP-0-20171019",NA,03:02:39,315,"acoustic",3.33574450016022,6,2015-01-25,22.0378734692931,22.0744956806302,36.402478069067,-0.0659199804067612,0.39674062281847,"EFL_Shelf"
"984",984,984,2015-01-25,28.5527,-80.4537,"FACT.COBCRP","COBCRP-0-20171019",NA,03:03:49,316,"acoustic",3.33574450016022,6,2015-01-25,22.0378734692931,22.0744956806302,36.402478069067,-0.0659199804067612,0.39674062281847,"EFL_Shelf"
"985",985,985,2015-01-25,28.5527,-80.4537,"FACT.COBCRP","COBCRP-0-20171019",NA,03:05:13,317,"acoustic",3.33574450016022,6,2015-01-25,22.0378734692931,22.0744956806302,36.402478069067,-0.0659199804067612,0.39674062281847,"EFL_Shelf"
"986",986,986,2015-01-25,28.5527,-80.4537,"FACT.COBCRP","COBCRP-0-20171019",NA,03:07:06,318,"acoustic",3.33574450016022,6,2015-01-25,22.0378734692931,22.0744956806302,36.402478069067,-0.0659199804067612,0.39674062281847,"EFL_Shelf"
"987",987,987,2015-01-25,28.5527,-80.4537,"FACT.COBCRP","COBCRP-0-20171019",NA,03:08:38,319,"acoustic",3.33574450016022,6,2015-01-25,22.0378734692931,22.0744956806302,36.402478069067,-0.0659199804067612,0.39674062281847,"EFL_Shelf"
"988",988,988,2015-01-25,28.5527,-80.4537,"FACT.COBCRP","COBCRP-0-20171019",NA,03:10:45,320,"acoustic",3.33574450016022,6,2015-01-25,22.0378734692931,22.0744956806302,36.402478069067,-0.0659199804067612,0.39674062281847,"EFL_Shelf"
"989",989,989,2015-01-25,28.5527,-80.4537,"FACT.COBCRP","COBCRP-0-20171019",NA,03:12:46,321,"acoustic",3.33574450016022,6,2015-01-25,22.0378734692931,22.0744956806302,36.402478069067,-0.0659199804067612,0.39674062281847,"EFL_Shelf"
"990",990,990,2015-01-25,28.5527,-80.4537,"FACT.COBCRP","COBCRP-0-20171019",NA,03:15:51,322,"acoustic",3.33574450016022,6,2015-01-25,22.0378734692931,22.0744956806302,36.402478069067,-0.0659199804067612,0.39674062281847,"EFL_Shelf"
"991",991,991,2015-01-25,28.5527,-80.4537,"FACT.COBCRP","COBCRP-0-20171019",NA,03:40:29,336,"acoustic",3.33574450016022,6,2015-01-25,22.0378734692931,22.0744956806302,36.402478069067,-0.0659199804067612,0.39674062281847,"EFL_Shelf"
"992",992,992,2015-01-25,28.5527,-80.4537,"FACT.COBCRP","COBCRP-0-20171019",NA,03:18:40,324,"acoustic",3.33574450016022,6,2015-01-25,22.0378734692931,22.0744956806302,36.402478069067,-0.0659199804067612,0.39674062281847,"EFL_Shelf"
"993",993,993,2015-01-25,28.5527,-80.4537,"FACT.COBCRP","COBCRP-0-20171019",NA,03:25:40,329,"acoustic",3.33574450016022,6,2015-01-25,22.0378734692931,22.0744956806302,36.402478069067,-0.0659199804067612,0.39674062281847,"EFL_Shelf"
"994",994,994,2015-01-25,28.5527,-80.4537,"FACT.COBCRP","COBCRP-0-20171019",NA,03:20:00,326,"acoustic",3.33574450016022,6,2015-01-25,22.0378734692931,22.0744956806302,36.402478069067,-0.0659199804067612,0.39674062281847,"EFL_Shelf"
"995",995,995,2015-01-25,28.5527,-80.4537,"FACT.COBCRP","COBCRP-0-20171019",NA,03:21:46,327,"acoustic",3.33574450016022,6,2015-01-25,22.0378734692931,22.0744956806302,36.402478069067,-0.0659199804067612,0.39674062281847,"EFL_Shelf"
"996",996,996,2015-01-25,28.5527,-80.4537,"FACT.COBCRP","COBCRP-0-20171019",NA,03:23:02,328,"acoustic",3.33574450016022,6,2015-01-25,22.0378734692931,22.0744956806302,36.402478069067,-0.0659199804067612,0.39674062281847,"EFL_Shelf"
"997",997,997,2015-01-25,28.5527,-80.4537,"FACT.COBCRP","COBCRP-0-20171019",NA,03:36:16,333,"acoustic",3.33574450016022,6,2015-01-25,22.0378734692931,22.0744956806302,36.402478069067,-0.0659199804067612,0.39674062281847,"EFL_Shelf"
"998",998,998,2015-01-25,28.5527,-80.4537,"FACT.COBCRP","COBCRP-0-20171019",NA,03:37:58,334,"acoustic",3.33574450016022,6,2015-01-25,22.0378734692931,22.0744956806302,36.402478069067,-0.0659199804067612,0.39674062281847,"EFL_Shelf"
"999",999,999,2015-01-25,28.5527,-80.4537,"FACT.COBCRP","COBCRP-0-20171019",NA,03:34:18,332,"acoustic",3.33574450016022,6,2015-01-25,22.0378734692931,22.0744956806302,36.402478069067,-0.0659199804067612,0.39674062281847,"EFL_Shelf"
"1000",1000,1000,2015-01-25,28.5578,-80.4557,"FACT.COBCRP","COBCRP-0-20171019",NA,03:30:37,331,"acoustic",3.33574450016022,6,2015-01-25,22.0378734692931,22.0744956806302,36.402478069067,-0.0659199804067612,0.39674062281847,"EFL_Shelf"
